data_seed,model_seed,node_index,top_k,fidelity_plus,fidelity_minus,characterization,sparsity,random_edge_delta_mean,causal_edge_precision,causal_edge_recall,random_causal_edge_precision,random_causal_edge_recall
2026,0,1,2,0.00020171701908111572,0.009049728512763977,0.0004033519321759472,0.7142857142857143,0.008886843919754028,1.0,0.5,0.525,0.2625
2026,0,1,4,0.12268497049808502,0.004768818616867065,0.2184419787142273,0.4285714285714286,0.0407582588493824,0.75,0.75,0.55,0.55
2026,0,1,6,0.12268497049808502,0.0,0.21855636037178833,0.1428571428571429,0.089200197160244,0.6666666666666666,1.0,0.575,0.8625
2026,0,1,8,0.12268497049808502,0.0,0.21855636037178833,0.0,0.12268497049808502,0.5714285714285714,1.0,0.5714285714285714,1.0
2026,0,6,2,0.001784995198249817,0.021423667669296265,0.0035634903280691377,0.5,0.026315022259950638,1.0,0.5,1.0,0.5
2026,0,6,4,0.13840454816818237,0.0,0.24315529728142854,0.0,0.13840454816818237,1.0,1.0,1.0,1.0
2026,0,6,6,0.13840454816818237,0.0,0.24315529728142854,0.0,0.13840454816818237,1.0,1.0,1.0,1.0
2026,0,6,8,0.13840454816818237,0.0,0.24315529728142854,0.0,0.13840454816818237,1.0,1.0,1.0,1.0
2026,0,9,2,0.06534236669540405,0.024151071906089783,0.1224833108343112,0.7142857142857143,0.0251899853348732,1.0,0.5,0.625,0.3125
2026,0,9,4,0.0877666175365448,0.0037104785442352295,0.16132183240354434,0.4285714285714286,0.056128669530153275,0.75,0.75,0.5625,0.5625
2026,0,9,6,0.0877666175365448,0.0,0.16137030889090725,0.1428571428571429,0.07657495960593223,0.6666666666666666,1.0,0.5583333333333333,0.8375
2026,0,9,8,0.0877666175365448,0.0,0.16137030889090725,0.0,0.0877666175365448,0.5714285714285714,1.0,0.5714285714285714,1.0
2026,0,29,2,0.057302579283714294,0.018793076276779175,0.10828150802199023,0.7142857142857143,0.024179082363843918,1.0,0.5,0.575,0.2875
2026,0,29,4,0.023562997579574585,0.014321327209472656,0.04602573370297796,0.4285714285714286,0.018463535606861113,0.75,0.75,0.6,0.6
2026,0,29,6,0.023562997579574585,0.0,0.0460411281675757,0.1428571428571429,0.024626296758651734,0.6666666666666666,1.0,0.575,0.8625
2026,0,29,8,0.023562997579574585,0.0,0.0460411281675757,0.0,0.023562997579574585,0.5714285714285714,1.0,0.5714285714285714,1.0
2026,0,31,2,0.056655630469322205,0.0018797516822814941,0.10722492444113627,0.8,0.015488958358764649,1.0,0.5,0.475,0.2375
2026,0,31,4,0.10057215392589569,0.004621386528015137,0.18268589083857179,0.6,0.01912654936313629,0.75,0.75,0.325,0.325
2026,0,31,6,0.10057215392589569,0.009951531887054443,0.18259567977544855,0.4,0.04696866422891617,0.5,0.75,0.37499999999999994,0.5625
2026,0,31,8,0.10057215392589569,0.0,0.18276339914132966,0.19999999999999996,0.08604736328125,0.5,1.0,0.4,0.8
2026,0,38,2,0.029585525393486023,0.008336395025253296,0.057456869032921506,0.8,0.018530531600117684,1.0,0.5,0.475,0.2375
2026,0,38,4,0.08276955038309097,0.0014651566743850708,0.15286774104457412,0.6,0.028756747022271156,1.0,1.0,0.4,0.4
2026,0,38,6,0.08276955038309097,0.0004182979464530945,0.15287999688433915,0.4,0.044547810405492785,0.6666666666666666,1.0,0.4083333333333333,0.6125
2026,0,38,8,0.08276955038309097,0.0,0.15288488737757092,0.19999999999999996,0.06264351420104504,0.5,1.0,0.43125,0.8625
2026,0,40,2,0.08748713880777359,0.005280837416648865,0.1608291013271966,0.8571428571428572,0.008367819711565971,1.0,0.5,0.375,0.1875
2026,0,40,4,0.08748713880777359,0.002568058669567108,0.16086447053980543,0.7142857142857143,0.01544981710612774,0.5,0.5,0.275,0.275
2026,0,40,6,0.08748713880777359,0.0030967332422733307,0.16085759156320395,0.5714285714285714,0.024514561146497728,0.3333333333333333,0.5,0.275,0.4125
2026,0,40,8,0.08748713880777359,0.0019042007625102997,0.1608730989979969,0.4285714285714286,0.034962239861488345,0.5,1.0,0.26875,0.5375
2026,0,43,2,0.034083396196365356,0.023850619792938232,0.06586697016677968,0.7142857142857143,0.00990213304758072,0.5,0.25,0.425,0.2125
2026,0,43,4,0.03341323137283325,0.017042815685272217,0.06462953923521736,0.4285714285714286,0.01736924350261688,0.5,0.5,0.5625,0.5625
2026,0,43,6,0.03341323137283325,0.0,0.06466577039747322,0.1428571428571429,0.029126071929931642,0.6666666666666666,1.0,0.5916666666666666,0.8875
2026,0,43,8,0.03341323137283325,0.0,0.06466577039747322,0.0,0.03341323137283325,0.5714285714285714,1.0,0.5714285714285714,1.0
2026,0,45,2,0.03264763951301575,0.05480411648750305,0.06311524031702832,0.8,0.03152272254228592,1.0,0.5,0.425,0.2125
2026,0,45,4,0.05762842297554016,0.016979992389678955,0.10887421943276981,0.6,0.03579186499118805,0.75,0.75,0.3875,0.3875
2026,0,45,6,0.05762842297554016,0.007828831672668457,0.10892985713881352,0.4,0.05235126242041588,0.5,0.75,0.3666666666666666,0.55
2026,0,45,8,0.05762842297554016,0.0,0.1089766911017915,0.19999999999999996,0.06094571202993393,0.5,1.0,0.4375,0.875
2026,0,46,2,0.01381412148475647,0.04909193515777588,0.027232626583572516,0.8571428571428572,0.010537683218717574,1.0,0.5,0.225,0.1125
2026,0,46,4,0.14382578432559967,0.010940924286842346,0.2511326655101225,0.7142857142857143,0.03051619976758957,0.75,0.75,0.2875,0.2875
2026,0,46,6,0.14382578432559967,0.0013127624988555908,0.2514404168451575,0.5714285714285714,0.036278415471315384,0.6666666666666666,1.0,0.2833333333333333,0.425
2026,0,46,8,0.14382578432559967,0.0034450963139533997,0.25137270764568453,0.4285714285714286,0.07293783128261566,0.5,1.0,0.3,0.6
2026,0,53,2,0.019000142812728882,0.00583118200302124,0.03728765931954412,0.75,0.015571586787700653,1.0,0.5,0.55,0.275
2026,0,53,4,0.09617367386817932,0.002164408564567566,0.17543821206695273,0.5,0.017795219644904138,0.75,0.75,0.4875,0.4875
2026,0,53,6,0.09617367386817932,0.0,0.1754715993658222,0.25,0.05207436569035053,0.6666666666666666,1.0,0.4916666666666666,0.7375
2026,0,53,8,0.09617367386817932,0.0,0.1754715993658222,0.0,0.09617367386817932,0.5,1.0,0.5,1.0
2026,0,61,2,0.09657272696495056,0.04797211289405823,0.17535738196370185,0.8,0.006647808849811554,1.0,0.5,0.275,0.1375
2026,0,61,4,0.09657272696495056,0.003056138753890991,0.1760880234455511,0.6,0.02929360568523407,1.0,1.0,0.375,0.375
2026,0,61,6,0.09657272696495056,0.0003765523433685303,0.17612971932078078,0.4,0.05669148489832878,0.6666666666666666,1.0,0.4416666666666667,0.6625
2026,0,61,8,0.09657272696495056,0.0,0.17613556235752942,0.19999999999999996,0.08213009014725685,0.5,1.0,0.3875,0.775
2026,0,69,2,0.06469246000051498,0.0036714300513267517,0.12149607658928599,0.7142857142857143,0.0092384222894907,1.0,0.5,0.55,0.275
2026,0,69,4,0.06469246000051498,0.0010062232613563538,0.12151584313161755,0.4285714285714286,0.025475365668535234,1.0,1.0,0.55,0.55
2026,0,69,6,0.06469246000051498,0.0,0.12152328006621498,0.1428571428571429,0.054932881891727445,0.6666666666666666,1.0,0.575,0.8625
2026,0,69,8,0.06469246000051498,0.0,0.12152328006621498,0.0,0.06469246000051498,0.5714285714285714,1.0,0.5714285714285714,1.0
2026,0,72,2,0.04013341665267944,0.01728987693786621,0.07711739535189308,0.7142857142857143,0.02257753163576126,1.0,0.5,0.625,0.3125
2026,0,72,4,0.0697941780090332,0.03763964772224426,0.1301494064402292,0.4285714285714286,0.02558603435754776,0.75,0.75,0.625,0.625
2026,0,72,6,0.015345126390457153,0.0,0.030226424476983385,0.1428571428571429,0.01854995936155319,0.6666666666666666,1.0,0.5833333333333333,0.875
2026,0,72,8,0.015345126390457153,0.0,0.030226424476983385,0.0,0.015345126390457153,0.5714285714285714,1.0,0.5714285714285714,1.0
2026,0,75,2,0.008408784866333008,0.01916790008544922,0.016674616354947637,0.8461538461538461,0.009720396995544434,0.5,0.25,0.325,0.1625
2026,0,75,4,0.013832390308380127,0.005909919738769531,0.02728511843592756,0.6923076923076923,0.010427269339561462,0.5,0.5,0.3125,0.3125
2026,0,75,6,0.013832390308380127,0.01552724838256836,0.027281460900958194,0.5384615384615384,0.012921714782714843,0.5,0.75,0.24166666666666664,0.3625
2026,0,75,8,0.013832390308380127,0.01338803768157959,0.027282280538388094,0.3846153846153846,0.012864890694618224,0.375,0.75,0.29375,0.5875
2026,0,76,2,0.016945600509643555,0.030547916889190674,0.03330897463858745,0.7142857142857143,0.009459602832794189,1.0,0.5,0.575,0.2875
2026,0,76,4,0.025622427463531494,0.0022826790809631348,0.049961783903658345,0.4285714285714286,0.017312806844711304,0.75,0.75,0.5375,0.5375
2026,0,76,6,0.025622427463531494,0.0,0.04996463957384076,0.1428571428571429,0.024169766902923585,0.6666666666666666,1.0,0.5583333333333333,0.8375
2026,0,76,8,0.025622427463531494,0.0,0.04996463957384076,0.0,0.025622427463531494,0.5714285714285714,1.0,0.5714285714285714,1.0
2026,0,94,2,0.0008456707000732422,0.09467922896146774,0.001689762972828893,0.8,0.0035718951374292375,0.5,0.25,0.375,0.1875
2026,0,94,4,0.001583203673362732,0.09467922896146774,0.0031608796746868764,0.6,0.024891234934329987,0.25,0.25,0.3875,0.3875
2026,0,94,6,0.010295458137989044,0.01333732157945633,0.020378276538391953,0.4,0.056135252490639685,0.3333333333333333,0.5,0.4666666666666666,0.7
2026,0,94,8,0.09467922896146774,0.0,0.17298077182169758,0.19999999999999996,0.05162383504211902,0.5,1.0,0.3875,0.775
2026,0,107,2,0.07548782229423523,0.035142868757247925,0.14002079486222832,0.8,0.026286738365888594,1.0,0.5,0.4,0.2
2026,0,107,4,0.09439754486083984,0.0018890202045440674,0.17248236304788528,0.6,0.03417350426316261,0.75,0.75,0.3875,0.3875
2026,0,107,6,0.09439754486083984,0.0012511909008026123,0.1724918812016611,0.4,0.06375708431005478,0.5,0.75,0.4583333333333333,0.6875
2026,0,107,8,0.09439754486083984,0.0,0.17251052015626211,0.19999999999999996,0.07999961823225021,0.5,1.0,0.40625,0.8125
2026,0,110,2,0.00793999433517456,0.01087157428264618,0.015753530929286007,0.8,0.007235433161258698,0.5,0.25,0.325,0.1625
2026,0,110,4,0.03823694586753845,0.002979263663291931,0.07364935045533663,0.6,0.01953258514404297,0.75,0.75,0.4375,0.4375
2026,0,110,6,0.03823694586753845,0.00019419193267822266,0.07365692870781258,0.4,0.0254206545650959,0.5,0.75,0.4,0.6
2026,0,110,8,0.03823694586753845,0.0,0.07365745559283313,0.19999999999999996,0.025453700870275497,0.5,1.0,0.40625,0.8125
2026,0,111,2,0.011514171957969666,0.010952785611152649,0.022763340373554493,0.7142857142857143,0.017248579114675523,0.5,0.25,0.65,0.325
2026,0,111,4,0.046455636620521545,0.02460382878780365,0.08868732186712482,0.4285714285714286,0.03152494728565216,0.5,0.5,0.65,0.65
2026,0,111,6,0.046455636620521545,0.0,0.08878663365137543,0.1428571428571429,0.04761805534362793,0.6666666666666666,1.0,0.5583333333333333,0.8375
2026,0,111,8,0.046455636620521545,0.0,0.08878663365137543,0.0,0.046455636620521545,0.5714285714285714,1.0,0.5714285714285714,1.0
2026,0,126,2,0.024155214428901672,0.002663850784301758,0.04716803176102431,0.7142857142857143,0.016550038009881973,1.0,0.5,0.675,0.3375
2026,0,126,4,0.13815797865390778,0.008962824940681458,0.2425084670737914,0.4285714285714286,0.05392405614256859,0.75,0.75,0.5625,0.5625
2026,0,126,6,0.13815797865390778,0.0,0.24277469603526625,0.1428571428571429,0.11322002634406089,0.6666666666666666,1.0,0.5583333333333333,0.8375
2026,0,126,8,0.13815797865390778,0.0,0.24277469603526625,0.0,0.13815797865390778,0.5714285714285714,1.0,0.5714285714285714,1.0
2026,0,129,2,0.029221773147583008,0.028681159019470215,0.05673664501833396,0.5,0.033288364112377164,1.0,0.5,1.0,0.5
2026,0,129,4,0.029221773147583008,0.0,0.056784210964011185,0.0,0.029221773147583008,1.0,1.0,1.0,1.0
2026,0,129,6,0.029221773147583008,0.0,0.056784210964011185,0.0,0.029221773147583008,1.0,1.0,1.0,1.0
2026,0,129,8,0.029221773147583008,0.0,0.056784210964011185,0.0,0.029221773147583008,1.0,1.0,1.0,1.0
2026,0,132,2,0.09767761081457138,0.013907380402088165,0.17774832417669734,0.8,0.008118486776947976,1.0,0.5,0.325,0.1625
2026,0,132,4,0.09767761081457138,0.006468482315540314,0.17786835242091592,0.6,0.015162890404462814,0.75,0.75,0.375,0.375
2026,0,132,6,0.09767761081457138,0.0029791444540023804,0.17792409160086645,0.4,0.040868178382515906,0.5,0.75,0.4333333333333333,0.65
2026,0,132,8,0.09767761081457138,0.0,0.17797140044076543,0.19999999999999996,0.06055721119046211,0.5,1.0,0.3875,0.775
2026,0,141,2,0.07178746908903122,0.006914231926202774,0.13389596318205435,0.8,0.0033669037744402885,1.0,0.5,0.55,0.275
2026,0,141,4,0.07178746908903122,0.004356026649475098,0.13391915980520375,0.6,0.01795619111508131,0.75,0.75,0.425,0.425
2026,0,141,6,0.07178746908903122,0.000619351863861084,0.13395284312997896,0.4,0.025544705986976623,0.5,0.75,0.39166666666666666,0.5875
2026,0,141,8,0.07178746908903122,0.0,0.13395840343244017,0.19999999999999996,0.051765318214893344,0.5,1.0,0.40625,0.8125
2026,0,143,2,0.06548835337162018,0.04938808083534241,0.12253516894772111,0.5,0.055389505624771115,1.0,0.5,1.0,0.5
2026,0,143,4,0.09995506703853607,0.0,0.18174390942650065,0.0,0.09995506703853607,1.0,1.0,1.0,1.0
2026,0,143,6,0.09995506703853607,0.0,0.18174390942650065,0.0,0.09995506703853607,1.0,1.0,1.0,1.0
2026,0,143,8,0.09995506703853607,0.0,0.18174390942650065,0.0,0.09995506703853607,1.0,1.0,1.0,1.0
2026,0,145,2,0.004920631647109985,0.002568662166595459,0.00979295169002551,0.7142857142857143,0.006695306301116944,1.0,0.5,0.475,0.2375
2026,0,145,4,0.006787538528442383,0.0012605786323547363,0.013483442160730712,0.4285714285714286,0.012983527779579163,0.75,0.75,0.5875,0.5875
2026,0,145,6,0.005392551422119141,0.0,0.010727255566975154,0.1428571428571429,0.01531578302383423,0.6666666666666666,1.0,0.5499999999999999,0.825
2026,0,145,8,0.005392551422119141,0.0,0.010727255566975154,0.0,0.005392551422119141,0.5714285714285714,1.0,0.5714285714285714,1.0
2026,0,155,2,0.018655452877283096,0.01594705879688263,0.03661673400112095,0.7142857142857143,0.011213061586022376,1.0,0.5,0.575,0.2875
2026,0,155,4,0.021280530840158463,0.01912195235490799,0.04165729055554458,0.4285714285714286,0.04949912428855896,0.75,0.75,0.5875,0.5875
2026,0,155,6,0.10190955549478531,0.0,0.18496900219551202,0.1428571428571429,0.07749437037855386,0.6666666666666666,1.0,0.5916666666666666,0.8875
2026,0,155,8,0.10190955549478531,0.0,0.18496900219551202,0.0,0.10190955549478531,0.5714285714285714,1.0,0.5714285714285714,1.0
2026,0,157,2,0.03299158811569214,0.0012674331665039062,0.0638732229436296,0.8,0.02109586223959923,1.0,0.5,0.475,0.2375
2026,0,157,4,0.03299158811569214,0.0349959135055542,0.06380191450032383,0.6,0.03915165439248085,0.5,0.5,0.4125,0.4125
2026,0,157,6,0.11839962005615234,0.007630646228790283,0.2115582217551967,0.4,0.07553232982754707,0.5,0.75,0.39999999999999997,0.6
2026,0,157,8,0.11839962005615234,0.0,0.2117304368365357,0.19999999999999996,0.08311263024806977,0.5,1.0,0.3875,0.775
2026,0,159,2,0.017937369644641876,0.034715019166469574,0.03522026020912036,0.5,0.041419530659914015,1.0,0.5,1.0,0.5
2026,0,159,4,0.12896326929330826,0.0,0.22846317998287896,0.0,0.12896326929330826,1.0,1.0,1.0,1.0
2026,0,159,6,0.12896326929330826,0.0,0.22846317998287896,0.0,0.12896326929330826,1.0,1.0,1.0,1.0
2026,0,159,8,0.12896326929330826,0.0,0.22846317998287896,0.0,0.12896326929330826,1.0,1.0,1.0,1.0
2026,0,163,2,0.027947336435317993,0.021452516317367554,0.05434264577975176,0.8181818181818181,0.009249923378229141,1.0,0.5,0.325,0.1625
2026,0,163,4,0.07718949019908905,0.0028703510761260986,0.1432868995067228,0.6363636363636364,0.030064232647418976,0.75,0.75,0.4625,0.4625
2026,0,163,6,0.07718949019908905,0.0038685500621795654,0.14327658376286181,0.4545454545454546,0.03824910819530487,0.5,0.75,0.38333333333333336,0.575
2026,0,163,8,0.07718949019908905,0.0,0.14331645620646127,0.2727272727272727,0.05253854617476463,0.5,1.0,0.36875,0.7375
2026,0,166,2,0.09736528992652893,0.11179870367050171,0.17549291531637815,0.8,0.043624259531497955,1.0,0.5,0.35,0.175
2026,0,166,4,0.09736528992652893,0.08939039707183838,0.17592058815648162,0.6,0.0654766395688057,0.5,0.5,0.4625,0.4625
2026,0,166,6,0.07441407442092896,0.010908037424087524,0.13841456531851398,0.4,0.07384565472602844,0.5,0.75,0.42499999999999993,0.6375
2026,0,166,8,0.07441407442092896,0.0,0.13852028969563807,0.19999999999999996,0.07753803133964539,0.5,1.0,0.40625,0.8125
2026,0,167,2,0.05826646089553833,0.03863433003425598,0.10987369565934706,0.8,0.03539774119853974,0.5,0.25,0.4,0.2
2026,0,167,4,0.06673073768615723,0.03863433003425598,0.12479888046585226,0.6,0.03720815554261207,0.25,0.25,0.425,0.425
2026,0,167,6,0.05579543113708496,0.02080175280570984,0.1055751151233425,0.4,0.04715917631983757,0.5,0.75,0.3583333333333333,0.5375
2026,0,167,8,0.05579543113708496,0.0,0.1056936400586497,0.19999999999999996,0.05454996377229691,0.5,1.0,0.4,0.8
2026,0,168,2,0.022471699863672256,0.02485787868499756,0.04393102944128264,0.5,0.0325802942737937,1.0,0.5,1.0,0.5
2026,0,168,4,0.08626557886600494,0.0,0.15882962793695618,0.0,0.08626557886600494,1.0,1.0,1.0,1.0
2026,0,168,6,0.08626557886600494,0.0,0.15882962793695618,0.0,0.08626557886600494,1.0,1.0,1.0,1.0
2026,0,168,8,0.08626557886600494,0.0,0.15882962793695618,0.0,0.08626557886600494,1.0,1.0,1.0,1.0
2026,0,173,2,0.009129837155342102,6.362795829772949e-06,0.01809447366160413,0.5,0.015796779841184615,1.0,0.5,1.0,0.5
2026,0,173,4,0.08645927906036377,0.0,0.15915788235549708,0.0,0.08645927906036377,1.0,1.0,1.0,1.0
2026,0,173,6,0.08645927906036377,0.0,0.15915788235549708,0.0,0.08645927906036377,1.0,1.0,1.0,1.0
2026,0,173,8,0.08645927906036377,0.0,0.15915788235549708,0.0,0.08645927906036377,1.0,1.0,1.0,1.0
2026,0,180,2,0.009704016149044037,0.002315513789653778,0.01922107775334122,0.7142857142857143,0.011132017523050309,1.0,0.5,0.525,0.2625
2026,0,180,4,0.08720871061086655,0.0003829002380371094,0.1604218772553989,0.4285714285714286,0.03563215881586075,1.0,1.0,0.6,0.6
2026,0,180,6,0.08720871061086655,0.0,0.16042680629714026,0.1428571428571429,0.05813885107636452,0.6666666666666666,1.0,0.5666666666666667,0.85
2026,0,180,8,0.08720871061086655,0.0,0.16042680629714026,0.0,0.08720871061086655,0.5714285714285714,1.0,0.5714285714285714,1.0
2026,0,184,2,0.007127285003662109,0.004905879497528076,0.01415319881081146,0.8,0.006363606452941895,0.5,0.25,0.425,0.2125
2026,0,184,4,0.0471767783164978,0.01741158962249756,0.0900309237905577,0.6,0.015203186869621277,0.5,0.5,0.375,0.375
2026,0,184,6,0.0471767783164978,0.003797382116317749,0.09008732630406745,0.4,0.019485308229923247,0.5,0.75,0.3666666666666666,0.55
2026,0,184,8,0.0471767783164978,0.0,0.09010279695533724,0.19999999999999996,0.03337001502513885,0.5,1.0,0.3875,0.775
2026,0,189,2,0.01306082308292389,0.0018727481365203857,0.025784250771598342,0.7142857142857143,0.00948803946375847,1.0,0.5,0.5,0.25
2026,0,189,4,0.11273488402366638,0.00040480494499206543,0.20261836033145708,0.4285714285714286,0.03436564914882183,0.75,0.75,0.5625,0.5625
2026,0,189,6,0.11273488402366638,0.0,0.20262667350917463,0.1428571428571429,0.0772851463407278,0.6666666666666666,1.0,0.5666666666666667,0.85
2026,0,189,8,0.11273488402366638,0.0,0.20262667350917463,0.0,0.11273488402366638,0.5714285714285714,1.0,0.5714285714285714,1.0
2026,0,193,2,0.011735387146472931,0.04159441590309143,0.023186858211551847,0.5,0.025153639912605285,1.0,0.5,1.0,0.5
2026,0,193,4,0.09418907761573792,0.0,0.17216234294894991,0.0,0.09418907761573792,1.0,1.0,1.0,1.0
2026,0,193,6,0.09418907761573792,0.0,0.17216234294894991,0.0,0.09418907761573792,1.0,1.0,1.0,1.0
2026,0,193,8,0.09418907761573792,0.0,0.17216234294894991,0.0,0.09418907761573792,1.0,1.0,1.0,1.0
2026,0,198,2,0.07157960534095764,0.039716631174087524,0.13322835740189698,0.7142857142857143,0.019743014872074128,1.0,0.5,0.55,0.275
2026,0,198,4,0.01511332392692566,0.013922274112701416,0.02977036618780453,0.4285714285714286,0.030464975535869597,1.0,1.0,0.525,0.525
2026,0,198,6,0.01511332392692566,0.0,0.02977662408855075,0.1428571428571429,0.02129269242286682,0.6666666666666666,1.0,0.5666666666666667,0.85
2026,0,198,8,0.01511332392692566,0.0,0.02977662408855075,0.0,0.01511332392692566,0.5714285714285714,1.0,0.5714285714285714,1.0
2026,0,203,2,0.002940915524959564,0.012479372322559357,0.00586436649678366,0.7142857142857143,0.009271410480141639,1.0,0.5,0.7,0.35
2026,0,203,4,0.0024858862161636353,0.002448439598083496,0.004959413634563026,0.4285714285714286,0.023899953067302703,0.75,0.75,0.5375,0.5375
2026,0,203,6,0.08343813568353653,0.0,0.15402473465805366,0.1428571428571429,0.06480206623673439,0.6666666666666666,1.0,0.5583333333333333,0.8375
2026,0,203,8,0.08343813568353653,0.0,0.15402473465805366,0.0,0.08343813568353653,0.5714285714285714,1.0,0.5714285714285714,1.0
2026,0,217,2,0.08463532477617264,0.008091345429420471,0.1559629940595993,0.5,0.027426182851195337,1.0,0.5,1.0,0.5
2026,0,217,4,0.08463532477617264,0.0,0.1560622687512748,0.0,0.08463532477617264,1.0,1.0,1.0,1.0
2026,0,217,6,0.08463532477617264,0.0,0.1560622687512748,0.0,0.08463532477617264,1.0,1.0,1.0,1.0
2026,0,217,8,0.08463532477617264,0.0,0.1560622687512748,0.0,0.08463532477617264,1.0,1.0,1.0,1.0
2026,0,223,2,0.004945531487464905,0.07250533998012543,0.00983860216957999,0.7142857142857143,0.009260988980531692,0.5,0.25,0.525,0.2625
2026,0,223,4,0.07250533998012543,0.006874114274978638,0.13514418168425504,0.4285714285714286,0.02770308926701546,0.75,0.75,0.55,0.55
2026,0,223,6,0.07250533998012543,0.0,0.13520742000495592,0.1428571428571429,0.06173363104462624,0.6666666666666666,1.0,0.5916666666666666,0.8875
2026,0,223,8,0.07250533998012543,0.0,0.13520742000495592,0.0,0.07250533998012543,0.5714285714285714,1.0,0.5714285714285714,1.0
2026,0,230,2,0.01222163438796997,0.0018993616104125977,0.02414758421837284,0.8,0.008095710724592208,0.5,0.25,0.425,0.2125
2026,0,230,4,0.08612579107284546,0.006852969527244568,0.15850593463220905,0.6,0.03031931146979332,0.5,0.5,0.3875,0.3875
2026,0,230,6,0.08612579107284546,0.003703176975250244,0.15854593373939363,0.4,0.03387286737561226,0.5,0.75,0.3833333333333333,0.575
2026,0,230,8,0.08612579107284546,0.0,0.15859266353996207,0.19999999999999996,0.0574561819434166,0.5,1.0,0.39375,0.7875
2026,0,237,2,0.034796565771102905,0.02706962823867798,0.06719009765600738,0.5,0.02080131322145462,1.0,0.5,1.0,0.5
2026,0,237,4,0.011451661586761475,0.0,0.022644011615535146,0.0,0.011451661586761475,1.0,1.0,1.0,1.0
2026,0,237,6,0.011451661586761475,0.0,0.022644011615535146,0.0,0.011451661586761475,1.0,1.0,1.0,1.0
2026,0,237,8,0.011451661586761475,0.0,0.022644011615535146,0.0,0.011451661586761475,1.0,1.0,1.0,1.0
2026,0,247,2,0.02013230323791504,0.008519694209098816,0.03946329255378936,0.8571428571428572,0.00673256516456604,1.0,0.5,0.35,0.175
2026,0,247,4,0.05993586778640747,0.014108657836914062,0.11300194252644123,0.7142857142857143,0.017326151579618455,0.75,0.75,0.3,0.3
2026,0,247,6,0.08742977678775787,0.0025913864374160767,0.16076719486632848,0.5714285714285714,0.030471638590097428,0.6666666666666666,1.0,0.2833333333333333,0.425
2026,0,247,8,0.08742977678775787,0.004016324877738953,0.16074866016602166,0.4285714285714286,0.044836246967315675,0.5,1.0,0.2875,0.575
2026,0,251,2,0.004644930362701416,0.013510465621948242,0.009246323992816321,0.8181818181818181,0.0065675370395183565,1.0,0.5,0.325,0.1625
2026,0,251,4,0.004644930362701416,0.0095205157995224,0.009246498553279227,0.6363636363636364,0.014585401117801666,0.5,0.5,0.2625,0.2625
2026,0,251,6,0.06548653542995453,0.000537186861038208,0.12291919237567583,0.4545454545454546,0.024398767203092576,0.6666666666666666,1.0,0.3833333333333333,0.575
2026,0,251,8,0.06548653542995453,0.0,0.12292325290348005,0.2727272727272727,0.045828985422849654,0.5,1.0,0.3875,0.775
2026,0,254,2,0.014972284436225891,0.1558629721403122,0.029422704429753158,0.7142857142857143,0.03412122428417206,1.0,0.5,0.575,0.2875
2026,0,254,4,0.1558629721403122,0.00196269154548645,0.26961959160361704,0.4285714285714286,0.060102503001689914,1.0,1.0,0.5375,0.5375
2026,0,254,6,0.1558629721403122,0.0,0.2696910895098588,0.1428571428571429,0.11699713468551635,0.6666666666666666,1.0,0.5833333333333333,0.875
2026,0,254,8,0.1558629721403122,0.0,0.2696910895098588,0.0,0.1558629721403122,0.5714285714285714,1.0,0.5714285714285714,1.0
2026,0,255,2,0.027356810867786407,0.022208556532859802,0.05322449792198967,0.5,0.04095613546669483,1.0,0.5,1.0,0.5
2026,0,255,4,0.06552847474813461,0.0,0.12299713485108688,0.0,0.06552847474813461,1.0,1.0,1.0,1.0
2026,0,255,6,0.06552847474813461,0.0,0.12299713485108688,0.0,0.06552847474813461,1.0,1.0,1.0,1.0
2026,0,255,8,0.06552847474813461,0.0,0.12299713485108688,0.0,0.06552847474813461,1.0,1.0,1.0,1.0
2026,0,256,2,0.04000478982925415,0.07996433973312378,0.07667558845194498,0.7142857142857143,0.032584335654973984,0.5,0.25,0.725,0.3625
2026,0,256,4,0.09786157310009003,0.008784055709838867,0.17813599131597438,0.4285714285714286,0.07037540078163147,0.75,0.75,0.5625,0.5625
2026,0,256,6,0.09786157310009003,0.0,0.1782767071876887,0.1428571428571429,0.08492549359798432,0.6666666666666666,1.0,0.5833333333333333,0.875
2026,0,256,8,0.09786157310009003,0.0,0.1782767071876887,0.0,0.09786157310009003,0.5714285714285714,1.0,0.5714285714285714,1.0
2026,0,260,2,0.03321799635887146,0.02868598699569702,0.06423907858894871,0.8461538461538461,0.016736841201782225,0.5,0.25,0.225,0.1125
2026,0,260,4,0.04984074831008911,0.029397189617156982,0.09481282912563989,0.6923076923076923,0.027092494070529938,0.5,0.5,0.175,0.175
2026,0,260,6,0.05673477053642273,0.011638224124908447,0.10730966197100963,0.5384615384615384,0.03959581553936005,0.5,0.75,0.29999999999999993,0.45
2026,0,260,8,0.05673477053642273,0.0038018226623535156,0.10735550656700242,0.3846153846153846,0.04569413363933563,0.5,1.0,0.28125,0.5625
2026,0,261,2,0.010739583522081375,0.011542052030563354,0.0212483044757663,0.5,0.028087210841476917,1.0,0.5,1.0,0.5
2026,0,261,4,0.0826982632279396,0.0,0.15276326939212834,0.0,0.0826982632279396,1.0,1.0,1.0,1.0
2026,0,261,6,0.0826982632279396,0.0,0.15276326939212834,0.0,0.0826982632279396,1.0,1.0,1.0,1.0
2026,0,261,8,0.0826982632279396,0.0,0.15276326939212834,0.0,0.0826982632279396,1.0,1.0,1.0,1.0
2026,0,294,2,0.0669962614774704,0.00377105176448822,0.1255493464558259,0.7142857142857143,0.024710216745734214,1.0,0.5,0.625,0.3125
2026,0,294,4,0.0669962614774704,0.0009540021419525146,0.12557165781071034,0.4285714285714286,0.0369949460029602,0.75,0.75,0.55,0.55
2026,0,294,6,0.0669962614774704,0.0,0.12557918691242767,0.1428571428571429,0.06364970058202743,0.6666666666666666,1.0,0.6333333333333332,0.95
2026,0,294,8,0.0669962614774704,0.0,0.12557918691242767,0.0,0.0669962614774704,0.5714285714285714,1.0,0.5714285714285714,1.0
2026,0,296,2,0.07353498041629791,0.010641001164913177,0.1368951109409183,0.8,0.01198618784546852,1.0,0.5,0.525,0.2625
2026,0,296,4,0.07353498041629791,0.007138587534427643,0.13692852865799485,0.6,0.023185841739177704,0.75,0.75,0.4125,0.4125
2026,0,296,6,0.07353498041629791,0.0014867186546325684,0.13698199457641347,0.4,0.04706411361694336,0.6666666666666666,1.0,0.4083333333333333,0.6125
2026,0,296,8,0.07353498041629791,0.0,0.13699596521350865,0.19999999999999996,0.054165223985910414,0.5,1.0,0.43125,0.8625
2026,0,299,2,0.016142025589942932,0.10709385573863983,0.03171078125033088,0.7142857142857143,0.0390807144343853,1.0,0.5,0.625,0.3125
2026,0,299,4,0.03220279514789581,0.05845308303833008,0.062275638415054825,0.4285714285714286,0.08388575911521912,0.75,0.75,0.5875,0.5875
2026,0,299,6,0.10709385573863983,0.0,0.19346843121478274,0.1428571428571429,0.081293785572052,0.6666666666666666,1.0,0.5583333333333333,0.8375
2026,0,299,8,0.10709385573863983,0.0,0.19346843121478274,0.0,0.10709385573863983,0.5714285714285714,1.0,0.5714285714285714,1.0
2026,0,301,2,0.0005176365375518799,0.0045051127672195435,0.0010347350345096629,0.875,0.00435090959072113,1.0,0.5,0.275,0.1375
2026,0,301,4,0.054834410548210144,0.0030443966388702393,0.10395130611642195,0.75,0.007633971422910691,0.75,0.75,0.3,0.3
2026,0,301,6,0.054834410548210144,0.002175062894821167,0.10395602789912904,0.625,0.013292782008647919,0.5,0.75,0.30833333333333324,0.4625
2026,0,301,8,0.054834410548210144,0.0015525966882705688,0.10395940403328756,0.5,0.014089565724134445,0.5,1.0,0.24375,0.4875
2026,0,305,2,0.012216731905937195,0.043032824993133545,0.02412547574604496,0.7142857142857143,0.03109808638691902,0.5,0.25,0.7,0.35
2026,0,305,4,0.10644915699958801,0.01487964391708374,0.19213660731881277,0.4285714285714286,0.05317229107022285,0.75,0.75,0.5875,0.5875
2026,0,305,6,0.10644915699958801,0.0,0.19241581292040813,0.1428571428571429,0.10045487582683563,0.6666666666666666,1.0,0.5333333333333332,0.8
2026,0,305,8,0.10644915699958801,0.0,0.19241581292040813,0.0,0.10644915699958801,0.5714285714285714,1.0,0.5714285714285714,1.0
2026,0,308,2,0.04556217044591904,0.062237270176410675,0.08690211205338597,0.5,0.04529619812965393,1.0,0.5,1.0,0.5
2026,0,308,4,0.08722931891679764,0.0,0.16046167519416027,0.0,0.08722931891679764,1.0,1.0,1.0,1.0
2026,0,308,6,0.08722931891679764,0.0,0.16046167519416027,0.0,0.08722931891679764,1.0,1.0,1.0,1.0
2026,0,308,8,0.08722931891679764,0.0,0.16046167519416027,0.0,0.08722931891679764,1.0,1.0,1.0,1.0
2026,0,310,2,0.006047546863555908,0.06139442324638367,0.012017662504682013,0.8,0.01492649018764496,0.5,0.25,0.55,0.275
2026,0,310,4,0.009829521179199219,0.008685797452926636,0.019466024144684412,0.6,0.02128056585788727,0.5,0.5,0.3875,0.3875
2026,0,310,6,0.06139442324638367,0.009533137083053589,0.11562197904486544,0.4,0.041847136616706845,0.5,0.75,0.45833333333333337,0.6875
2026,0,310,8,0.06139442324638367,0.0,0.11568634977109175,0.19999999999999996,0.045602726936340335,0.5,1.0,0.39375,0.7875
2026,0,313,2,0.023686185479164124,0.008807212114334106,0.04626675068777864,0.7142857142857143,0.007774034887552262,1.0,0.5,0.425,0.2125
2026,0,313,4,0.01705116033554077,0.0016284286975860596,0.0335296683958674,0.4285714285714286,0.04975600242614746,0.75,0.75,0.625,0.625
2026,0,313,6,0.11708101630210876,0.0,0.20961956132722392,0.1428571428571429,0.08079842031002045,0.6666666666666666,1.0,0.5583333333333332,0.8375
2026,0,313,8,0.11708101630210876,0.0,0.20961956132722392,0.0,0.11708101630210876,0.5714285714285714,1.0,0.5714285714285714,1.0
2026,0,316,2,0.026210695505142212,0.03034175932407379,0.051041690260710336,0.7142857142857143,0.012299633771181106,1.0,0.5,0.475,0.2375
2026,0,316,4,0.019892767071723938,0.03034175932407379,0.03898573266040845,0.4285714285714286,0.03622910417616367,0.5,0.5,0.5625,0.5625
2026,0,316,6,0.07374829053878784,0.0,0.13736606835812937,0.1428571428571429,0.0653468243777752,0.6666666666666666,1.0,0.575,0.8625
2026,0,316,8,0.07374829053878784,0.0,0.13736606835812937,0.0,0.07374829053878784,0.5714285714285714,1.0,0.5714285714285714,1.0
2026,0,319,2,0.009820640087127686,0.0011990144848823547,0.01945003904027054,0.8181818181818181,0.005468495935201645,1.0,0.5,0.375,0.1875
2026,0,319,4,0.009820640087127686,0.010857656598091125,0.019448189993107618,0.6363636363636364,0.012465962022542954,0.5,0.5,0.375,0.375
2026,0,319,6,0.09699247777462006,0.0019447952508926392,0.17680298092841107,0.4545454545454546,0.03683343231678009,0.5,0.75,0.3666666666666667,0.55
2026,0,319,8,0.09699247777462006,0.0,0.17683344186895583,0.2727272727272727,0.05394399017095566,0.5,1.0,0.34375,0.6875
2026,0,323,2,0.025913089513778687,0.014343485236167908,0.050498562607867434,0.5,0.03380813524127006,1.0,0.5,1.0,0.5
2026,0,323,4,0.09322012960910797,0.0,0.17054228528053134,0.0,0.09322012960910797,1.0,1.0,1.0,1.0
2026,0,323,6,0.09322012960910797,0.0,0.17054228528053134,0.0,0.09322012960910797,1.0,1.0,1.0,1.0
2026,0,323,8,0.09322012960910797,0.0,0.17054228528053134,0.0,0.09322012960910797,1.0,1.0,1.0,1.0
2026,0,324,2,0.008413136005401611,0.01301322877407074,0.01668405608948119,0.5,0.045581559836864474,1.0,0.5,1.0,0.5
2026,0,324,4,0.11499395966529846,0.0,0.2062683096504265,0.0,0.11499395966529846,1.0,1.0,1.0,1.0
2026,0,324,6,0.11499395966529846,0.0,0.2062683096504265,0.0,0.11499395966529846,1.0,1.0,1.0,1.0
2026,0,324,8,0.11499395966529846,0.0,0.2062683096504265,0.0,0.11499395966529846,1.0,1.0,1.0,1.0
2026,0,333,2,0.08587626367807388,0.0163937509059906,0.15796131043537573,0.7142857142857143,0.014927050471305848,1.0,0.5,0.725,0.3625
2026,0,333,4,0.08587626367807388,0.0008886381983757019,0.15815839505432447,0.4285714285714286,0.025449489057064057,0.75,0.75,0.625,0.625
2026,0,333,6,0.08587626367807388,0.0,0.15816951995468487,0.1428571428571429,0.06601001769304275,0.6666666666666666,1.0,0.5666666666666667,0.85
2026,0,333,8,0.08587626367807388,0.0,0.15816951995468487,0.0,0.08587626367807388,0.5714285714285714,1.0,0.5714285714285714,1.0
2026,0,334,2,0.004072830080986023,0.005862057209014893,0.008112424806635498,0.8,0.0021713800728321076,1.0,0.5,0.45,0.225
2026,0,334,4,0.08915111422538757,0.0007134005427360535,0.1636979546963554,0.6,0.02498013451695442,0.75,0.75,0.425,0.425
2026,0,334,6,0.08915111422538757,0.0004874318838119507,0.1637009860348747,0.4,0.038530876860022545,0.6666666666666666,1.0,0.37499999999999994,0.5625
2026,0,334,8,0.08915111422538757,0.0,0.16370752058366578,0.19999999999999996,0.059009020775556566,0.5,1.0,0.39375,0.7875
2026,0,344,2,0.02643643319606781,0.00763595849275589,0.051500890195650864,0.8,0.0084757000207901,1.0,0.5,0.325,0.1625
2026,0,344,4,0.10517503321170807,0.007496833801269531,0.19019518384120732,0.6,0.023603078350424765,0.75,0.75,0.375,0.375
2026,0,344,6,0.10517503321170807,0.0009596943855285645,0.19031450411571812,0.4,0.03000883460044861,0.6666666666666666,1.0,0.3916666666666666,0.5875
2026,0,344,8,0.10517503321170807,0.0,0.19033190227988198,0.19999999999999996,0.06406384706497192,0.5,1.0,0.39375,0.7875
2026,0,346,2,0.05228409171104431,0.007861822843551636,0.0993334688290858,0.5,0.04760823994874954,1.0,0.5,1.0,0.5
2026,0,346,4,0.05228409171104431,0.0,0.09937257841849319,0.0,0.05228409171104431,1.0,1.0,1.0,1.0
2026,0,346,6,0.05228409171104431,0.0,0.09937257841849319,0.0,0.05228409171104431,1.0,1.0,1.0,1.0
2026,0,346,8,0.05228409171104431,0.0,0.09937257841849319,0.0,0.05228409171104431,1.0,1.0,1.0,1.0
2026,0,352,2,0.10185813903808594,0.03487710654735565,0.1842687337012119,0.7142857142857143,0.019921895861625672,1.0,0.5,0.525,0.2625
2026,0,352,4,0.10185813903808594,0.01703128218650818,0.18458865338145705,0.4285714285714286,0.0644474633038044,0.75,0.75,0.5625,0.5625
2026,0,352,6,0.10185813903808594,0.0,0.18488430666221214,0.1428571428571429,0.09148026034235954,0.6666666666666666,1.0,0.5916666666666666,0.8875
2026,0,352,8,0.10185813903808594,0.0,0.18488430666221214,0.0,0.10185813903808594,0.5714285714285714,1.0,0.5714285714285714,1.0
2026,0,353,2,0.020060598850250244,0.005300760269165039,0.03932804919199553,0.5,0.011951690912246704,1.0,0.5,1.0,0.5
2026,0,353,4,0.011913836002349854,0.0,0.023547135296452627,0.0,0.011913836002349854,1.0,1.0,1.0,1.0
2026,0,353,6,0.011913836002349854,0.0,0.023547135296452627,0.0,0.011913836002349854,1.0,1.0,1.0,1.0
2026,0,353,8,0.011913836002349854,0.0,0.023547135296452627,0.0,0.011913836002349854,1.0,1.0,1.0,1.0
2026,0,362,2,0.1295647919178009,0.04514917731285095,0.228169064494835,0.5,0.06219741702079773,1.0,0.5,1.0,0.5
2026,0,362,4,0.02258238196372986,0.0,0.044167359739493026,0.0,0.02258238196372986,1.0,1.0,1.0,1.0
2026,0,362,6,0.02258238196372986,0.0,0.044167359739493026,0.0,0.02258238196372986,1.0,1.0,1.0,1.0
2026,0,362,8,0.02258238196372986,0.0,0.044167359739493026,0.0,0.02258238196372986,1.0,1.0,1.0,1.0
2026,0,372,2,0.018017582595348358,0.024239689111709595,0.03538183352633011,0.5,0.03795836307108402,1.0,0.5,1.0,0.5
2026,0,372,4,0.09581165015697479,0.0,0.17486882922489425,0.0,0.09581165015697479,1.0,1.0,1.0,1.0
2026,0,372,6,0.09581165015697479,0.0,0.17486882922489425,0.0,0.09581165015697479,1.0,1.0,1.0,1.0
2026,0,372,8,0.09581165015697479,0.0,0.17486882922489425,0.0,0.09581165015697479,1.0,1.0,1.0,1.0
2026,0,375,2,0.0007337331771850586,0.03946685791015625,0.0014663462400935226,0.7142857142857143,0.007211016118526458,1.0,0.5,0.5,0.25
2026,0,375,4,0.009053751826286316,0.013322636485099792,0.01794285996338974,0.4285714285714286,0.020441818237304687,0.75,0.75,0.5625,0.5625
2026,0,375,6,0.03946685791015625,0.0,0.07593673162317884,0.1428571428571429,0.028741756081581117,0.6666666666666666,1.0,0.5583333333333333,0.8375
2026,0,375,8,0.03946685791015625,0.0,0.07593673162317884,0.0,0.03946685791015625,0.5714285714285714,1.0,0.5714285714285714,1.0
2026,0,376,2,0.011708676815032959,0.024802565574645996,0.023139529607704587,0.7142857142857143,0.012630020081996918,1.0,0.5,0.65,0.325
2026,0,376,4,0.06251358985900879,0.0012027919292449951,0.11766279800309792,0.4285714285714286,0.026723353564739226,0.75,0.75,0.55,0.55
2026,0,376,6,0.06251358985900879,0.0,0.11767113466718875,0.1428571428571429,0.05228158235549927,0.6666666666666666,1.0,0.5916666666666666,0.8875
2026,0,376,8,0.06251358985900879,0.0,0.11767113466718875,0.0,0.06251358985900879,0.5714285714285714,1.0,0.5714285714285714,1.0
2026,0,383,2,0.07799778133630753,0.0009445324540138245,0.14469871379406662,0.8461538461538461,0.01567719392478466,1.0,0.5,0.4,0.2
2026,0,383,4,0.07799778133630753,0.000428810715675354,0.1447041204368897,0.6923076923076923,0.028037577494978906,0.75,0.75,0.3625,0.3625
2026,0,383,6,0.07799778133630753,0.003495320677757263,0.14467189592240984,0.5384615384615384,0.03315475918352604,0.5,0.75,0.325,0.4875
2026,0,383,8,0.07799778133630753,0.005223006010055542,0.14465365935178748,0.3846153846153846,0.048211924731731415,0.375,0.75,0.2875,0.575
2026,0,386,2,0.03211291879415512,0.022040609270334244,0.062183925254397907,0.7142857142857143,0.014456024393439293,0.5,0.25,0.475,0.2375
2026,0,386,4,0.037912726402282715,0.020322546362876892,0.0730003964086818,0.4285714285714286,0.037842634879052636,0.75,0.75,0.5625,0.5625
2026,0,386,6,0.06725317984819412,0.0,0.12603041362267986,0.1428571428571429,0.05890121422708035,0.6666666666666666,1.0,0.5833333333333333,0.875
2026,0,386,8,0.06725317984819412,0.0,0.12603041362267986,0.0,0.06725317984819412,0.5714285714285714,1.0,0.5714285714285714,1.0
2026,0,395,2,0.03258176147937775,0.019711285829544067,0.06306735922090345,0.7142857142857143,0.016683994606137276,1.0,0.5,0.5,0.25
2026,0,395,4,0.0820070207118988,0.0002554655075073242,0.15158022256088666,0.4285714285714286,0.04332765191793442,0.75,0.75,0.625,0.625
2026,0,395,6,0.0820070207118988,0.0,0.15158315822746302,0.1428571428571429,0.06253171414136886,0.6666666666666666,1.0,0.5583333333333333,0.8375
2026,0,395,8,0.0820070207118988,0.0,0.15158315822746302,0.0,0.0820070207118988,0.5714285714285714,1.0,0.5714285714285714,1.0
2026,0,396,2,0.0010116547346115112,0.08157961070537567,0.002021083213767368,0.8947368421052632,0.000740322470664978,0.5,0.25,0.025,0.0125
2026,0,396,4,0.007035776972770691,0.08157961070537567,0.013964575010363444,0.7894736842105263,0.007962807267904281,0.5,0.5,0.225,0.225
2026,0,396,6,0.006703376770019531,0.01067441701889038,0.013316524717511524,0.6842105263157895,0.01771577596664429,0.5,0.75,0.26666666666666666,0.4
2026,0,396,8,0.08157961070537567,0.0011535882949829102,0.15083957574358564,0.5789473684210527,0.013829004019498825,0.5,1.0,0.18125,0.3625
2026,0,400,2,0.01427079364657402,0.012668158859014511,0.02813492791700474,0.7142857142857143,0.01927800141274929,1.0,0.5,0.65,0.325
2026,0,400,4,0.08268022164702415,0.0033464618027210236,0.1526933345535839,0.4285714285714286,0.03947443813085556,0.75,0.75,0.6,0.6
2026,0,400,6,0.08268022164702415,0.0,0.15273248738440443,0.1428571428571429,0.056997711211442946,0.6666666666666666,1.0,0.5833333333333333,0.875
2026,0,400,8,0.08268022164702415,0.0,0.15273248738440443,0.0,0.08268022164702415,0.5714285714285714,1.0,0.5714285714285714,1.0
2026,0,403,2,0.017394304275512695,0.011344730854034424,0.03418712363572418,0.8,0.007167259603738785,1.0,0.5,0.35,0.175
2026,0,403,4,0.008610472083091736,0.011344730854034424,0.01707225715844102,0.6,0.01843574717640877,0.5,0.5,0.4,0.4
2026,0,403,6,0.08783316612243652,0.004184126853942871,0.16142802299246187,0.4,0.034368965029716494,0.6666666666666666,1.0,0.39166666666666666,0.5875
2026,0,403,8,0.08783316612243652,0.0,0.16148278772473246,0.19999999999999996,0.06956157982349395,0.5,1.0,0.39375,0.7875
2026,0,406,2,0.0855758786201477,0.07728195190429688,0.1566257726884237,0.7142857142857143,0.04261544793844223,1.0,0.5,0.575,0.2875
2026,0,406,4,0.003114670515060425,0.019147515296936035,0.006209622541823878,0.4285714285714286,0.04095411449670792,0.75,0.75,0.65,0.65
2026,0,406,6,0.003114670515060425,0.0,0.006209998929556404,0.1428571428571429,0.01916697919368744,0.6666666666666666,1.0,0.5666666666666667,0.85
2026,0,406,8,0.003114670515060425,0.0,0.006209998929556404,0.0,0.003114670515060425,0.5714285714285714,1.0,0.5714285714285714,1.0
2026,0,410,2,0.01406504213809967,0.01592475175857544,0.027733696288952978,0.8,0.008616989105939865,1.0,0.5,0.3,0.15
2026,0,410,4,0.01791708916425705,0.011251501739025116,0.03519638542463423,0.6,0.011413074657320976,0.75,0.75,0.3625,0.3625
2026,0,410,6,0.09637638926506042,0.004912056028842926,0.17573269253201937,0.4,0.04422653540968895,0.6666666666666666,1.0,0.4083333333333333,0.6125
2026,0,410,8,0.09637638926506042,0.0,0.17580894701620656,0.19999999999999996,0.056413559243083,0.5,1.0,0.38125,0.7625
2026,0,411,2,0.04046003520488739,0.013497143983840942,0.07773200107878983,0.7142857142857143,0.016961004585027695,1.0,0.5,0.575,0.2875
2026,0,411,4,0.09905268251895905,0.0036677271127700806,0.18019123564299055,0.4285714285714286,0.032514048367738725,1.0,1.0,0.55,0.55
2026,0,411,6,0.09905268251895905,0.0,0.1802510181621805,0.1428571428571429,0.08077658563852311,0.6666666666666666,1.0,0.5833333333333333,0.875
2026,0,411,8,0.09905268251895905,0.0,0.1802510181621805,0.0,0.09905268251895905,0.5714285714285714,1.0,0.5714285714285714,1.0
2026,0,413,2,0.015920281410217285,0.010041475296020508,0.03133661471328709,0.7142857142857143,0.01268600970506668,1.0,0.5,0.625,0.3125
2026,0,413,4,0.07443629205226898,0.0017950907349586487,0.1385415217368309,0.4285714285714286,0.034096121415495874,0.75,0.75,0.5625,0.5625
2026,0,413,6,0.07443629205226898,0.0,0.1385587821313985,0.1428571428571429,0.06474538743495942,0.6666666666666666,1.0,0.5833333333333333,0.875
2026,0,413,8,0.07443629205226898,0.0,0.1385587821313985,0.0,0.07443629205226898,0.5714285714285714,1.0,0.5714285714285714,1.0
2026,0,424,2,0.11997812986373901,0.013354048132896423,0.2139406472295361,0.7142857142857143,0.02807288207113743,1.0,0.5,0.7,0.35
2026,0,424,4,0.11997812986373901,0.00768221914768219,0.21407330626712884,0.4285714285714286,0.053287281095981597,0.75,0.75,0.625,0.625
2026,0,424,6,0.11997812986373901,0.0,0.21425084412735101,0.1428571428571429,0.10069653317332268,0.6666666666666666,1.0,0.5999999999999999,0.9
2026,0,424,8,0.11997812986373901,0.0,0.21425084412735101,0.0,0.11997812986373901,0.5714285714285714,1.0,0.5714285714285714,1.0
2026,0,426,2,0.03956267237663269,0.07504576444625854,0.07587977169443878,0.7142857142857143,0.03908165618777275,1.0,0.5,0.55,0.275
2026,0,426,4,0.11267192661762238,0.001627802848815918,0.20249154201530165,0.4285714285714286,0.05711558610200882,1.0,1.0,0.55,0.55
2026,0,426,6,0.11267192661762238,0.0,0.20252497420354687,0.1428571428571429,0.0926595039665699,0.6666666666666666,1.0,0.575,0.8625
2026,0,426,8,0.11267192661762238,0.0,0.20252497420354687,0.0,0.11267192661762238,0.5714285714285714,1.0,0.5714285714285714,1.0
2026,0,431,2,0.07120192050933838,0.04758775234222412,0.1324983245811777,0.8,0.02242768555879593,1.0,0.5,0.475,0.2375
2026,0,431,4,0.07120192050933838,0.024665385484695435,0.1327152858377556,0.6,0.038023681938648225,0.75,0.75,0.45,0.45
2026,0,431,6,0.07120192050933838,0.024721801280975342,0.13271476352725461,0.4,0.050287045538425446,0.5,0.75,0.39166666666666666,0.5875
2026,0,431,8,0.07120192050933838,0.0,0.1329383735150196,0.19999999999999996,0.06414809077978134,0.5,1.0,0.3875,0.775
2026,0,436,2,0.014256313443183899,0.039140745997428894,0.028095768659967654,0.7142857142857143,0.014913094788789749,0.5,0.25,0.575,0.2875
2026,0,436,4,0.017962366342544556,0.03475522994995117,0.035268418074095594,0.4285714285714286,0.026207973062992097,0.5,0.5,0.5375,0.5375
2026,0,436,6,0.09570974111557007,0.0,0.1746990786412568,0.1428571428571429,0.06867656633257865,0.6666666666666666,1.0,0.5666666666666667,0.85
2026,0,436,8,0.09570974111557007,0.0,0.1746990786412568,0.0,0.09570974111557007,0.5714285714285714,1.0,0.5714285714285714,1.0
2026,0,439,2,0.0071599893271923065,0.010604484006762505,0.01421709337224667,0.5,0.014935918431729079,1.0,0.5,1.0,0.5
2026,0,439,4,0.06797905638813972,0.0,0.12730410017223004,0.0,0.06797905638813972,1.0,1.0,1.0,1.0
2026,0,439,6,0.06797905638813972,0.0,0.12730410017223004,0.0,0.06797905638813972,1.0,1.0,1.0,1.0
2026,0,439,8,0.06797905638813972,0.0,0.12730410017223004,0.0,0.06797905638813972,1.0,1.0,1.0,1.0
2026,0,441,2,0.047466158866882324,0.05134555697441101,0.09040869633030064,0.7142857142857143,0.019594015181064607,1.0,0.5,0.7,0.35
2026,0,441,4,0.06352603435516357,0.05164223909378052,0.1190757436425836,0.4285714285714286,0.03705764710903168,0.75,0.75,0.5875,0.5875
2026,0,441,6,0.014590799808502197,0.0,0.02876193990967811,0.1428571428571429,0.026436859369277955,0.6666666666666666,1.0,0.575,0.8625
2026,0,441,8,0.014590799808502197,0.0,0.02876193990967811,0.0,0.014590799808502197,0.5714285714285714,1.0,0.5714285714285714,1.0
2026,0,446,2,0.018330499529838562,0.012645326554775238,0.03599278355438252,0.5,0.025715333595871925,1.0,0.5,1.0,0.5
2026,0,446,4,0.08872541785240173,0.0,0.1629895222386187,0.0,0.08872541785240173,1.0,1.0,1.0,1.0
2026,0,446,6,0.08872541785240173,0.0,0.1629895222386187,0.0,0.08872541785240173,1.0,1.0,1.0,1.0
2026,0,446,8,0.08872541785240173,0.0,0.1629895222386187,0.0,0.08872541785240173,1.0,1.0,1.0,1.0
2026,0,448,2,0.022459588944911957,0.021733105182647705,0.04391104401156783,0.8461538461538461,0.00658097043633461,1.0,0.5,0.3,0.15
2026,0,448,4,0.0825120061635971,0.0018346160650253296,0.152424079685834,0.6923076923076923,0.02139166332781315,0.75,0.75,0.3125,0.3125
2026,0,448,6,0.0825120061635971,0.002546846866607666,0.152415770102837,0.5384615384615384,0.032990045845508575,0.5,0.75,0.31666666666666665,0.475
2026,0,448,8,0.0825120061635971,0.0009765550494194031,0.15243407613207868,0.3846153846153846,0.04432724267244339,0.5,1.0,0.325,0.65
2026,0,453,2,0.0007851868867874146,0.009188100695610046,0.0015691302877764773,0.5,0.022139453887939455,1.0,0.5,1.0,0.5
2026,0,453,4,0.054396986961364746,0.0,0.10318122611129571,0.0,0.054396986961364746,1.0,1.0,1.0,1.0
2026,0,453,6,0.054396986961364746,0.0,0.10318122611129571,0.0,0.054396986961364746,1.0,1.0,1.0,1.0
2026,0,453,8,0.054396986961364746,0.0,0.10318122611129571,0.0,0.054396986961364746,1.0,1.0,1.0,1.0
2026,0,456,2,0.026791080832481384,0.040784239768981934,0.05212626504785943,0.8,0.018482819944620133,1.0,0.5,0.35,0.175
2026,0,456,4,0.08684492111206055,0.004395157098770142,0.15975470994602414,0.6,0.04149345085024834,1.0,1.0,0.425,0.425
2026,0,456,6,0.08684492111206055,0.00012853741645812988,0.15980942147015811,0.4,0.0424915574491024,0.6666666666666666,1.0,0.3833333333333333,0.575
2026,0,456,8,0.08684492111206055,0.0,0.15981106305985357,0.19999999999999996,0.05944356694817543,0.5,1.0,0.3625,0.725
2026,0,461,2,0.0030858218669891357,0.00036132335662841797,0.0061526508867726145,0.5,0.014183876663446426,1.0,0.5,1.0,0.5
2026,0,461,4,0.06612591445446014,0.0,0.12404897687586364,0.0,0.06612591445446014,1.0,1.0,1.0,1.0
2026,0,461,6,0.06612591445446014,0.0,0.12404897687586364,0.0,0.06612591445446014,1.0,1.0,1.0,1.0
2026,0,461,8,0.06612591445446014,0.0,0.12404897687586364,0.0,0.06612591445446014,1.0,1.0,1.0,1.0
2026,0,464,2,0.021898239850997925,0.01665513962507248,0.042842416135751904,0.5,0.01948898360133171,1.0,0.5,1.0,0.5
2026,0,464,4,0.06714574992656708,0.0,0.12584176047402623,0.0,0.06714574992656708,1.0,1.0,1.0,1.0
2026,0,464,6,0.06714574992656708,0.0,0.12584176047402623,0.0,0.06714574992656708,1.0,1.0,1.0,1.0
2026,0,464,8,0.06714574992656708,0.0,0.12584176047402623,0.0,0.06714574992656708,1.0,1.0,1.0,1.0
2026,0,469,2,0.04265758395195007,0.02811846137046814,0.08172798348071587,0.8461538461538461,0.012634335458278656,0.5,0.25,0.3,0.15
2026,0,469,4,0.0414501428604126,0.02811846137046814,0.079509265042142,0.6923076923076923,0.024877424538135528,0.25,0.25,0.2625,0.2625
2026,0,469,6,0.0704771876335144,0.01358911395072937,0.1315550186077722,0.5384615384615384,0.03234609216451645,0.5,0.75,0.25833333333333325,0.3875
2026,0,469,8,0.0704771876335144,0.014943867921829224,0.13154295473870986,0.3846153846153846,0.03988479673862457,0.375,0.75,0.25625,0.5125
2026,0,471,2,0.006817981600761414,0.1315726637840271,0.013529741843551383,0.7142857142857143,0.007005197554826736,1.0,0.5,0.5,0.25
2026,0,471,4,0.004683077335357666,0.020160257816314697,0.009321602705247118,0.4285714285714286,0.040834910422563556,0.75,0.75,0.575,0.575
2026,0,471,6,0.1315726637840271,0.0,0.23254832499053577,0.1428571428571429,0.10756273120641709,0.6666666666666666,1.0,0.5916666666666666,0.8875
2026,0,471,8,0.1315726637840271,0.0,0.23254832499053577,0.0,0.1315726637840271,0.5714285714285714,1.0,0.5714285714285714,1.0
2026,0,478,2,0.07525545731186867,0.0037991590797901154,0.1399395383304379,0.7142857142857143,0.005577016994357109,1.0,0.5,0.55,0.275
2026,0,478,4,0.07525545731186867,0.0007055029273033142,0.1399699735867762,0.4285714285714286,0.019620029628276824,0.75,0.75,0.5125,0.5125
2026,0,478,6,0.07525545731186867,0.0,0.13997688977093276,0.1428571428571429,0.04849854353815317,0.6666666666666666,1.0,0.5833333333333333,0.875
2026,0,478,8,0.07525545731186867,0.0,0.13997688977093276,0.0,0.07525545731186867,0.5714285714285714,1.0,0.5714285714285714,1.0
2026,0,483,2,0.009629666805267334,0.006668686866760254,0.01907442016996163,0.8,0.006873917579650879,0.5,0.25,0.45,0.225
2026,0,483,4,0.005808413028717041,0.010872125625610352,0.011549007319009676,0.6,0.00933552086353302,0.5,0.5,0.45,0.45
2026,0,483,6,0.021120965480804443,0.0003743767738342285,0.04136787429019464,0.4,0.011915284395217895,0.6666666666666666,1.0,0.425,0.6375
2026,0,483,8,0.021120965480804443,0.0,0.041368194748326294,0.19999999999999996,0.01807849109172821,0.5,1.0,0.425,0.85
2026,0,492,2,0.00620877742767334,0.003212861716747284,0.012340687309741447,0.8,0.002910373732447624,1.0,0.5,0.45,0.225
2026,0,492,4,0.00620877742767334,0.003730088472366333,0.012340647650094152,0.6,0.01117304600775242,0.5,0.5,0.375,0.375
2026,0,492,6,0.08212778717279434,0.004776880145072937,0.1517341695147182,0.4,0.03743462488055229,0.5,0.75,0.3833333333333333,0.575
2026,0,492,8,0.08212778717279434,0.0,0.15178944325487534,0.19999999999999996,0.056935305893421176,0.5,1.0,0.41875,0.8375
2026,0,504,2,0.038536056876182556,0.04602427780628204,0.07407965016476716,0.8,0.01939292848110199,1.0,0.5,0.35,0.175
2026,0,504,4,0.08750209212303162,0.007249467074871063,0.16082858133916697,0.6,0.03977438919246197,0.75,0.75,0.3625,0.3625
2026,0,504,6,0.08750209212303162,0.0006802380084991455,0.16091426491490368,0.4,0.054746265336871144,0.6666666666666666,1.0,0.37499999999999994,0.5625
2026,0,504,8,0.08750209212303162,0.0,0.1609230782300551,0.19999999999999996,0.07588524259626865,0.5,1.0,0.40625,0.8125
2026,0,513,2,0.04433918744325638,0.05917729437351227,0.08468722671694173,0.8,0.025411325693130492,1.0,0.5,0.55,0.275
2026,0,513,4,0.07033079862594604,0.0022806674242019653,0.13139907091373645,0.6,0.01930857598781586,1.0,1.0,0.375,0.375
2026,0,513,6,0.07033079862594604,0.0028875768184661865,0.13139380457812777,0.4,0.04711568467319012,0.6666666666666666,1.0,0.4083333333333333,0.6125
2026,0,513,8,0.07033079862594604,0.0,0.13141880756161425,0.19999999999999996,0.06123585924506188,0.5,1.0,0.4125,0.825
2026,0,514,2,0.055606260895729065,0.024650707840919495,0.10521409394140803,0.7142857142857143,0.018814661353826524,1.0,0.5,0.55,0.275
2026,0,514,4,0.05530641973018646,0.002473480999469757,0.1048022308617111,0.4285714285714286,0.031504766643047334,1.0,1.0,0.475,0.475
2026,0,514,6,0.05530641973018646,0.0,0.10481585006244316,0.1428571428571429,0.0513014979660511,0.6666666666666666,1.0,0.6083333333333332,0.9125
2026,0,514,8,0.05530641973018646,0.0,0.10481585006244316,0.0,0.05530641973018646,0.5714285714285714,1.0,0.5714285714285714,1.0
2026,0,523,2,0.0671032965183258,0.003639787435531616,0.12573831487728168,0.8,0.00598180741071701,1.0,0.5,0.4,0.2
2026,0,523,4,0.0671032965183258,0.005165994167327881,0.12572614434413917,0.6,0.011861364543437957,0.75,0.75,0.3375,0.3375
2026,0,523,6,0.0671032965183258,0.001701459288597107,0.1257537215542169,0.4,0.03179012984037399,0.6666666666666666,1.0,0.41666666666666663,0.625
2026,0,523,8,0.0671032965183258,0.0,0.12576719936535855,0.19999999999999996,0.04916942268610001,0.5,1.0,0.40625,0.8125
2026,0,524,2,0.06404414772987366,0.030636146664619446,0.12015018610851755,0.8,0.02485389932990074,1.0,0.5,0.575,0.2875
2026,0,524,4,0.0963655412197113,0.0019959360361099243,0.1757600015713462,0.6,0.03786902166903019,0.75,0.75,0.3875,0.3875
2026,0,524,6,0.0963655412197113,0.003063604235649109,0.1757434283972378,0.4,0.05805955901741981,0.5,0.75,0.425,0.6375
2026,0,524,8,0.0963655412197113,0.0,0.17579089746382257,0.19999999999999996,0.07967803627252579,0.5,1.0,0.4,0.8
2026,0,526,2,0.02037443220615387,0.035370856523513794,0.039905989324396575,0.7142857142857143,0.017492591589689254,0.5,0.25,0.75,0.375
2026,0,526,4,0.06679002195596695,0.007035695016384125,0.12516128699916715,0.4285714285714286,0.023101042956113815,0.75,0.75,0.4875,0.4875
2026,0,526,6,0.06679002195596695,0.0,0.1252168103963083,0.1428571428571429,0.053764548525214194,0.6666666666666666,1.0,0.575,0.8625
2026,0,526,8,0.06679002195596695,0.0,0.1252168103963083,0.0,0.06679002195596695,0.5714285714285714,1.0,0.5714285714285714,1.0
2026,0,534,2,0.03361093997955322,0.026580989360809326,0.06497826191057668,0.7142857142857143,0.0153135284781456,1.0,0.5,0.625,0.3125
2026,0,534,4,0.08147752285003662,0.005983203649520874,0.1506098633755155,0.4285714285714286,0.042803213000297546,0.75,0.75,0.525,0.525
2026,0,534,6,0.08147752285003662,0.0,0.15067816228915693,0.1428571428571429,0.06916288286447525,0.6666666666666666,1.0,0.5583333333333332,0.8375
2026,0,534,8,0.08147752285003662,0.0,0.15067816228915693,0.0,0.08147752285003662,0.5714285714285714,1.0,0.5714285714285714,1.0
2026,0,543,2,0.1035904586315155,0.014902070164680481,0.18746731834314204,0.5,0.04711177349090576,1.0,0.5,1.0,0.5
2026,0,543,4,0.1035904586315155,0.0,0.18773351621754814,0.0,0.1035904586315155,1.0,1.0,1.0,1.0
2026,0,543,6,0.1035904586315155,0.0,0.18773351621754814,0.0,0.1035904586315155,1.0,1.0,1.0,1.0
2026,0,543,8,0.1035904586315155,0.0,0.18773351621754814,0.0,0.1035904586315155,1.0,1.0,1.0,1.0
2026,0,546,2,0.023221854120492935,0.02671109139919281,0.04536142287294661,0.875,0.005429330654442311,1.0,0.5,0.175,0.0875
2026,0,546,4,0.08187500387430191,0.003589525818824768,0.15131635006547203,0.75,0.012251022830605507,0.75,0.75,0.275,0.275
2026,0,546,6,0.08187500387430191,0.0029521211981773376,0.15132369560516357,0.625,0.026016832515597343,0.5,0.75,0.20833333333333334,0.3125
2026,0,546,8,0.08187500387430191,0.003616616129875183,0.15131603768055768,0.5,0.03858241010457277,0.375,0.75,0.24375,0.4875
2026,0,548,2,0.010984227061271667,0.0936170220375061,0.021705411704037766,0.7142857142857143,0.01646355539560318,0.5,0.25,0.675,0.3375
2026,0,548,4,0.006137728691101074,0.0936170220375061,0.012192891116667824,0.4285714285714286,0.02596602067351341,0.5,0.5,0.525,0.525
2026,0,548,6,0.0936170220375061,0.0,0.17120622695336113,0.1428571428571429,0.08115410506725311,0.6666666666666666,1.0,0.5833333333333333,0.875
2026,0,548,8,0.0936170220375061,0.0,0.17120622695336113,0.0,0.0936170220375061,0.5714285714285714,1.0,0.5714285714285714,1.0
2026,0,553,2,0.016674906015396118,0.016851425170898438,0.03279360886903525,0.7142857142857143,0.02585916668176651,1.0,0.5,0.5,0.25
2026,0,553,4,0.041157931089401245,0.03222644329071045,0.07895790316563728,0.4285714285714286,0.03780029267072678,0.75,0.75,0.55,0.55
2026,0,553,6,0.041157931089401245,0.0,0.07906184039982525,0.1428571428571429,0.03872728049755096,0.6666666666666666,1.0,0.5833333333333333,0.875
2026,0,553,8,0.041157931089401245,0.0,0.07906184039982525,0.0,0.041157931089401245,0.5714285714285714,1.0,0.5714285714285714,1.0
2026,0,563,2,0.011580795049667358,0.07675451040267944,0.022874660182653897,0.5,0.030575451254844666,1.0,0.5,1.0,0.5
2026,0,563,4,0.07675451040267944,0.0,0.14256640610490717,0.0,0.07675451040267944,1.0,1.0,1.0,1.0
2026,0,563,6,0.07675451040267944,0.0,0.14256640610490717,0.0,0.07675451040267944,1.0,1.0,1.0,1.0
2026,0,563,8,0.07675451040267944,0.0,0.14256640610490717,0.0,0.07675451040267944,1.0,1.0,1.0,1.0
2026,0,566,2,0.024612396955490112,0.006214559078216553,0.048035140788469134,0.5,0.012727034091949464,1.0,0.5,1.0,0.5
2026,0,566,4,0.1081845760345459,0.0,0.19524649300149333,0.0,0.1081845760345459,1.0,1.0,1.0,1.0
2026,0,566,6,0.1081845760345459,0.0,0.19524649300149333,0.0,0.1081845760345459,1.0,1.0,1.0,1.0
2026,0,566,8,0.1081845760345459,0.0,0.19524649300149333,0.0,0.1081845760345459,1.0,1.0,1.0,1.0
2026,0,575,2,0.11956070363521576,0.007876180112361908,0.21340410789048017,0.8461538461538461,0.004531906545162201,1.0,0.5,0.375,0.1875
2026,0,575,4,0.11956070363521576,0.004054039716720581,0.21349222491569061,0.6923076923076923,0.014678321033716201,0.75,0.75,0.3,0.3
2026,0,575,6,0.11956070363521576,0.002354465425014496,0.21353121386684198,0.5384615384615384,0.04871910661458969,0.6666666666666666,1.0,0.3666666666666666,0.55
2026,0,575,8,0.11956070363521576,0.002995006740093231,0.21351653351602928,0.3846153846153846,0.0645015962421894,0.5,1.0,0.29375,0.5875
2026,0,578,2,0.010341241955757141,0.024523407220840454,0.020465524385282406,0.5,0.03278532922267914,1.0,0.5,1.0,0.5
2026,0,578,4,0.10851551592350006,0.0,0.19578529008337098,0.0,0.10851551592350006,1.0,1.0,1.0,1.0
2026,0,578,6,0.10851551592350006,0.0,0.19578529008337098,0.0,0.10851551592350006,1.0,1.0,1.0,1.0
2026,0,578,8,0.10851551592350006,0.0,0.19578529008337098,0.0,0.10851551592350006,1.0,1.0,1.0,1.0
2026,0,583,2,0.005846641957759857,0.07864627242088318,0.011619549643391864,0.5,0.034551985934376715,1.0,0.5,1.0,0.5
2026,0,583,4,0.07864627242088318,0.0,0.14582402856567928,0.0,0.07864627242088318,1.0,1.0,1.0,1.0
2026,0,583,6,0.07864627242088318,0.0,0.14582402856567928,0.0,0.07864627242088318,1.0,1.0,1.0,1.0
2026,0,583,8,0.07864627242088318,0.0,0.14582402856567928,0.0,0.07864627242088318,1.0,1.0,1.0,1.0
2026,0,592,2,0.008088961243629456,0.07491828501224518,0.01603768813213497,0.8,0.005524241179227829,0.5,0.25,0.325,0.1625
2026,0,592,4,0.03387187421321869,0.0077483803033828735,0.06550755781287966,0.6,0.009306329488754272,0.5,0.5,0.35,0.35
2026,0,592,6,0.07491828501224518,0.0019145309925079346,0.13937481831458393,0.4,0.03259350061416626,0.5,0.75,0.41666666666666663,0.625
2026,0,592,8,0.07491828501224518,0.0,0.13939345168250017,0.19999999999999996,0.05768814384937286,0.5,1.0,0.4125,0.825
2026,0,594,2,0.00917254388332367,0.007146656513214111,0.018177156853180984,0.7142857142857143,0.01710641719400883,1.0,0.5,0.6,0.3
2026,0,594,4,0.10244020819664001,0.0009113475680351257,0.1858269051681953,0.4285714285714286,0.023968594893813134,0.75,0.75,0.5625,0.5625
2026,0,594,6,0.10244020819664001,0.0,0.18584265601888852,0.1428571428571429,0.08258255645632744,0.6666666666666666,1.0,0.6249999999999999,0.9375
2026,0,594,8,0.10244020819664001,0.0,0.18584265601888852,0.0,0.10244020819664001,0.5714285714285714,1.0,0.5714285714285714,1.0
2026,0,597,2,0.0018206015229225159,0.010613441467285156,0.0036345150596422656,0.5,0.01901163123548031,1.0,0.5,1.0,0.5
2026,0,597,4,0.09478147327899933,0.0,0.1731514016128126,0.0,0.09478147327899933,1.0,1.0,1.0,1.0
2026,0,597,6,0.09478147327899933,0.0,0.1731514016128126,0.0,0.09478147327899933,1.0,1.0,1.0,1.0
2026,0,597,8,0.09478147327899933,0.0,0.1731514016128126,0.0,0.09478147327899933,1.0,1.0,1.0,1.0
2026,0,598,2,0.03710305690765381,0.017726600170135498,0.07150517477989282,0.8,0.014518384262919426,0.5,0.25,0.425,0.2125
2026,0,598,4,0.09503674507141113,0.005725659430027008,0.17349056349712422,0.6,0.01948549095541239,0.75,0.75,0.3625,0.3625
2026,0,598,6,0.09503674507141113,0.001219920814037323,0.173558873228056,0.4,0.03475565407425165,0.6666666666666666,1.0,0.325,0.4875
2026,0,598,8,0.09503674507141113,0.0,0.1735772712635565,0.19999999999999996,0.06895129289478064,0.5,1.0,0.36875,0.7375
2027,0,3,2,0.013182632625102997,0.019869841635227203,0.026015361766621035,0.8461538461538461,0.016135937348008157,1.0,0.5,0.425,0.2125
2027,0,3,4,0.1108488067984581,0.004991941154003143,0.19947510298026205,0.6923076923076923,0.013688277080655098,1.0,1.0,0.2625,0.2625
2027,0,3,6,0.1108488067984581,0.003366611897945404,0.19950771650381538,0.5384615384615384,0.031657733395695685,0.6666666666666666,1.0,0.32499999999999996,0.4875
2027,0,3,8,0.1108488067984581,0.00010897964239120483,0.19957279612259796,0.3846153846153846,0.05989083498716354,0.5,1.0,0.33125,0.6625
2027,0,5,2,0.037213511765003204,0.05161751061677933,0.07161685494922751,0.5,0.04874604865908623,1.0,0.5,1.0,0.5
2027,0,5,4,0.11925167590379715,0.0,0.21309179779874135,0.0,0.11925167590379715,1.0,1.0,1.0,1.0
2027,0,5,6,0.11925167590379715,0.0,0.21309179779874135,0.0,0.11925167590379715,1.0,1.0,1.0,1.0
2027,0,5,8,0.11925167590379715,0.0,0.21309179779874135,0.0,0.11925167590379715,1.0,1.0,1.0,1.0
2027,0,10,2,0.01115138828754425,0.03295917063951492,0.02204852499038754,0.5,0.052082030847668645,1.0,0.5,1.0,0.5
2027,0,10,4,0.16822560131549835,0.0,0.28800190840889867,0.0,0.16822560131549835,1.0,1.0,1.0,1.0
2027,0,10,6,0.16822560131549835,0.0,0.28800190840889867,0.0,0.16822560131549835,1.0,1.0,1.0,1.0
2027,0,10,8,0.16822560131549835,0.0,0.28800190840889867,0.0,0.16822560131549835,1.0,1.0,1.0,1.0
2027,0,15,2,0.15644939243793488,0.0010217130184173584,0.2705310749271245,0.8,0.020969628542661666,1.0,0.5,0.425,0.2125
2027,0,15,4,0.15644939243793488,0.011319458484649658,0.27015007720791095,0.6,0.024169661477208136,0.5,0.5,0.35,0.35
2027,0,15,6,0.15644939243793488,0.004519551992416382,0.2704024252282501,0.4,0.05710470043122769,0.6666666666666666,1.0,0.3916666666666666,0.5875
2027,0,15,8,0.15644939243793488,0.0,0.27056850643177854,0.19999999999999996,0.10768087357282638,0.5,1.0,0.41875,0.8375
2027,0,16,2,0.006638512015342712,0.13307048380374908,0.013176127843200013,0.7142857142857143,0.009804743528366088,0.5,0.25,0.525,0.2625
2027,0,16,4,0.036503955721855164,0.004737451672554016,0.0704248875170497,0.4285714285714286,0.06661554276943207,0.75,0.75,0.575,0.575
2027,0,16,6,0.13307048380374908,0.0,0.2348847414276079,0.1428571428571429,0.1115802176296711,0.6666666666666666,1.0,0.5833333333333333,0.875
2027,0,16,8,0.13307048380374908,0.0,0.2348847414276079,0.0,0.13307048380374908,0.5714285714285714,1.0,0.5714285714285714,1.0
2027,0,34,2,0.10406763851642609,0.004346713423728943,0.18843923753906397,0.5,0.05580703914165497,1.0,0.5,1.0,0.5
2027,0,34,4,0.10406763851642609,0.0,0.1885167808310465,0.0,0.10406763851642609,1.0,1.0,1.0,1.0
2027,0,34,6,0.10406763851642609,0.0,0.1885167808310465,0.0,0.10406763851642609,1.0,1.0,1.0,1.0
2027,0,34,8,0.10406763851642609,0.0,0.1885167808310465,0.0,0.10406763851642609,1.0,1.0,1.0,1.0
2027,0,36,2,0.0032975301146507263,0.003184773027896881,0.006573315271485491,0.7142857142857143,0.02122025564312935,1.0,0.5,0.65,0.325
2027,0,36,4,0.12574389576911926,0.004357613623142242,0.22328782587977358,0.4285714285714286,0.04059506021440029,0.75,0.75,0.6125,0.6125
2027,0,36,6,0.12574389576911926,0.0,0.22339698441484296,0.1428571428571429,0.08257876746356488,0.6666666666666666,1.0,0.5833333333333333,0.875
2027,0,36,8,0.12574389576911926,0.0,0.22339698441484296,0.0,0.12574389576911926,0.5714285714285714,1.0,0.5714285714285714,1.0
2027,0,38,2,0.058081887662410736,0.0797322541475296,0.10926745613817439,0.5,0.06782706789672374,1.0,0.5,1.0,0.5
2027,0,38,4,0.12663902342319489,0.0,0.22480851593159484,0.0,0.12663902342319489,1.0,1.0,1.0,1.0
2027,0,38,6,0.12663902342319489,0.0,0.22480851593159484,0.0,0.12663902342319489,1.0,1.0,1.0,1.0
2027,0,38,8,0.12663902342319489,0.0,0.22480851593159484,0.0,0.12663902342319489,1.0,1.0,1.0,1.0
2027,0,41,2,0.06388872861862183,0.05021697282791138,0.11972402254068364,0.5,0.05180418863892555,1.0,0.5,1.0,0.5
2027,0,41,4,0.07217994332313538,0.0,0.13464147277260094,0.0,0.07217994332313538,1.0,1.0,1.0,1.0
2027,0,41,6,0.07217994332313538,0.0,0.13464147277260094,0.0,0.07217994332313538,1.0,1.0,1.0,1.0
2027,0,41,8,0.07217994332313538,0.0,0.13464147277260094,0.0,0.07217994332313538,1.0,1.0,1.0,1.0
2027,0,56,2,0.01085101068019867,0.01300496980547905,0.021466024166524482,0.7142857142857143,0.00689083319157362,1.0,0.5,0.575,0.2875
2027,0,56,4,0.09293992444872856,0.0021629035472869873,0.17004191063690066,0.4285714285714286,0.02160680517554283,0.75,0.75,0.5625,0.5625
2027,0,56,6,0.09293992444872856,0.0,0.17007325356076972,0.1428571428571429,0.08919468242675066,0.6666666666666666,1.0,0.5999999999999999,0.9
2027,0,56,8,0.09293992444872856,0.0,0.17007325356076972,0.0,0.09293992444872856,0.5714285714285714,1.0,0.5714285714285714,1.0
2027,0,58,2,0.020062759518623352,0.009199589490890503,0.03932914158194567,0.5,0.02343491353094578,1.0,0.5,1.0,0.5
2027,0,58,4,0.11471190303564072,0.0,0.20581443998803883,0.0,0.11471190303564072,1.0,1.0,1.0,1.0
2027,0,58,6,0.11471190303564072,0.0,0.20581443998803883,0.0,0.11471190303564072,1.0,1.0,1.0,1.0
2027,0,58,8,0.11471190303564072,0.0,0.20581443998803883,0.0,0.11471190303564072,1.0,1.0,1.0,1.0
2027,0,61,2,0.01585593819618225,0.10131825506687164,0.031162066842208208,0.5,0.11178881302475929,1.0,0.5,1.0,0.5
2027,0,61,4,0.10131825506687164,0.0,0.18399450767429554,0.0,0.10131825506687164,1.0,1.0,1.0,1.0
2027,0,61,6,0.10131825506687164,0.0,0.18399450767429554,0.0,0.10131825506687164,1.0,1.0,1.0,1.0
2027,0,61,8,0.10131825506687164,0.0,0.18399450767429554,0.0,0.10131825506687164,1.0,1.0,1.0,1.0
2027,0,65,2,0.006999701261520386,0.0278208926320076,0.013899327200089072,0.5,0.0472408689558506,1.0,0.5,1.0,0.5
2027,0,65,4,0.12261317670345306,0.0,0.21844243279507183,0.0,0.12261317670345306,1.0,1.0,1.0,1.0
2027,0,65,6,0.12261317670345306,0.0,0.21844243279507183,0.0,0.12261317670345306,1.0,1.0,1.0,1.0
2027,0,65,8,0.12261317670345306,0.0,0.21844243279507183,0.0,0.12261317670345306,1.0,1.0,1.0,1.0
2027,0,67,2,0.00033307820558547974,0.0030400604009628296,0.0006659339267274601,0.5,0.030739695951342582,1.0,0.5,1.0,0.5
2027,0,67,4,0.10569359362125397,0.0,0.19118062043770587,0.0,0.10569359362125397,1.0,1.0,1.0,1.0
2027,0,67,6,0.10569359362125397,0.0,0.19118062043770587,0.0,0.10569359362125397,1.0,1.0,1.0,1.0
2027,0,67,8,0.10569359362125397,0.0,0.19118062043770587,0.0,0.10569359362125397,1.0,1.0,1.0,1.0
2027,0,70,2,0.15703846514225006,0.015344664454460144,0.270876065885697,0.7142857142857143,0.045226980745792386,1.0,0.5,0.6,0.3
2027,0,70,4,0.15703846514225006,0.01300424337387085,0.2709644445476415,0.4285714285714286,0.08439692556858062,0.75,0.75,0.6,0.6
2027,0,70,6,0.15703846514225006,0.0,0.2714489965084147,0.1428571428571429,0.12673578560352325,0.6666666666666666,1.0,0.575,0.8625
2027,0,70,8,0.15703846514225006,0.0,0.2714489965084147,0.0,0.15703846514225006,0.5714285714285714,1.0,0.5714285714285714,1.0
2027,0,74,2,0.05742713809013367,0.027188748121261597,0.10845211485268774,0.7142857142857143,0.04093164950609207,0.5,0.25,0.7,0.35
2027,0,74,4,0.051720380783081055,0.048654526472091675,0.09810711816308891,0.4285714285714286,0.0560332864522934,0.5,0.5,0.575,0.575
2027,0,74,6,0.06475824117660522,0.0,0.12163933308474699,0.1428571428571429,0.06566324979066848,0.6666666666666666,1.0,0.5666666666666665,0.85
2027,0,74,8,0.06475824117660522,0.0,0.12163933308474699,0.0,0.06475824117660522,0.5714285714285714,1.0,0.5714285714285714,1.0
2027,0,75,2,0.0289849191904068,0.06887459754943848,0.056219777952260935,0.8,0.021522202342748643,1.0,0.5,0.425,0.2125
2027,0,75,4,0.12849944829940796,0.007800310850143433,0.22753138357683905,0.6,0.04958307072520256,0.75,0.75,0.375,0.375
2027,0,75,6,0.12849944829940796,0.01661662757396698,0.22729773042290718,0.4,0.08596806824207306,0.5,0.75,0.45,0.675
2027,0,75,8,0.12849944829940796,0.0,0.22773506622985093,0.19999999999999996,0.11711873412132263,0.5,1.0,0.4125,0.825
2027,0,76,2,0.09601517021656036,0.0335170179605484,0.1746770624210311,0.5,0.05984138771891594,1.0,0.5,1.0,0.5
2027,0,76,4,0.09601517021656036,0.0,0.17520773950161445,0.0,0.09601517021656036,1.0,1.0,1.0,1.0
2027,0,76,6,0.09601517021656036,0.0,0.17520773950161445,0.0,0.09601517021656036,1.0,1.0,1.0,1.0
2027,0,76,8,0.09601517021656036,0.0,0.17520773950161445,0.0,0.09601517021656036,1.0,1.0,1.0,1.0
2027,0,78,2,0.004009455442428589,0.0022132545709609985,0.007986817065913095,0.7142857142857143,0.015536070615053178,1.0,0.5,0.5,0.25
2027,0,78,4,0.10702140629291534,0.008275389671325684,0.1931943521925351,0.4285714285714286,0.050513602793216705,0.75,0.75,0.6125,0.6125
2027,0,78,6,0.10702140629291534,0.0,0.19335020205489636,0.1428571428571429,0.07560860812664032,0.6666666666666666,1.0,0.5499999999999999,0.825
2027,0,78,8,0.10702140629291534,0.0,0.19335020205489636,0.0,0.10702140629291534,0.5714285714285714,1.0,0.5714285714285714,1.0
2027,0,88,2,0.026178531348705292,0.018451586365699768,0.05099694127367173,0.7142857142857143,0.010812590271234513,1.0,0.5,0.525,0.2625
2027,0,88,4,0.0925125777721405,0.0010585486888885498,0.16934226498179902,0.4285714285714286,0.04083922766149044,0.75,0.75,0.6125,0.6125
2027,0,88,6,0.0925125777721405,0.0,0.1693574603247,0.1428571428571429,0.08239920847117901,0.6666666666666666,1.0,0.5666666666666667,0.85
2027,0,88,8,0.0925125777721405,0.0,0.1693574603247,0.0,0.0925125777721405,0.5714285714285714,1.0,0.5714285714285714,1.0
2027,0,91,2,0.026231199502944946,0.030355453491210938,0.05108054824766249,0.7142857142857143,0.009282997250556946,1.0,0.5,0.65,0.325
2027,0,91,4,0.005021035671234131,0.01840147376060486,0.009990965931253865,0.4285714285714286,0.009280949831008911,0.75,0.75,0.575,0.575
2027,0,91,6,0.017092347145080566,0.0,0.03361021679704463,0.1428571428571429,0.014067795872688294,0.6666666666666666,1.0,0.5999999999999999,0.9
2027,0,91,8,0.017092347145080566,0.0,0.03361021679704463,0.0,0.017092347145080566,0.5714285714285714,1.0,0.5714285714285714,1.0
2027,0,93,2,0.09709659218788147,0.029386252164840698,0.17653343554482756,0.8461538461538461,0.01911235600709915,1.0,0.5,0.425,0.2125
2027,0,93,4,0.09709659218788147,0.01128426194190979,0.17682784793246786,0.6923076923076923,0.030189749598503113,0.5,0.5,0.3375,0.3375
2027,0,93,6,0.09709659218788147,0.023782312870025635,0.17662563981557772,0.5384615384615384,0.03663768321275711,0.3333333333333333,0.5,0.2583333333333333,0.3875
2027,0,93,8,0.09709659218788147,0.0006678402423858643,0.17699599176699338,0.3846153846153846,0.05280452221632004,0.5,1.0,0.31875,0.6375
2027,0,95,2,0.0594005286693573,0.08016560971736908,0.11159456839942028,0.8,0.02843687981367111,0.5,0.25,0.4,0.2
2027,0,95,4,0.04440492391586304,0.053466424345970154,0.0848301916394812,0.6,0.05958560407161713,0.5,0.5,0.4,0.4
2027,0,95,6,0.121832937002182,0.004516929388046265,0.21709637273985916,0.4,0.08233139142394066,0.5,0.75,0.425,0.6375
2027,0,95,8,0.121832937002182,0.0,0.21720335173568725,0.19999999999999996,0.09816405549645424,0.5,1.0,0.41875,0.8375
2027,0,96,2,0.08652082085609436,0.06036621332168579,0.15845153533514092,0.8461538461538461,0.020637660473585128,1.0,0.5,0.225,0.1125
2027,0,96,4,0.06909701228141785,0.006106078624725342,0.12921107474633167,0.6923076923076923,0.040851599723100665,0.75,0.75,0.2625,0.2625
2027,0,96,6,0.06909701228141785,0.0039389729499816895,0.12922935090893334,0.5384615384615384,0.057921840250492095,0.6666666666666666,1.0,0.2833333333333333,0.425
2027,0,96,8,0.06909701228141785,0.004888653755187988,0.1292213509919755,0.3846153846153846,0.07072391510009765,0.5,1.0,0.325,0.65
2027,0,100,2,0.01269819587469101,0.018574893474578857,0.02507199702272643,0.5,0.027094109542667867,1.0,0.5,1.0,0.5
2027,0,100,4,0.12867697328329086,0.0,0.22801381853121894,0.0,0.12867697328329086,1.0,1.0,1.0,1.0
2027,0,100,6,0.12867697328329086,0.0,0.22801381853121894,0.0,0.12867697328329086,1.0,1.0,1.0,1.0
2027,0,100,8,0.12867697328329086,0.0,0.22801381853121894,0.0,0.12867697328329086,1.0,1.0,1.0,1.0
2027,0,104,2,0.16433806717395782,0.02817714214324951,0.2811353331682899,0.8,0.009869202226400375,1.0,0.5,0.325,0.1625
2027,0,104,4,0.16433806717395782,0.007335945963859558,0.2819916904261951,0.6,0.042419400066137314,0.5,0.5,0.4375,0.4375
2027,0,104,6,0.16433806717395782,0.002805963158607483,0.28217376006293354,0.4,0.044784634560346606,0.5,0.75,0.3583333333333333,0.5375
2027,0,104,8,0.16433806717395782,0.0,0.28228582712722544,0.19999999999999996,0.08454740419983864,0.5,1.0,0.38125,0.7625
2027,0,110,2,0.1328085958957672,0.03178927302360535,0.2335775667324688,0.7142857142857143,0.00796453058719635,1.0,0.5,0.475,0.2375
2027,0,110,4,0.1328085958957672,0.001920461654663086,0.23442379147233933,0.4285714285714286,0.057463745772838595,0.75,0.75,0.55,0.55
2027,0,110,6,0.1328085958957672,0.0,0.2344766739534651,0.1428571428571429,0.09119709581136703,0.6666666666666666,1.0,0.5666666666666665,0.85
2027,0,110,8,0.1328085958957672,0.0,0.2344766739534651,0.0,0.1328085958957672,0.5714285714285714,1.0,0.5714285714285714,1.0
2027,0,111,2,0.14918889105319977,0.01089853048324585,0.2592711956243019,0.5,0.044271741062402725,1.0,0.5,1.0,0.5
2027,0,111,4,0.14918889105319977,0.0,0.2596420696626684,0.0,0.14918889105319977,1.0,1.0,1.0,1.0
2027,0,111,6,0.14918889105319977,0.0,0.2596420696626684,0.0,0.14918889105319977,1.0,1.0,1.0,1.0
2027,0,111,8,0.14918889105319977,0.0,0.2596420696626684,0.0,0.14918889105319977,1.0,1.0,1.0,1.0
2027,0,124,2,0.019948631525039673,0.006822556257247925,0.03911167888748315,0.7142857142857143,0.013649578019976617,1.0,0.5,0.525,0.2625
2027,0,124,4,0.11680276691913605,0.005109027028083801,0.20906120859757577,0.4285714285714286,0.042375034838914874,0.75,0.75,0.55,0.55
2027,0,124,6,0.11680276691913605,0.0,0.2091734912895203,0.1428571428571429,0.08781176880002022,0.6666666666666666,1.0,0.5833333333333333,0.875
2027,0,124,8,0.11680276691913605,0.0,0.2091734912895203,0.0,0.11680276691913605,0.5714285714285714,1.0,0.5714285714285714,1.0
2027,0,130,2,0.1307768076658249,0.02478494495153427,0.23062649190545825,0.8,0.012473795190453529,1.0,0.5,0.25,0.125
2027,0,130,4,0.1307768076658249,0.009857267141342163,0.2310383592317128,0.6,0.030678374320268632,0.75,0.75,0.3125,0.3125
2027,0,130,6,0.1307768076658249,0.002744525671005249,0.2312307713913685,0.4,0.054028838872909546,0.6666666666666666,1.0,0.4,0.6
2027,0,130,8,0.1307768076658249,0.0,0.23130436842930538,0.19999999999999996,0.08535155765712261,0.5,1.0,0.38125,0.7625
2027,0,138,2,0.1357758492231369,0.016135334968566895,0.23862134089389883,0.8181818181818181,0.01850488446652889,1.0,0.5,0.3,0.15
2027,0,138,4,0.1357758492231369,0.014336802065372467,0.23867415368985234,0.6363636363636364,0.035744310542941096,0.5,0.5,0.3125,0.3125
2027,0,138,6,0.1357758492231369,0.002380862832069397,0.2390209718176611,0.4545454545454546,0.0557463388890028,0.6666666666666666,1.0,0.3416666666666667,0.5125
2027,0,138,8,0.1357758492231369,0.0,0.2390891641445038,0.2727272727272727,0.09566911347210408,0.5,1.0,0.36875,0.7375
2027,0,149,2,0.002475231885910034,0.00971609354019165,0.004938120852672056,0.7142857142857143,0.007168622314929962,1.0,0.5,0.575,0.2875
2027,0,149,4,0.09180349111557007,0.005586296319961548,0.16808912627859757,0.4285714285714286,0.03377890288829803,0.75,0.75,0.575,0.575
2027,0,149,6,0.09180349111557007,0.0,0.16816852457903056,0.1428571428571429,0.05793572813272476,0.6666666666666666,1.0,0.575,0.8625
2027,0,149,8,0.09180349111557007,0.0,0.16816852457903056,0.0,0.09180349111557007,0.5714285714285714,1.0,0.5714285714285714,1.0
2027,0,151,2,0.011196941137313843,0.017304688692092896,0.022141598406785822,0.7142857142857143,0.016794076561927794,1.0,0.5,0.55,0.275
2027,0,151,4,0.1431945115327835,0.009428009390830994,0.2502181393882414,0.4285714285714286,0.033287300169467925,0.75,0.75,0.5625,0.5625
2027,0,151,6,0.1431945115327835,0.0,0.2505164433317472,0.1428571428571429,0.08488241583108902,0.6666666666666666,1.0,0.5666666666666667,0.85
2027,0,151,8,0.1431945115327835,0.0,0.2505164433317472,0.0,0.1431945115327835,0.5714285714285714,1.0,0.5714285714285714,1.0
2027,0,154,2,0.156584694981575,0.01098969578742981,0.2703640936416397,0.7142857142857143,0.018010379374027254,1.0,0.5,0.6,0.3
2027,0,154,4,0.156584694981575,0.002365395426750183,0.2706839338424118,0.4285714285714286,0.05497880131006241,1.0,1.0,0.525,0.525
2027,0,154,6,0.156584694981575,0.0,0.2707708232021339,0.1428571428571429,0.11126826480031013,0.6666666666666666,1.0,0.5583333333333333,0.8375
2027,0,154,8,0.156584694981575,0.0,0.2707708232021339,0.0,0.156584694981575,0.5714285714285714,1.0,0.5714285714285714,1.0
2027,0,156,2,0.12013363838195801,0.025772370398044586,0.21389190787412599,0.7142857142857143,0.015128584578633308,1.0,0.5,0.65,0.325
2027,0,156,4,0.12013363838195801,0.006296560168266296,0.21435308993502644,0.4285714285714286,0.03571914955973625,0.75,0.75,0.575,0.575
2027,0,156,6,0.12013363838195801,0.0,0.214498760264877,0.1428571428571429,0.09133894443511963,0.6666666666666666,1.0,0.5916666666666666,0.8875
2027,0,156,8,0.12013363838195801,0.0,0.214498760264877,0.0,0.12013363838195801,0.5714285714285714,1.0,0.5714285714285714,1.0
2027,0,158,2,0.026901185512542725,0.046993717551231384,0.052325346294401776,0.5,0.04706581458449364,1.0,0.5,1.0,0.5
2027,0,158,4,0.08364811539649963,0.0,0.15438243135945168,0.0,0.08364811539649963,1.0,1.0,1.0,1.0
2027,0,158,6,0.08364811539649963,0.0,0.15438243135945168,0.0,0.08364811539649963,1.0,1.0,1.0,1.0
2027,0,158,8,0.08364811539649963,0.0,0.15438243135945168,0.0,0.08364811539649963,1.0,1.0,1.0,1.0
2027,0,164,2,0.010831326246261597,0.021396413445472717,0.021425511824177734,0.9,0.002367042750120163,0.5,0.25,0.1,0.05
2027,0,164,4,0.010831326246261597,0.00582297146320343,0.021429186516455204,0.8,0.006314002722501755,0.25,0.25,0.2625,0.2625
2027,0,164,6,0.15304799377918243,0.005266845226287842,0.26528038707674884,0.7,0.01311386227607727,0.5,0.75,0.21666666666666665,0.325
2027,0,164,8,0.15304799377918243,0.0004664808511734009,0.2654503791790888,0.6,0.0200126551091671,0.5,1.0,0.175,0.35
2027,0,165,2,0.018176376819610596,0.04192936420440674,0.03567591535952507,0.8,0.008111301064491271,0.5,0.25,0.375,0.1875
2027,0,165,4,0.007644683122634888,0.01762455701828003,0.01517130565537963,0.6,0.028297920525074006,0.5,0.5,0.375,0.375
2027,0,165,6,0.08202403783798218,0.003378450870513916,0.1515732779026534,0.4,0.03962195515632629,0.5,0.75,0.3666666666666666,0.55
2027,0,165,8,0.08202403783798218,0.0,0.151612228508114,0.19999999999999996,0.0614221453666687,0.5,1.0,0.4125,0.825
2027,0,168,2,0.021594613790512085,0.004627779126167297,0.042272133082233966,0.8,0.013176905363798142,1.0,0.5,0.4,0.2
2027,0,168,4,0.03740797936916351,0.014105938374996185,0.07208097558687304,0.6,0.02979694865643978,0.75,0.75,0.3625,0.3625
2027,0,168,6,0.12344107031822205,0.00022440403699874878,0.21974989037922948,0.4,0.05986922681331634,0.6666666666666666,1.0,0.4333333333333333,0.65
2027,0,168,8,0.12344107031822205,0.0,0.21975530996611428,0.19999999999999996,0.07816739603877068,0.5,1.0,0.4,0.8
2027,0,171,2,0.027969099581241608,0.03587409853935242,0.054361191858618416,0.7142857142857143,0.023342739418148996,1.0,0.5,0.65,0.325
2027,0,171,4,0.0984048992395401,0.007184416055679321,0.17906173684795987,0.4285714285714286,0.05009024180471897,0.75,0.75,0.5625,0.5625
2027,0,171,6,0.0984048992395401,0.0,0.17917782287327538,0.1428571428571429,0.07518870234489441,0.6666666666666666,1.0,0.5583333333333333,0.8375
2027,0,171,8,0.0984048992395401,0.0,0.17917782287327538,0.0,0.0984048992395401,0.5714285714285714,1.0,0.5714285714285714,1.0
2027,0,172,2,0.019625544548034668,0.027958333492279053,0.03847429221398459,0.8,0.016372568905353546,0.5,0.25,0.475,0.2375
2027,0,172,4,0.027949899435043335,0.011122286319732666,0.054363261371787146,0.6,0.022839824855327606,0.5,0.5,0.375,0.375
2027,0,172,6,0.08299040794372559,0.0004285871982574463,0.1532565396776672,0.4,0.04065481871366501,0.6666666666666666,1.0,0.41666666666666663,0.625
2027,0,172,8,0.08299040794372559,0.0,0.15326157523647788,0.19999999999999996,0.06137831062078476,0.5,1.0,0.39375,0.7875
2027,0,174,2,0.02578173577785492,0.021417967975139618,0.05023985172586808,0.7142857142857143,0.011052334681153297,1.0,0.5,0.5,0.25
2027,0,174,4,0.09836354851722717,0.002252057194709778,0.17907307597273364,0.4285714285714286,0.030679760873317717,0.75,0.75,0.5375,0.5375
2027,0,174,6,0.09836354851722717,0.0,0.17910927333671323,0.1428571428571429,0.07193939313292504,0.6666666666666666,1.0,0.5333333333333333,0.8
2027,0,174,8,0.09836354851722717,0.0,0.17910927333671323,0.0,0.09836354851722717,0.5714285714285714,1.0,0.5714285714285714,1.0
2027,0,175,2,0.08762073516845703,0.02200911194086075,0.160832105678884,0.8,0.03308315984904766,1.0,0.5,0.5,0.25
2027,0,175,4,0.08762073516845703,0.00419694185256958,0.1610690047166719,0.6,0.04832927417010069,0.75,0.75,0.375,0.375
2027,0,175,6,0.08762073516845703,0.0013909488916397095,0.161105615606257,0.4,0.07284767739474773,0.5,0.75,0.39999999999999997,0.6
2027,0,175,8,0.08762073516845703,0.0,0.16112369383043404,0.19999999999999996,0.084439548663795,0.5,1.0,0.45,0.9
2027,0,183,2,0.03359551727771759,0.02064960077404976,0.0649625665538006,0.7142857142857143,0.017257216200232506,1.0,0.5,0.575,0.2875
2027,0,183,4,0.12346586585044861,0.003480002284049988,0.2197102809199745,0.4285714285714286,0.03965589813888073,0.75,0.75,0.5375,0.5375
2027,0,183,6,0.12346586585044861,0.0,0.2197946009814666,0.1428571428571429,0.0883493848145008,0.6666666666666666,1.0,0.5416666666666666,0.8125
2027,0,183,8,0.12346586585044861,0.0,0.2197946009814666,0.0,0.12346586585044861,0.5714285714285714,1.0,0.5714285714285714,1.0
2027,0,190,2,0.018824458122253418,0.005179107189178467,0.03694973635230829,0.8,0.02313202917575836,1.0,0.5,0.375,0.1875
2027,0,190,4,0.018824458122253418,0.000540614128112793,0.0369529212610128,0.6,0.04426362365484238,0.75,0.75,0.4375,0.4375
2027,0,190,6,0.018824458122253418,0.006572425365447998,0.03694877396347551,0.4,0.03583904206752777,0.5,0.75,0.4416666666666666,0.6625
2027,0,190,8,0.018824458122253418,0.0,0.03695329057362418,0.19999999999999996,0.031052958965301514,0.5,1.0,0.4,0.8
2027,0,198,2,0.11962352693080902,0.013607770204544067,0.2133707711624962,0.8,0.01273515596985817,1.0,0.5,0.5,0.25
2027,0,198,4,0.11962352693080902,0.00919775664806366,0.21347353783141582,0.6,0.01689455509185791,0.5,0.5,0.4,0.4
2027,0,198,6,0.11962352693080902,0.008210435509681702,0.2134964336722004,0.4,0.045207177847623826,0.5,0.75,0.3583333333333333,0.5375
2027,0,198,8,0.11962352693080902,0.0,0.21368526840219135,0.19999999999999996,0.10099305957555771,0.5,1.0,0.425,0.85
2027,0,229,2,0.014770492911338806,0.022422343492507935,0.029101286386604332,0.7142857142857143,0.01757408380508423,1.0,0.5,0.625,0.3125
2027,0,229,4,0.13628295063972473,0.0009355396032333374,0.23984808741115735,0.4285714285714286,0.07449901662766933,0.75,0.75,0.5625,0.5625
2027,0,229,6,0.13628295063972473,0.0,0.23987502507715658,0.1428571428571429,0.11154160499572754,0.6666666666666666,1.0,0.5499999999999999,0.825
2027,0,229,8,0.13628295063972473,0.0,0.23987502507715658,0.0,0.13628295063972473,0.5714285714285714,1.0,0.5714285714285714,1.0
2027,0,231,2,0.0021588802337646484,0.003280848264694214,0.004308428469598474,0.8,0.006204168498516083,1.0,0.5,0.5,0.25
2027,0,231,4,0.03854987025260925,0.006935387849807739,0.07421864001304308,0.6,0.014624392986297608,0.75,0.75,0.45,0.45
2027,0,231,6,0.03854987025260925,0.00041681528091430664,0.07423673081801897,0.4,0.022047978639602662,0.5,0.75,0.41666666666666663,0.625
2027,0,231,8,0.03854987025260925,0.0,0.07423787986846056,0.19999999999999996,0.044946974515914916,0.5,1.0,0.3875,0.775
2027,0,232,2,0.06800419092178345,0.011365264654159546,0.1272550227386515,0.8461538461538461,0.030754323303699493,1.0,0.5,0.425,0.2125
2027,0,232,4,0.06800419092178345,0.0009678900241851807,0.12734031688825814,0.6923076923076923,0.0325291320681572,1.0,1.0,0.3,0.3
2027,0,232,6,0.06800419092178345,0.007216393947601318,0.12728925819580697,0.5384615384615384,0.06295819431543351,0.6666666666666666,1.0,0.35,0.525
2027,0,232,8,0.06800419092178345,0.007271498441696167,0.1272888052420129,0.3846153846153846,0.059200499951839444,0.5,1.0,0.2875,0.575
2027,0,235,2,0.10065517947077751,0.01395830512046814,0.1826640088996418,0.5,0.029172002896666528,1.0,0.5,1.0,0.5
2027,0,235,4,0.10065517947077751,0.0,0.18290047845715862,0.0,0.10065517947077751,1.0,1.0,1.0,1.0
2027,0,235,6,0.10065517947077751,0.0,0.18290047845715862,0.0,0.10065517947077751,1.0,1.0,1.0,1.0
2027,0,235,8,0.10065517947077751,0.0,0.18290047845715862,0.0,0.10065517947077751,1.0,1.0,1.0,1.0
2027,0,237,2,0.14436694234609604,0.008480139076709747,0.25203689343853425,0.5,0.028349653258919714,1.0,0.5,1.0,0.5
2027,0,237,4,0.14436694234609604,0.0,0.2523088303304632,0.0,0.14436694234609604,1.0,1.0,1.0,1.0
2027,0,237,6,0.14436694234609604,0.0,0.2523088303304632,0.0,0.14436694234609604,1.0,1.0,1.0,1.0
2027,0,237,8,0.14436694234609604,0.0,0.2523088303304632,0.0,0.14436694234609604,1.0,1.0,1.0,1.0
2027,0,249,2,0.12832456827163696,0.020980432629585266,0.22690735295121264,0.5,0.027867235988378525,1.0,0.5,1.0,0.5
2027,0,249,4,0.12832456827163696,0.0,0.22746038131245166,0.0,0.12832456827163696,1.0,1.0,1.0,1.0
2027,0,249,6,0.12832456827163696,0.0,0.22746038131245166,0.0,0.12832456827163696,1.0,1.0,1.0,1.0
2027,0,249,8,0.12832456827163696,0.0,0.22746038131245166,0.0,0.12832456827163696,1.0,1.0,1.0,1.0
2027,0,253,2,0.07562345266342163,0.04037109762430191,0.14019857191344925,0.7142857142857143,0.024311725050210953,1.0,0.5,0.475,0.2375
2027,0,253,4,0.07562345266342163,0.013051837682723999,0.1404826302189661,0.4285714285714286,0.04652120284736157,1.0,1.0,0.625,0.625
2027,0,253,6,0.07562345266342163,0.0,0.14061324616187096,0.1428571428571429,0.0636399120092392,0.6666666666666666,1.0,0.575,0.8625
2027,0,253,8,0.07562345266342163,0.0,0.14061324616187096,0.0,0.07562345266342163,0.5714285714285714,1.0,0.5714285714285714,1.0
2027,0,254,2,0.05331811308860779,0.01557224988937378,0.10115738731282248,0.8461538461538461,0.006773312389850616,1.0,0.5,0.175,0.0875
2027,0,254,4,0.059103965759277344,0.013266265392303467,0.11152758567283105,0.6923076923076923,0.017396824061870576,0.75,0.75,0.3,0.3
2027,0,254,6,0.05520310997962952,0.013266265392303467,0.10455676110337218,0.5384615384615384,0.019414786994457246,0.5,0.75,0.325,0.4875
2027,0,254,8,0.03471359610557556,0.0059458911418914795,0.06708451806077319,0.3846153846153846,0.02743535190820694,0.5,1.0,0.31875,0.6375
2027,0,263,2,0.04072302579879761,0.04085499048233032,0.07812888418822873,0.5,0.04018523097038269,1.0,0.5,1.0,0.5
2027,0,263,4,0.023594796657562256,0.0,0.0461018300104856,0.0,0.023594796657562256,1.0,1.0,1.0,1.0
2027,0,263,6,0.023594796657562256,0.0,0.0461018300104856,0.0,0.023594796657562256,1.0,1.0,1.0,1.0
2027,0,263,8,0.023594796657562256,0.0,0.0461018300104856,0.0,0.023594796657562256,1.0,1.0,1.0,1.0
2027,0,267,2,0.03170623630285263,0.045024141669273376,0.06137476375102971,0.5,0.053968983516097066,1.0,0.5,1.0,0.5
2027,0,267,4,0.11619260907173157,0.0,0.20819455016524754,0.0,0.11619260907173157,1.0,1.0,1.0,1.0
2027,0,267,6,0.11619260907173157,0.0,0.20819455016524754,0.0,0.11619260907173157,1.0,1.0,1.0,1.0
2027,0,267,8,0.11619260907173157,0.0,0.20819455016524754,0.0,0.11619260907173157,1.0,1.0,1.0,1.0
2027,0,275,2,0.022827982902526855,0.01297140121459961,0.04462390479194027,0.8181818181818181,0.011424575746059418,1.0,0.5,0.375,0.1875
2027,0,275,4,0.01565989851951599,0.004550337791442871,0.0308347211755124,0.6363636363636364,0.020389361679553984,0.75,0.75,0.3875,0.3875
2027,0,275,6,0.01565989851951599,0.0008612871170043945,0.030836484549467944,0.4545454545454546,0.0184175506234169,0.5,0.75,0.32499999999999996,0.4875
2027,0,275,8,0.01565989851951599,0.0,0.030836894402039024,0.2727272727272727,0.015893818438053132,0.5,1.0,0.4,0.8
2027,0,282,2,0.045867517590522766,0.05614100396633148,0.08748370081552855,0.7142857142857143,0.03113386258482933,1.0,0.5,0.5,0.25
2027,0,282,4,0.09866969287395477,0.005871027708053589,0.1795214498331314,0.4285714285714286,0.05152814388275147,0.75,0.75,0.475,0.475
2027,0,282,6,0.09866969287395477,0.0,0.17961666461527612,0.1428571428571429,0.09459151439368725,0.6666666666666666,1.0,0.5916666666666666,0.8875
2027,0,282,8,0.09866969287395477,0.0,0.17961666461527612,0.0,0.09866969287395477,0.5714285714285714,1.0,0.5714285714285714,1.0
2027,0,283,2,0.1460847407579422,0.010535553097724915,0.2545828199881922,0.5,0.052594597637653354,1.0,0.5,1.0,0.5
2027,0,283,4,0.1460847407579422,0.0,0.2549283409206403,0.0,0.1460847407579422,1.0,1.0,1.0,1.0
2027,0,283,6,0.1460847407579422,0.0,0.2549283409206403,0.0,0.1460847407579422,1.0,1.0,1.0,1.0
2027,0,283,8,0.1460847407579422,0.0,0.2549283409206403,0.0,0.1460847407579422,1.0,1.0,1.0,1.0
2027,0,284,2,0.12386935204267502,0.017663583159446716,0.21999772350637092,0.7142857142857143,0.02424108348786831,1.0,0.5,0.7,0.35
2027,0,284,4,0.12386935204267502,0.006523557007312775,0.22027430328186098,0.4285714285714286,0.05376977436244488,0.75,0.75,0.5875,0.5875
2027,0,284,6,0.12386935204267502,0.0,0.22043372179789011,0.1428571428571429,0.10249688029289246,0.6666666666666666,1.0,0.5666666666666667,0.85
2027,0,284,8,0.12386935204267502,0.0,0.22043372179789011,0.0,0.12386935204267502,0.5714285714285714,1.0,0.5714285714285714,1.0
2027,0,285,2,0.12219378352165222,0.01451796293258667,0.21742783667129742,0.8461538461538461,0.005572034418582917,1.0,0.5,0.25,0.125
2027,0,285,4,0.12219378352165222,0.0049002766609191895,0.21765990660376777,0.6923076923076923,0.00660448893904686,0.5,0.5,0.225,0.225
2027,0,285,6,0.12219378352165222,0.0067691802978515625,0.21761512417593015,0.5384615384615384,0.020997323095798492,0.5,0.75,0.24166666666666664,0.3625
2027,0,285,8,0.12219378352165222,0.000930294394493103,0.21775453943449571,0.3846153846153846,0.060056228935718534,0.5,1.0,0.35625,0.7125
2027,0,286,2,0.02624475210905075,0.02001916617155075,0.05112045333549294,0.8,0.014956244081258774,1.0,0.5,0.4,0.2
2027,0,286,4,0.15469608455896378,0.007107242941856384,0.26768580581074825,0.6,0.041228827089071274,0.75,0.75,0.45,0.45
2027,0,286,6,0.15469608455896378,0.0037150010466575623,0.2678087253573278,0.4,0.07121973410248757,0.5,0.75,0.3583333333333333,0.5375
2027,0,286,8,0.15469608455896378,0.0,0.26794251167492256,0.19999999999999996,0.12395547479391097,0.5,1.0,0.3875,0.775
2027,0,287,2,0.02413935959339142,0.012735262513160706,0.047126442498837344,0.8,0.014649568498134613,0.5,0.25,0.4,0.2
2027,0,287,4,0.028448358178138733,0.01055249571800232,0.055306555490360065,0.6,0.02189522236585617,0.5,0.5,0.4125,0.4125
2027,0,287,6,0.12327542901039124,0.0072135329246521,0.21931790355652836,0.4,0.060180552303791046,0.5,0.75,0.4083333333333332,0.6125
2027,0,287,8,0.12327542901039124,0.0,0.21949279015031464,0.19999999999999996,0.10535079091787339,0.5,1.0,0.43125,0.8625
2027,0,288,2,0.0047621577978134155,0.0002294480800628662,0.009479163961096888,0.8,0.003590897098183632,1.0,0.5,0.425,0.2125
2027,0,288,4,0.023854568600654602,0.0048460885882377625,0.046592285959568006,0.6,0.020424184575676917,0.75,0.75,0.45,0.45
2027,0,288,6,0.15033254772424698,0.001865185797214508,0.2613085135298885,0.4,0.05923123471438885,0.6666666666666666,1.0,0.4083333333333333,0.6125
2027,0,288,8,0.15033254772424698,0.0,0.2613723275441635,0.19999999999999996,0.09748731218278409,0.5,1.0,0.38125,0.7625
2027,0,292,2,0.018030241131782532,0.0033197253942489624,0.03541972888567396,0.7142857142857143,0.017227768152952194,1.0,0.5,0.7,0.35
2027,0,292,4,0.12926112115383148,0.00987263023853302,0.22866944754061405,0.4285714285714286,0.03226727060973644,0.75,0.75,0.575,0.575
2027,0,292,6,0.12926112115383148,0.0,0.22893043731419338,0.1428571428571429,0.07880839705467224,0.6666666666666666,1.0,0.5833333333333333,0.875
2027,0,292,8,0.12926112115383148,0.0,0.22893043731419338,0.0,0.12926112115383148,0.5714285714285714,1.0,0.5714285714285714,1.0
2027,0,293,2,0.012954890727996826,0.008987978100776672,0.02557544933475839,0.8461538461538461,0.012149690091609955,1.0,0.5,0.325,0.1625
2027,0,293,4,0.012954890727996826,0.025615692138671875,0.02556981886965225,0.6923076923076923,0.009163985401391983,0.5,0.5,0.275,0.275
2027,0,293,6,0.14209233224391937,0.002707928419113159,0.24874406899655477,0.5384615384615384,0.029841055721044542,0.5,0.75,0.2583333333333333,0.3875
2027,0,293,8,0.14209233224391937,0.0036031007766723633,0.24871620273261272,0.3846153846153846,0.07685711160302162,0.5,1.0,0.3,0.6
2027,0,295,2,0.015576720237731934,0.005712926387786865,0.03067291188370287,0.8461538461538461,0.033917903900146484,1.0,0.5,0.425,0.2125
2027,0,295,4,0.015576720237731934,0.007453650236129761,0.03067208215605911,0.6923076923076923,0.04513237029314041,1.0,1.0,0.3,0.3
2027,0,295,6,0.015576720237731934,0.007306337356567383,0.030672152484694497,0.5384615384615384,0.05108618140220642,0.6666666666666666,1.0,0.3083333333333333,0.4625
2027,0,295,8,0.015576720237731934,0.007984548807144165,0.03067182852919383,0.3846153846153846,0.06774723678827285,0.5,1.0,0.30625,0.6125
2027,0,297,2,0.04610241949558258,0.044794961810112,0.08795952339497531,0.5,0.05135693997144699,1.0,0.5,1.0,0.5
2027,0,297,4,0.10511724650859833,0.0,0.19023727453479838,0.0,0.10511724650859833,1.0,1.0,1.0,1.0
2027,0,297,6,0.10511724650859833,0.0,0.19023727453479838,0.0,0.10511724650859833,1.0,1.0,1.0,1.0
2027,0,297,8,0.10511724650859833,0.0,0.19023727453479838,0.0,0.10511724650859833,1.0,1.0,1.0,1.0
2027,0,302,2,0.17254261672496796,0.013264641165733337,0.2937240324024689,0.8461538461538461,0.005339336395263672,1.0,0.5,0.325,0.1625
2027,0,302,4,0.17254261672496796,0.0031685680150985718,0.29416747173093,0.6923076923076923,0.01720958948135376,0.75,0.75,0.3,0.3
2027,0,302,6,0.17254261672496796,0.00959537923336029,0.2938860842081991,0.5384615384615384,0.04915216714143753,0.5,0.75,0.30000000000000004,0.45
2027,0,302,8,0.17254261672496796,0.0023576021194458008,0.2942027589442524,0.3846153846153846,0.050903934985399246,0.5,1.0,0.275,0.55
2027,0,313,2,0.0841212123632431,0.023041456937789917,0.15490435408046868,0.8,0.010093698278069496,1.0,0.5,0.35,0.175
2027,0,313,4,0.0841212123632431,1.2785196304321289e-05,0.15518768187580237,0.6,0.031082112155854703,1.0,1.0,0.375,0.375
2027,0,313,6,0.0841212123632431,0.005921177566051483,0.15511614362635082,0.4,0.039770741015672684,0.6666666666666666,1.0,0.37499999999999994,0.5625
2027,0,313,8,0.0841212123632431,0.0,0.15518783583224946,0.19999999999999996,0.06990396305918693,0.5,1.0,0.39375,0.7875
2027,0,319,2,0.05240097641944885,0.021827593445777893,0.0994731477774113,0.5,0.03191926330327988,1.0,0.5,1.0,0.5
2027,0,319,4,0.12536105513572693,0.0,0.22279259543170782,0.0,0.12536105513572693,1.0,1.0,1.0,1.0
2027,0,319,6,0.12536105513572693,0.0,0.22279259543170782,0.0,0.12536105513572693,1.0,1.0,1.0,1.0
2027,0,319,8,0.12536105513572693,0.0,0.22279259543170782,0.0,0.12536105513572693,1.0,1.0,1.0,1.0
2027,0,322,2,0.03875096142292023,0.06307859718799591,0.07442376450858312,0.8461538461538461,0.023910588771104812,1.0,0.5,0.45,0.225
2027,0,322,4,0.1795845776796341,0.003679335117340088,0.3043167414520072,0.6923076923076923,0.0459026176482439,0.75,0.75,0.325,0.325
2027,0,322,6,0.1795845776796341,0.00482824444770813,0.3042630959015654,0.5384615384615384,0.07183946967124939,0.5,0.75,0.3083333333333333,0.4625
2027,0,322,8,0.1795845776796341,0.004916861653327942,0.30425895377567364,0.3846153846153846,0.08127277605235576,0.375,0.75,0.26875,0.5375
2027,0,328,2,0.0006529390811920166,0.01963403820991516,0.0013050090059521457,0.5,0.018255878984928132,1.0,0.5,1.0,0.5
2027,0,328,4,0.03110259771347046,0.0,0.06032881263696216,0.0,0.03110259771347046,1.0,1.0,1.0,1.0
2027,0,328,6,0.03110259771347046,0.0,0.06032881263696216,0.0,0.03110259771347046,1.0,1.0,1.0,1.0
2027,0,328,8,0.03110259771347046,0.0,0.06032881263696216,0.0,0.03110259771347046,1.0,1.0,1.0,1.0
2027,0,338,2,0.023004725575447083,0.0187549889087677,0.04495549538774262,0.7142857142857143,0.024694791436195372,1.0,0.5,0.55,0.275
2027,0,338,4,0.1271243840456009,0.006139844655990601,0.22541588333478388,0.4285714285714286,0.0575102087110281,0.75,0.75,0.55,0.55
2027,0,338,6,0.1271243840456009,0.0,0.22557294624274182,0.1428571428571429,0.09368245601654053,0.6666666666666666,1.0,0.5666666666666667,0.85
2027,0,338,8,0.1271243840456009,0.0,0.22557294624274182,0.0,0.1271243840456009,0.5714285714285714,1.0,0.5714285714285714,1.0
2027,0,347,2,0.08367156982421875,0.04918752610683441,0.15380802204199961,0.7142857142857143,0.008494248241186142,1.0,0.5,0.425,0.2125
2027,0,347,4,0.08367156982421875,0.015535473823547363,0.15423445130233238,0.4285714285714286,0.05009997710585594,0.75,0.75,0.6,0.6
2027,0,347,6,0.08367156982421875,0.0,0.15442237695280875,0.1428571428571429,0.0789412647485733,0.6666666666666666,1.0,0.6249999999999999,0.9375
2027,0,347,8,0.08367156982421875,0.0,0.15442237695280875,0.0,0.08367156982421875,0.5714285714285714,1.0,0.5714285714285714,1.0
2027,0,352,2,0.09798488020896912,0.02368912845849991,0.17809565687815976,0.8,0.009429751709103585,1.0,0.5,0.4,0.2
2027,0,352,4,0.09798488020896912,0.007224321365356445,0.17836546280793897,0.6,0.026357429288327693,0.75,0.75,0.45,0.45
2027,0,352,6,0.09798488020896912,0.003272801637649536,0.1784290080365521,0.4,0.053381537832319734,0.6666666666666666,1.0,0.35,0.525
2027,0,352,8,0.09798488020896912,0.0,0.17848129236592142,0.19999999999999996,0.06457882355898618,0.5,1.0,0.4125,0.825
2027,0,366,2,0.03165420889854431,0.036138176918029785,0.06129541366896968,0.5,0.04074722975492477,1.0,0.5,1.0,0.5
2027,0,366,4,0.0987393856048584,0.0,0.1797321310194085,0.0,0.0987393856048584,1.0,1.0,1.0,1.0
2027,0,366,6,0.0987393856048584,0.0,0.1797321310194085,0.0,0.0987393856048584,1.0,1.0,1.0,1.0
2027,0,366,8,0.0987393856048584,0.0,0.1797321310194085,0.0,0.0987393856048584,1.0,1.0,1.0,1.0
2027,0,371,2,0.1088276281952858,0.01902114599943161,0.19592029178520798,0.8,0.015105553716421128,1.0,0.5,0.25,0.125
2027,0,371,4,0.1088276281952858,0.015145018696784973,0.19599732280773424,0.6,0.05194365605711937,0.5,0.5,0.4,0.4
2027,0,371,6,0.1088276281952858,0.000965505838394165,0.19627452241725848,0.4,0.07048016712069512,0.6666666666666666,1.0,0.3916666666666666,0.5875
2027,0,371,8,0.1088276281952858,0.0,0.1962931395791649,0.19999999999999996,0.09294769316911697,0.5,1.0,0.4375,0.875
2027,0,372,2,0.005837038159370422,0.009119272232055664,0.01160570989518814,0.8181818181818181,0.006531989574432373,0.5,0.25,0.325,0.1625
2027,0,372,4,0.008348047733306885,0.0073305219411849976,0.01655685734308057,0.6363636363636364,0.021189314872026445,0.5,0.5,0.3875,0.3875
2027,0,372,6,0.09236176311969757,0.010329723358154297,0.16895560999828438,0.4545454545454546,0.03915192931890488,0.5,0.75,0.36666666666666664,0.55
2027,0,372,8,0.09236176311969757,0.0,0.16910471647399994,0.2727272727272727,0.061151690781116486,0.5,1.0,0.325,0.65
2027,0,376,2,0.03245675563812256,0.04998364299535751,0.0627690434572345,0.7142857142857143,0.030730999633669855,0.5,0.25,0.5,0.25
2027,0,376,4,0.012499481439590454,0.024079695343971252,0.02468282789593493,0.4285714285714286,0.06240877583622932,0.75,0.75,0.6,0.6
2027,0,376,6,0.14303696155548096,0.0,0.2502753040651139,0.1428571428571429,0.12792368456721306,0.6666666666666666,1.0,0.6249999999999999,0.9375
2027,0,376,8,0.14303696155548096,0.0,0.2502753040651139,0.0,0.14303696155548096,0.5714285714285714,1.0,0.5714285714285714,1.0
2027,0,377,2,0.007259368896484375,0.0008934140205383301,0.014414007626929418,0.7142857142857143,0.008926782011985778,1.0,0.5,0.625,0.3125
2027,0,377,4,0.011952191591262817,0.0042039453983306885,0.023620870143681,0.4285714285714286,0.00841480791568756,0.75,0.75,0.5625,0.5625
2027,0,377,6,0.0017189085483551025,0.0,0.0034319179436196642,0.1428571428571429,0.008166301250457763,0.6666666666666666,1.0,0.5666666666666667,0.85
2027,0,377,8,0.0017189085483551025,0.0,0.0034319179436196642,0.0,0.0017189085483551025,0.5714285714285714,1.0,0.5714285714285714,1.0
2027,0,378,2,0.05336865782737732,0.037330180406570435,0.10113080822104835,0.7142857142857143,0.026365530490875245,1.0,0.5,0.575,0.2875
2027,0,378,4,0.009035885334014893,0.010741174221038818,0.017908197280611077,0.4285714285714286,0.03616209179162979,1.0,1.0,0.5625,0.5625
2027,0,378,6,0.009035885334014893,0.0,0.017909938517248668,0.1428571428571429,0.024628914892673492,0.6666666666666666,1.0,0.575,0.8625
2027,0,378,8,0.009035885334014893,0.0,0.017909938517248668,0.0,0.009035885334014893,0.5714285714285714,1.0,0.5714285714285714,1.0
2027,0,379,2,0.038549959659576416,0.021113380789756775,0.07417865735429259,0.8,0.009172247350215912,1.0,0.5,0.275,0.1375
2027,0,379,4,0.08873513340950012,0.0015039891004562378,0.16298590635449972,0.6,0.03890231251716614,1.0,1.0,0.45,0.45
2027,0,379,6,0.08873513340950012,0.0012720972299575806,0.16298899501620995,0.4,0.05238346755504608,0.6666666666666666,1.0,0.39166666666666666,0.5875
2027,0,379,8,0.08873513340950012,0.0,0.1630059151882346,0.19999999999999996,0.06835269927978516,0.5,1.0,0.3875,0.775
2027,0,384,2,0.015870779752731323,0.029182717204093933,0.031230999664880223,0.5,0.05433249697089195,1.0,0.5,1.0,0.5
2027,0,384,4,0.1531018316745758,0.0,0.26554780760730534,0.0,0.1531018316745758,1.0,1.0,1.0,1.0
2027,0,384,6,0.1531018316745758,0.0,0.26554780760730534,0.0,0.1531018316745758,1.0,1.0,1.0,1.0
2027,0,384,8,0.1531018316745758,0.0,0.26554780760730534,0.0,0.1531018316745758,1.0,1.0,1.0,1.0
2027,0,393,2,0.12047266960144043,0.021958209574222565,0.21452117338800714,0.8461538461538461,0.010614049434661866,1.0,0.5,0.25,0.125
2027,0,393,4,0.12047266960144043,0.010216616094112396,0.2148006240715401,0.6923076923076923,0.02960859090089798,0.75,0.75,0.25,0.25
2027,0,393,6,0.12047266960144043,0.00502641499042511,0.21492227612673268,0.5384615384615384,0.039786172285676005,0.6666666666666666,1.0,0.2833333333333333,0.425
2027,0,393,8,0.12047266960144043,0.0012494325637817383,0.2150100947572556,0.3846153846153846,0.07269215732812881,0.5,1.0,0.325,0.65
2027,0,407,2,0.04333969205617905,0.034298188984394073,0.08295638778008374,0.8,0.01964319311082363,1.0,0.5,0.375,0.1875
2027,0,407,4,0.1125389114022255,0.006190687417984009,0.2021826686295963,0.6,0.024929001182317733,0.75,0.75,0.3375,0.3375
2027,0,407,6,0.1125389114022255,0.0017171502113342285,0.202274872732569,0.4,0.06062896139919758,0.6666666666666666,1.0,0.36666666666666664,0.55
2027,0,407,8,0.1125389114022255,0.0,0.20231006798743487,0.19999999999999996,0.07575507834553719,0.5,1.0,0.40625,0.8125
2027,0,408,2,0.0014705061912536621,0.012830428779125214,0.0029366379119433236,0.5,0.049061918258666994,1.0,0.5,1.0,0.5
2027,0,408,4,0.11841145902872086,0.0,0.21174936660887708,0.0,0.11841145902872086,1.0,1.0,1.0,1.0
2027,0,408,6,0.11841145902872086,0.0,0.21174936660887708,0.0,0.11841145902872086,1.0,1.0,1.0,1.0
2027,0,408,8,0.11841145902872086,0.0,0.21174936660887708,0.0,0.11841145902872086,1.0,1.0,1.0,1.0
2027,0,412,2,0.039803534746170044,0.04242128133773804,0.07643011026156303,0.5,0.015412130951881408,1.0,0.5,1.0,0.5
2027,0,412,4,0.027670711278915405,0.0,0.053851318277777456,0.0,0.027670711278915405,1.0,1.0,1.0,1.0
2027,0,412,6,0.027670711278915405,0.0,0.053851318277777456,0.0,0.027670711278915405,1.0,1.0,1.0,1.0
2027,0,412,8,0.027670711278915405,0.0,0.053851318277777456,0.0,0.027670711278915405,1.0,1.0,1.0,1.0
2027,0,419,2,0.13528314232826233,0.09897934645414352,0.23524550580562487,0.8461538461538461,0.018488503620028497,0.5,0.25,0.2,0.1
2027,0,419,4,0.07478460669517517,0.010029822587966919,0.13906400133208,0.6923076923076923,0.05045675039291382,0.75,0.75,0.2875,0.2875
2027,0,419,6,0.07478460669517517,0.00975315272808075,0.13906673033650274,0.5384615384615384,0.057733093947172166,0.6666666666666666,1.0,0.24166666666666664,0.3625
2027,0,419,8,0.07478460669517517,0.0072902292013168335,0.13909096167031407,0.3846153846153846,0.0778618797659874,0.5,1.0,0.29375,0.5875
2027,0,428,2,0.14918485283851624,0.0005584508180618286,0.2596171221088665,0.8947368421052632,0.004443430155515671,1.0,0.5,0.175,0.0875
2027,0,428,4,0.14918485283851624,0.0041372328996658325,0.25949600308353105,0.7894736842105263,0.022345996275544167,0.75,0.75,0.2125,0.2125
2027,0,428,6,0.14918485283851624,0.00464494526386261,0.25947875889718314,0.6842105263157895,0.02426871694624424,0.5,0.75,0.20833333333333331,0.3125
2027,0,428,8,0.14918485283851624,0.005527660250663757,0.25944874149179636,0.5789473684210527,0.03269640989601612,0.375,0.75,0.25625,0.5125
2027,0,429,2,0.03619254380464554,0.0402950718998909,0.06975449507541133,0.8,0.008924237638711929,1.0,0.5,0.275,0.1375
2027,0,429,4,0.15810371190309525,0.0034441128373146057,0.272910189300434,0.6,0.041295454278588294,1.0,1.0,0.4625,0.4625
2027,0,429,6,0.15810371190309525,0.0007211863994598389,0.2730120529297215,0.4,0.06027766540646553,0.6666666666666666,1.0,0.38333333333333336,0.575
2027,0,429,8,0.15810371190309525,0.0,0.27303895200074213,0.19999999999999996,0.12775004766881465,0.5,1.0,0.425,0.85
2027,0,439,2,0.009431242942810059,0.010343015193939209,0.018684426849439256,0.8823529411764706,0.00801721289753914,1.0,0.5,0.275,0.1375
2027,0,439,4,0.008248463273048401,0.010343015193939209,0.01636056664046086,0.7647058823529411,0.013197218626737594,0.5,0.5,0.2875,0.2875
2027,0,439,6,0.00042507052421569824,0.010343015193939209,0.0008497760585811427,0.6470588235294117,0.025565583258867264,0.3333333333333333,0.5,0.275,0.4125
2027,0,439,8,0.0014392882585525513,0.014858007431030273,0.002874377064446788,0.5294117647058824,0.04311923086643219,0.375,0.75,0.25,0.5
2027,0,448,2,0.1496942788362503,0.024668067693710327,0.2595523709341528,0.8,0.007415193319320679,1.0,0.5,0.425,0.2125
2027,0,448,4,0.1496942788362503,0.011302635073661804,0.2600200727770189,0.6,0.030901027470827104,0.75,0.75,0.3375,0.3375
2027,0,448,6,0.1496942788362503,0.0032139867544174194,0.26029782533097057,0.4,0.06558094322681426,0.6666666666666666,1.0,0.41666666666666663,0.625
2027,0,448,8,0.1496942788362503,0.0,0.26040710403077705,0.19999999999999996,0.1215833455324173,0.5,1.0,0.43125,0.8625
2027,0,449,2,0.015556961297988892,0.022552698850631714,0.03062647444700279,0.5,0.04261587932705879,1.0,0.5,1.0,0.5
2027,0,449,4,0.12430310249328613,0.0,0.22112026946759836,0.0,0.12430310249328613,1.0,1.0,1.0,1.0
2027,0,449,6,0.12430310249328613,0.0,0.22112026946759836,0.0,0.12430310249328613,1.0,1.0,1.0,1.0
2027,0,449,8,0.12430310249328613,0.0,0.22112026946759836,0.0,0.12430310249328613,1.0,1.0,1.0,1.0
2027,0,459,2,0.00423760712146759,0.00928545743227005,0.008439117403259982,0.5,0.031602611765265465,1.0,0.5,1.0,0.5
2027,0,459,4,0.13612616807222366,0.0,0.23963213223616223,0.0,0.13612616807222366,1.0,1.0,1.0,1.0
2027,0,459,6,0.13612616807222366,0.0,0.23963213223616223,0.0,0.13612616807222366,1.0,1.0,1.0,1.0
2027,0,459,8,0.13612616807222366,0.0,0.23963213223616223,0.0,0.13612616807222366,1.0,1.0,1.0,1.0
2027,0,462,2,0.011744789779186249,0.018723592162132263,0.02321176054043352,0.5,0.037141367048025134,1.0,0.5,1.0,0.5
2027,0,462,4,0.1207752525806427,0.0,0.2155209125157813,0.0,0.1207752525806427,1.0,1.0,1.0,1.0
2027,0,462,6,0.1207752525806427,0.0,0.2155209125157813,0.0,0.1207752525806427,1.0,1.0,1.0,1.0
2027,0,462,8,0.1207752525806427,0.0,0.2155209125157813,0.0,0.1207752525806427,1.0,1.0,1.0,1.0
2027,0,468,2,0.12152865529060364,0.03449834883213043,0.21588380130737622,0.8,0.013254216313362122,1.0,0.5,0.35,0.175
2027,0,468,4,0.12152865529060364,0.018302977085113525,0.21628270888635545,0.6,0.018372514471411704,0.75,0.75,0.3375,0.3375
2027,0,468,6,0.12152865529060364,0.00496789813041687,0.21660247780648972,0.4,0.060277436301112174,0.6666666666666666,1.0,0.39999999999999997,0.6
2027,0,468,8,0.12152865529060364,0.0,0.21671966153930122,0.19999999999999996,0.08620499446988106,0.5,1.0,0.3875,0.775
2027,0,474,2,0.036357104778289795,0.05092792958021164,0.0700314412742343,0.8,0.018613706901669504,1.0,0.5,0.35,0.175
2027,0,474,4,0.12885797768831253,0.0016485899686813354,0.22825491895372468,0.6,0.04289237484335899,1.0,1.0,0.3625,0.3625
2027,0,474,6,0.12885797768831253,8.291751146316528e-05,0.2282957830150561,0.4,0.07620931081473828,0.6666666666666666,1.0,0.3833333333333333,0.575
2027,0,474,8,0.12885797768831253,0.0,0.22829794400211317,0.19999999999999996,0.07865152023732662,0.5,1.0,0.39375,0.7875
2027,0,477,2,0.05860799551010132,0.04178789258003235,0.11045983596816529,0.875,0.023070968687534332,1.0,0.5,0.325,0.1625
2027,0,477,4,0.12757059931755066,0.01006653904914856,0.22601511598564716,0.75,0.03164933025836945,0.75,0.75,0.275,0.275
2027,0,477,6,0.12757059931755066,0.008431881666183472,0.2260576586707396,0.625,0.04908835291862488,0.5,0.75,0.2333333333333333,0.35
2027,0,477,8,0.12757059931755066,0.0010199248790740967,0.22624900908783416,0.5,0.06554708927869797,0.5,1.0,0.25625,0.5125
2027,0,478,2,0.023603662848472595,0.035393573343753815,0.046079766070138306,0.5,0.06375383138656616,1.0,0.5,1.0,0.5
2027,0,478,4,0.16741741448640823,0.0,0.28681671595598324,0.0,0.16741741448640823,1.0,1.0,1.0,1.0
2027,0,478,6,0.16741741448640823,0.0,0.28681671595598324,0.0,0.16741741448640823,1.0,1.0,1.0,1.0
2027,0,478,8,0.16741741448640823,0.0,0.28681671595598324,0.0,0.16741741448640823,1.0,1.0,1.0,1.0
2027,0,480,2,0.09653960168361664,0.035638242959976196,0.17550943664651944,0.8461538461538461,0.009649363905191421,1.0,0.5,0.4,0.2
2027,0,480,4,0.09653960168361664,0.004395768046379089,0.1760120471810509,0.6923076923076923,0.01406918466091156,0.75,0.75,0.2625,0.2625
2027,0,480,6,0.09653960168361664,0.007592186331748962,0.17596194947261826,0.5384615384615384,0.013287164270877838,0.5,0.75,0.2833333333333333,0.425
2027,0,480,8,0.09653960168361664,0.0005010664463043213,0.17607269420975474,0.3846153846153846,0.054657035320997235,0.5,1.0,0.275,0.55
2027,0,482,2,0.16475467383861542,0.005744770169258118,0.2826691913235502,0.9,0.013106798753142357,1.0,0.5,0.225,0.1125
2027,0,482,4,0.16475467383861542,0.005600541830062866,0.282675019433697,0.8,0.013699201866984367,0.75,0.75,0.1625,0.1625
2027,0,482,6,0.16475467383861542,0.004179224371910095,0.28273237584977834,0.7,0.013229973986744881,0.6666666666666666,1.0,0.19999999999999998,0.3
2027,0,482,8,0.16475467383861542,0.0047445148229599,0.2827095807257033,0.6,0.03749203458428383,0.5,1.0,0.15625,0.3125
2027,0,484,2,0.02920212596654892,0.03443647921085358,0.056689749298738934,0.8,0.013167446479201317,1.0,0.5,0.275,0.1375
2027,0,484,4,0.11546522378921509,0.004586413502693176,0.20692743702275157,0.6,0.04722475465387106,0.75,0.75,0.425,0.425
2027,0,484,6,0.11546522378921509,0.0030197277665138245,0.2069612410827234,0.4,0.06478037349879742,0.6666666666666666,1.0,0.4083333333333333,0.6125
2027,0,484,8,0.11546522378921509,0.0,0.2070261292359825,0.19999999999999996,0.09459766112267971,0.5,1.0,0.39375,0.7875
2027,0,492,2,0.031697988510131836,0.025006145238876343,0.06139981010522547,0.7142857142857143,0.015894724428653716,1.0,0.5,0.475,0.2375
2027,0,492,4,0.052995383739471436,0.006567120552062988,0.10062296388170602,0.4285714285714286,0.03459450602531433,0.75,0.75,0.5625,0.5625
2027,0,492,6,0.052995383739471436,0.0,0.1006564407742615,0.1428571428571429,0.05172343552112579,0.6666666666666666,1.0,0.5583333333333333,0.8375
2027,0,492,8,0.052995383739471436,0.0,0.1006564407742615,0.0,0.052995383739471436,0.5714285714285714,1.0,0.5714285714285714,1.0
2027,0,507,2,0.007297679781913757,0.020727962255477905,0.014487397340269955,0.7142857142857143,0.008938299119472503,1.0,0.5,0.525,0.2625
2027,0,507,4,0.1445547193288803,0.009295955300331116,0.2522965682490793,0.4285714285714286,0.03885639607906342,0.75,0.75,0.5125,0.5125
2027,0,507,6,0.1445547193288803,0.0,0.25259555858306404,0.1428571428571429,0.1032457135617733,0.6666666666666666,1.0,0.5499999999999999,0.825
2027,0,507,8,0.1445547193288803,0.0,0.25259555858306404,0.0,0.1445547193288803,0.5714285714285714,1.0,0.5714285714285714,1.0
2027,0,511,2,0.035888731479644775,0.023557424545288086,0.06923283939900768,0.5,0.02335321009159088,1.0,0.5,1.0,0.5
2027,0,511,4,0.045165181159973145,0.0,0.08642687677338566,0.0,0.045165181159973145,1.0,1.0,1.0,1.0
2027,0,511,6,0.045165181159973145,0.0,0.08642687677338566,0.0,0.045165181159973145,1.0,1.0,1.0,1.0
2027,0,511,8,0.045165181159973145,0.0,0.08642687677338566,0.0,0.045165181159973145,1.0,1.0,1.0,1.0
2027,0,512,2,0.13392791152000427,0.024967707693576813,0.23550716810681943,0.5,0.05683861374855041,1.0,0.5,1.0,0.5
2027,0,512,4,0.13392791152000427,0.0,0.23621944597955435,0.0,0.13392791152000427,1.0,1.0,1.0,1.0
2027,0,512,6,0.13392791152000427,0.0,0.23621944597955435,0.0,0.13392791152000427,1.0,1.0,1.0,1.0
2027,0,512,8,0.13392791152000427,0.0,0.23621944597955435,0.0,0.13392791152000427,1.0,1.0,1.0,1.0
2027,0,519,2,0.01554756611585617,0.02816985547542572,0.03060549830637261,0.8,0.014734429866075515,0.5,0.25,0.375,0.1875
2027,0,519,4,0.13351084291934967,0.014659710228443146,0.23515838489326493,0.6,0.03808075748383999,0.5,0.5,0.4375,0.4375
2027,0,519,6,0.13351084291934967,0.004563026130199432,0.23544335261204605,0.4,0.03172965832054615,0.5,0.75,0.375,0.5625
2027,0,519,8,0.13351084291934967,0.0,0.23557047337190598,0.19999999999999996,0.08414330147206783,0.5,1.0,0.4,0.8
2027,0,525,2,0.14411897212266922,0.013556234538555145,0.25149468810357234,0.5,0.04774375632405281,1.0,0.5,1.0,0.5
2027,0,525,4,0.14411897212266922,0.0,0.2519300450988714,0.0,0.14411897212266922,1.0,1.0,1.0,1.0
2027,0,525,6,0.14411897212266922,0.0,0.2519300450988714,0.0,0.14411897212266922,1.0,1.0,1.0,1.0
2027,0,525,8,0.14411897212266922,0.0,0.2519300450988714,0.0,0.14411897212266922,1.0,1.0,1.0,1.0
2027,0,531,2,0.031555116176605225,0.015513360500335693,0.06115022362058448,0.7142857142857143,0.02789815664291382,1.0,0.5,0.425,0.2125
2027,0,531,4,0.031555116176605225,0.03105407953262329,0.061119778929475774,0.4285714285714286,0.04733044803142548,0.75,0.75,0.5875,0.5875
2027,0,531,6,0.031555116176605225,0.0,0.06117969981780963,0.1428571428571429,0.038660869002342224,0.6666666666666666,1.0,0.5666666666666665,0.85
2027,0,531,8,0.031555116176605225,0.0,0.06117969981780963,0.0,0.031555116176605225,0.5714285714285714,1.0,0.5714285714285714,1.0
2027,0,534,2,0.1260899156332016,0.05777669697999954,0.22241577603093401,0.8,0.036251071467995645,1.0,0.5,0.4,0.2
2027,0,534,4,0.11156721413135529,0.05777669697999954,0.1995106755975613,0.6,0.05842715501785278,0.5,0.5,0.35,0.35
2027,0,534,6,0.0797443836927414,0.06569071859121323,0.14694669599540805,0.4,0.09960547462105751,0.5,0.75,0.38333333333333325,0.575
2027,0,534,8,0.13187400996685028,0.0,0.23301888515085264,0.19999999999999996,0.1124508436769247,0.5,1.0,0.40625,0.8125
2027,0,537,2,0.029622390866279602,0.022108979523181915,0.05750289714669571,0.8947368421052632,0.005270132049918175,1.0,0.5,0.2,0.1
2027,0,537,4,0.15395207703113556,0.00810200721025467,0.2665353176910246,0.7894736842105263,0.01698394529521465,0.75,0.75,0.25,0.25
2027,0,537,6,0.15395207703113556,0.0062614306807518005,0.26660166179648537,0.6842105263157895,0.014174575731158257,0.5,0.75,0.22500000000000003,0.3375
2027,0,537,8,0.15395207703113556,0.003335393965244293,0.2667066946980505,0.5789473684210527,0.046288293600082395,0.375,0.75,0.25,0.5
2027,0,544,2,0.050273627042770386,0.02148793637752533,0.0956338156523113,0.7142857142857143,0.03720511645078659,1.0,0.5,0.65,0.325
2027,0,544,4,0.12742649018764496,0.0007726773619651794,0.22602866856504925,0.4285714285714286,0.05762627720832825,0.75,0.75,0.625,0.625
2027,0,544,6,0.12742649018764496,0.0,0.22604842319508836,0.1428571428571429,0.09951632842421532,0.6666666666666666,1.0,0.5916666666666666,0.8875
2027,0,544,8,0.12742649018764496,0.0,0.22604842319508836,0.0,0.12742649018764496,0.5714285714285714,1.0,0.5714285714285714,1.0
2027,0,548,2,0.013294517993927002,0.046619296073913574,0.026223361551015126,0.5,0.039102676510810855,1.0,0.5,1.0,0.5
2027,0,548,4,0.027847707271575928,0.0,0.05418644624989772,0.0,0.027847707271575928,1.0,1.0,1.0,1.0
2027,0,548,6,0.027847707271575928,0.0,0.05418644624989772,0.0,0.027847707271575928,1.0,1.0,1.0,1.0
2027,0,548,8,0.027847707271575928,0.0,0.05418644624989772,0.0,0.027847707271575928,1.0,1.0,1.0,1.0
2027,0,549,2,0.008692502975463867,0.016609176993370056,0.01723268082661693,0.7142857142857143,0.01163221001625061,1.0,0.5,0.625,0.3125
2027,0,549,4,0.1561509370803833,0.004448845982551575,0.2699591271265241,0.4285714285714286,0.04231239035725594,0.75,0.75,0.5375,0.5375
2027,0,549,6,0.1561509370803833,0.0,0.2701220611812325,0.1428571428571429,0.12357944548130036,0.6666666666666666,1.0,0.575,0.8625
2027,0,549,8,0.1561509370803833,0.0,0.2701220611812325,0.0,0.1561509370803833,0.5714285714285714,1.0,0.5714285714285714,1.0
2027,0,580,2,0.013296924531459808,0.025357380509376526,0.026235915820819564,0.5,0.01773088276386261,1.0,0.5,1.0,0.5
2027,0,580,4,0.13470977544784546,0.0,0.23743476677933512,0.0,0.13470977544784546,1.0,1.0,1.0,1.0
2027,0,580,6,0.13470977544784546,0.0,0.23743476677933512,0.0,0.13470977544784546,1.0,1.0,1.0,1.0
2027,0,580,8,0.13470977544784546,0.0,0.23743476677933512,0.0,0.13470977544784546,1.0,1.0,1.0,1.0
2027,0,582,2,0.005312129855155945,0.004377156496047974,0.010567874981335264,0.8,0.00510743074119091,1.0,0.5,0.475,0.2375
2027,0,582,4,0.09497135877609253,0.00029399245977401733,0.17346378181218916,0.6,0.013772577419877053,1.0,1.0,0.3875,0.3875
2027,0,582,6,0.09497135877609253,0.0004727765917778015,0.17346109001133114,0.4,0.034431885182857516,0.6666666666666666,1.0,0.39999999999999997,0.6
2027,0,582,8,0.09497135877609253,0.0,0.17346820629581955,0.19999999999999996,0.06258517950773239,0.5,1.0,0.4125,0.825
2027,0,586,2,0.02577650547027588,0.08843284845352173,0.050135327619636544,0.8461538461538461,0.016932076215744017,1.0,0.5,0.5,0.25
2027,0,586,4,0.02577650547027588,0.02348881959915161,0.05022718753949563,0.6923076923076923,0.02249976098537445,0.75,0.75,0.3125,0.3125
2027,0,586,6,0.02577650547027588,0.009745597839355469,0.05024512113273398,0.5384615384615384,0.021512049436569213,0.6666666666666666,1.0,0.30833333333333335,0.4625
2027,0,586,8,0.02577650547027588,0.008196234703063965,0.05024711251986361,0.3846153846153846,0.03762278258800507,0.5,1.0,0.2875,0.575
2027,0,587,2,0.03220914676785469,0.041298188269138336,0.062324403814104194,0.5,0.03748915009200573,1.0,0.5,1.0,0.5
2027,0,587,4,0.0963260754942894,0.0,0.17572522928611334,0.0,0.0963260754942894,1.0,1.0,1.0,1.0
2027,0,587,6,0.0963260754942894,0.0,0.17572522928611334,0.0,0.0963260754942894,1.0,1.0,1.0,1.0
2027,0,587,8,0.0963260754942894,0.0,0.17572522928611334,0.0,0.0963260754942894,1.0,1.0,1.0,1.0
2027,0,591,2,0.02996954321861267,0.032203614711761475,0.05813871724226515,0.7142857142857143,0.024070367962121964,1.0,0.5,0.525,0.2625
2027,0,591,4,0.1800687462091446,0.006187379360198975,0.30489382934120807,0.4285714285714286,0.0923440158367157,1.0,1.0,0.5625,0.5625
2027,0,591,6,0.1800687462091446,0.0,0.3051834849242433,0.1428571428571429,0.14469650387763977,0.6666666666666666,1.0,0.5916666666666666,0.8875
2027,0,591,8,0.1800687462091446,0.0,0.3051834849242433,0.0,0.1800687462091446,0.5714285714285714,1.0,0.5714285714285714,1.0
2028,0,1,2,0.16203218698501587,0.005706027150154114,0.2786542975900308,0.5,0.059451695531606674,1.0,0.5,1.0,0.5
2028,0,1,4,0.16203218698501587,0.0,0.27887727861552813,0.0,0.16203218698501587,1.0,1.0,1.0,1.0
2028,0,1,6,0.16203218698501587,0.0,0.27887727861552813,0.0,0.16203218698501587,1.0,1.0,1.0,1.0
2028,0,1,8,0.16203218698501587,0.0,0.27887727861552813,0.0,0.16203218698501587,1.0,1.0,1.0,1.0
2028,0,4,2,0.09841471910476685,0.012731470167636871,0.1789872969663081,0.7142857142857143,0.028449172154068947,1.0,0.5,0.575,0.2875
2028,0,4,4,0.09841471910476685,0.00528891384601593,0.1791087753363751,0.4285714285714286,0.0422589723020792,0.75,0.75,0.6,0.6
2028,0,4,6,0.09841471910476685,0.0,0.17919410108593062,0.1428571428571429,0.07844125144183636,0.6666666666666666,1.0,0.5666666666666667,0.85
2028,0,4,8,0.09841471910476685,0.0,0.17919410108593062,0.0,0.09841471910476685,0.5714285714285714,1.0,0.5714285714285714,1.0
2028,0,11,2,0.11093123257160187,0.015294834971427917,0.1993992859592907,0.5,0.04545334652066231,1.0,0.5,1.0,0.5
2028,0,11,4,0.11093123257160187,0.0,0.19970854958288717,0.0,0.11093123257160187,1.0,1.0,1.0,1.0
2028,0,11,6,0.11093123257160187,0.0,0.19970854958288717,0.0,0.11093123257160187,1.0,1.0,1.0,1.0
2028,0,11,8,0.11093123257160187,0.0,0.19970854958288717,0.0,0.11093123257160187,1.0,1.0,1.0,1.0
2028,0,14,2,0.08964371681213379,0.005261540412902832,0.16446609823386465,0.7142857142857143,0.030062629282474516,1.0,0.5,0.575,0.2875
2028,0,14,4,0.13268402218818665,0.01451447606086731,0.23387899192451797,0.4285714285714286,0.07623597234487534,1.0,1.0,0.6,0.6
2028,0,14,6,0.13268402218818665,0.0,0.23428249995415262,0.1428571428571429,0.11196714639663696,0.6666666666666666,1.0,0.5583333333333333,0.8375
2028,0,14,8,0.13268402218818665,0.0,0.23428249995415262,0.0,0.13268402218818665,0.5714285714285714,1.0,0.5714285714285714,1.0
2028,0,16,2,0.02681317925453186,0.02321721613407135,0.05219361742967506,0.875,0.006079547107219696,1.0,0.5,0.15,0.075
2028,0,16,4,0.14707504212856293,0.0017462074756622314,0.2563774073408514,0.75,0.015631840378046036,0.75,0.75,0.2375,0.2375
2028,0,16,6,0.14707504212856293,0.0040930211544036865,0.2562998510597874,0.625,0.03314951881766319,0.6666666666666666,1.0,0.24999999999999994,0.375
2028,0,16,8,0.14707504212856293,0.0005929321050643921,0.2564154038325439,0.5,0.03923612833023071,0.5,1.0,0.26875,0.5375
2028,0,23,2,0.032642535865306854,0.026575714349746704,0.06316685229442814,0.5,0.040881356224417686,1.0,0.5,1.0,0.5
2028,0,23,4,0.13306428492069244,0.0,0.23487508465595333,0.0,0.13306428492069244,1.0,1.0,1.0,1.0
2028,0,23,6,0.13306428492069244,0.0,0.23487508465595333,0.0,0.13306428492069244,1.0,1.0,1.0,1.0
2028,0,23,8,0.13306428492069244,0.0,0.23487508465595333,0.0,0.13306428492069244,1.0,1.0,1.0,1.0
2028,0,27,2,0.01781103014945984,0.006036132574081421,0.03499497853252048,0.7142857142857143,0.019716644287109376,1.0,0.5,0.375,0.1875
2028,0,27,4,0.16906863451004028,0.0012996494770050049,0.2891820329392371,0.4285714285714286,0.05277417153120041,0.75,0.75,0.5625,0.5625
2028,0,27,6,0.16906863451004028,0.0,0.28923645630249484,0.1428571428571429,0.12627118825912476,0.6666666666666666,1.0,0.5666666666666667,0.85
2028,0,27,8,0.16906863451004028,0.0,0.28923645630249484,0.0,0.16906863451004028,0.5714285714285714,1.0,0.5714285714285714,1.0
2028,0,32,2,0.04054385423660278,0.0033621490001678467,0.07791795700524234,0.7142857142857143,0.01675290837883949,1.0,0.5,0.575,0.2875
2028,0,32,4,0.1164482831954956,0.0030274689197540283,0.20853883482119118,0.4285714285714286,0.054181984066963194,0.75,0.75,0.5875,0.5875
2028,0,32,6,0.1164482831954956,0.0,0.20860488559702492,0.1428571428571429,0.09663179516792297,0.6666666666666666,1.0,0.5499999999999999,0.825
2028,0,32,8,0.1164482831954956,0.0,0.20860488559702492,0.0,0.1164482831954956,0.5714285714285714,1.0,0.5714285714285714,1.0
2028,0,37,2,0.016873955726623535,0.037852942943573,0.03316624797892664,0.8,0.011452391743659973,1.0,0.5,0.425,0.2125
2028,0,37,4,0.11194232106208801,0.0018201470375061035,0.20130859862557976,0.6,0.027601161599159242,0.75,0.75,0.4,0.4
2028,0,37,6,0.11194232106208801,0.001399308443069458,0.20131715378310713,0.4,0.040954004228115085,0.5,0.75,0.425,0.6375
2028,0,37,8,0.11194232106208801,0.0,0.20134555352684957,0.19999999999999996,0.0889013573527336,0.5,1.0,0.40625,0.8125
2028,0,39,2,0.03475165367126465,0.002376556396484375,0.06716369757070217,0.5,0.03518567383289337,1.0,0.5,1.0,0.5
2028,0,39,4,0.03475165367126465,0.0,0.067169071048047,0.0,0.03475165367126465,1.0,1.0,1.0,1.0
2028,0,39,6,0.03475165367126465,0.0,0.067169071048047,0.0,0.03475165367126465,1.0,1.0,1.0,1.0
2028,0,39,8,0.03475165367126465,0.0,0.067169071048047,0.0,0.03475165367126465,1.0,1.0,1.0,1.0
2028,0,45,2,0.11656862497329712,0.02438889443874359,0.2082544509927726,0.8,0.008707385510206223,1.0,0.5,0.375,0.1875
2028,0,45,4,0.11656862497329712,0.020782016217708588,0.20833635491905517,0.6,0.026928786560893057,0.5,0.5,0.3625,0.3625
2028,0,45,6,0.11656862497329712,0.0017411410808563232,0.20875994579057972,0.4,0.054349980875849725,0.6666666666666666,1.0,0.375,0.5625
2028,0,45,8,0.11656862497329712,0.0,0.20879795897199757,0.19999999999999996,0.08078867867588997,0.5,1.0,0.4,0.8
2028,0,70,2,0.026809368282556534,0.027150101959705353,0.05218076214338121,0.7142857142857143,0.023872068896889687,0.5,0.25,0.575,0.2875
2028,0,70,4,0.11173567175865173,0.0031861141324043274,0.20094666655095986,0.4285714285714286,0.04591626115143299,0.75,0.75,0.5125,0.5125
2028,0,70,6,0.11173567175865173,0.0,0.2010112198377108,0.1428571428571429,0.08868010547012091,0.6666666666666666,1.0,0.5499999999999999,0.825
2028,0,70,8,0.11173567175865173,0.0,0.2010112198377108,0.0,0.11173567175865173,0.5714285714285714,1.0,0.5714285714285714,1.0
2028,0,71,2,0.1278601735830307,0.017956212162971497,0.22626153891428055,0.8,0.03470141068100929,1.0,0.5,0.525,0.2625
2028,0,71,4,0.1278601735830307,0.000726163387298584,0.22671186398517718,0.6,0.04650589562952519,0.75,0.75,0.375,0.375
2028,0,71,6,0.1278601735830307,0.002908185124397278,0.2266555974586851,0.4,0.07394438460469246,0.5,0.75,0.4083333333333333,0.6125
2028,0,71,8,0.1278601735830307,0.0,0.22673054085567976,0.19999999999999996,0.09405842311680317,0.5,1.0,0.4,0.8
2028,0,72,2,0.09060980379581451,0.008992984890937805,0.16603837815729264,0.8,0.012164437770843506,1.0,0.5,0.375,0.1875
2028,0,72,4,0.09060980379581451,0.011108160018920898,0.1660086320618635,0.6,0.025420462340116502,0.5,0.5,0.4125,0.4125
2028,0,72,6,0.09060980379581451,0.014734059572219849,0.1659573682707847,0.4,0.041822359710931775,0.5,0.75,0.39999999999999997,0.6
2028,0,72,8,0.09060980379581451,0.0,0.16616356002018592,0.19999999999999996,0.06473144888877869,0.5,1.0,0.39375,0.7875
2028,0,73,2,0.026100516319274902,0.020528823137283325,0.05084610795888415,0.8461538461538461,0.01586812287569046,1.0,0.5,0.3,0.15
2028,0,73,4,0.07031574845314026,0.002315610647201538,0.13137250094644348,0.6923076923076923,0.035123713314533234,0.75,0.75,0.3125,0.3125
2028,0,73,6,0.07031574845314026,0.00011798739433288574,0.13139151405370267,0.5384615384615384,0.03289824873209,0.6666666666666666,1.0,0.27499999999999997,0.4125
2028,0,73,8,0.07031574845314026,0.0012131035327911377,0.13138204924282693,0.3846153846153846,0.04713921993970871,0.5,1.0,0.2625,0.525
2028,0,82,2,0.028073899447917938,0.027808047831058502,0.05457193018265762,0.5,0.03851983025670051,1.0,0.5,1.0,0.5
2028,0,82,4,0.11119452118873596,0.0,0.20013511418285623,0.0,0.11119452118873596,1.0,1.0,1.0,1.0
2028,0,82,6,0.11119452118873596,0.0,0.20013511418285623,0.0,0.11119452118873596,1.0,1.0,1.0,1.0
2028,0,82,8,0.11119452118873596,0.0,0.20013511418285623,0.0,0.11119452118873596,1.0,1.0,1.0,1.0
2028,0,84,2,0.08721393346786499,0.011098295450210571,0.16029133751041855,0.7142857142857143,0.02621733918786049,1.0,0.5,0.525,0.2625
2028,0,84,4,0.08721393346786499,0.015298217535018921,0.16023594852670145,0.4285714285714286,0.04270976334810257,0.75,0.75,0.5625,0.5625
2028,0,84,6,0.08721393346786499,0.0,0.16043564340585742,0.1428571428571429,0.07736129686236382,0.6666666666666666,1.0,0.5833333333333333,0.875
2028,0,84,8,0.08721393346786499,0.0,0.16043564340585742,0.0,0.08721393346786499,0.5714285714285714,1.0,0.5714285714285714,1.0
2028,0,86,2,0.03683079779148102,0.020256809890270233,0.0709928126274635,0.7142857142857143,0.019880183786153794,1.0,0.5,0.7,0.35
2028,0,86,4,0.12100368738174438,0.0017494559288024902,0.21584371694828128,0.4285714285714286,0.06166626438498497,0.75,0.75,0.6125,0.6125
2028,0,86,6,0.12100368738174438,0.0,0.21588454836284235,0.1428571428571429,0.09750633239746094,0.6666666666666666,1.0,0.5833333333333333,0.875
2028,0,86,8,0.12100368738174438,0.0,0.21588454836284235,0.0,0.12100368738174438,0.5714285714285714,1.0,0.5714285714285714,1.0
2028,0,87,2,0.011824041604995728,0.015894129872322083,0.023367324577823378,0.875,0.0061760470271110535,1.0,0.5,0.3,0.15
2028,0,87,4,0.011778920888900757,0.015894129872322083,0.023279209191866837,0.75,0.012665174156427383,0.5,0.5,0.2875,0.2875
2028,0,87,6,0.007209122180938721,0.015894129872322083,0.01431339082284507,0.625,0.016693203151226042,0.3333333333333333,0.5,0.23333333333333334,0.35
2028,0,87,8,0.055296629667282104,0.014338240027427673,0.10471844765526463,0.5,0.03202986903488636,0.375,0.75,0.26875,0.5375
2028,0,88,2,0.01100197434425354,0.025801315903663635,0.02175822526468557,0.8,0.007702648639678955,1.0,0.5,0.3,0.15
2028,0,88,4,0.1131746917963028,0.00808541476726532,0.203168431375563,0.6,0.028677364438772203,0.75,0.75,0.4,0.4
2028,0,88,6,0.1131746917963028,0.005169868469238281,0.20322942852828135,0.4,0.05204552933573723,0.5,0.75,0.4083333333333332,0.6125
2028,0,88,8,0.1131746917963028,0.0,0.20333680352304015,0.19999999999999996,0.08493333235383034,0.5,1.0,0.3875,0.775
2028,0,98,2,0.079442597925663,0.031987514346838,0.1468347958597284,0.8,0.010753697156906128,1.0,0.5,0.475,0.2375
2028,0,98,4,0.079442597925663,0.0010321363806724548,0.14718069818512775,0.6,0.018689981289207937,1.0,1.0,0.4125,0.4125
2028,0,98,6,0.079442597925663,0.00013340264558792114,0.14719044444407822,0.4,0.03505205698311329,0.6666666666666666,1.0,0.425,0.6375
2028,0,98,8,0.079442597925663,0.0,0.14719188973702868,0.19999999999999996,0.06431023720651866,0.5,1.0,0.40625,0.8125
2028,0,99,2,0.024409502744674683,0.0158577561378479,0.04763746210053094,0.8,0.020448675751686095,1.0,0.5,0.575,0.2875
2028,0,99,4,0.024409502744674683,0.00929713249206543,0.047645098360045025,0.6,0.017062656581401825,0.5,0.5,0.45,0.45
2028,0,99,6,0.12879163026809692,0.004434376955032349,0.2280778982890298,0.4,0.05253662317991257,0.5,0.75,0.4083333333333333,0.6125
2028,0,99,8,0.12879163026809692,0.0,0.2281938079882961,0.19999999999999996,0.07412216961383819,0.5,1.0,0.39375,0.7875
2028,0,101,2,0.09515991806983948,0.015258759260177612,0.17354902349041754,0.5,0.024026963114738464,1.0,0.5,1.0,0.5
2028,0,101,4,0.09515991806983948,0.0,0.1737826896323118,0.0,0.09515991806983948,1.0,1.0,1.0,1.0
2028,0,101,6,0.09515991806983948,0.0,0.1737826896323118,0.0,0.09515991806983948,1.0,1.0,1.0,1.0
2028,0,101,8,0.09515991806983948,0.0,0.1737826896323118,0.0,0.09515991806983948,1.0,1.0,1.0,1.0
2028,0,102,2,0.03456023335456848,0.04959481954574585,0.06669518413012032,0.8,0.033386650308966634,1.0,0.5,0.475,0.2375
2028,0,102,4,0.13988718390464783,0.001519620418548584,0.24539456843966662,0.6,0.043032603338360786,1.0,1.0,0.45,0.45
2028,0,102,6,0.13988718390464783,0.0007011890411376953,0.24541926809949394,0.4,0.0795862264931202,0.6666666666666666,1.0,0.425,0.6375
2028,0,102,8,0.13988718390464783,0.0,0.24544040126053293,0.19999999999999996,0.10718237832188607,0.5,1.0,0.4125,0.825
2028,0,123,2,0.00047004222869873047,0.03671783208847046,0.0009396259584297066,0.8461538461538461,0.002699422836303711,0.5,0.25,0.175,0.0875
2028,0,123,4,0.0015259981155395508,0.03671783208847046,0.0030471690118854264,0.6923076923076923,0.005667740106582641,0.25,0.25,0.275,0.275
2028,0,123,6,0.015152037143707275,0.0035614371299743652,0.02985016688732371,0.5384615384615384,0.014188006520271301,0.5,0.75,0.3583333333333333,0.5375
2028,0,123,8,0.03671783208847046,0.002370595932006836,0.07082880422479006,0.3846153846153846,0.02105449140071869,0.5,1.0,0.30625,0.6125
2028,0,124,2,0.041009604930877686,0.06402736902236938,0.07857638841675181,0.8,0.022576235234737396,0.5,0.25,0.425,0.2125
2028,0,124,4,0.0706402063369751,0.01799614727497101,0.13179945145373115,0.6,0.03728545606136322,0.75,0.75,0.3875,0.3875
2028,0,124,6,0.0706402063369751,0.0016114413738250732,0.1319447635036448,0.4,0.05137879550457001,0.6666666666666666,1.0,0.4083333333333333,0.6125
2028,0,124,8,0.0706402063369751,0.0,0.13195881477057417,0.19999999999999996,0.06343500465154647,0.5,1.0,0.43125,0.8625
2028,0,131,2,0.042293399572372437,0.032671526074409485,0.08104342970249802,0.8,0.020669060945510864,1.0,0.5,0.4,0.2
2028,0,131,4,0.12996625900268555,0.009923800826072693,0.22977075341181913,0.6,0.026996248215436936,0.75,0.75,0.375,0.375
2028,0,131,6,0.12996625900268555,0.004297725856304169,0.22992150147292864,0.4,0.08124298229813576,0.6666666666666666,1.0,0.4333333333333333,0.65
2028,0,131,8,0.12996625900268555,0.0,0.23003564569688034,0.19999999999999996,0.08292325213551521,0.5,1.0,0.36875,0.7375
2028,0,135,2,0.04522973299026489,0.055272266268730164,0.08632650307022305,0.8461538461538461,0.014004149287939072,1.0,0.5,0.3,0.15
2028,0,135,4,0.04522973299026489,0.04835546016693115,0.08635517960833408,0.6923076923076923,0.038549049943685534,0.5,0.5,0.3625,0.3625
2028,0,135,6,0.04522973299026489,0.04058323800563812,0.0863869314988324,0.5384615384615384,0.060300000756978986,0.3333333333333333,0.5,0.29166666666666663,0.4375
2028,0,135,8,0.15582619607448578,0.0004340857267379761,0.2696202488348965,0.3846153846153846,0.0790299765765667,0.375,0.75,0.325,0.65
2028,0,139,2,0.036268025636672974,0.03313417732715607,0.06991353048850944,0.5,0.04634435847401619,1.0,0.5,1.0,0.5
2028,0,139,4,0.0961160957813263,0.0,0.17537575837313737,0.0,0.0961160957813263,1.0,1.0,1.0,1.0
2028,0,139,6,0.0961160957813263,0.0,0.17537575837313737,0.0,0.0961160957813263,1.0,1.0,1.0,1.0
2028,0,139,8,0.0961160957813263,0.0,0.17537575837313737,0.0,0.0961160957813263,1.0,1.0,1.0,1.0
2028,0,142,2,0.033111125230789185,0.04422523081302643,0.06400491351656205,0.7142857142857143,0.02802460305392742,1.0,0.5,0.55,0.275
2028,0,142,4,0.02825462818145752,0.03643888980150223,0.05489943312099632,0.4285714285714286,0.05003094710409641,0.75,0.75,0.5625,0.5625
2028,0,142,6,0.09156207740306854,0.0,0.16776339027992535,0.1428571428571429,0.08064183369278907,0.6666666666666666,1.0,0.575,0.8625
2028,0,142,8,0.09156207740306854,0.0,0.16776339027992535,0.0,0.09156207740306854,0.5714285714285714,1.0,0.5714285714285714,1.0
2028,0,145,2,0.13742759823799133,0.008028358221054077,0.24141025674469768,0.5,0.07298748791217805,1.0,0.5,1.0,0.5
2028,0,145,4,0.13742759823799133,0.0,0.2416463227213456,0.0,0.13742759823799133,1.0,1.0,1.0,1.0
2028,0,145,6,0.13742759823799133,0.0,0.2416463227213456,0.0,0.13742759823799133,1.0,1.0,1.0,1.0
2028,0,145,8,0.13742759823799133,0.0,0.2416463227213456,0.0,0.13742759823799133,1.0,1.0,1.0,1.0
2028,0,155,2,0.040801018476486206,0.06387853622436523,0.07819394032511952,0.8,0.02176821604371071,1.0,0.5,0.45,0.225
2028,0,155,4,0.10006335377693176,0.000622875988483429,0.18191257960174712,0.6,0.05453859772533178,0.75,0.75,0.4375,0.4375
2028,0,155,6,0.10006335377693176,0.0011215880513191223,0.18190431382679242,0.4,0.060549499467015266,0.6666666666666666,1.0,0.3833333333333333,0.575
2028,0,155,8,0.10006335377693176,0.0,0.1819228927740872,0.19999999999999996,0.07902090325951576,0.5,1.0,0.3875,0.775
2028,0,160,2,0.011288940906524658,0.02936992049217224,0.022318308092321864,0.7142857142857143,0.019083921611309052,1.0,0.5,0.55,0.275
2028,0,160,4,0.08648455142974854,0.002378493547439575,0.15917049416872853,0.4285714285714286,0.04582218825817108,1.0,1.0,0.5875,0.5875
2028,0,160,6,0.08648455142974854,0.0,0.15920070159477198,0.1428571428571429,0.07478438466787338,0.6666666666666666,1.0,0.5916666666666666,0.8875
2028,0,160,8,0.08648455142974854,0.0,0.15920070159477198,0.0,0.08648455142974854,0.5714285714285714,1.0,0.5714285714285714,1.0
2028,0,161,2,0.022523298859596252,0.023860260844230652,0.04403064144123345,0.8,0.01066194623708725,1.0,0.5,0.375,0.1875
2028,0,161,4,0.13665971159934998,0.009610861539840698,0.2401782212473712,0.6,0.030937943793833255,0.75,0.75,0.4375,0.4375
2028,0,161,6,0.13665971159934998,0.00445123016834259,0.24032925030967,0.4,0.05597892552614212,0.5,0.75,0.3833333333333333,0.575
2028,0,161,8,0.13665971159934998,0.0,0.24045844187978013,0.19999999999999996,0.08133185487240553,0.5,1.0,0.3875,0.775
2028,0,163,2,0.021265491843223572,0.02353304624557495,0.04162448586665674,0.7142857142857143,0.0228579331189394,1.0,0.5,0.625,0.3125
2028,0,163,4,0.11908665299415588,0.0009008347988128662,0.2128078780056202,0.4285714285714286,0.03625425100326538,0.75,0.75,0.5625,0.5625
2028,0,163,6,0.11908665299415588,0.0,0.21282829649613874,0.1428571428571429,0.09976463131606579,0.6666666666666666,1.0,0.5999999999999999,0.9
2028,0,163,8,0.11908665299415588,0.0,0.21282829649613874,0.0,0.11908665299415588,0.5714285714285714,1.0,0.5714285714285714,1.0
2028,0,171,2,0.11599969863891602,0.003929153084754944,0.2077996194164122,0.7142857142857143,0.021482424437999727,1.0,0.5,0.6,0.3
2028,0,171,4,0.11599969863891602,0.0014611035585403442,0.20785320773587374,0.4285714285714286,0.04725918471813202,0.75,0.75,0.6375,0.6375
2028,0,171,6,0.11599969863891602,0.0,0.2078848207224256,0.1428571428571429,0.09085752442479134,0.6666666666666666,1.0,0.5916666666666666,0.8875
2028,0,171,8,0.11599969863891602,0.0,0.2078848207224256,0.0,0.11599969863891602,0.5714285714285714,1.0,0.5714285714285714,1.0
2028,0,173,2,0.03533318638801575,0.030633538961410522,0.06818118416562848,0.5,0.0364023819565773,1.0,0.5,1.0,0.5
2028,0,173,4,0.07273203134536743,0.0,0.13560149081061842,0.0,0.07273203134536743,1.0,1.0,1.0,1.0
2028,0,173,6,0.07273203134536743,0.0,0.13560149081061842,0.0,0.07273203134536743,1.0,1.0,1.0,1.0
2028,0,173,8,0.07273203134536743,0.0,0.13560149081061842,0.0,0.07273203134536743,1.0,1.0,1.0,1.0
2028,0,177,2,0.010853022336959839,0.001403212547302246,0.02147267379662744,0.8461538461538461,0.005033360421657562,1.0,0.5,0.3,0.15
2028,0,177,4,0.052031010389328,0.0057527124881744385,0.09888705720048549,0.6923076923076923,0.009111250936985015,1.0,1.0,0.3375,0.3375
2028,0,177,6,0.052031010389328,0.004597276449203491,0.09889276576153791,0.5384615384615384,0.024603380262851714,0.6666666666666666,1.0,0.3583333333333333,0.5375
2028,0,177,8,0.052031010389328,0.004717022180557251,0.0988921747294028,0.3846153846153846,0.022959153354167938,0.5,1.0,0.2875,0.575
2028,0,181,2,0.09579624980688095,0.009950578212738037,0.17468968972625812,0.5,0.035653728619217874,1.0,0.5,1.0,0.5
2028,0,181,4,0.09579624980688095,0.0,0.17484317878212072,0.0,0.09579624980688095,1.0,1.0,1.0,1.0
2028,0,181,6,0.09579624980688095,0.0,0.17484317878212072,0.0,0.09579624980688095,1.0,1.0,1.0,1.0
2028,0,181,8,0.09579624980688095,0.0,0.17484317878212072,0.0,0.09579624980688095,1.0,1.0,1.0,1.0
2028,0,182,2,0.0324246883392334,0.02574675902724266,0.06276060452347386,0.8461538461538461,0.00923781879246235,1.0,0.5,0.275,0.1375
2028,0,182,4,0.033838167786598206,0.02574675902724266,0.06540467332272028,0.6923076923076923,0.016700469143688678,0.5,0.5,0.25,0.25
2028,0,182,6,0.03535086661577225,0.02574675902724266,0.06822614153952766,0.5384615384615384,0.032940450869500634,0.3333333333333333,0.5,0.3166666666666666,0.475
2028,0,182,8,0.10683383792638779,0.0021852701902389526,0.1930032414626196,0.3846153846153846,0.05305336806923151,0.375,0.75,0.3125,0.625
2028,0,190,2,0.12477654218673706,0.06772732734680176,0.22009525920979686,0.8,0.0481080736964941,1.0,0.5,0.325,0.1625
2028,0,190,4,0.12372517585754395,0.0792899802327156,0.21813705548549792,0.6,0.05593013614416122,0.75,0.75,0.3625,0.3625
2028,0,190,6,0.1512187421321869,0.0021625012159347534,0.26263593729430257,0.4,0.09633227325975895,0.6666666666666666,1.0,0.375,0.5625
2028,0,190,8,0.1512187421321869,0.0,0.26271070231555255,0.19999999999999996,0.12914711162447928,0.5,1.0,0.4,0.8
2028,0,204,2,0.0975547805428505,0.00865587592124939,0.1776296367945274,0.875,0.0038341179490089415,1.0,0.5,0.175,0.0875
2028,0,204,4,0.0975547805428505,0.01030442863702774,0.1776031327086825,0.75,0.01136975660920143,0.75,0.75,0.225,0.225
2028,0,204,6,0.0975547805428505,0.009113341569900513,0.1776222900833329,0.625,0.018732767179608346,0.5,0.75,0.24999999999999994,0.375
2028,0,204,8,0.0975547805428505,0.005910813808441162,0.17767359203943203,0.5,0.025954192876815795,0.375,0.75,0.21875,0.4375
2028,0,220,2,0.11498002707958221,0.015283748507499695,0.20591631247370978,0.7142857142857143,0.023332830145955087,1.0,0.5,0.55,0.275
2028,0,220,4,0.11498002707958221,0.004539117217063904,0.20614895982752948,0.4285714285714286,0.04469486139714718,0.75,0.75,0.5,0.5
2028,0,220,6,0.11498002707958221,0.0,0.20624589550853983,0.1428571428571429,0.09640750363469124,0.6666666666666666,1.0,0.5916666666666666,0.8875
2028,0,220,8,0.11498002707958221,0.0,0.20624589550853983,0.0,0.11498002707958221,0.5714285714285714,1.0,0.5714285714285714,1.0
2028,0,223,2,0.025498516857624054,0.021606337279081345,0.04970172655943084,0.8,0.011967555060982705,1.0,0.5,0.375,0.1875
2028,0,223,4,0.029392004013061523,0.019747450947761536,0.05707273271189284,0.6,0.022535491548478604,0.75,0.75,0.3875,0.3875
2028,0,223,6,0.10806683450937271,0.00035115331411361694,0.19504804042445711,0.4,0.0407482760027051,0.6666666666666666,1.0,0.36666666666666664,0.55
2028,0,223,8,0.10806683450937271,0.0,0.19505472259211204,0.19999999999999996,0.07740196343511344,0.5,1.0,0.39375,0.7875
2028,0,224,2,0.09742718189954758,0.013409130275249481,0.17734163740369135,0.875,0.0037703078240156175,1.0,0.5,0.275,0.1375
2028,0,224,4,0.09742718189954758,0.009111016988754272,0.17741080083655186,0.75,0.01309517715126276,0.5,0.5,0.2625,0.2625
2028,0,224,6,0.09742718189954758,0.003549516201019287,0.17749948752629713,0.625,0.0108100987970829,0.5,0.75,0.175,0.2625
2028,0,224,8,0.09742718189954758,0.0017926916480064392,0.17752731566882263,0.5,0.018296195566654204,0.5,1.0,0.2375,0.475
2028,0,243,2,0.031327009201049805,0.04370638728141785,0.060666653043982326,0.5,0.03507973998785019,1.0,0.5,1.0,0.5
2028,0,243,4,0.04370638728141785,0.0,0.08375226560654009,0.0,0.04370638728141785,1.0,1.0,1.0,1.0
2028,0,243,6,0.04370638728141785,0.0,0.08375226560654009,0.0,0.04370638728141785,1.0,1.0,1.0,1.0
2028,0,243,8,0.04370638728141785,0.0,0.08375226560654009,0.0,0.04370638728141785,1.0,1.0,1.0,1.0
2028,0,244,2,0.03880669176578522,0.03550924360752106,0.07461136388411867,0.5,0.05014732480049133,1.0,0.5,1.0,0.5
2028,0,244,4,0.16109947860240936,0.0,0.27749470492626754,0.0,0.16109947860240936,1.0,1.0,1.0,1.0
2028,0,244,6,0.16109947860240936,0.0,0.27749470492626754,0.0,0.16109947860240936,1.0,1.0,1.0,1.0
2028,0,244,8,0.16109947860240936,0.0,0.27749470492626754,0.0,0.16109947860240936,1.0,1.0,1.0,1.0
2028,0,255,2,0.003691047430038452,0.002419710159301758,0.007354881794799455,0.5,0.016080889105796813,1.0,0.5,1.0,0.5
2028,0,255,4,0.17355501651763916,0.0,0.2957765321180075,0.0,0.17355501651763916,1.0,1.0,1.0,1.0
2028,0,255,6,0.17355501651763916,0.0,0.2957765321180075,0.0,0.17355501651763916,1.0,1.0,1.0,1.0
2028,0,255,8,0.17355501651763916,0.0,0.2957765321180075,0.0,0.17355501651763916,1.0,1.0,1.0,1.0
2028,0,259,2,0.020423471927642822,0.02863151580095291,0.040005803325757226,0.8,0.014043833501636982,1.0,0.5,0.425,0.2125
2028,0,259,4,0.09493958204984665,0.0028047077357769012,0.17337291665390847,0.6,0.023066365346312522,0.75,0.75,0.425,0.425
2028,0,259,6,0.09493958204984665,0.001227501779794693,0.17339671976649362,0.4,0.03695630989968777,0.5,0.75,0.3333333333333333,0.5
2028,0,259,8,0.09493958204984665,0.0,0.17341519770818653,0.19999999999999996,0.07000045776367188,0.5,1.0,0.40625,0.8125
2028,0,265,2,0.006487712264060974,0.01700057089328766,0.012890349323682326,0.5,0.03363872841000557,1.0,0.5,1.0,0.5
2028,0,265,4,0.09917716681957245,0.0,0.1804571088508649,0.0,0.09917716681957245,1.0,1.0,1.0,1.0
2028,0,265,6,0.09917716681957245,0.0,0.1804571088508649,0.0,0.09917716681957245,1.0,1.0,1.0,1.0
2028,0,265,8,0.09917716681957245,0.0,0.1804571088508649,0.0,0.09917716681957245,1.0,1.0,1.0,1.0
2028,0,267,2,0.0769990086555481,0.025093182921409607,0.14272543531964396,0.8461538461538461,0.012138088047504426,1.0,0.5,0.325,0.1625
2028,0,267,4,0.0769990086555481,0.0016524717211723328,0.1429711582841647,0.6923076923076923,0.021879980340600014,0.75,0.75,0.2625,0.2625
2028,0,267,6,0.0769990086555481,0.0011301040649414062,0.1429765121655539,0.5384615384615384,0.038474681228399275,0.5,0.75,0.29999999999999993,0.45
2028,0,267,8,0.0769990086555481,0.0012479275465011597,0.14297530501630618,0.3846153846153846,0.04090138860046864,0.5,1.0,0.3125,0.625
2028,0,274,2,0.04535093903541565,0.04816213250160217,0.0865768665225308,0.7142857142857143,0.0279258631169796,1.0,0.5,0.525,0.2625
2028,0,274,4,0.05497103929519653,0.0296076238155365,0.10404794366110959,0.4285714285714286,0.05458260700106621,0.75,0.75,0.65,0.65
2028,0,274,6,0.04832640290260315,0.0,0.09219724461541204,0.1428571428571429,0.05624842941761017,0.6666666666666666,1.0,0.5583333333333332,0.8375
2028,0,274,8,0.04832640290260315,0.0,0.09219724461541204,0.0,0.04832640290260315,0.5714285714285714,1.0,0.5714285714285714,1.0
2028,0,275,2,0.13377445936203003,0.01526874303817749,0.2355497868172153,0.5,0.022678330540657043,1.0,0.5,1.0,0.5
2028,0,275,4,0.13377445936203003,0.0,0.23598072483887905,0.0,0.13377445936203003,1.0,1.0,1.0,1.0
2028,0,275,6,0.13377445936203003,0.0,0.23598072483887905,0.0,0.13377445936203003,1.0,1.0,1.0,1.0
2028,0,275,8,0.13377445936203003,0.0,0.23598072483887905,0.0,0.13377445936203003,1.0,1.0,1.0,1.0
2028,0,277,2,0.03959226608276367,0.027245238423347473,0.07608767409069783,0.7142857142857143,0.026252324134111403,1.0,0.5,0.625,0.3125
2028,0,277,4,0.11183284223079681,0.004614472389221191,0.20107468535595602,0.4285714285714286,0.05791129022836685,0.75,0.75,0.55,0.55
2028,0,277,6,0.11183284223079681,0.0,0.20116844544079818,0.1428571428571429,0.09619295969605446,0.6666666666666666,1.0,0.5833333333333333,0.875
2028,0,277,8,0.11183284223079681,0.0,0.20116844544079818,0.0,0.11183284223079681,0.5714285714285714,1.0,0.5714285714285714,1.0
2028,0,278,2,0.00997723639011383,0.10209912061691284,0.019735180687479214,0.7142857142857143,0.028209247440099717,0.5,0.25,0.6,0.3
2028,0,278,4,0.10209912061691284,0.005220323801040649,0.18519116322118215,0.4285714285714286,0.061390271037817,0.75,0.75,0.575,0.575
2028,0,278,6,0.10209912061691284,0.0,0.18528119423552694,0.1428571428571429,0.09618298076093197,0.6666666666666666,1.0,0.5999999999999999,0.9
2028,0,278,8,0.10209912061691284,0.0,0.18528119423552694,0.0,0.10209912061691284,0.5714285714285714,1.0,0.5714285714285714,1.0
2028,0,282,2,0.057325541973114014,0.04638183116912842,0.1081497966294539,0.875,0.018525301665067672,1.0,0.5,0.275,0.1375
2028,0,282,4,0.05857941508293152,0.04638183116912842,0.11037843881541182,0.75,0.0317064218223095,0.5,0.5,0.2375,0.2375
2028,0,282,6,0.06305849552154541,0.04132150113582611,0.11833343445408544,0.625,0.03719303533434868,0.5,0.75,0.2333333333333333,0.35
2028,0,282,8,0.12343347072601318,0.0005971044301986694,0.21972884341244855,0.5,0.06699350699782372,0.5,1.0,0.28125,0.5625
2028,0,283,2,0.06304416805505753,0.03967282921075821,0.11832074095693665,0.8181818181818181,0.010626765340566635,1.0,0.5,0.2,0.1
2028,0,283,4,0.14659639447927475,0.004443138837814331,0.25556123160287125,0.6363636363636364,0.03728377856314182,0.75,0.75,0.4,0.4
2028,0,283,6,0.14659639447927475,0.0007734522223472595,0.25568175286078504,0.4545454545454546,0.046132168546319005,0.5,0.75,0.3166666666666666,0.475
2028,0,283,8,0.14659639447927475,0.0,0.25570705644134056,0.2727272727272727,0.08684748820960522,0.5,1.0,0.35,0.7
2028,0,302,2,0.005020216107368469,0.016141921281814575,0.009989460179256825,0.7142857142857143,0.008671211451292038,1.0,0.5,0.55,0.275
2028,0,302,4,0.004202947020530701,0.011429935693740845,0.008370307328981507,0.4285714285714286,0.03598432615399361,0.75,0.75,0.5125,0.5125
2028,0,302,6,0.11012087762355804,0.0,0.1983943908149794,0.1428571428571429,0.09222641810774804,0.6666666666666666,1.0,0.5833333333333333,0.875
2028,0,302,8,0.11012087762355804,0.0,0.1983943908149794,0.0,0.11012087762355804,0.5714285714285714,1.0,0.5714285714285714,1.0
2028,0,309,2,0.01174260675907135,0.015031576156616211,0.0232085258739519,0.875,0.003189507871866226,0.5,0.25,0.2,0.1
2028,0,309,4,0.008761972188949585,0.000567123293876648,0.01737164810952592,0.75,0.009011069685220719,0.5,0.5,0.225,0.225
2028,0,309,6,0.08320397138595581,0.019799530506134033,0.15338768333295874,0.625,0.02595473825931549,0.5,0.75,0.2833333333333333,0.425
2028,0,309,8,0.08320397138595581,0.0001551210880279541,0.15362384563263562,0.5,0.04102204218506813,0.5,1.0,0.2875,0.575
2028,0,314,2,0.13213736563920975,0.009426817297935486,0.23317092910275355,0.8,0.02151399813592434,1.0,0.5,0.55,0.275
2028,0,314,4,0.13213736563920975,0.008148901164531708,0.23320629250003636,0.6,0.04128554537892341,0.75,0.75,0.375,0.375
2028,0,314,6,0.13213736563920975,0.002858281135559082,0.23335184669184364,0.4,0.05888400450348854,0.6666666666666666,1.0,0.41666666666666663,0.625
2028,0,314,8,0.13213736563920975,0.0,0.23342991698645052,0.19999999999999996,0.08719654344022273,0.5,1.0,0.3875,0.775
2028,0,320,2,0.020106256008148193,0.025545701384544373,0.03939956698487356,0.7142857142857143,0.01475248709321022,1.0,0.5,0.475,0.2375
2028,0,320,4,0.13246378302574158,0.001055195927619934,0.23391020589780948,0.4285714285714286,0.059457816928625104,1.0,1.0,0.5875,0.5875
2028,0,320,6,0.13246378302574158,0.0,0.2339391069475475,0.1428571428571429,0.11999738663434982,0.6666666666666666,1.0,0.5999999999999999,0.9
2028,0,320,8,0.13246378302574158,0.0,0.2339391069475475,0.0,0.13246378302574158,0.5714285714285714,1.0,0.5714285714285714,1.0
2028,0,326,2,0.12043993175029755,0.033963702619075775,0.2141774345452638,0.8461538461538461,0.010303953289985656,1.0,0.5,0.225,0.1125
2028,0,326,4,0.12043993175029755,0.019362911581993103,0.2145315211152476,0.6923076923076923,0.01606113389134407,0.5,0.5,0.2625,0.2625
2028,0,326,6,0.12043993175029755,0.014430433511734009,0.2146490269967164,0.5384615384615384,0.02265171557664871,0.5,0.75,0.2833333333333333,0.425
2028,0,326,8,0.12043993175029755,0.0009463280439376831,0.2149649728536251,0.3846153846153846,0.05097872391343117,0.5,1.0,0.30625,0.6125
2028,0,329,2,0.07470689341425896,0.015285152941942215,0.13887762410804882,0.8,0.014185903873294593,1.0,0.5,0.475,0.2375
2028,0,329,4,0.07470689341425896,0.010883968323469162,0.13892121369068458,0.6,0.017743266467005015,0.5,0.5,0.3625,0.3625
2028,0,329,6,0.07470689341425896,0.0007025822997093201,0.13902068157586275,0.4,0.038438867498189214,0.6666666666666666,1.0,0.35,0.525
2028,0,329,8,0.07470689341425896,0.0,0.1390274759975179,0.19999999999999996,0.055492985900491475,0.5,1.0,0.41875,0.8375
2028,0,331,2,0.008341386914253235,0.10926102101802826,0.016527996261800477,0.8,0.017313725501298904,0.5,0.25,0.425,0.2125
2028,0,331,4,0.004936888813972473,0.10926102101802826,0.009819354209746792,0.6,0.042753379046916964,0.25,0.25,0.3875,0.3875
2028,0,331,6,0.10926102101802826,0.009262904524803162,0.1968166035722889,0.4,0.07552741840481758,0.5,0.75,0.4666666666666666,0.7
2028,0,331,8,0.10926102101802826,0.0,0.19699785523474642,0.19999999999999996,0.07678208500146866,0.5,1.0,0.4125,0.825
2028,0,334,2,0.022369220852851868,0.031029820442199707,0.04372893468650045,0.8,0.01624724641442299,1.0,0.5,0.45,0.225
2028,0,334,4,0.13636162877082825,0.0036939680576324463,0.23989016016281026,0.6,0.032443726807832717,0.75,0.75,0.4,0.4
2028,0,334,6,0.13636162877082825,0.0015530884265899658,0.2399521016330261,0.4,0.04216022938489914,0.6666666666666666,1.0,0.3833333333333333,0.575
2028,0,334,8,0.13636162877082825,0.0,0.23999689063476554,0.19999999999999996,0.1092722587287426,0.5,1.0,0.425,0.85
2028,0,340,2,0.02641928195953369,0.0005998611450195312,0.0514777426183688,0.8,0.014692147076129914,1.0,0.5,0.475,0.2375
2028,0,340,4,0.07127949595451355,0.010854244232177734,0.1329764842588606,0.6,0.026503631472587587,0.75,0.75,0.4,0.4
2028,0,340,6,0.07127949595451355,0.012830734252929688,0.1329585904018978,0.4,0.03413314521312714,0.5,0.75,0.3833333333333333,0.575
2028,0,340,8,0.07127949595451355,0.0,0.13307357458756044,0.19999999999999996,0.04909774661064148,0.5,1.0,0.425,0.85
2028,0,342,2,0.08338978886604309,0.023245662450790405,0.15366087676708276,0.7142857142857143,0.010287339985370635,1.0,0.5,0.45,0.225
2028,0,342,4,0.08338978886604309,0.008468657732009888,0.15384122032946076,0.4285714285714286,0.040871062129735944,0.75,0.75,0.5625,0.5625
2028,0,342,6,0.08338978886604309,0.0,0.1539423570778253,0.1428571428571429,0.06678016781806946,0.6666666666666666,1.0,0.5666666666666665,0.85
2028,0,342,8,0.08338978886604309,0.0,0.1539423570778253,0.0,0.08338978886604309,0.5714285714285714,1.0,0.5714285714285714,1.0
2028,0,343,2,0.028672710061073303,0.07350994646549225,0.055623987223838045,0.8,0.01255645751953125,1.0,0.5,0.525,0.2625
2028,0,343,4,0.07350994646549225,0.0027924925088882446,0.13692626419748194,0.6,0.012712164223194123,1.0,1.0,0.4125,0.4125
2028,0,343,6,0.07350994646549225,0.003376781940460205,0.13692075310709553,0.4,0.03892052322626114,0.6666666666666666,1.0,0.3916666666666666,0.5875
2028,0,343,8,0.07350994646549225,0.0,0.13695252048203582,0.19999999999999996,0.06214096248149872,0.5,1.0,0.4,0.8
2028,0,347,2,0.014274291694164276,0.01975804567337036,0.028138825570524485,0.8,0.007041965425014496,1.0,0.5,0.425,0.2125
2028,0,347,4,0.11961358785629272,0.0050204843282699585,0.21355429050529715,0.6,0.04224584847688675,0.75,0.75,0.475,0.475
2028,0,347,6,0.11961358785629272,0.0008427053689956665,0.21365015967862103,0.4,0.03973289802670479,0.6666666666666666,1.0,0.4083333333333333,0.6125
2028,0,347,8,0.11961358785629272,0.0,0.21366941086400185,0.19999999999999996,0.06463641002774238,0.5,1.0,0.3875,0.775
2028,0,354,2,0.05047053098678589,0.04665054380893707,0.09586590003094189,0.5,0.039869369566440584,1.0,0.5,1.0,0.5
2028,0,354,4,0.12661251425743103,0.0,0.2247667457180403,0.0,0.12661251425743103,1.0,1.0,1.0,1.0
2028,0,354,6,0.12661251425743103,0.0,0.2247667457180403,0.0,0.12661251425743103,1.0,1.0,1.0,1.0
2028,0,354,8,0.12661251425743103,0.0,0.2247667457180403,0.0,0.12661251425743103,1.0,1.0,1.0,1.0
2028,0,355,2,0.027329761534929276,0.026608102023601532,0.05316676859920817,0.8,0.02226116117089987,0.5,0.25,0.4,0.2
2028,0,355,4,0.09761129319667816,0.0024688616394996643,0.17782217474830647,0.6,0.03006126042455435,0.75,0.75,0.3875,0.3875
2028,0,355,6,0.09761129319667816,0.0011792927980422974,0.1778426402479251,0.4,0.053464864008128644,0.5,0.75,0.41666666666666663,0.625
2028,0,355,8,0.09761129319667816,0.0,0.177861313566473,0.19999999999999996,0.06958686336874961,0.5,1.0,0.38125,0.7625
2028,0,362,2,0.1372220665216446,0.0020830631256103516,0.2412677634812591,0.5,0.04177419915795326,1.0,0.5,1.0,0.5
2028,0,362,4,0.1372220665216446,0.0,0.24132853303024235,0.0,0.1372220665216446,1.0,1.0,1.0,1.0
2028,0,362,6,0.1372220665216446,0.0,0.24132853303024235,0.0,0.1372220665216446,1.0,1.0,1.0,1.0
2028,0,362,8,0.1372220665216446,0.0,0.24132853303024235,0.0,0.1372220665216446,1.0,1.0,1.0,1.0
2028,0,365,2,0.03137432038784027,0.02280782163143158,0.06079666640212643,0.8,0.020587801933288574,1.0,0.5,0.525,0.2625
2028,0,365,4,0.08908118307590485,0.00019273161888122559,0.16358703078557532,0.6,0.03380726575851441,0.75,0.75,0.4,0.4
2028,0,365,6,0.08908118307590485,0.0011774078011512756,0.163573838455601,0.4,0.038657455891370776,0.5,0.75,0.4083333333333333,0.6125
2028,0,365,8,0.08908118307590485,0.0,0.16358961014148057,0.19999999999999996,0.06184143498539925,0.5,1.0,0.38125,0.7625
2028,0,371,2,0.027202069759368896,0.02867792546749115,0.05292204696559613,0.5,0.04855218380689621,1.0,0.5,1.0,0.5
2028,0,371,4,0.15661120414733887,0.0,0.27081045659209857,0.0,0.15661120414733887,1.0,1.0,1.0,1.0
2028,0,371,6,0.15661120414733887,0.0,0.27081045659209857,0.0,0.15661120414733887,1.0,1.0,1.0,1.0
2028,0,371,8,0.15661120414733887,0.0,0.27081045659209857,0.0,0.15661120414733887,1.0,1.0,1.0,1.0
2028,0,372,2,0.10139216482639313,0.01653306931257248,0.18383187558627287,0.5,0.04926680438220501,1.0,0.5,1.0,0.5
2028,0,372,4,0.10139216482639313,0.0,0.1841163721050713,0.0,0.10139216482639313,1.0,1.0,1.0,1.0
2028,0,372,6,0.10139216482639313,0.0,0.1841163721050713,0.0,0.10139216482639313,1.0,1.0,1.0,1.0
2028,0,372,8,0.10139216482639313,0.0,0.1841163721050713,0.0,0.10139216482639313,1.0,1.0,1.0,1.0
2028,0,377,2,0.005834892392158508,0.0053026676177978516,0.011601729066799776,0.8461538461538461,0.009043852239847184,1.0,0.5,0.325,0.1625
2028,0,377,4,0.11461526155471802,0.008920937776565552,0.20546869689987657,0.6923076923076923,0.021896300464868547,0.75,0.75,0.3875,0.3875
2028,0,377,6,0.11461526155471802,0.004532843828201294,0.20556262607497855,0.5384615384615384,0.02756856456398964,0.5,0.75,0.31666666666666665,0.475
2028,0,377,8,0.11461526155471802,0.0056599825620651245,0.20553857009724708,0.3846153846153846,0.03879154324531555,0.375,0.75,0.29375,0.5875
2028,0,384,2,0.10718934237957001,0.05234276503324509,0.19259436964353538,0.5,0.0621770229190588,1.0,0.5,1.0,0.5
2028,0,384,4,0.11609704792499542,0.0,0.20804113430967058,0.0,0.11609704792499542,1.0,1.0,1.0,1.0
2028,0,384,6,0.11609704792499542,0.0,0.20804113430967058,0.0,0.11609704792499542,1.0,1.0,1.0,1.0
2028,0,384,8,0.11609704792499542,0.0,0.20804113430967058,0.0,0.11609704792499542,1.0,1.0,1.0,1.0
2028,0,403,2,0.03008328378200531,0.04321395605802536,0.05833247679295408,0.8,0.010053669661283493,1.0,0.5,0.4,0.2
2028,0,403,4,0.12964976578950882,0.002262011170387268,0.22948004542546566,0.6,0.03407475985586643,0.75,0.75,0.375,0.375
2028,0,403,6,0.12964976578950882,0.001225486397743225,0.22950743639592786,0.4,0.05220716651529074,0.5,0.75,0.38333333333333336,0.575
2028,0,403,8,0.12964976578950882,0.0,0.2295397559771935,0.19999999999999996,0.06736812498420477,0.5,1.0,0.39375,0.7875
2028,0,412,2,0.13582652807235718,0.03854343295097351,0.23802664594990502,0.8461538461538461,0.020168839395046233,1.0,0.5,0.35,0.175
2028,0,412,4,0.13582652807235718,0.0025729238986968994,0.23909397905862248,0.6923076923076923,0.02410561740398407,0.75,0.75,0.3625,0.3625
2028,0,412,6,0.13582652807235718,0.002647221088409424,0.2390918443144454,0.5384615384615384,0.025968664884567262,0.6666666666666666,1.0,0.26666666666666666,0.4
2028,0,412,8,0.13582652807235718,0.0023535490036010742,0.2391002806152119,0.3846153846153846,0.059779679775238036,0.5,1.0,0.29375,0.5875
2028,0,416,2,0.09708961844444275,0.01730877161026001,0.17671940874445272,0.7142857142857143,0.01797994803637266,1.0,0.5,0.5,0.25
2028,0,416,4,0.09708961844444275,0.003081902861595154,0.176946462612398,0.4285714285714286,0.04302430395036936,0.75,0.75,0.575,0.575
2028,0,416,6,0.09708961844444275,0.0,0.17699487227325253,0.1428571428571429,0.0715685373172164,0.6666666666666666,1.0,0.5499999999999999,0.825
2028,0,416,8,0.09708961844444275,0.0,0.17699487227325253,0.0,0.09708961844444275,0.5714285714285714,1.0,0.5714285714285714,1.0
2028,0,419,2,0.1027810089290142,0.008943375200033188,0.18624665427805578,0.5,0.03754658009856939,1.0,0.5,1.0,0.5
2028,0,419,4,0.1027810089290142,0.0,0.18640329874529096,0.0,0.1027810089290142,1.0,1.0,1.0,1.0
2028,0,419,6,0.1027810089290142,0.0,0.18640329874529096,0.0,0.1027810089290142,1.0,1.0,1.0,1.0
2028,0,419,8,0.1027810089290142,0.0,0.18640329874529096,0.0,0.1027810089290142,1.0,1.0,1.0,1.0
2028,0,427,2,0.05338451266288757,0.03415462374687195,0.10117675174108863,0.8,0.02836647629737854,0.5,0.25,0.475,0.2375
2028,0,427,4,0.10291406512260437,0.022313237190246582,0.18622550821071474,0.6,0.04200856685638428,0.75,0.75,0.35,0.35
2028,0,427,6,0.10291406512260437,0.014921128749847412,0.1863586935494709,0.4,0.06287197023630142,0.5,0.75,0.425,0.6375
2028,0,427,8,0.10291406512260437,0.0,0.18662209210499828,0.19999999999999996,0.08081728592514992,0.5,1.0,0.4125,0.825
2028,0,431,2,0.0017187893390655518,0.015799343585968018,0.0034315858218083874,0.875,0.0036704711616039275,1.0,0.5,0.225,0.1125
2028,0,431,4,0.0017187893390655518,0.02166135609149933,0.00343154997676756,0.75,0.004948195070028305,0.5,0.5,0.225,0.225
2028,0,431,6,0.011024340987205505,0.01689431071281433,0.02180417453473809,0.625,0.00636177733540535,0.5,0.75,0.2166666666666667,0.325
2028,0,431,8,0.12360942363739014,0.0013338476419448853,0.21998972469779604,0.5,0.03762241378426552,0.5,1.0,0.275,0.55
2028,0,436,2,0.030474796891212463,0.03029656410217285,0.059092498286613344,0.5,0.041130215674638745,1.0,0.5,1.0,0.5
2028,0,436,4,0.10107529163360596,0.0,0.18359378763943746,0.0,0.10107529163360596,1.0,1.0,1.0,1.0
2028,0,436,6,0.10107529163360596,0.0,0.18359378763943746,0.0,0.10107529163360596,1.0,1.0,1.0,1.0
2028,0,436,8,0.10107529163360596,0.0,0.18359378763943746,0.0,0.10107529163360596,1.0,1.0,1.0,1.0
2028,0,438,2,0.10441320389509201,0.01874394714832306,0.18874272746141338,0.7142857142857143,0.027323584631085397,1.0,0.5,0.625,0.3125
2028,0,438,4,0.10441320389509201,0.0027594491839408875,0.1890341325839028,0.4285714285714286,0.039856674708426,1.0,1.0,0.5375,0.5375
2028,0,438,6,0.10441320389509201,0.0,0.18908358488805282,0.1428571428571429,0.0896868783980608,0.6666666666666666,1.0,0.5833333333333333,0.875
2028,0,438,8,0.10441320389509201,0.0,0.18908358488805282,0.0,0.10441320389509201,0.5714285714285714,1.0,0.5714285714285714,1.0
2028,0,440,2,0.05805400013923645,0.03878629207611084,0.10949488597002324,0.7142857142857143,0.02996675670146942,1.0,0.5,0.5,0.25
2028,0,440,4,0.06295055150985718,0.011203229427337646,0.11836550610932971,0.4285714285714286,0.03659734576940536,1.0,1.0,0.5,0.5
2028,0,440,6,0.06295055150985718,0.0,0.11844492939100452,0.1428571428571429,0.05156198889017105,0.6666666666666666,1.0,0.5833333333333333,0.875
2028,0,440,8,0.06295055150985718,0.0,0.11844492939100452,0.0,0.06295055150985718,0.5714285714285714,1.0,0.5714285714285714,1.0
2028,0,442,2,0.08800964057445526,0.015562385320663452,0.16157438085922343,0.5,0.019590099155902863,1.0,0.5,1.0,0.5
2028,0,442,4,0.08800964057445526,0.0,0.16178099401396348,0.0,0.08800964057445526,1.0,1.0,1.0,1.0
2028,0,442,6,0.08800964057445526,0.0,0.16178099401396348,0.0,0.08800964057445526,1.0,1.0,1.0,1.0
2028,0,442,8,0.08800964057445526,0.0,0.16178099401396348,0.0,0.08800964057445526,1.0,1.0,1.0,1.0
2028,0,443,2,0.01837058737874031,0.021669570356607437,0.03606398375460952,0.8,0.008017060533165931,0.5,0.25,0.4,0.2
2028,0,443,4,0.014936108142137527,0.01197010651230812,0.0294273610726904,0.6,0.01570186633616686,0.5,0.5,0.3875,0.3875
2028,0,443,6,0.10599863156676292,0.0006130188703536987,0.19166823086646267,0.4,0.04741553906351328,0.6666666666666666,1.0,0.39166666666666666,0.5875
2028,0,443,8,0.10599863156676292,0.0,0.19167949858419764,0.19999999999999996,0.06952543538063764,0.5,1.0,0.38125,0.7625
2028,0,446,2,0.010555565357208252,0.019328340888023376,0.020886318567897907,0.8,0.008807311952114105,1.0,0.5,0.3,0.15
2028,0,446,4,0.010555565357208252,0.02845151722431183,0.0208842301935967,0.6,0.028942132741212843,0.5,0.5,0.4125,0.4125
2028,0,446,6,0.12645094096660614,0.0008014589548110962,0.22449190044810097,0.4,0.042423409223556516,0.5,0.75,0.42499999999999993,0.6375
2028,0,446,8,0.12645094096660614,0.0,0.22451211387528114,0.19999999999999996,0.07099599838256836,0.5,1.0,0.375,0.75
2028,0,447,2,0.009544521570205688,0.0015450119972229004,0.01890829326674782,0.8461538461538461,0.0036020603030920027,1.0,0.5,0.35,0.175
2028,0,447,4,0.11740745604038239,0.008319929242134094,0.2099575218373312,0.6923076923076923,0.01171923689544201,0.75,0.75,0.3125,0.3125
2028,0,447,6,0.11740745604038239,0.0008551329374313354,0.21012370782879292,0.5384615384615384,0.035437175631523134,0.6666666666666666,1.0,0.3416666666666666,0.5125
2028,0,447,8,0.11740745604038239,0.0033548325300216675,0.21006830596365056,0.3846153846153846,0.03524806685745716,0.5,1.0,0.30625,0.6125
2028,0,448,2,0.14238154143095016,0.019313238561153412,0.24866108748290036,0.875,0.004389652237296105,1.0,0.5,0.225,0.1125
2028,0,448,4,0.14238154143095016,0.0019088461995124817,0.24921202859288175,0.75,0.03575194701552391,0.75,0.75,0.3,0.3
2028,0,448,6,0.14238154143095016,0.00201386958360672,0.24920875448040064,0.625,0.04618450626730919,0.6666666666666666,1.0,0.29166666666666663,0.4375
2028,0,448,8,0.14238154143095016,0.0002389773726463318,0.24926400598970958,0.5,0.04066208228468895,0.5,1.0,0.225,0.45
2028,0,455,2,0.010313600301742554,0.011762920767068863,0.020414151124146365,0.5,0.0271215183660388,1.0,0.5,1.0,0.5
2028,0,455,4,0.1315610259771347,0.0,0.23253014721592777,0.0,0.1315610259771347,1.0,1.0,1.0,1.0
2028,0,455,6,0.1315610259771347,0.0,0.23253014721592777,0.0,0.1315610259771347,1.0,1.0,1.0,1.0
2028,0,455,8,0.1315610259771347,0.0,0.23253014721592777,0.0,0.1315610259771347,1.0,1.0,1.0,1.0
2028,0,458,2,0.025694414973258972,0.019513096660375595,0.05007653573313495,0.8,0.015882728062570094,1.0,0.5,0.5,0.25
2028,0,458,4,0.021003790199756622,0.019513096660375595,0.041126575302608576,0.6,0.011439399048686027,0.5,0.5,0.325,0.325
2028,0,458,6,0.1014217883348465,0.002282463014125824,0.18412642423583403,0.4,0.03833644166588783,0.5,0.75,0.3916666666666666,0.5875
2028,0,458,8,0.1014217883348465,0.0,0.18416521156382454,0.19999999999999996,0.06252825614064932,0.5,1.0,0.40625,0.8125
2028,0,462,2,0.11639033257961273,0.02342306077480316,0.20799179934877302,0.8461538461538461,0.003338436782360077,1.0,0.5,0.275,0.1375
2028,0,462,4,0.11639033257961273,0.020037680864334106,0.20806834381481384,0.6923076923076923,0.006466098129749298,0.5,0.5,0.275,0.275
2028,0,462,6,0.11639033257961273,0.0016403347253799438,0.20847618515192562,0.5384615384615384,0.03227856531739235,0.6666666666666666,1.0,0.35,0.525
2028,0,462,8,0.11639033257961273,0.0010309070348739624,0.2084894650173937,0.3846153846153846,0.051753999292850496,0.5,1.0,0.29375,0.5875
2028,0,463,2,0.09013240039348602,0.052219465374946594,0.16461059834551856,0.7142857142857143,0.015879484266042708,1.0,0.5,0.5,0.25
2028,0,463,4,0.09013240039348602,0.013356789946556091,0.16517558531464205,0.4285714285714286,0.04796539917588234,0.75,0.75,0.5875,0.5875
2028,0,463,6,0.09013240039348602,0.0,0.16536046513423966,0.1428571428571429,0.08429243341088295,0.6666666666666666,1.0,0.5833333333333333,0.875
2028,0,463,8,0.09013240039348602,0.0,0.16536046513423966,0.0,0.09013240039348602,0.5714285714285714,1.0,0.5714285714285714,1.0
2028,0,465,2,0.04052156209945679,0.02243173122406006,0.0778174815391332,0.8,0.028020122647285463,1.0,0.5,0.4,0.2
2028,0,465,4,0.04052156209945679,0.014751136302947998,0.07784163397520172,0.6,0.026415699720382692,0.5,0.5,0.35,0.35
2028,0,465,6,0.04052156209945679,0.001094520092010498,0.0778836970748916,0.4,0.03454703092575073,0.5,0.75,0.4083333333333333,0.6125
2028,0,465,8,0.04052156209945679,0.0,0.07788702046250069,0.19999999999999996,0.040509702265262605,0.5,1.0,0.44375,0.8875
2028,0,469,2,0.031756691634655,0.020775340497493744,0.06151831686686013,0.8,0.013216017931699752,1.0,0.5,0.45,0.225
2028,0,469,4,0.028284840285778046,0.021141767501831055,0.054980964506061,0.6,0.026218808814883234,0.75,0.75,0.375,0.375
2028,0,469,6,0.11047719419002533,0.00012823939323425293,0.19896992956037393,0.4,0.056008904799818994,0.6666666666666666,1.0,0.45,0.675
2028,0,469,8,0.11047719419002533,0.0,0.19897246835511406,0.19999999999999996,0.07047100365161896,0.5,1.0,0.38125,0.7625
2028,0,475,2,0.11503250896930695,0.021163731813430786,0.20587111388701657,0.8,0.006241799145936966,1.0,0.5,0.3,0.15
2028,0,475,4,0.11503250896930695,0.004990220069885254,0.20622362333211952,0.6,0.03096127323806286,0.75,0.75,0.4,0.4
2028,0,475,6,0.11503250896930695,0.0024475306272506714,0.20627811019248854,0.4,0.0574438963085413,0.6666666666666666,1.0,0.4083333333333333,0.6125
2028,0,475,8,0.11503250896930695,0.0,0.20633032318607206,0.19999999999999996,0.0819577407091856,0.5,1.0,0.3875,0.775
2028,0,489,2,0.08991508185863495,0.04128699004650116,0.16441054639293554,0.8,0.011270210891962052,1.0,0.5,0.4,0.2
2028,0,489,4,0.08991508185863495,0.014655575156211853,0.16479245069032064,0.6,0.026507578790187836,0.75,0.75,0.4,0.4
2028,0,489,6,0.08991508185863495,0.0005890130996704102,0.16498663398359575,0.4,0.051288840174674985,0.6666666666666666,1.0,0.4333333333333333,0.65
2028,0,489,8,0.08991508185863495,0.0,0.16499465574015643,0.19999999999999996,0.0611090324819088,0.5,1.0,0.375,0.75
2028,0,496,2,0.04283888638019562,0.009903669357299805,0.08212446146641755,0.5,0.015668158978223802,1.0,0.5,1.0,0.5
2028,0,496,4,0.11674830317497253,0.0,0.20908615279387688,0.0,0.11674830317497253,1.0,1.0,1.0,1.0
2028,0,496,6,0.11674830317497253,0.0,0.20908615279387688,0.0,0.11674830317497253,1.0,1.0,1.0,1.0
2028,0,496,8,0.11674830317497253,0.0,0.20908615279387688,0.0,0.11674830317497253,1.0,1.0,1.0,1.0
2028,0,499,2,0.05371303856372833,0.04745002090930939,0.10169180992071053,0.8,0.019983574002981185,0.5,0.25,0.425,0.2125
2028,0,499,4,0.04729694128036499,0.04207844287157059,0.09014310761375209,0.6,0.04839461594820023,0.5,0.5,0.3875,0.3875
2028,0,499,6,0.04550682008266449,0.03834798187017441,0.08690133812226418,0.4,0.0646962832659483,0.5,0.75,0.3833333333333333,0.575
2028,0,499,8,0.13313941657543182,0.0,0.2349921194654142,0.19999999999999996,0.1150569848716259,0.5,1.0,0.4125,0.825
2028,0,502,2,0.11095695197582245,0.007843703031539917,0.19959263239852476,0.5,0.022205965220928194,1.0,0.5,1.0,0.5
2028,0,502,4,0.11095695197582245,0.0,0.19975022754659746,0.0,0.11095695197582245,1.0,1.0,1.0,1.0
2028,0,502,6,0.11095695197582245,0.0,0.19975022754659746,0.0,0.11095695197582245,1.0,1.0,1.0,1.0
2028,0,502,8,0.11095695197582245,0.0,0.19975022754659746,0.0,0.11095695197582245,1.0,1.0,1.0,1.0
2028,0,507,2,0.08380860090255737,0.06664866209030151,0.15380643062306057,0.8,0.011510074138641357,1.0,0.5,0.375,0.1875
2028,0,507,4,0.08380860090255737,0.005275815725326538,0.15459231896098324,0.6,0.03412753343582153,0.75,0.75,0.3375,0.3375
2028,0,507,6,0.08380860090255737,0.005440413951873779,0.154590330889893,0.4,0.06271488219499588,0.6666666666666666,1.0,0.3833333333333333,0.575
2028,0,507,8,0.08380860090255737,0.0,0.15465572211323023,0.19999999999999996,0.07726605385541915,0.5,1.0,0.38125,0.7625
2028,0,510,2,0.00023287534713745117,0.002486675977706909,0.00046564198741670806,0.8,0.002921229600906372,1.0,0.5,0.5,0.25
2028,0,510,4,0.13114582002162933,0.0006748437881469727,0.23186321424421658,0.6,0.02813670188188553,0.75,0.75,0.4,0.4
2028,0,510,6,0.13114582002162933,0.0016055703163146973,0.2318381416156768,0.4,0.04822622537612915,0.6666666666666666,1.0,0.4499999999999999,0.675
2028,0,510,8,0.13114582002162933,0.0,0.2318813679020122,0.19999999999999996,0.06104903593659401,0.5,1.0,0.40625,0.8125
2028,0,525,2,0.04125170409679413,0.026472054421901703,0.07914957055714247,0.8,0.023591630905866624,1.0,0.5,0.4,0.2
2028,0,525,4,0.03856903314590454,0.027813009917736053,0.07419458580072309,0.6,0.03359643258154392,0.75,0.75,0.375,0.375
2028,0,525,6,0.03390653431415558,0.027813009917736053,0.06552768850942665,0.4,0.061525211110711096,0.5,0.75,0.3999999999999999,0.6
2028,0,525,8,0.13537880778312683,0.0,0.23847337444576658,0.19999999999999996,0.09418996199965476,0.5,1.0,0.40625,0.8125
2028,0,532,2,0.002583816647529602,0.12229932844638824,0.005152465224832967,0.7142857142857143,0.036328984797000884,0.0,0.0,0.65,0.325
2028,0,532,4,0.0606631264090538,0.07347285747528076,0.11387071963159132,0.4285714285714286,0.08237388059496879,0.5,0.5,0.6125,0.6125
2028,0,532,6,0.12229932844638824,0.0,0.21794422458701565,0.1428571428571429,0.09604415148496628,0.6666666666666666,1.0,0.5499999999999999,0.825
2028,0,532,8,0.12229932844638824,0.0,0.21794422458701565,0.0,0.12229932844638824,0.5714285714285714,1.0,0.5714285714285714,1.0
2028,0,536,2,0.03322126716375351,0.02616504207253456,0.06425069525344636,0.8,0.01330910436809063,0.5,0.25,0.3,0.15
2028,0,536,4,0.10907364636659622,0.0017127320170402527,0.19666006092369082,0.6,0.022649231366813183,0.5,0.5,0.4,0.4
2028,0,536,6,0.10907364636659622,0.00011958181858062744,0.19669092999998172,0.4,0.04578239973634481,0.6666666666666666,1.0,0.4083333333333333,0.6125
2028,0,536,8,0.10907364636659622,0.0,0.1966932434539928,0.19999999999999996,0.07860343791544437,0.5,1.0,0.39375,0.7875
2028,0,538,2,0.07885617017745972,0.0020477771759033203,0.14616284721301837,0.7142857142857143,0.015620112419128418,1.0,0.5,0.6,0.3
2028,0,538,4,0.07885617017745972,0.00416111946105957,0.14614013562407727,0.4285714285714286,0.03480913937091827,1.0,1.0,0.5625,0.5625
2028,0,538,6,0.07885617017745972,0.0,0.1461847693089409,0.1428571428571429,0.054987257719039916,0.6666666666666666,1.0,0.5916666666666666,0.8875
2028,0,538,8,0.07885617017745972,0.0,0.1461847693089409,0.0,0.07885617017745972,0.5714285714285714,1.0,0.5714285714285714,1.0
2028,0,544,2,0.015707291662693024,0.014253880828619003,0.030921861429973215,0.5,0.03499372061342001,1.0,0.5,1.0,0.5
2028,0,544,4,0.10513573884963989,0.0,0.1902675574659779,0.0,0.10513573884963989,1.0,1.0,1.0,1.0
2028,0,544,6,0.10513573884963989,0.0,0.1902675574659779,0.0,0.10513573884963989,1.0,1.0,1.0,1.0
2028,0,544,8,0.10513573884963989,0.0,0.1902675574659779,0.0,0.10513573884963989,1.0,1.0,1.0,1.0
2028,0,545,2,0.048281993716955185,0.06680352985858917,0.09181370303516782,0.8461538461538461,0.014361360296607017,1.0,0.5,0.25,0.125
2028,0,545,4,0.0900205671787262,0.001774899661540985,0.16514798521463428,0.6923076923076923,0.031198698654770853,1.0,1.0,0.2625,0.2625
2028,0,545,6,0.0900205671787262,0.002286680042743683,0.16514097796622934,0.5384615384615384,0.0403228098526597,0.6666666666666666,1.0,0.1833333333333333,0.275
2028,0,545,8,0.0900205671787262,0.00042851269245147705,0.16516638837924255,0.3846153846153846,0.05461571514606476,0.5,1.0,0.30625,0.6125
2028,0,546,2,0.11350326240062714,0.0022127628326416016,0.20382088507771867,0.5,0.018764395266771317,1.0,0.5,1.0,0.5
2028,0,546,4,0.11350326240062714,0.0,0.20386695977149247,0.0,0.11350326240062714,1.0,1.0,1.0,1.0
2028,0,546,6,0.11350326240062714,0.0,0.20386695977149247,0.0,0.11350326240062714,1.0,1.0,1.0,1.0
2028,0,546,8,0.11350326240062714,0.0,0.20386695977149247,0.0,0.11350326240062714,1.0,1.0,1.0,1.0
2028,0,553,2,0.00227963924407959,0.0016652792692184448,0.004548891359429029,0.8,0.007050354033708572,1.0,0.5,0.35,0.175
2028,0,553,4,0.10739335417747498,0.0011867880821228027,0.19393466701840553,0.6,0.020170535892248154,0.75,0.75,0.4125,0.4125
2028,0,553,6,0.10739335417747498,0.002965688705444336,0.1939010806546347,0.4,0.04492603465914726,0.6666666666666666,1.0,0.39999999999999997,0.6
2028,0,553,8,0.10739335417747498,0.0,0.19395701404988516,0.19999999999999996,0.06063864007592201,0.5,1.0,0.4125,0.825
2028,0,556,2,0.004242703318595886,0.1336010992527008,0.008444056599781287,0.8,0.005162902921438217,0.0,0.0,0.3,0.15
2028,0,556,4,0.005127638578414917,0.0014708340167999268,0.010202883395792497,0.6,0.017997045069932938,0.25,0.25,0.4125,0.4125
2028,0,556,6,0.1336010992527008,0.005893886089324951,0.23554636884823313,0.4,0.03958729207515717,0.5,0.75,0.39999999999999997,0.6
2028,0,556,8,0.1336010992527008,0.0,0.23571095571585826,0.19999999999999996,0.07924614325165749,0.5,1.0,0.4,0.8
2028,0,574,2,0.016852006316184998,0.019617915153503418,0.033134457059817046,0.8947368421052632,0.004163452237844467,1.0,0.5,0.225,0.1125
2028,0,574,4,0.016745910048484802,0.019617915153503418,0.032929353683855855,0.7894736842105263,0.015058474242687225,0.5,0.5,0.2,0.2
2028,0,574,6,0.012656673789024353,0.019617915153503418,0.02499071889914017,0.6842105263157895,0.017784254252910615,0.3333333333333333,0.5,0.19166666666666665,0.2875
2028,0,574,8,0.16057799756526947,0.0015463382005691528,0.2766614498888578,0.5789473684210527,0.054962669312953946,0.5,1.0,0.21875,0.4375
2028,0,582,2,0.10727256536483765,0.017155379056930542,0.19343289908249336,0.8,0.01639496088027954,1.0,0.5,0.5,0.25
2028,0,582,4,0.10727256536483765,0.005909383296966553,0.19364847562568396,0.6,0.03974503204226494,0.75,0.75,0.4625,0.4625
2028,0,582,6,0.10727256536483765,0.0016268044710159302,0.19372941617268988,0.4,0.0514660693705082,0.6666666666666666,1.0,0.425,0.6375
2028,0,582,8,0.10727256536483765,0.0,0.19375999861333543,0.19999999999999996,0.0839691199362278,0.5,1.0,0.36875,0.7375
2028,0,583,2,0.034543946385383606,0.052301570773124695,0.06665817835097862,0.5,0.04049216769635677,1.0,0.5,1.0,0.5
2028,0,583,4,0.11338947713375092,0.0,0.20368340003653457,0.0,0.11338947713375092,1.0,1.0,1.0,1.0
2028,0,583,6,0.11338947713375092,0.0,0.20368340003653457,0.0,0.11338947713375092,1.0,1.0,1.0,1.0
2028,0,583,8,0.11338947713375092,0.0,0.20368340003653457,0.0,0.11338947713375092,1.0,1.0,1.0,1.0
2028,0,588,2,0.08227686583995819,0.016042038798332214,0.15185581095783854,0.7142857142857143,0.02146540991961956,1.0,0.5,0.625,0.3125
2028,0,588,4,0.08227686583995819,0.006516404449939728,0.1519682483954695,0.4285714285714286,0.0550535760819912,0.75,0.75,0.5875,0.5875
2028,0,588,6,0.08227686583995819,0.0,0.15204402576988077,0.1428571428571429,0.06548407152295113,0.6666666666666666,1.0,0.5333333333333333,0.8
2028,0,588,8,0.08227686583995819,0.0,0.15204402576988077,0.0,0.08227686583995819,0.5714285714285714,1.0,0.5714285714285714,1.0
2028,0,593,2,0.14898906648159027,0.00536026805639267,0.25915829568447174,0.5,0.048909158632159236,1.0,0.5,1.0,0.5
2028,0,593,4,0.14898906648159027,0.0,0.2593393981333894,0.0,0.14898906648159027,1.0,1.0,1.0,1.0
2028,0,593,6,0.14898906648159027,0.0,0.2593393981333894,0.0,0.14898906648159027,1.0,1.0,1.0,1.0
2028,0,593,8,0.14898906648159027,0.0,0.2593393981333894,0.0,0.14898906648159027,1.0,1.0,1.0,1.0
2028,0,595,2,0.0039362311363220215,0.03677758574485779,0.007840422202212207,0.8,0.005306896567344665,1.0,0.5,0.325,0.1625
2028,0,595,4,0.048968374729156494,0.0013773441314697266,0.09335881464677302,0.6,0.01713319718837738,0.75,0.75,0.4125,0.4125
2028,0,595,6,0.048968374729156494,0.005604863166809082,0.09334026568819448,0.4,0.02427339255809784,0.5,0.75,0.3583333333333333,0.5375
2028,0,595,8,0.048968374729156494,0.0,0.09336482568752394,0.19999999999999996,0.039000266790390016,0.5,1.0,0.375,0.75
2028,0,599,2,0.11967842280864716,0.006361976265907288,0.21362665016308485,0.8,0.02518117055296898,1.0,0.5,0.35,0.175
2028,0,599,4,0.11967842280864716,0.004396408796310425,0.21367199693146788,0.6,0.05380209200084209,0.75,0.75,0.45,0.45
2028,0,599,6,0.11967842280864716,0.0014582127332687378,0.2137394855357772,0.4,0.07700566910207271,0.6666666666666666,1.0,0.4,0.6
2028,0,599,8,0.11967842280864716,0.0,0.21377284829413948,0.19999999999999996,0.09051201976835728,0.5,1.0,0.4,0.8
2029,0,0,2,0.02073878049850464,0.040771305561065674,0.04059978285117313,0.5,0.03319831788539886,1.0,0.5,1.0,0.5
2029,0,0,4,0.03536641597747803,0.0,0.06831671460791779,0.0,0.03536641597747803,1.0,1.0,1.0,1.0
2029,0,0,6,0.03536641597747803,0.0,0.06831671460791779,0.0,0.03536641597747803,1.0,1.0,1.0,1.0
2029,0,0,8,0.03536641597747803,0.0,0.06831671460791779,0.0,0.03536641597747803,1.0,1.0,1.0,1.0
2029,0,13,2,0.07916663587093353,0.01823018491268158,0.1465185089830605,0.7142857142857143,0.028077402710914613,1.0,0.5,0.525,0.2625
2029,0,13,4,0.13944904506206512,0.010527178645133972,0.24444745762740774,0.4285714285714286,0.08569317311048508,0.75,0.75,0.575,0.575
2029,0,13,6,0.13944904506206512,0.0,0.24476574124377704,0.1428571428571429,0.09707424640655518,0.6666666666666666,1.0,0.5416666666666666,0.8125
2029,0,13,8,0.13944904506206512,0.0,0.24476574124377704,0.0,0.13944904506206512,0.5714285714285714,1.0,0.5714285714285714,1.0
2029,0,29,2,0.16894640028476715,0.015873409807682037,0.2883852908023146,0.8181818181818181,0.005666202306747437,1.0,0.5,0.3,0.15
2029,0,29,4,0.16894640028476715,0.0074576884508132935,0.2887440040666179,0.6363636363636364,0.03089522384107113,0.75,0.75,0.375,0.375
2029,0,29,6,0.16894640028476715,0.003179013729095459,0.28892439315248963,0.4545454545454546,0.04386460855603218,0.6666666666666666,1.0,0.3416666666666666,0.5125
2029,0,29,8,0.16894640028476715,0.0,0.2890575654172169,0.2727272727272727,0.07884299270808696,0.5,1.0,0.3625,0.725
2029,0,31,2,0.11240160465240479,0.021339133381843567,0.20164391080245553,0.8,0.007980739697813988,1.0,0.5,0.425,0.2125
2029,0,31,4,0.11240160465240479,0.006438300013542175,0.20195594000492806,0.6,0.026633426174521448,0.75,0.75,0.3875,0.3875
2029,0,31,6,0.11240160465240479,0.002847917377948761,0.20202987102774003,0.4,0.049786658585071565,0.5,0.75,0.4333333333333333,0.65
2029,0,31,8,0.11240160465240479,0.0,0.202088174239064,0.19999999999999996,0.0824907947331667,0.5,1.0,0.41875,0.8375
2029,0,33,2,0.0006896704435348511,0.0007356628775596619,0.0013783895526741465,0.5,0.02604215368628502,1.0,0.5,1.0,0.5
2029,0,33,4,0.11537593603134155,0.0,0.2068825986005485,0.0,0.11537593603134155,1.0,1.0,1.0,1.0
2029,0,33,6,0.11537593603134155,0.0,0.2068825986005485,0.0,0.11537593603134155,1.0,1.0,1.0,1.0
2029,0,33,8,0.11537593603134155,0.0,0.2068825986005485,0.0,0.11537593603134155,1.0,1.0,1.0,1.0
2029,0,38,2,0.03603145480155945,0.015274345874786377,0.06951917863369793,0.5,0.034596265852451326,1.0,0.5,1.0,0.5
2029,0,38,4,0.05901616811752319,0.0,0.11145470653659358,0.0,0.05901616811752319,1.0,1.0,1.0,1.0
2029,0,38,6,0.05901616811752319,0.0,0.11145470653659358,0.0,0.05901616811752319,1.0,1.0,1.0,1.0
2029,0,38,8,0.05901616811752319,0.0,0.11145470653659358,0.0,0.05901616811752319,1.0,1.0,1.0,1.0
2029,0,40,2,0.06727378070354462,0.07486741244792938,0.12542677839941127,0.7142857142857143,0.03271305114030838,1.0,0.5,0.45,0.225
2029,0,40,4,0.09509061276912689,0.003872603178024292,0.17360850669136396,0.4285714285714286,0.07562998905777932,0.75,0.75,0.625,0.625
2029,0,40,6,0.09509061276912689,0.0,0.1736671133152603,0.1428571428571429,0.08960370048880577,0.6666666666666666,1.0,0.5583333333333332,0.8375
2029,0,40,8,0.09509061276912689,0.0,0.1736671133152603,0.0,0.09509061276912689,0.5714285714285714,1.0,0.5714285714285714,1.0
2029,0,52,2,0.09938173741102219,0.018341362476348877,0.18049083679697484,0.7142857142857143,0.01932653784751892,1.0,0.5,0.575,0.2875
2029,0,52,4,0.09938173741102219,0.0034721940755844116,0.18073875774407605,0.4285714285714286,0.03287007324397564,0.75,0.75,0.5625,0.5625
2029,0,52,6,0.09938173741102219,0.0,0.18079568548238795,0.1428571428571429,0.06871440708637237,0.6666666666666666,1.0,0.575,0.8625
2029,0,52,8,0.09938173741102219,0.0,0.18079568548238795,0.0,0.09938173741102219,0.5714285714285714,1.0,0.5714285714285714,1.0
2029,0,56,2,0.10705840587615967,0.022970162332057953,0.19297184991549585,0.5,0.03438552357256412,1.0,0.5,1.0,0.5
2029,0,56,4,0.10705840587615967,0.0,0.19341058305127162,0.0,0.10705840587615967,1.0,1.0,1.0,1.0
2029,0,56,6,0.10705840587615967,0.0,0.19341058305127162,0.0,0.10705840587615967,1.0,1.0,1.0,1.0
2029,0,56,8,0.10705840587615967,0.0,0.19341058305127162,0.0,0.10705840587615967,1.0,1.0,1.0,1.0
2029,0,58,2,0.010786131024360657,0.02410188317298889,0.021336440664670598,0.5,0.04089345075190067,1.0,0.5,1.0,0.5
2029,0,58,4,0.14144209027290344,0.0,0.24783051453637306,0.0,0.14144209027290344,1.0,1.0,1.0,1.0
2029,0,58,6,0.14144209027290344,0.0,0.24783051453637306,0.0,0.14144209027290344,1.0,1.0,1.0,1.0
2029,0,58,8,0.14144209027290344,0.0,0.24783051453637306,0.0,0.14144209027290344,1.0,1.0,1.0,1.0
2029,0,62,2,0.09671357274055481,0.10521632432937622,0.1745596898886083,0.7142857142857143,0.03777267634868622,1.0,0.5,0.6,0.3
2029,0,62,4,0.05296650528907776,0.0029829740524291992,0.10058921117735214,0.4285714285714286,0.07363463640213012,1.0,1.0,0.6,0.6
2029,0,62,6,0.05296650528907776,0.0,0.1006043497547655,0.1428571428571429,0.06493153572082519,0.6666666666666666,1.0,0.5833333333333333,0.875
2029,0,62,8,0.05296650528907776,0.0,0.1006043497547655,0.0,0.05296650528907776,0.5714285714285714,1.0,0.5714285714285714,1.0
2029,0,63,2,0.12757594883441925,0.00999487191438675,0.22602537958952973,0.8181818181818181,0.002973172441124916,1.0,0.5,0.325,0.1625
2029,0,63,4,0.12757594883441925,0.0017893165349960327,0.2262376749306286,0.6363636363636364,0.021464597061276437,1.0,1.0,0.425,0.425
2029,0,63,6,0.12757594883441925,0.003502495586872101,0.22619360731160132,0.4545454545454546,0.03613906651735306,0.6666666666666666,1.0,0.3333333333333333,0.5
2029,0,63,8,0.12757594883441925,0.0,0.2262835580455492,0.2727272727272727,0.06102361418306827,0.5,1.0,0.38125,0.7625
2029,0,66,2,0.012383408844470978,0.017259277403354645,0.024458617315211206,0.5,0.044613965600728986,1.0,0.5,1.0,0.5
2029,0,66,4,0.13826368004083633,0.0,0.2429378754066474,0.0,0.13826368004083633,1.0,1.0,1.0,1.0
2029,0,66,6,0.13826368004083633,0.0,0.2429378754066474,0.0,0.13826368004083633,1.0,1.0,1.0,1.0
2029,0,66,8,0.13826368004083633,0.0,0.2429378754066474,0.0,0.13826368004083633,1.0,1.0,1.0,1.0
2029,0,68,2,0.11145234107971191,0.01952897012233734,0.20015285787846274,0.8461538461538461,0.003098061680793762,1.0,0.5,0.375,0.1875
2029,0,68,4,0.11145234107971191,0.009602546691894531,0.20035782614435357,0.6923076923076923,0.015592169761657716,0.5,0.5,0.325,0.325
2029,0,68,6,0.11145234107971191,0.007794320583343506,0.20039476676631712,0.5384615384615384,0.02258545532822609,0.3333333333333333,0.5,0.3166666666666666,0.475
2029,0,68,8,0.11145234107971191,0.0005440413951873779,0.20054167643577242,0.3846153846153846,0.06093511283397675,0.5,1.0,0.31875,0.6375
2029,0,70,2,0.07492896914482117,0.06187981367111206,0.13877387511902503,0.8947368421052632,0.010263322293758393,1.0,0.5,0.25,0.125
2029,0,70,4,0.061066269874572754,0.002866029739379883,0.11508455549255954,0.7894736842105263,0.02203769311308861,0.75,0.75,0.2,0.2
2029,0,70,6,0.061066269874572754,0.004679054021835327,0.11507245939142562,0.6842105263157895,0.043607068806886674,0.5,0.75,0.175,0.2625
2029,0,70,8,0.061066269874572754,0.005794405937194824,0.11506499735778415,0.5789473684210527,0.056492936611175534,0.375,0.75,0.21875,0.4375
2029,0,72,2,0.019264236092567444,0.01611032336950302,0.03778858414298431,0.7142857142857143,0.019314667955040932,1.0,0.5,0.6,0.3
2029,0,72,4,0.11676234751939774,0.005388133227825165,0.20899030217107714,0.4285714285714286,0.04467896595597267,0.75,0.75,0.6125,0.6125
2029,0,72,6,0.11676234751939774,0.0,0.20910867523203208,0.1428571428571429,0.09313316456973553,0.6666666666666666,1.0,0.5916666666666666,0.8875
2029,0,72,8,0.11676234751939774,0.0,0.20910867523203208,0.0,0.11676234751939774,0.5714285714285714,1.0,0.5714285714285714,1.0
2029,0,74,2,0.012827485799789429,0.037824004888534546,0.02531744584676818,0.8,0.014188374578952789,0.5,0.25,0.375,0.1875
2029,0,74,4,0.06206613779067993,0.007210224866867065,0.11682851890131385,0.6,0.02987350821495056,0.75,0.75,0.475,0.475
2029,0,74,6,0.06206613779067993,0.0038577020168304443,0.11685165802053951,0.4,0.03312976062297821,0.5,0.75,0.4083333333333333,0.6125
2029,0,74,8,0.06206613779067993,0.0,0.11687810312790972,0.19999999999999996,0.05216769129037857,0.5,1.0,0.425,0.85
2029,0,85,2,0.151936873793602,0.0049368515610694885,0.26362123987889474,0.5,0.04037090167403221,1.0,0.5,1.0,0.5
2029,0,85,4,0.151936873793602,0.0,0.2637937499009607,0.0,0.151936873793602,1.0,1.0,1.0,1.0
2029,0,85,6,0.151936873793602,0.0,0.2637937499009607,0.0,0.151936873793602,1.0,1.0,1.0,1.0
2029,0,85,8,0.151936873793602,0.0,0.2637937499009607,0.0,0.151936873793602,1.0,1.0,1.0,1.0
2029,0,97,2,0.013007506728172302,0.02738279104232788,0.025671687586790462,0.5,0.04392371773719787,1.0,0.5,1.0,0.5
2029,0,97,4,0.13090083003044128,0.0,0.23149833575932158,0.0,0.13090083003044128,1.0,1.0,1.0,1.0
2029,0,97,6,0.13090083003044128,0.0,0.23149833575932158,0.0,0.13090083003044128,1.0,1.0,1.0,1.0
2029,0,97,8,0.13090083003044128,0.0,0.23149833575932158,0.0,0.13090083003044128,1.0,1.0,1.0,1.0
2029,0,100,2,0.08104646950960159,0.01977783441543579,0.14971430084454732,0.7142857142857143,0.01396581083536148,1.0,0.5,0.575,0.2875
2029,0,100,4,0.08104646950960159,0.0033836886286735535,0.14990261318350645,0.4285714285714286,0.029454226419329644,0.75,0.75,0.575,0.575
2029,0,100,6,0.08104646950960159,0.0,0.14994076905198525,0.1428571428571429,0.06430212669074535,0.6666666666666666,1.0,0.5999999999999999,0.9
2029,0,100,8,0.08104646950960159,0.0,0.14994076905198525,0.0,0.08104646950960159,0.5714285714285714,1.0,0.5714285714285714,1.0
2029,0,103,2,0.029420137405395508,0.0021728426218032837,0.057155102234824895,0.5,0.0482928529381752,1.0,0.5,1.0,0.5
2029,0,103,4,0.1804630011320114,0.0,0.30574952532854555,0.0,0.1804630011320114,1.0,1.0,1.0,1.0
2029,0,103,6,0.1804630011320114,0.0,0.30574952532854555,0.0,0.1804630011320114,1.0,1.0,1.0,1.0
2029,0,103,8,0.1804630011320114,0.0,0.30574952532854555,0.0,0.1804630011320114,1.0,1.0,1.0,1.0
2029,0,107,2,0.033118367195129395,0.014980196952819824,0.06408216190151615,0.8461538461538461,0.010436167567968368,1.0,0.5,0.225,0.1125
2029,0,107,4,0.10183504223823547,0.01750369369983673,0.1845423965393072,0.6923076923076923,0.0341683566570282,0.75,0.75,0.3125,0.3125
2029,0,107,6,0.10183504223823547,0.005245208740234375,0.1847562198556713,0.5384615384615384,0.041310463845729825,0.6666666666666666,1.0,0.3083333333333333,0.4625
2029,0,107,8,0.10183504223823547,0.006922423839569092,0.18472724711501992,0.3846153846153846,0.06436482295393944,0.5,1.0,0.3375,0.675
2029,0,108,2,0.04174987971782684,0.033428043127059937,0.08004242588757456,0.8,0.02334136739373207,0.5,0.25,0.475,0.2375
2029,0,108,4,0.04378615319728851,0.02838917076587677,0.08379599575944881,0.6,0.0268049456179142,0.5,0.5,0.45,0.45
2029,0,108,6,0.15834857523441315,0.0039746761322021484,0.2732549498122287,0.4,0.08278146982192994,0.6666666666666666,1.0,0.3666666666666666,0.55
2029,0,108,8,0.15834857523441315,0.0,0.27340401433544026,0.19999999999999996,0.13240961208939553,0.5,1.0,0.44375,0.8875
2029,0,110,2,0.0849456787109375,0.06068688631057739,0.15580162075532103,0.8,0.016906973719596863,1.0,0.5,0.35,0.175
2029,0,110,4,0.026852130889892578,0.010324597358703613,0.05228563432594099,0.6,0.048040193319320676,0.75,0.75,0.3625,0.3625
2029,0,110,6,0.026852130889892578,0.0021473169326782227,0.05229695516131926,0.4,0.045967108011245726,0.5,0.75,0.4083333333333333,0.6125
2029,0,110,8,0.026852130889892578,0.0,0.05229989807124796,0.19999999999999996,0.03915427923202515,0.5,1.0,0.3875,0.775
2029,0,121,2,0.0736304521560669,0.03706544637680054,0.13680050201323285,0.7142857142857143,0.04110922515392303,1.0,0.5,0.575,0.2875
2029,0,121,4,0.055297911167144775,0.013116180896759033,0.10472763468402994,0.4285714285714286,0.06286342740058899,0.75,0.75,0.625,0.625
2029,0,121,6,0.055297911167144775,0.0,0.10480056973861733,0.1428571428571429,0.05877005457878113,0.6666666666666666,1.0,0.5666666666666667,0.85
2029,0,121,8,0.055297911167144775,0.0,0.10480056973861733,0.0,0.055297911167144775,0.5714285714285714,1.0,0.5714285714285714,1.0
2029,0,125,2,0.005733847618103027,0.018084347248077393,0.011401118969027652,0.5,0.0157197505235672,1.0,0.5,1.0,0.5
2029,0,125,4,0.005733847618103027,0.0,0.011402316093234006,0.0,0.005733847618103027,1.0,1.0,1.0,1.0
2029,0,125,6,0.005733847618103027,0.0,0.011402316093234006,0.0,0.005733847618103027,1.0,1.0,1.0,1.0
2029,0,125,8,0.005733847618103027,0.0,0.011402316093234006,0.0,0.005733847618103027,1.0,1.0,1.0,1.0
2029,0,127,2,0.07266321778297424,0.008715629577636719,0.13540124136069234,0.8,0.022416168451309205,1.0,0.5,0.575,0.2875
2029,0,127,4,0.08926314115524292,0.00861060619354248,0.16377980624881033,0.6,0.04785125330090523,1.0,1.0,0.4375,0.4375
2029,0,127,6,0.08926314115524292,0.0012756288051605225,0.16387922381311407,0.4,0.05815972164273262,0.6666666666666666,1.0,0.375,0.5625
2029,0,127,8,0.08926314115524292,0.0,0.16389637688570433,0.19999999999999996,0.07037108317017556,0.5,1.0,0.39375,0.7875
2029,0,131,2,0.025348708033561707,0.03453934192657471,0.04940038149932267,0.8461538461538461,0.009550046175718307,0.5,0.25,0.3,0.15
2029,0,131,4,0.025348708033561707,0.045812755823135376,0.04938545401505017,0.6923076923076923,0.014123143255710601,0.25,0.25,0.2875,0.2875
2029,0,131,6,0.10401920974254608,0.018469154834747314,0.18810383250488555,0.5384615384615384,0.03359438627958298,0.3333333333333333,0.5,0.2833333333333333,0.425
2029,0,131,8,0.10401920974254608,0.005584716796875,0.18833766160658122,0.3846153846153846,0.061351459473371506,0.375,0.75,0.325,0.65
2029,0,136,2,0.1468336284160614,0.02629292756319046,0.2551856302077332,0.8,0.008936834335327149,1.0,0.5,0.325,0.1625
2029,0,136,4,0.1468336284160614,0.014043733477592468,0.25560174348289383,0.6,0.04391381070017815,0.5,0.5,0.4,0.4
2029,0,136,6,0.1468336284160614,0.005669713020324707,0.25588107354512446,0.4,0.07990738824009895,0.5,0.75,0.4333333333333333,0.65
2029,0,136,8,0.1468336284160614,0.0,0.25606788077684695,0.19999999999999996,0.10573559813201427,0.5,1.0,0.40625,0.8125
2029,0,140,2,0.13650648295879364,0.007852241396903992,0.2399930751421932,0.5,0.03685663491487503,1.0,0.5,1.0,0.5
2029,0,140,4,0.13650648295879364,0.0,0.24022121299899873,0.0,0.13650648295879364,1.0,1.0,1.0,1.0
2029,0,140,6,0.13650648295879364,0.0,0.24022121299899873,0.0,0.13650648295879364,1.0,1.0,1.0,1.0
2029,0,140,8,0.13650648295879364,0.0,0.24022121299899873,0.0,0.13650648295879364,1.0,1.0,1.0,1.0
2029,0,145,2,0.013795122504234314,0.0043418556451797485,0.02721319851973127,0.7142857142857143,0.009285352379083633,1.0,0.5,0.5,0.25
2029,0,145,4,0.10987967252731323,0.0028635263442993164,0.19794657840919117,0.4285714285714286,0.032587190717458726,0.75,0.75,0.65,0.65
2029,0,145,6,0.10987967252731323,0.0,0.1980028560701641,0.1428571428571429,0.07383529245853424,0.6666666666666666,1.0,0.5583333333333332,0.8375
2029,0,145,8,0.10987967252731323,0.0,0.1980028560701641,0.0,0.10987967252731323,0.5714285714285714,1.0,0.5714285714285714,1.0
2029,0,150,2,0.028656572103500366,0.11604158580303192,0.05551348249411989,0.8,0.013501620292663575,1.0,0.5,0.425,0.2125
2029,0,150,4,0.02970390021800995,0.11604158580303192,0.057476404833419294,0.6,0.028026246279478074,0.5,0.5,0.3125,0.3125
2029,0,150,6,0.11604158580303192,0.0032743364572525024,0.20788107607602524,0.4,0.04119951613247395,0.6666666666666666,1.0,0.36666666666666664,0.55
2029,0,150,8,0.11604158580303192,0.0,0.20795208221481432,0.19999999999999996,0.07758138179779053,0.5,1.0,0.375,0.75
2029,0,151,2,0.05749309062957764,0.02659359574317932,0.10857342136056773,0.8,0.02589884549379349,0.5,0.25,0.35,0.175
2029,0,151,4,0.004629224538803101,0.028559088706970215,0.00921453887270603,0.6,0.02694306820631027,0.5,0.5,0.325,0.325
2029,0,151,6,0.004629224538803101,0.008995980024337769,0.009215401660399662,0.4,0.035598857700824736,0.5,0.75,0.3833333333333333,0.575
2029,0,151,8,0.004629224538803101,0.0,0.009215787129681095,0.19999999999999996,0.01802855134010315,0.5,1.0,0.4125,0.825
2029,0,154,2,0.016201749444007874,0.004240751266479492,0.03188471074199204,0.5,0.03379857614636421,1.0,0.5,1.0,0.5
2029,0,154,4,0.12265599519014359,0.0,0.2185103820148743,0.0,0.12265599519014359,1.0,1.0,1.0,1.0
2029,0,154,6,0.12265599519014359,0.0,0.2185103820148743,0.0,0.12265599519014359,1.0,1.0,1.0,1.0
2029,0,154,8,0.12265599519014359,0.0,0.2185103820148743,0.0,0.12265599519014359,1.0,1.0,1.0,1.0
2029,0,168,2,0.023742973804473877,0.027459964156150818,0.0463542836146397,0.5,0.06499297469854355,1.0,0.5,1.0,0.5
2029,0,168,4,0.13970977067947388,0.0,0.24516727727302273,0.0,0.13970977067947388,1.0,1.0,1.0,1.0
2029,0,168,6,0.13970977067947388,0.0,0.24516727727302273,0.0,0.13970977067947388,1.0,1.0,1.0,1.0
2029,0,168,8,0.13970977067947388,0.0,0.24516727727302273,0.0,0.13970977067947388,1.0,1.0,1.0,1.0
2029,0,171,2,0.02075478434562683,0.007295519113540649,0.04065948800619558,0.5,0.02783222645521164,1.0,0.5,1.0,0.5
2029,0,171,4,0.05950820446014404,0.0,0.11233174827648554,0.0,0.05950820446014404,1.0,1.0,1.0,1.0
2029,0,171,6,0.05950820446014404,0.0,0.11233174827648554,0.0,0.05950820446014404,1.0,1.0,1.0,1.0
2029,0,171,8,0.05950820446014404,0.0,0.11233174827648554,0.0,0.05950820446014404,1.0,1.0,1.0,1.0
2029,0,176,2,0.007734857499599457,0.0063820406794548035,0.015350220612137424,0.7142857142857143,0.002902359515428543,1.0,0.5,0.425,0.2125
2029,0,176,4,0.14879442751407623,0.0009183213114738464,0.2590136437494991,0.4285714285714286,0.055595817789435384,0.75,0.75,0.6,0.6
2029,0,176,6,0.14879442751407623,0.0,0.25904447993547225,0.1428571428571429,0.09110946878790856,0.6666666666666666,1.0,0.5916666666666666,0.8875
2029,0,176,8,0.14879442751407623,0.0,0.25904447993547225,0.0,0.14879442751407623,0.5714285714285714,1.0,0.5714285714285714,1.0
2029,0,181,2,0.13720904290676117,0.004169940948486328,0.2411865381593396,0.5,0.036226318776607515,1.0,0.5,1.0,0.5
2029,0,181,4,0.13720904290676117,0.0,0.2413083922654154,0.0,0.13720904290676117,1.0,1.0,1.0,1.0
2029,0,181,6,0.13720904290676117,0.0,0.2413083922654154,0.0,0.13720904290676117,1.0,1.0,1.0,1.0
2029,0,181,8,0.13720904290676117,0.0,0.2413083922654154,0.0,0.13720904290676117,1.0,1.0,1.0,1.0
2029,0,190,2,0.0007169619202613831,0.002834714949131012,0.001432893589916214,0.7142857142857143,0.005791627243161202,1.0,0.5,0.575,0.2875
2029,0,190,4,0.0013080984354019165,0.002834714949131012,0.0026127693953297716,0.4285714285714286,0.033671556413173674,0.5,0.5,0.5375,0.5375
2029,0,190,6,0.15020359307527542,0.0,0.2611774019479094,0.1428571428571429,0.11370890848338604,0.6666666666666666,1.0,0.5833333333333333,0.875
2029,0,190,8,0.15020359307527542,0.0,0.2611774019479094,0.0,0.15020359307527542,0.5714285714285714,1.0,0.5714285714285714,1.0
2029,0,192,2,0.002702057361602783,0.01908940076828003,0.005389269216823657,0.8461538461538461,0.016999544203281404,0.0,0.0,0.375,0.1875
2029,0,192,4,0.022738784551620483,0.00821259617805481,0.04445827097410361,0.6923076923076923,0.01686086505651474,0.5,0.5,0.3,0.3
2029,0,192,6,0.01908940076828003,0.014643460512161255,0.03745321699868221,0.5384615384615384,0.022183820605278015,0.6666666666666666,1.0,0.31666666666666665,0.475
2029,0,192,8,0.01908940076828003,0.002231031656265259,0.0374620739513601,0.3846153846153846,0.027467747032642365,0.5,1.0,0.30625,0.6125
2029,0,193,2,0.019539326429367065,0.01621290296316147,0.03831761384215087,0.5,0.030372367799282075,1.0,0.5,1.0,0.5
2029,0,193,4,0.12262323498725891,0.0,0.21845839488374852,0.0,0.12262323498725891,1.0,1.0,1.0,1.0
2029,0,193,6,0.12262323498725891,0.0,0.21845839488374852,0.0,0.12262323498725891,1.0,1.0,1.0,1.0
2029,0,193,8,0.12262323498725891,0.0,0.21845839488374852,0.0,0.12262323498725891,1.0,1.0,1.0,1.0
2029,0,194,2,0.007980763912200928,0.00298936665058136,0.015834775311304058,0.5,0.02552889846265316,1.0,0.5,1.0,0.5
2029,0,194,4,0.13635052740573883,0.0,0.23997969661179078,0.0,0.13635052740573883,1.0,1.0,1.0,1.0
2029,0,194,6,0.13635052740573883,0.0,0.23997969661179078,0.0,0.13635052740573883,1.0,1.0,1.0,1.0
2029,0,194,8,0.13635052740573883,0.0,0.23997969661179078,0.0,0.13635052740573883,1.0,1.0,1.0,1.0
2029,0,196,2,0.015725821256637573,0.007563531398773193,0.030961044012054514,0.5,0.05022146701812744,1.0,0.5,1.0,0.5
2029,0,196,4,0.1762641966342926,0.0,0.2997017118070017,0.0,0.1762641966342926,1.0,1.0,1.0,1.0
2029,0,196,6,0.1762641966342926,0.0,0.2997017118070017,0.0,0.1762641966342926,1.0,1.0,1.0,1.0
2029,0,196,8,0.1762641966342926,0.0,0.2997017118070017,0.0,0.1762641966342926,1.0,1.0,1.0,1.0
2029,0,199,2,0.016312792897224426,0.015852198004722595,0.03209361639262283,0.5,0.041029468178749084,1.0,0.5,1.0,0.5
2029,0,199,4,0.12746693193912506,0.0,0.22611205407132481,0.0,0.12746693193912506,1.0,1.0,1.0,1.0
2029,0,199,6,0.12746693193912506,0.0,0.22611205407132481,0.0,0.12746693193912506,1.0,1.0,1.0,1.0
2029,0,199,8,0.12746693193912506,0.0,0.22611205407132481,0.0,0.12746693193912506,1.0,1.0,1.0,1.0
2029,0,203,2,0.0017361640930175781,0.0075357332825660706,0.0034662644876812415,0.7142857142857143,0.01000233218073845,1.0,0.5,0.5,0.25
2029,0,203,4,0.13756337016820908,0.0010176971554756165,0.24182639656427007,0.4285714285714286,0.038835711777210236,0.75,0.75,0.5625,0.5625
2029,0,203,6,0.13756337016820908,0.0,0.24185618801679223,0.1428571428571429,0.10626021027565002,0.6666666666666666,1.0,0.575,0.8625
2029,0,203,8,0.13756337016820908,0.0,0.24185618801679223,0.0,0.13756337016820908,0.5714285714285714,1.0,0.5714285714285714,1.0
2029,0,211,2,0.007747739553451538,0.0034437477588653564,0.015375938671579594,0.7142857142857143,0.013153394311666488,0.5,0.25,0.55,0.275
2029,0,211,4,0.10394322872161865,0.015403777360916138,0.1880356476566573,0.4285714285714286,0.046007794141769406,0.5,0.5,0.6625,0.6625
2029,0,211,6,0.10394322872161865,0.0,0.18831263423208153,0.1428571428571429,0.08019158393144607,0.6666666666666666,1.0,0.5499999999999999,0.825
2029,0,211,8,0.10394322872161865,0.0,0.18831263423208153,0.0,0.10394322872161865,0.5714285714285714,1.0,0.5714285714285714,1.0
2029,0,214,2,0.12596344947814941,0.034073926508426666,0.22286390261710914,0.5,0.05538983643054962,1.0,0.5,1.0,0.5
2029,0,214,4,0.12596344947814941,0.0,0.22374340754405436,0.0,0.12596344947814941,1.0,1.0,1.0,1.0
2029,0,214,6,0.12596344947814941,0.0,0.22374340754405436,0.0,0.12596344947814941,1.0,1.0,1.0,1.0
2029,0,214,8,0.12596344947814941,0.0,0.22374340754405436,0.0,0.12596344947814941,1.0,1.0,1.0,1.0
2029,0,215,2,0.10984593629837036,0.031320057809352875,0.19731664737141755,0.7142857142857143,0.015075823664665223,1.0,0.5,0.625,0.3125
2029,0,215,4,0.10984593629837036,0.0009129494428634644,0.19793017939383512,0.4285714285714286,0.0383708730340004,0.75,0.75,0.5375,0.5375
2029,0,215,6,0.10984593629837036,0.0,0.19794808037002973,0.1428571428571429,0.09652500972151756,0.6666666666666666,1.0,0.5999999999999999,0.9
2029,0,215,8,0.10984593629837036,0.0,0.19794808037002973,0.0,0.10984593629837036,0.5714285714285714,1.0,0.5714285714285714,1.0
2029,0,230,2,0.016518741846084595,0.020061194896697998,0.03248980590496599,0.7142857142857143,0.014638423919677734,1.0,0.5,0.6,0.3
2029,0,230,4,0.06605690717697144,0.009400606155395508,0.12385471443362181,0.4285714285714286,0.021470652520656587,0.75,0.75,0.525,0.525
2029,0,230,6,0.06605690717697144,0.0,0.12392754407810544,0.1428571428571429,0.05879885852336884,0.6666666666666666,1.0,0.5499999999999999,0.825
2029,0,230,8,0.06605690717697144,0.0,0.12392754407810544,0.0,0.06605690717697144,0.5714285714285714,1.0,0.5714285714285714,1.0
2029,0,232,2,0.14021071791648865,0.015190273523330688,0.24547265687232236,0.5,0.055485858023166655,1.0,0.5,1.0,0.5
2029,0,232,4,0.14021071791648865,0.0,0.24593825634738156,0.0,0.14021071791648865,1.0,1.0,1.0,1.0
2029,0,232,6,0.14021071791648865,0.0,0.24593825634738156,0.0,0.14021071791648865,1.0,1.0,1.0,1.0
2029,0,232,8,0.14021071791648865,0.0,0.24593825634738156,0.0,0.14021071791648865,1.0,1.0,1.0,1.0
2029,0,235,2,0.0698525607585907,0.036373794078826904,0.1302624887281044,0.5,0.055040407180786136,1.0,0.5,1.0,0.5
2029,0,235,4,0.09413027763366699,0.0,0.1720641125794407,0.0,0.09413027763366699,1.0,1.0,1.0,1.0
2029,0,235,6,0.09413027763366699,0.0,0.1720641125794407,0.0,0.09413027763366699,1.0,1.0,1.0,1.0
2029,0,235,8,0.09413027763366699,0.0,0.1720641125794407,0.0,0.09413027763366699,1.0,1.0,1.0,1.0
2029,0,240,2,0.0036689043045043945,0.09657129645347595,0.007308129644630301,0.8181818181818181,0.016487295925617217,0.5,0.25,0.45,0.225
2029,0,240,4,0.000855177640914917,0.09657129645347595,0.0017087378056970944,0.6363636363636364,0.029520317912101746,0.5,0.5,0.375,0.375
2029,0,240,6,0.09657129645347595,0.004850625991821289,0.17605760853130303,0.4545454545454546,0.036360710859298706,0.6666666666666666,1.0,0.3416666666666666,0.5125
2029,0,240,8,0.09657129645347595,0.0,0.17613318306945702,0.2727272727272727,0.04896899610757828,0.5,1.0,0.375,0.75
2029,0,249,2,0.0960657000541687,0.12490084767341614,0.17312614326800982,0.8,0.033404966443777086,1.0,0.5,0.35,0.175
2029,0,249,4,0.10918182134628296,0.00856846570968628,0.19670177560465163,0.6,0.07205774262547493,0.75,0.75,0.375,0.375
2029,0,249,6,0.10918182134628296,0.0015810579061508179,0.19683843161295836,0.4,0.0786397859454155,0.6666666666666666,1.0,0.38333333333333336,0.575
2029,0,249,8,0.10918182134628296,0.0,0.196869114233701,0.19999999999999996,0.10125577971339225,0.5,1.0,0.38125,0.7625
2029,0,250,2,0.0049309395253658295,0.003190271556377411,0.009813335220216898,0.5,0.027890820614993574,1.0,0.5,1.0,0.5
2029,0,250,4,0.10798035562038422,0.0,0.19491384494795214,0.0,0.10798035562038422,1.0,1.0,1.0,1.0
2029,0,250,6,0.10798035562038422,0.0,0.19491384494795214,0.0,0.10798035562038422,1.0,1.0,1.0,1.0
2029,0,250,8,0.10798035562038422,0.0,0.19491384494795214,0.0,0.10798035562038422,1.0,1.0,1.0,1.0
2029,0,257,2,0.0366588830947876,0.046655744314193726,0.07060287841373929,0.8,0.015311431884765626,1.0,0.5,0.375,0.1875
2029,0,257,4,0.0366588830947876,0.03346869349479675,0.07063856592687494,0.6,0.03566047102212906,0.5,0.5,0.4625,0.4625
2029,0,257,6,0.08768351376056671,0.0025217384099960327,0.1611969770087742,0.4,0.04807359203696251,0.5,0.75,0.38333333333333336,0.575
2029,0,257,8,0.08768351376056671,0.0,0.16122982954372259,0.19999999999999996,0.06846418529748917,0.5,1.0,0.4,0.8
2029,0,263,2,0.03856530785560608,0.04661893844604492,0.0741318992163215,0.7142857142857143,0.02002802789211273,1.0,0.5,0.6,0.3
2029,0,263,4,0.007863342761993408,0.026365995407104492,0.01560068995291527,0.4285714285714286,0.03387938737869263,1.0,1.0,0.5625,0.5625
2029,0,263,6,0.007863342761993408,0.0,0.0156039860333532,0.1428571428571429,0.025978231430053712,0.6666666666666666,1.0,0.5583333333333333,0.8375
2029,0,263,8,0.007863342761993408,0.0,0.0156039860333532,0.0,0.007863342761993408,0.5714285714285714,1.0,0.5714285714285714,1.0
2029,0,264,2,0.014666736125946045,0.008013978600502014,0.028906089230328776,0.7142857142857143,0.006992634758353234,1.0,0.5,0.625,0.3125
2029,0,264,4,0.11441946774721146,0.004677563905715942,0.20524459422599572,0.4285714285714286,0.03634989336133003,0.75,0.75,0.5375,0.5375
2029,0,264,6,0.11441946774721146,0.0,0.20534362698905348,0.1428571428571429,0.10443658977746964,0.6666666666666666,1.0,0.6083333333333332,0.9125
2029,0,264,8,0.11441946774721146,0.0,0.20534362698905348,0.0,0.11441946774721146,0.5714285714285714,1.0,0.5714285714285714,1.0
2029,0,266,2,0.01598764955997467,0.024612441658973694,0.031459641805916365,0.5,0.03192567601799965,1.0,0.5,1.0,0.5
2029,0,266,4,0.11295223981142044,0.0,0.20297769440772978,0.0,0.11295223981142044,1.0,1.0,1.0,1.0
2029,0,266,6,0.11295223981142044,0.0,0.20297769440772978,0.0,0.11295223981142044,1.0,1.0,1.0,1.0
2029,0,266,8,0.11295223981142044,0.0,0.20297769440772978,0.0,0.11295223981142044,1.0,1.0,1.0,1.0
2029,0,273,2,0.11330091953277588,0.005117401480674744,0.20343401864978372,0.7142857142857143,0.008799859136343003,1.0,0.5,0.575,0.2875
2029,0,273,4,0.11330091953277588,0.004327014088630676,0.20345053080851702,0.4285714285714286,0.03333760425448418,0.5,0.5,0.575,0.575
2029,0,273,6,0.11330091953277588,0.0,0.2035405119045898,0.1428571428571429,0.07643702700734138,0.6666666666666666,1.0,0.5666666666666667,0.85
2029,0,273,8,0.11330091953277588,0.0,0.2035405119045898,0.0,0.11330091953277588,0.5714285714285714,1.0,0.5714285714285714,1.0
2029,0,280,2,0.021142035722732544,0.043716609477996826,0.041369452974327876,0.8,0.009015075862407684,1.0,0.5,0.375,0.1875
2029,0,280,4,0.021142035722732544,0.025930821895599365,0.04138579845920643,0.6,0.022074811905622483,0.5,0.5,0.3875,0.3875
2029,0,280,6,0.04721418023109436,0.003542959690093994,0.09015655767406788,0.4,0.032171747833490374,0.6666666666666666,1.0,0.4083333333333334,0.6125
2029,0,280,8,0.04721418023109436,0.0,0.09017101013791726,0.19999999999999996,0.041687142103910446,0.5,1.0,0.41875,0.8375
2029,0,293,2,0.0005577355623245239,0.005815736949443817,0.001114845698241165,0.5,0.029161187261343,1.0,0.5,1.0,0.5
2029,0,293,4,0.12778358161449432,0.0,0.22661011154562824,0.0,0.12778358161449432,1.0,1.0,1.0,1.0
2029,0,293,6,0.12778358161449432,0.0,0.22661011154562824,0.0,0.12778358161449432,1.0,1.0,1.0,1.0
2029,0,293,8,0.12778358161449432,0.0,0.22661011154562824,0.0,0.12778358161449432,1.0,1.0,1.0,1.0
2029,0,294,2,0.003408193588256836,0.010480731725692749,0.0067929901329607705,0.8,0.006709012389183045,1.0,0.5,0.4,0.2
2029,0,294,4,0.038058966398239136,0.006522327661514282,0.07330953051795876,0.6,0.01309441328048706,0.75,0.75,0.3875,0.3875
2029,0,294,6,0.038058966398239136,0.0008609592914581299,0.07332485970266703,0.4,0.01694815456867218,0.5,0.75,0.3999999999999999,0.6
2029,0,294,8,0.038058966398239136,0.0,0.0733271762591534,0.19999999999999996,0.03233324438333511,0.5,1.0,0.3875,0.775
2029,0,298,2,0.013577524572610855,0.010815788060426712,0.02678736624148217,0.7142857142857143,0.011261029355227947,1.0,0.5,0.575,0.2875
2029,0,298,4,0.11334558948874474,0.006220754235982895,0.20348291510791788,0.4285714285714286,0.028768880851566793,0.75,0.75,0.6,0.6
2029,0,298,6,0.11334558948874474,0.0,0.20361258994306294,0.1428571428571429,0.07189517468214035,0.6666666666666666,1.0,0.5583333333333332,0.8375
2029,0,298,8,0.11334558948874474,0.0,0.20361258994306294,0.0,0.11334558948874474,0.5714285714285714,1.0,0.5714285714285714,1.0
2029,0,305,2,0.08542603254318237,0.00513264536857605,0.15734164815202623,0.5,0.028979316353797913,1.0,0.5,1.0,0.5
2029,0,305,4,0.08542603254318237,0.0,0.15740553475215052,0.0,0.08542603254318237,1.0,1.0,1.0,1.0
2029,0,305,6,0.08542603254318237,0.0,0.15740553475215052,0.0,0.08542603254318237,1.0,1.0,1.0,1.0
2029,0,305,8,0.08542603254318237,0.0,0.15740553475215052,0.0,0.08542603254318237,1.0,1.0,1.0,1.0
2029,0,306,2,0.03591155260801315,0.02533562481403351,0.06927081879152519,0.8181818181818181,0.016771609149873256,1.0,0.5,0.4,0.2
2029,0,306,4,0.023552820086479187,0.02533562481403351,0.04599418800272271,0.6363636363636364,0.02440473437309265,0.5,0.5,0.35,0.35
2029,0,306,6,0.10583788901567459,0.0022199302911758423,0.19137589316133397,0.4545454545454546,0.02665817681699991,0.5,0.75,0.29999999999999993,0.45
2029,0,306,8,0.10583788901567459,0.0,0.1914166444593117,0.2727272727272727,0.06221546232700348,0.5,1.0,0.36875,0.7375
2029,0,314,2,0.015854567289352417,0.042297542095184326,0.031192745096779065,0.7142857142857143,0.03985358327627182,1.0,0.5,0.6,0.3
2029,0,314,4,0.015854567289352417,0.00944170355796814,0.031209603396242333,0.4285714285714286,0.0521824523806572,0.75,0.75,0.5125,0.5125
2029,0,314,6,0.015854567289352417,0.0,0.031214246211754164,0.1428571428571429,0.03604837208986282,0.6666666666666666,1.0,0.5499999999999999,0.825
2029,0,314,8,0.015854567289352417,0.0,0.031214246211754164,0.0,0.015854567289352417,0.5714285714285714,1.0,0.5714285714285714,1.0
2029,0,319,2,0.015907764434814453,0.011069416999816895,0.03131185189519911,0.7142857142857143,0.013549485802650451,1.0,0.5,0.6,0.3
2029,0,319,4,0.0949278175830841,0.005417674779891968,0.1733137229855212,0.4285714285714286,0.03698881268501282,1.0,1.0,0.5,0.5
2029,0,319,6,0.0949278175830841,0.0,0.17339557194304436,0.1428571428571429,0.0761606216430664,0.6666666666666666,1.0,0.5916666666666666,0.8875
2029,0,319,8,0.0949278175830841,0.0,0.17339557194304436,0.0,0.0949278175830841,0.5714285714285714,1.0,0.5714285714285714,1.0
2029,0,320,2,0.05758902430534363,0.051370054483413696,0.10858605259409779,0.8461538461538461,0.009632094204425812,1.0,0.5,0.275,0.1375
2029,0,320,4,0.03737252950668335,0.004723191261291504,0.07203996656814012,0.6923076923076923,0.0281171590089798,0.75,0.75,0.3,0.3
2029,0,320,6,0.03737252950668335,0.0041773319244384766,0.07204139572690095,0.5384615384615384,0.04999120682477951,0.5,0.75,0.30833333333333335,0.4625
2029,0,320,8,0.03737252950668335,0.002120494842529297,0.07204676736078179,0.3846153846153846,0.043653784692287444,0.5,1.0,0.30625,0.6125
2029,0,324,2,0.002569437026977539,0.0006415396928787231,0.005125695447683769,0.8181818181818181,0.008376220986247063,1.0,0.5,0.4,0.2
2029,0,324,4,0.13485142588615417,0.0023024901747703552,0.23758961323554437,0.6363636363636364,0.015678654611110687,0.75,0.75,0.425,0.425
2029,0,324,6,0.13485142588615417,0.0012761205434799194,0.2376186894271667,0.4545454545454546,0.024749312549829483,0.6666666666666666,1.0,0.3833333333333333,0.575
2029,0,324,8,0.13485142588615417,0.0,0.23765476750554335,0.2727272727272727,0.07248018346726895,0.5,1.0,0.3625,0.725
2029,0,330,2,0.03962188959121704,0.0011300593614578247,0.07622036755977112,0.8,0.017048908025026323,1.0,0.5,0.4,0.2
2029,0,330,4,0.08397096395492554,0.01793256402015686,0.15471328100941886,0.6,0.029774504899978637,0.75,0.75,0.425,0.425
2029,0,330,6,0.08397096395492554,0.0008606314659118652,0.15492179030057215,0.4,0.05777227133512497,0.6666666666666666,1.0,0.4416666666666666,0.6625
2029,0,330,8,0.08397096395492554,0.0,0.1549321277916025,0.19999999999999996,0.07086543142795562,0.5,1.0,0.4,0.8
2029,0,334,2,0.09210872650146484,0.12082532048225403,0.1667477475695933,0.7142857142857143,0.04382124990224838,1.0,0.5,0.45,0.225
2029,0,334,4,0.011585026979446411,0.015789389610290527,0.022900494934776017,0.4285714285714286,0.04580717235803604,1.0,1.0,0.5625,0.5625
2029,0,334,6,0.011585026979446411,0.0,0.022904702364049123,0.1428571428571429,0.034779657423496244,0.6666666666666666,1.0,0.5833333333333333,0.875
2029,0,334,8,0.011585026979446411,0.0,0.022904702364049123,0.0,0.011585026979446411,0.5714285714285714,1.0,0.5714285714285714,1.0
2029,0,341,2,0.012422427535057068,0.014190495014190674,0.02453567500717216,0.8333333333333334,0.011089889705181122,1.0,0.5,0.4,0.2
2029,0,341,4,0.014720618724822998,0.013074502348899841,0.029008556461622714,0.6666666666666667,0.010018809884786605,0.75,0.75,0.275,0.275
2029,0,341,6,0.10342898964881897,0.00346943736076355,0.1874071624425577,0.5,0.036651335656642914,0.6666666666666666,1.0,0.35,0.525
2029,0,341,8,0.10342898964881897,0.0,0.18746832033430014,0.33333333333333337,0.04609765410423279,0.5,1.0,0.30625,0.6125
2029,0,344,2,0.005783528089523315,0.009600989520549774,0.011499901424034854,0.8461538461538461,0.0050882410258054735,1.0,0.5,0.375,0.1875
2029,0,344,4,0.10894009470939636,0.00024566054344177246,0.19647132531780132,0.6923076923076923,0.006199642643332481,1.0,1.0,0.2625,0.2625
2029,0,344,6,0.10894009470939636,0.005636140704154968,0.19636672671033611,0.5384615384615384,0.018966104462742807,0.6666666666666666,1.0,0.2666666666666667,0.4
2029,0,344,8,0.10894009470939636,0.0032103806734085083,0.19641392314297118,0.3846153846153846,0.04730226323008537,0.5,1.0,0.3125,0.625
2029,0,345,2,0.023018822073936462,0.020317435264587402,0.04498076684294048,0.7142857142857143,0.020468807965517043,1.0,0.5,0.525,0.2625
2029,0,345,4,0.1275939643383026,0.0033209919929504395,0.22622659964705152,0.4285714285714286,0.03997529298067093,1.0,1.0,0.575,0.575
2029,0,345,6,0.1275939643383026,0.0,0.22631189661107776,0.1428571428571429,0.11105344779789447,0.6666666666666666,1.0,0.5833333333333333,0.875
2029,0,345,8,0.1275939643383026,0.0,0.22631189661107776,0.0,0.1275939643383026,0.5714285714285714,1.0,0.5714285714285714,1.0
2029,0,346,2,0.052988022565841675,0.02651730179786682,0.10050539608416355,0.7142857142857143,0.023280221223831176,1.0,0.5,0.625,0.3125
2029,0,346,4,0.08330628275871277,0.0015486478805541992,0.15378171224065385,0.4285714285714286,0.05752666741609573,1.0,1.0,0.6,0.6
2029,0,346,6,0.08330628275871277,0.0,0.15380005467441338,0.1428571428571429,0.07937311977148057,0.6666666666666666,1.0,0.5833333333333333,0.875
2029,0,346,8,0.08330628275871277,0.0,0.15380005467441338,0.0,0.08330628275871277,0.5714285714285714,1.0,0.5714285714285714,1.0
2029,0,350,2,0.03807784616947174,0.01335817575454712,0.07332580156829231,0.7142857142857143,0.022919173166155816,1.0,0.5,0.625,0.3125
2029,0,350,4,0.07802100479602814,0.0041814446449279785,0.14470460423789833,0.4285714285714286,0.04445620663464069,0.75,0.75,0.6,0.6
2029,0,350,6,0.07802100479602814,0.0,0.14474857994216997,0.1428571428571429,0.05901403799653053,0.6666666666666666,1.0,0.5416666666666666,0.8125
2029,0,350,8,0.07802100479602814,0.0,0.14474857994216997,0.0,0.07802100479602814,0.5714285714285714,1.0,0.5714285714285714,1.0
2029,0,351,2,0.13083267211914062,0.014259763062000275,0.2310051196260099,0.5,0.016379036381840704,1.0,0.5,1.0,0.5
2029,0,351,4,0.13083267211914062,0.0,0.23139174405699614,0.0,0.13083267211914062,1.0,1.0,1.0,1.0
2029,0,351,6,0.13083267211914062,0.0,0.23139174405699614,0.0,0.13083267211914062,1.0,1.0,1.0,1.0
2029,0,351,8,0.13083267211914062,0.0,0.23139174405699614,0.0,0.13083267211914062,1.0,1.0,1.0,1.0
2029,0,353,2,0.08724439144134521,0.05803176760673523,0.15969770150319537,0.5,0.07046016901731492,1.0,0.5,1.0,0.5
2029,0,353,4,0.08196213841438293,0.0,0.1515064816121913,0.0,0.08196213841438293,1.0,1.0,1.0,1.0
2029,0,353,6,0.08196213841438293,0.0,0.1515064816121913,0.0,0.08196213841438293,1.0,1.0,1.0,1.0
2029,0,353,8,0.08196213841438293,0.0,0.1515064816121913,0.0,0.08196213841438293,1.0,1.0,1.0,1.0
2029,0,370,2,0.04664916917681694,0.051929257810115814,0.08892294592402551,0.8,0.01679544020444155,1.0,0.5,0.425,0.2125
2029,0,370,4,0.06401029974222183,0.0023879781365394592,0.12030162374382064,0.6,0.03565799612551927,0.75,0.75,0.35,0.35
2029,0,370,6,0.06401029974222183,0.001315288245677948,0.12030941531821893,0.4,0.05108373071998358,0.6666666666666666,1.0,0.375,0.5625
2029,0,370,8,0.06401029974222183,0.0,0.12031894758486761,0.19999999999999996,0.05656649172306061,0.5,1.0,0.39375,0.7875
2029,0,374,2,0.0284515842795372,0.04012775421142578,0.05526505638695402,0.875,0.02027534432709217,1.0,0.5,0.325,0.1625
2029,0,374,4,0.1477142721414566,0.009587690234184265,0.25708569816870475,0.75,0.03324522599577904,0.75,0.75,0.325,0.325
2029,0,374,6,0.1477142721414566,0.00048314034938812256,0.2573899911272009,0.625,0.05139700844883919,0.6666666666666666,1.0,0.2583333333333333,0.3875
2029,0,374,8,0.1477142721414566,0.0005302280187606812,0.25738842978504,0.5,0.0585436075925827,0.5,1.0,0.25,0.5
2029,0,378,2,0.036932677030563354,0.06841674447059631,0.0710486267636448,0.7142857142857143,0.01892327144742012,1.0,0.5,0.575,0.2875
2029,0,378,4,0.06841674447059631,0.0008316338062286377,0.12806444396820318,0.4285714285714286,0.04021274596452713,1.0,1.0,0.5375,0.5375
2029,0,378,6,0.06841674447059631,0.0,0.1280712696139876,0.1428571428571429,0.06065227463841438,0.6666666666666666,1.0,0.5999999999999999,0.9
2029,0,378,8,0.06841674447059631,0.0,0.1280712696139876,0.0,0.06841674447059631,0.5714285714285714,1.0,0.5714285714285714,1.0
2029,0,382,2,0.014378465712070465,0.02595611661672592,0.028338607665228752,0.8,0.008731799572706223,0.5,0.25,0.55,0.275
2029,0,382,4,0.003275074064731598,0.020118944346904755,0.006528328380177686,0.6,0.014742804318666458,0.5,0.5,0.375,0.375
2029,0,382,6,0.10490301996469498,0.0031984224915504456,0.18982855481595154,0.4,0.050349600985646246,0.6666666666666666,1.0,0.39999999999999997,0.6
2029,0,382,8,0.10490301996469498,0.0,0.18988638472188618,0.19999999999999996,0.06326527893543243,0.5,1.0,0.38125,0.7625
2029,0,397,2,0.14201830327510834,0.008378490805625916,0.24845352585158675,0.8461538461538461,0.006377360969781876,1.0,0.5,0.325,0.1625
2029,0,397,4,0.14201830327510834,9.164214134216309e-05,0.24871174874347174,0.6923076923076923,0.014245764166116715,0.5,0.5,0.2375,0.2375
2029,0,397,6,0.14201830327510834,0.000249713659286499,0.2487068582131616,0.5384615384615384,0.016177532076835633,0.6666666666666666,1.0,0.30833333333333324,0.4625
2029,0,397,8,0.14201830327510834,0.0012616366147994995,0.24867551850295028,0.3846153846153846,0.031752333790063855,0.5,1.0,0.24375,0.4875
2029,0,402,2,0.029355883598327637,0.03493615984916687,0.05697855961587736,0.7142857142857143,0.03794615715742111,1.0,0.5,0.625,0.3125
2029,0,402,4,0.04922613501548767,0.005420327186584473,0.09380923710207595,0.4285714285714286,0.03830905109643936,0.75,0.75,0.5875,0.5875
2029,0,402,6,0.04922613501548767,0.0,0.09383322312069751,0.1428571428571429,0.042545823752880095,0.6666666666666666,1.0,0.5666666666666667,0.85
2029,0,402,8,0.04922613501548767,0.0,0.09383322312069751,0.0,0.04922613501548767,0.5714285714285714,1.0,0.5714285714285714,1.0
2029,0,415,2,0.0011308565735816956,0.00700446218252182,0.002259140362460705,0.7142857142857143,0.002201857790350914,1.0,0.5,0.475,0.2375
2029,0,415,4,0.14023318141698837,0.0042401328682899475,0.24584406440450365,0.4285714285714286,0.04816409796476364,0.75,0.75,0.55,0.55
2029,0,415,6,0.14023318141698837,0.0,0.24597281275873425,0.1428571428571429,0.07956581562757492,0.6666666666666666,1.0,0.5333333333333333,0.8
2029,0,415,8,0.14023318141698837,0.0,0.24597281275873425,0.0,0.14023318141698837,0.5714285714285714,1.0,0.5714285714285714,1.0
2029,0,422,2,0.03602652996778488,0.03838130831718445,0.06945111119998156,0.8461538461538461,0.015262581408023834,1.0,0.5,0.275,0.1375
2029,0,422,4,0.10810942947864532,0.001466408371925354,0.19509615087657692,0.6923076923076923,0.030964456126093866,0.75,0.75,0.325,0.325
2029,0,422,6,0.10810942947864532,0.0023086965084075928,0.1950800617152151,0.5384615384615384,0.04429890252649784,0.5,0.75,0.31666666666666665,0.475
2029,0,422,8,0.10810942947864532,0.0006160140037536621,0.19511237005381207,0.3846153846153846,0.07407052889466285,0.375,0.75,0.28125,0.5625
2029,0,427,2,0.02807464450597763,0.03141024708747864,0.05456764193761703,0.8947368421052632,0.007245052978396416,1.0,0.5,0.2,0.1
2029,0,427,4,0.07132112979888916,0.003211177885532379,0.13311757808595842,0.7894736842105263,0.01487007699906826,0.75,0.75,0.2375,0.2375
2029,0,427,6,0.07132112979888916,0.004827544093132019,0.1331031425811038,0.6842105263157895,0.02724529318511486,0.5,0.75,0.21666666666666665,0.325
2029,0,427,8,0.07132112979888916,0.005652338266372681,0.13309575960414538,0.5789473684210527,0.029850783571600915,0.375,0.75,0.20625,0.4125
2029,0,433,2,0.016619756817817688,0.01256173849105835,0.03268931372359502,0.7142857142857143,0.013140592351555824,1.0,0.5,0.475,0.2375
2029,0,433,4,0.08947089314460754,0.0020807385444641113,0.1642183851507573,0.4285714285714286,0.03102372456341982,1.0,1.0,0.5875,0.5875
2029,0,433,6,0.08947089314460754,0.0,0.16424650480814984,0.1428571428571429,0.07891480773687362,0.6666666666666666,1.0,0.5833333333333333,0.875
2029,0,433,8,0.08947089314460754,0.0,0.16424650480814984,0.0,0.08947089314460754,0.5714285714285714,1.0,0.5714285714285714,1.0
2029,0,434,2,0.000820547342300415,0.0861005187034607,0.0016396225446675696,0.5,0.04468667432665825,1.0,0.5,1.0,0.5
2029,0,434,4,0.0861005187034607,0.0,0.158549816008271,0.0,0.0861005187034607,1.0,1.0,1.0,1.0
2029,0,434,6,0.0861005187034607,0.0,0.158549816008271,0.0,0.0861005187034607,1.0,1.0,1.0,1.0
2029,0,434,8,0.0861005187034607,0.0,0.158549816008271,0.0,0.0861005187034607,1.0,1.0,1.0,1.0
2029,0,437,2,0.1249670535326004,0.0008360296487808228,0.2221495087633683,0.8461538461538461,0.0006113193929195404,1.0,0.5,0.2,0.1
2029,0,437,4,0.1249670535326004,0.0012167096138000488,0.22214009649491662,0.6923076923076923,0.008116713538765908,0.75,0.75,0.2625,0.2625
2029,0,437,6,0.1249670535326004,0.00021986663341522217,0.22216472982110444,0.5384615384615384,0.03306342698633671,0.5,0.75,0.32499999999999996,0.4875
2029,0,437,8,0.1249670535326004,0.0012275129556655884,0.22213982929047363,0.3846153846153846,0.045294056087732314,0.5,1.0,0.29375,0.5875
2029,0,439,2,0.07180334627628326,0.034654587507247925,0.13366458831172257,0.8947368421052632,0.019821347296237947,1.0,0.5,0.25,0.125
2029,0,439,4,0.07287618517875671,0.03245954215526581,0.1355431173590711,0.7894736842105263,0.03556197434663773,0.75,0.75,0.2625,0.2625
2029,0,439,6,0.10004812479019165,0.004454419016838074,0.18182373264041382,0.6842105263157895,0.0400693342089653,0.6666666666666666,1.0,0.2,0.3
2029,0,439,8,0.10004812479019165,0.0005297362804412842,0.18188895558941973,0.5789473684210527,0.053454093635082245,0.5,1.0,0.23125,0.4625
2029,0,440,2,0.00186137855052948,0.01001708209514618,0.003715770661512444,0.7142857142857143,0.018629563972353935,0.5,0.25,0.625,0.3125
2029,0,440,4,0.14532247185707092,0.0007358044385910034,0.2537432019276846,0.4285714285714286,0.06389460638165474,0.75,0.75,0.5625,0.5625
2029,0,440,6,0.14532247185707092,0.0,0.25376690919447226,0.1428571428571429,0.11345674395561219,0.6666666666666666,1.0,0.5666666666666667,0.85
2029,0,440,8,0.14532247185707092,0.0,0.25376690919447226,0.0,0.14532247185707092,0.5714285714285714,1.0,0.5714285714285714,1.0
2029,0,442,2,0.044633619487285614,0.029133863747119904,0.08534373239118702,0.8,0.02033468522131443,1.0,0.5,0.5,0.25
2029,0,442,4,0.13102062791585922,0.006443023681640625,0.2315117399053267,0.6,0.021745437756180763,0.75,0.75,0.3,0.3
2029,0,442,6,0.13102062791585922,0.0009774044156074524,0.23165940037260785,0.4,0.06307163387537003,0.5,0.75,0.36666666666666664,0.55
2029,0,442,8,0.13102062791585922,0.0,0.231685655737848,0.19999999999999996,0.09537072665989399,0.5,1.0,0.38125,0.7625
2029,0,444,2,0.017865538597106934,0.11803202331066132,0.035021662699326744,0.7142857142857143,0.02540864497423172,0.5,0.25,0.6,0.3
2029,0,444,4,0.11803202331066132,0.003999277949333191,0.21105300707187044,0.4285714285714286,0.0566350057721138,0.75,0.75,0.4875,0.4875
2029,0,444,6,0.11803202331066132,0.0,0.2111424732918664,0.1428571428571429,0.09862266331911088,0.6666666666666666,1.0,0.5666666666666665,0.85
2029,0,444,8,0.11803202331066132,0.0,0.2111424732918664,0.0,0.11803202331066132,0.5714285714285714,1.0,0.5714285714285714,1.0
2029,0,448,2,0.06641477346420288,0.025240004062652588,0.12435657531224432,0.8,0.015546452999114991,1.0,0.5,0.375,0.1875
2029,0,448,4,0.0559501051902771,0.021845966577529907,0.10584586023550491,0.6,0.02851560264825821,1.0,1.0,0.425,0.425
2029,0,448,6,0.0559501051902771,0.006863623857498169,0.10593232436447259,0.4,0.03662757277488708,0.6666666666666666,1.0,0.3666666666666666,0.55
2029,0,448,8,0.0559501051902771,0.0,0.1059711153306721,0.19999999999999996,0.04894499033689499,0.5,1.0,0.3875,0.775
2029,0,456,2,0.0016637444496154785,0.03548896312713623,0.0033217589927023736,0.7142857142857143,0.0549818217754364,1.0,0.5,0.525,0.2625
2029,0,456,4,0.0016637444496154785,0.012045145034790039,0.0033218947327606357,0.4285714285714286,0.047497323155403136,0.75,0.75,0.6125,0.6125
2029,0,456,6,0.0016637444496154785,0.0,0.00332196200338599,0.1428571428571429,0.02747455835342407,0.6666666666666666,1.0,0.575,0.8625
2029,0,456,8,0.0016637444496154785,0.0,0.00332196200338599,0.0,0.0016637444496154785,0.5714285714285714,1.0,0.5714285714285714,1.0
2029,0,457,2,0.13150663673877716,0.011317029595375061,0.23213636586109082,0.7142857142857143,0.017353300377726553,1.0,0.5,0.675,0.3375
2029,0,457,4,0.13150663673877716,0.0001884549856185913,0.2324400964787636,0.4285714285714286,0.03860832005739212,0.75,0.75,0.5375,0.5375
2029,0,457,6,0.13150663673877716,0.0,0.23244518851043586,0.1428571428571429,0.10127507597208023,0.6666666666666666,1.0,0.5833333333333333,0.875
2029,0,457,8,0.13150663673877716,0.0,0.23244518851043586,0.0,0.13150663673877716,0.5714285714285714,1.0,0.5714285714285714,1.0
2029,0,462,2,0.040435999631881714,0.04081157594919205,0.07760063048266498,0.875,0.007917802408337593,1.0,0.5,0.225,0.1125
2029,0,462,4,0.09229256957769394,0.005663551390171051,0.16890744556045478,0.75,0.015599976852536201,0.75,0.75,0.2375,0.2375
2029,0,462,6,0.09229256957769394,0.000537186861038208,0.16898106056031278,0.625,0.03698095940053463,0.5,0.75,0.26666666666666666,0.4
2029,0,462,8,0.09229256957769394,0.0030235499143600464,0.16894544272504938,0.5,0.04719703756272793,0.375,0.75,0.2625,0.525
2029,0,463,2,0.005123957991600037,0.12622245401144028,0.010188171073489974,0.8461538461538461,0.007855068147182464,0.5,0.25,0.3,0.15
2029,0,463,4,0.004894629120826721,0.12622245401144028,0.009734727337161188,0.6923076923076923,0.03600430302321911,0.25,0.25,0.35,0.35
2029,0,463,6,0.12622245401144028,0.007975868880748749,0.223950105340683,0.5384615384615384,0.04631873071193695,0.5,0.75,0.3416666666666667,0.5125
2029,0,463,8,0.12622245401144028,0.002624727785587311,0.22408581201405212,0.3846153846153846,0.061388439312577245,0.5,1.0,0.2875,0.575
2029,0,466,2,0.052864089608192444,0.04421411454677582,0.1001868873129516,0.8461538461538461,0.02422219142317772,1.0,0.5,0.375,0.1875
2029,0,466,4,0.049890995025634766,0.04421411454677582,0.0948318685302046,0.6923076923076923,0.023713814467191695,0.5,0.5,0.2375,0.2375
2029,0,466,6,0.07403917610645294,0.002007707953453064,0.13785141436383896,0.5384615384615384,0.03822999447584152,0.5,0.75,0.3666666666666666,0.55
2029,0,466,8,0.07403917610645294,0.0012268126010894775,0.137858858506456,0.3846153846153846,0.040352652221918105,0.375,0.75,0.2875,0.575
2029,0,468,2,0.022121459245681763,0.012477241456508636,0.04327354937987609,0.7142857142857143,0.01638316549360752,1.0,0.5,0.6,0.3
2029,0,468,4,0.10956135392189026,0.0009771659970283508,0.19746681485171616,0.4285714285714286,0.03881445750594139,0.75,0.75,0.55,0.55
2029,0,468,6,0.10956135392189026,0.0,0.19748588671483785,0.1428571428571429,0.08472927212715149,0.6666666666666666,1.0,0.575,0.8625
2029,0,468,8,0.10956135392189026,0.0,0.19748588671483785,0.0,0.10956135392189026,0.5714285714285714,1.0,0.5714285714285714,1.0
2029,0,472,2,0.007606089115142822,0.04728198051452637,0.015091692675233201,0.8,0.013028685003519058,0.5,0.25,0.475,0.2375
2029,0,472,4,0.13192082941532135,0.010639667510986328,0.2328001933625711,0.6,0.03370040357112884,0.5,0.5,0.4375,0.4375
2029,0,472,6,0.13192082941532135,0.0009774714708328247,0.23306539561396525,0.4,0.06685245633125306,0.6666666666666666,1.0,0.4333333333333333,0.65
2029,0,472,8,0.13192082941532135,0.0,0.2330919724897426,0.19999999999999996,0.08606781959533691,0.5,1.0,0.4,0.8
2029,0,475,2,0.026661254465579987,0.02429431676864624,0.0519042209510883,0.7142857142857143,0.02834916636347771,1.0,0.5,0.65,0.325
2029,0,475,4,0.13169559091329575,0.009134478867053986,0.23249089768190484,0.4285714285714286,0.04879764877259731,0.75,0.75,0.65,0.65
2029,0,475,6,0.13169559091329575,0.0,0.2327403092681759,0.1428571428571429,0.09414111413061618,0.6666666666666666,1.0,0.5916666666666666,0.8875
2029,0,475,8,0.13169559091329575,0.0,0.2327403092681759,0.0,0.13169559091329575,0.5714285714285714,1.0,0.5714285714285714,1.0
2029,0,477,2,0.07136188447475433,0.039271220564842224,0.1328554139030712,0.5,0.02555130049586296,1.0,0.5,1.0,0.5
2029,0,477,4,0.07136188447475433,0.0,0.13321714260861575,0.0,0.07136188447475433,1.0,1.0,1.0,1.0
2029,0,477,6,0.07136188447475433,0.0,0.13321714260861575,0.0,0.07136188447475433,1.0,1.0,1.0,1.0
2029,0,477,8,0.07136188447475433,0.0,0.13321714260861575,0.0,0.07136188447475433,1.0,1.0,1.0,1.0
2029,0,482,2,0.03276580572128296,0.09932154417037964,0.0632313176408105,0.5,0.03779436051845551,1.0,0.5,1.0,0.5
2029,0,482,4,0.09932154417037964,0.0,0.18069607513302072,0.0,0.09932154417037964,1.0,1.0,1.0,1.0
2029,0,482,6,0.09932154417037964,0.0,0.18069607513302072,0.0,0.09932154417037964,1.0,1.0,1.0,1.0
2029,0,482,8,0.09932154417037964,0.0,0.18069607513302072,0.0,0.09932154417037964,1.0,1.0,1.0,1.0
2029,0,496,2,0.0734214037656784,0.045572519302368164,0.13635351749581326,0.8461538461538461,0.011925622075796127,0.5,0.25,0.25,0.125
2029,0,496,4,0.07097750902175903,0.06964138150215149,0.131892848810869,0.6923076923076923,0.04887517392635345,0.5,0.5,0.3625,0.3625
2029,0,496,6,0.0664827823638916,0.0006113350391387939,0.12467195603428026,0.5384615384615384,0.053556909412145616,0.5,0.75,0.3166666666666667,0.475
2029,0,496,8,0.0664827823638916,0.0021393001079559326,0.12466004977977747,0.3846153846153846,0.06575999930500984,0.5,1.0,0.31875,0.6375
2029,0,499,2,0.004586964845657349,0.010550618171691895,0.009131596739273865,0.75,0.005578291416168213,1.0,0.5,0.6,0.3
2029,0,499,4,0.0016708672046661377,0.005664736032485962,0.003336128425336287,0.5,0.009039132297039032,1.0,1.0,0.5,0.5
2029,0,499,6,0.0016708672046661377,0.0,0.0033361601287835766,0.25,0.01608577072620392,0.6666666666666666,1.0,0.5166666666666666,0.775
2029,0,499,8,0.0016708672046661377,0.0,0.0033361601287835766,0.0,0.0016708672046661377,0.5,1.0,0.5,1.0
2029,0,508,2,0.0020461827516555786,0.012868985533714294,0.004083900156829357,0.7142857142857143,0.01299428716301918,1.0,0.5,0.475,0.2375
2029,0,508,4,0.15703262388706207,0.009013563394546509,0.27110560396076033,0.4285714285714286,0.05257764533162117,0.75,0.75,0.5125,0.5125
2029,0,508,6,0.15703262388706207,0.0,0.2714402699545489,0.1428571428571429,0.11451387032866478,0.6666666666666666,1.0,0.5583333333333332,0.8375
2029,0,508,8,0.15703262388706207,0.0,0.2714402699545489,0.0,0.15703262388706207,0.5714285714285714,1.0,0.5714285714285714,1.0
2029,0,514,2,0.09492658078670502,0.0046091824769973755,0.17332392751032996,0.8,0.005811581760644913,1.0,0.5,0.35,0.175
2029,0,514,4,0.09492658078670502,0.015908777713775635,0.1731508315206671,0.6,0.019059962034225462,0.75,0.75,0.425,0.425
2029,0,514,6,0.09492658078670502,0.012901321053504944,0.17319725514461423,0.4,0.04871420785784721,0.5,0.75,0.35,0.525
2029,0,514,8,0.09492658078670502,0.0,0.17339350866521158,0.19999999999999996,0.0722627155482769,0.5,1.0,0.40625,0.8125
2029,0,518,2,0.03947170823812485,0.046253979206085205,0.07580610689005443,0.7142857142857143,0.022362235561013223,1.0,0.5,0.475,0.2375
2029,0,518,4,0.08444555103778839,0.0016598105430603027,0.1557194267876892,0.4285714285714286,0.05316354800015688,0.75,0.75,0.6125,0.6125
2029,0,518,6,0.08444555103778839,0.0,0.15573958684597125,0.1428571428571429,0.07185401953756809,0.6666666666666666,1.0,0.575,0.8625
2029,0,518,8,0.08444555103778839,0.0,0.15573958684597125,0.0,0.08444555103778839,0.5714285714285714,1.0,0.5714285714285714,1.0
2029,0,524,2,0.12915728986263275,0.033857494592666626,0.22785423344071515,0.8181818181818181,0.012707720324397088,1.0,0.5,0.3,0.15
2029,0,524,4,0.12915728986263275,0.011742576956748962,0.22845707859879666,0.6363636363636364,0.024316129088401795,0.75,0.75,0.325,0.325
2029,0,524,6,0.12915728986263275,0.00023978948593139648,0.22876130321197952,0.4545454545454546,0.04808458872139454,0.6666666666666666,1.0,0.37499999999999994,0.5625
2029,0,524,8,0.12915728986263275,0.0,0.2287675791888043,0.2727272727272727,0.07580366395413876,0.5,1.0,0.375,0.75
2029,0,527,2,0.00876636803150177,0.12746763229370117,0.01735833615671206,0.7142857142857143,0.037188956141471864,1.0,0.5,0.625,0.3125
2029,0,527,4,0.05208423733711243,0.06335856020450592,0.09868107237097745,0.4285714285714286,0.07657926641404629,0.75,0.75,0.625,0.625
2029,0,527,6,0.12746763229370117,0.0,0.2261131559659645,0.1428571428571429,0.10757617577910424,0.6666666666666666,1.0,0.5833333333333333,0.875
2029,0,527,8,0.12746763229370117,0.0,0.2261131559659645,0.0,0.12746763229370117,0.5714285714285714,1.0,0.5714285714285714,1.0
2029,0,534,2,0.007891587913036346,0.005002167075872421,0.01565898035946343,0.5,0.022105409204959868,1.0,0.5,1.0,0.5
2029,0,534,4,0.09973162412643433,0.0,0.1813744770787247,0.0,0.09973162412643433,1.0,1.0,1.0,1.0
2029,0,534,6,0.09973162412643433,0.0,0.1813744770787247,0.0,0.09973162412643433,1.0,1.0,1.0,1.0
2029,0,534,8,0.09973162412643433,0.0,0.1813744770787247,0.0,0.09973162412643433,1.0,1.0,1.0,1.0
2029,0,536,2,0.004362240433692932,0.008505292236804962,0.008686264250760755,0.5,0.014959055557847023,1.0,0.5,1.0,0.5
2029,0,536,4,0.12602578848600388,0.0,0.22384174461128753,0.0,0.12602578848600388,1.0,1.0,1.0,1.0
2029,0,536,6,0.12602578848600388,0.0,0.22384174461128753,0.0,0.12602578848600388,1.0,1.0,1.0,1.0
2029,0,536,8,0.12602578848600388,0.0,0.22384174461128753,0.0,0.12602578848600388,1.0,1.0,1.0,1.0
2029,0,557,2,0.13831385970115662,0.03446415066719055,0.24196589247267894,0.7142857142857143,0.027212313562631606,1.0,0.5,0.475,0.2375
2029,0,557,4,0.13831385970115662,0.0007654130458831787,0.24299271450791743,0.4285714285714286,0.06592252030968666,0.75,0.75,0.525,0.525
2029,0,557,6,0.13831385970115662,0.0,0.2430153310045234,0.1428571428571429,0.12500711306929588,0.6666666666666666,1.0,0.5833333333333333,0.875
2029,0,557,8,0.13831385970115662,0.0,0.2430153310045234,0.0,0.13831385970115662,0.5714285714285714,1.0,0.5714285714285714,1.0
2029,0,560,2,0.008832067251205444,0.014173299074172974,0.0175072859138788,0.7142857142857143,0.01617903560400009,1.0,0.5,0.5,0.25
2029,0,560,4,0.0015549659729003906,0.0053730309009552,0.0031050775731370096,0.4285714285714286,0.019757835566997527,0.75,0.75,0.6125,0.6125
2029,0,560,6,0.0015549659729003906,0.0,0.0031051036153366025,0.1428571428571429,0.014006103575229644,0.6666666666666666,1.0,0.5833333333333333,0.875
2029,0,560,8,0.0015549659729003906,0.0,0.0031051036153366025,0.0,0.0015549659729003906,0.5714285714285714,1.0,0.5714285714285714,1.0
2029,0,588,2,0.10186618566513062,0.00435231626033783,0.18482287037317466,0.7142857142857143,0.011038453876972198,1.0,0.5,0.55,0.275
2029,0,588,4,0.10186618566513062,0.001794472336769104,0.1848668380086795,0.4285714285714286,0.036879553273320195,0.75,0.75,0.525,0.525
2029,0,588,6,0.10186618566513062,0.0,0.18489756195511184,0.1428571428571429,0.08050236403942108,0.6666666666666666,1.0,0.575,0.8625
2029,0,588,8,0.10186618566513062,0.0,0.18489756195511184,0.0,0.10186618566513062,0.5714285714285714,1.0,0.5714285714285714,1.0
2029,0,595,2,0.13688426464796066,0.011085286736488342,0.24048141094558587,0.7142857142857143,0.011203299462795257,1.0,0.5,0.575,0.2875
2029,0,595,4,0.13688426464796066,6.970763206481934e-05,0.2408039586144941,0.4285714285714286,0.044634769484400746,1.0,1.0,0.575,0.575
2029,0,595,6,0.13688426464796066,0.0,0.24080597982477533,0.1428571428571429,0.12439206540584564,0.6666666666666666,1.0,0.5999999999999999,0.9
2029,0,595,8,0.13688426464796066,0.0,0.24080597982477533,0.0,0.13688426464796066,0.5714285714285714,1.0,0.5714285714285714,1.0
2029,0,597,2,0.15061669051647186,0.0004211515188217163,0.261787240454266,0.8181818181818181,0.01967270076274872,1.0,0.5,0.425,0.2125
2029,0,597,4,0.15061669051647186,0.0008363723754882812,0.2617729952458337,0.6363636363636364,0.03756890632212162,0.75,0.75,0.4375,0.4375
2029,0,597,6,0.15061669051647186,0.0010282918810844421,0.26176640748125646,0.4545454545454546,0.051228638365864755,0.6666666666666666,1.0,0.3249999999999999,0.4875
2029,0,597,8,0.15061669051647186,0.0,0.26180167862655507,0.2727272727272727,0.10174335278570652,0.5,1.0,0.4,0.8
2029,0,599,2,0.09191062673926353,0.01563476026058197,0.16812348756049594,0.7142857142857143,0.014832325838506221,1.0,0.5,0.525,0.2625
2029,0,599,4,0.09191062673926353,0.008122853934764862,0.16823229128578224,0.4285714285714286,0.03334114886820316,0.75,0.75,0.5625,0.5625
2029,0,599,6,0.09191062673926353,0.0,0.16834825944268567,0.1428571428571429,0.07029859721660614,0.6666666666666666,1.0,0.5666666666666667,0.85
2029,0,599,8,0.09191062673926353,0.0,0.16834825944268567,0.0,0.09191062673926353,0.5714285714285714,1.0,0.5714285714285714,1.0
2030,0,1,2,0.03631505370140076,0.039557814598083496,0.0699839603298753,0.7142857142857143,0.025666730105876924,1.0,0.5,0.475,0.2375
2030,0,1,4,0.0035115480422973633,0.01656818389892578,0.006998107883444875,0.4285714285714286,0.016619212925434113,0.75,0.75,0.55,0.55
2030,0,1,6,0.0035115480422973633,0.0,0.0069985204438312125,0.1428571428571429,0.026487024128437044,0.6666666666666666,1.0,0.5583333333333333,0.8375
2030,0,1,8,0.0035115480422973633,0.0,0.0069985204438312125,0.0,0.0035115480422973633,0.5714285714285714,1.0,0.5714285714285714,1.0
2030,0,2,2,0.11085154861211777,0.012733489274978638,0.19932287002512694,0.8,0.012623520940542221,1.0,0.5,0.45,0.225
2030,0,2,4,0.11085154861211777,0.0024462491273880005,0.19953058355000983,0.6,0.039531968906521796,0.75,0.75,0.4125,0.4125
2030,0,2,6,0.11085154861211777,0.0014142245054244995,0.19955120894231043,0.4,0.07090793009847403,0.5,0.75,0.41666666666666663,0.625
2030,0,2,8,0.11085154861211777,0.0,0.19957941049929512,0.19999999999999996,0.09470259733498096,0.5,1.0,0.4375,0.875
2030,0,4,2,0.042800381779670715,0.04273708164691925,0.08193725009925865,0.5,0.045588000863790515,1.0,0.5,1.0,0.5
2030,0,4,4,0.14267024397850037,0.0,0.24971376428208578,0.0,0.14267024397850037,1.0,1.0,1.0,1.0
2030,0,4,6,0.14267024397850037,0.0,0.24971376428208578,0.0,0.14267024397850037,1.0,1.0,1.0,1.0
2030,0,4,8,0.14267024397850037,0.0,0.24971376428208578,0.0,0.14267024397850037,1.0,1.0,1.0,1.0
2030,0,13,2,0.020142793655395508,0.037756264209747314,0.03945957407855993,0.7142857142857143,0.0172160804271698,1.0,0.5,0.475,0.2375
2030,0,13,4,0.020142793655395508,0.01574993133544922,0.0394776720985967,0.4285714285714286,0.03802846521139145,0.75,0.75,0.5625,0.5625
2030,0,13,6,0.020142793655395508,0.0,0.03949014545938115,0.1428571428571429,0.025463736057281493,0.6666666666666666,1.0,0.5416666666666666,0.8125
2030,0,13,8,0.020142793655395508,0.0,0.03949014545938115,0.0,0.020142793655395508,0.5714285714285714,1.0,0.5714285714285714,1.0
2030,0,18,2,0.0076561421155929565,0.010943323373794556,0.015194664569851265,0.7142857142857143,0.023959946632385255,1.0,0.5,0.65,0.325
2030,0,18,4,0.1562006175518036,0.00515177845954895,0.2700074945516317,0.4285714285714286,0.05679779425263405,1.0,1.0,0.525,0.525
2030,0,18,6,0.1562006175518036,0.0,0.2701963918382097,0.1428571428571429,0.12758420407772064,0.6666666666666666,1.0,0.5666666666666667,0.85
2030,0,18,8,0.1562006175518036,0.0,0.2701963918382097,0.0,0.1562006175518036,0.5714285714285714,1.0,0.5714285714285714,1.0
2030,0,19,2,0.0012516528367996216,0.14711959660053253,0.0024996373068345724,0.8,0.02446790486574173,0.0,0.0,0.35,0.175
2030,0,19,4,0.00020621716976165771,0.14711959660053253,0.0004123346415088837,0.6,0.0489788830280304,0.0,0.0,0.4,0.4
2030,0,19,6,0.14711959660053253,0.009322181344032288,0.2561934472472055,0.4,0.07082554437220097,0.3333333333333333,0.5,0.35,0.525
2030,0,19,8,0.14711959660053253,0.0,0.25650262978074595,0.19999999999999996,0.11601900570094585,0.5,1.0,0.38125,0.7625
2030,0,23,2,0.10964696109294891,0.026258453726768494,0.19709974900577729,0.8,0.029791554808616637,1.0,0.5,0.35,0.175
2030,0,23,4,0.10964696109294891,0.028404563665390015,0.19705569677867754,0.6,0.0653360303491354,0.5,0.5,0.4,0.4
2030,0,23,6,0.10964696109294891,0.0013684779405593872,0.19759819090593655,0.4,0.08220236003398895,0.6666666666666666,1.0,0.4083333333333334,0.6125
2030,0,23,8,0.10964696109294891,0.0,0.197624947280443,0.19999999999999996,0.09792155250906945,0.5,1.0,0.39375,0.7875
2030,0,26,2,0.13258062303066254,0.030440866947174072,0.23326398166055315,0.8181818181818181,0.008574017882347107,1.0,0.5,0.375,0.1875
2030,0,26,4,0.13258062303066254,0.0162077397108078,0.23367065386613212,0.6363636363636364,0.03380371779203415,0.75,0.75,0.375,0.375
2030,0,26,6,0.13258062303066254,0.0008747577667236328,0.2340973059639586,0.4545454545454546,0.042172789573669434,0.6666666666666666,1.0,0.33333333333333326,0.5
2030,0,26,8,0.13258062303066254,0.0,0.23412129844830157,0.2727272727272727,0.07776217758655549,0.5,1.0,0.38125,0.7625
2030,0,28,2,0.052666544914245605,0.04954952001571655,0.09980279797947225,0.8,0.015080399811267853,1.0,0.5,0.375,0.1875
2030,0,28,4,0.09736278653144836,0.00012969970703125,0.17744663330980612,0.6,0.044684380292892456,0.75,0.75,0.4875,0.4875
2030,0,28,6,0.09736278653144836,0.002005338668823242,0.17741704565996394,0.4,0.07747424393892288,0.6666666666666666,1.0,0.41666666666666663,0.625
2030,0,28,8,0.09736278653144836,0.0,0.17744867554547444,0.19999999999999996,0.08439420163631439,0.5,1.0,0.40625,0.8125
2030,0,36,2,0.0030505359172821045,0.14172175526618958,0.006079463896708949,0.8,0.016211096197366714,0.5,0.25,0.325,0.1625
2030,0,36,4,0.03075006604194641,0.012058719992637634,0.05964369820870351,0.6,0.051841913163661955,0.5,0.5,0.475,0.475
2030,0,36,6,0.14172175526618958,0.0007441192865371704,0.24823676277086926,0.4,0.05747891776263714,0.6666666666666666,1.0,0.41666666666666663,0.625
2030,0,36,8,0.14172175526618958,0.0,0.24825970883448303,0.19999999999999996,0.11124244295060634,0.5,1.0,0.39375,0.7875
2030,0,46,2,0.034849151968955994,0.03576315939426422,0.06726715506387831,0.8,0.020381446927785873,1.0,0.5,0.375,0.1875
2030,0,46,4,0.034849151968955994,0.04705830663442612,0.06723935546984008,0.6,0.038923734053969386,0.5,0.5,0.4625,0.4625
2030,0,46,6,0.07374472916126251,5.272775888442993e-05,0.13735939295561372,0.4,0.04038148559629917,0.5,0.75,0.3583333333333333,0.5375
2030,0,46,8,0.07374472916126251,0.0,0.1373598904068511,0.19999999999999996,0.06337701454758644,0.5,1.0,0.4125,0.825
2030,0,49,2,0.001266181468963623,0.004692524671554565,0.0025291454827970376,0.5,0.020117704570293427,1.0,0.5,1.0,0.5
2030,0,49,4,0.05112582445144653,0.0,0.09727821971861016,0.0,0.05112582445144653,1.0,1.0,1.0,1.0
2030,0,49,6,0.05112582445144653,0.0,0.09727821971861016,0.0,0.05112582445144653,1.0,1.0,1.0,1.0
2030,0,49,8,0.05112582445144653,0.0,0.09727821971861016,0.0,0.05112582445144653,1.0,1.0,1.0,1.0
2030,0,53,2,0.1004815399646759,0.0027633309364318848,0.18256757589082312,0.8,0.013022062182426453,1.0,0.5,0.325,0.1625
2030,0,53,4,0.1004815399646759,0.0004955828189849854,0.1826055003473872,0.6,0.032689647376537324,1.0,1.0,0.35,0.35
2030,0,53,6,0.1004815399646759,0.003243952989578247,0.18255951812373183,0.4,0.07146471738815308,0.6666666666666666,1.0,0.4749999999999999,0.7125
2030,0,53,8,0.1004815399646759,0.0,0.18261376736569562,0.19999999999999996,0.08236023187637329,0.5,1.0,0.425,0.85
2030,0,56,2,0.17293570935726166,0.01483665406703949,0.29422340219247445,0.8,0.02146683558821678,1.0,0.5,0.425,0.2125
2030,0,56,4,0.17293570935726166,0.0034536421298980713,0.294726111900537,0.6,0.036077439039945605,0.75,0.75,0.4,0.4
2030,0,56,6,0.17293570935726166,0.0034818649291992188,0.2947248775946802,0.4,0.05205055549740791,0.6666666666666666,1.0,0.39999999999999997,0.6
2030,0,56,8,0.17293570935726166,0.0,0.29487670633205626,0.19999999999999996,0.11189076006412506,0.5,1.0,0.3875,0.775
2030,0,59,2,0.04943034052848816,0.03924746811389923,0.09402322314418858,0.8,0.01978355124592781,1.0,0.5,0.425,0.2125
2030,0,59,4,0.05326172709465027,0.03924746811389923,0.10092824377094516,0.6,0.03765473514795303,0.5,0.5,0.3375,0.3375
2030,0,59,6,0.11198645830154419,0.008778959512710571,0.2012374532261775,0.4,0.05020584538578987,0.5,0.75,0.3833333333333333,0.575
2030,0,59,8,0.11198645830154419,0.0,0.20141694616064496,0.19999999999999996,0.08617543652653695,0.5,1.0,0.4,0.8
2030,0,67,2,0.02541045844554901,0.020080432295799255,0.04953638070573039,0.5,0.03200417552143335,1.0,0.5,1.0,0.5
2030,0,67,4,0.10736067593097687,0.0,0.1939037176676279,0.0,0.10736067593097687,1.0,1.0,1.0,1.0
2030,0,67,6,0.10736067593097687,0.0,0.1939037176676279,0.0,0.10736067593097687,1.0,1.0,1.0,1.0
2030,0,67,8,0.10736067593097687,0.0,0.1939037176676279,0.0,0.10736067593097687,1.0,1.0,1.0,1.0
2030,0,69,2,0.021210230886936188,0.02561541274189949,0.04151673289526022,0.5,0.033211364224553105,1.0,0.5,1.0,0.5
2030,0,69,4,0.10514620691537857,0.0,0.190284699449599,0.0,0.10514620691537857,1.0,1.0,1.0,1.0
2030,0,69,6,0.10514620691537857,0.0,0.190284699449599,0.0,0.10514620691537857,1.0,1.0,1.0,1.0
2030,0,69,8,0.10514620691537857,0.0,0.190284699449599,0.0,0.10514620691537857,1.0,1.0,1.0,1.0
2030,0,73,2,0.14799801260232925,0.018043071031570435,0.25722737890130926,0.8461538461538461,0.005924052000045777,1.0,0.5,0.25,0.125
2030,0,73,4,0.14799801260232925,0.00191604346036911,0.25777290971382205,0.6923076923076923,0.020913967862725258,0.75,0.75,0.225,0.225
2030,0,73,6,0.14799801260232925,0.0005712136626243591,0.25781770872385235,0.5384615384615384,0.04142319485545158,0.5,0.75,0.325,0.4875
2030,0,73,8,0.14799801260232925,0.0026727989315986633,0.2577476543964416,0.3846153846153846,0.07609893381595612,0.375,0.75,0.30625,0.6125
2030,0,74,2,0.0553097128868103,0.04888589680194855,0.10454014924870292,0.8,0.03289470672607422,1.0,0.5,0.425,0.2125
2030,0,74,4,0.06388014554977417,0.04104843735694885,0.11978112314303238,0.6,0.04740327522158623,0.75,0.75,0.3875,0.3875
2030,0,74,6,0.17098429799079895,0.0004915446043014526,0.2920141984429184,0.4,0.11130166277289391,0.6666666666666666,1.0,0.41666666666666663,0.625
2030,0,74,8,0.17098429799079895,0.0,0.29203516782279254,0.19999999999999996,0.09782776609063148,0.5,1.0,0.40625,0.8125
2030,0,93,2,0.043161336332559586,0.02390161156654358,0.08266727275330575,0.7142857142857143,0.01563828382641077,1.0,0.5,0.625,0.3125
2030,0,93,4,0.11480294540524483,0.0029181167483329773,0.20589890977426145,0.4285714285714286,0.04506838787347078,0.75,0.75,0.5625,0.5625
2030,0,93,6,0.11480294540524483,0.0,0.20596096534982247,0.1428571428571429,0.09730182886123658,0.6666666666666666,1.0,0.5916666666666666,0.8875
2030,0,93,8,0.11480294540524483,0.0,0.20596096534982247,0.0,0.11480294540524483,0.5714285714285714,1.0,0.5714285714285714,1.0
2030,0,94,2,0.06868316233158112,0.07260096073150635,0.12789446223998374,0.7142857142857143,0.04404156878590584,1.0,0.5,0.625,0.3125
2030,0,94,4,0.128519207239151,0.011753574013710022,0.22745801526477158,0.4285714285714286,0.09063154458999634,0.75,0.75,0.6,0.6
2030,0,94,6,0.128519207239151,0.0,0.2277660963406461,0.1428571428571429,0.12083436995744705,0.6666666666666666,1.0,0.5833333333333333,0.875
2030,0,94,8,0.128519207239151,0.0,0.2277660963406461,0.0,0.128519207239151,0.5714285714285714,1.0,0.5714285714285714,1.0
2030,0,101,2,0.030148759484291077,0.014925047755241394,0.058506883687037,0.8,0.017346763610839845,1.0,0.5,0.45,0.225
2030,0,101,4,0.04214365780353546,0.014925047755241394,0.08082926320091759,0.6,0.027046484500169755,0.5,0.5,0.3625,0.3625
2030,0,101,6,0.1520797461271286,0.004732877016067505,0.26384343822604317,0.4,0.061896832287311555,0.5,0.75,0.425,0.6375
2030,0,101,8,0.1520797461271286,0.0,0.26400906124487505,0.19999999999999996,0.08304501473903655,0.5,1.0,0.4125,0.825
2030,0,102,2,0.04772680997848511,0.06283599138259888,0.09082803436369634,0.8,0.02084096521139145,1.0,0.5,0.35,0.175
2030,0,102,4,0.05228310823440552,0.011440426111221313,0.09931369665270484,0.6,0.028692626953125,0.75,0.75,0.3375,0.3375
2030,0,102,6,0.05228310823440552,0.013775378465652466,0.09930188703091798,0.4,0.05027855187654495,0.5,0.75,0.37499999999999994,0.5625
2030,0,102,8,0.05228310823440552,0.0,0.09937080206890289,0.19999999999999996,0.05796549618244171,0.5,1.0,0.36875,0.7375
2030,0,113,2,0.1370289921760559,0.015406094491481781,0.24057624153900087,0.7142857142857143,0.011610421538352966,1.0,0.5,0.425,0.2125
2030,0,113,4,0.1370289921760559,0.007813483476638794,0.2408013658375254,0.4285714285714286,0.030511658266186716,0.75,0.75,0.5125,0.5125
2030,0,113,6,0.1370289921760559,0.0,0.24102990006228184,0.1428571428571429,0.11552289631217719,0.6666666666666666,1.0,0.5666666666666665,0.85
2030,0,113,8,0.1370289921760559,0.0,0.24102990006228184,0.0,0.1370289921760559,0.5714285714285714,1.0,0.5714285714285714,1.0
2030,0,130,2,0.06270372867584229,0.034456074237823486,0.11775996586870613,0.7142857142857143,0.02471836656332016,1.0,0.5,0.525,0.2625
2030,0,130,4,0.126366525888443,0.0008142292499542236,0.22435853925924434,0.4285714285714286,0.06447888240218162,1.0,1.0,0.6125,0.6125
2030,0,130,6,0.126366525888443,0.0,0.2243790506625168,0.1428571428571429,0.10665357783436775,0.6666666666666666,1.0,0.5833333333333333,0.875
2030,0,130,8,0.126366525888443,0.0,0.2243790506625168,0.0,0.126366525888443,0.5714285714285714,1.0,0.5714285714285714,1.0
2030,0,131,2,0.1273360624909401,0.018326997756958008,0.22543075387625094,0.7142857142857143,0.013513761013746262,1.0,0.5,0.525,0.2625
2030,0,131,4,0.1273360624909401,0.001769430935382843,0.22586090695867378,0.4285714285714286,0.04250508286058903,1.0,1.0,0.575,0.575
2030,0,131,6,0.1273360624909401,0.0,0.22590612813286712,0.1428571428571429,0.11767967268824578,0.6666666666666666,1.0,0.575,0.8625
2030,0,131,8,0.1273360624909401,0.0,0.22590612813286712,0.0,0.1273360624909401,0.5714285714285714,1.0,0.5714285714285714,1.0
2030,0,134,2,0.05805021524429321,0.05921083688735962,0.10935294423018108,0.7142857142857143,0.022612060606479644,1.0,0.5,0.475,0.2375
2030,0,134,4,0.0640210211277008,0.0635414719581604,0.11984858912657818,0.4285714285714286,0.09673957228660583,0.75,0.75,0.65,0.65
2030,0,134,6,0.12503603100776672,0.0,0.22227915828751535,0.1428571428571429,0.1114106148481369,0.6666666666666666,1.0,0.5583333333333333,0.8375
2030,0,134,8,0.12503603100776672,0.0,0.22227915828751535,0.0,0.12503603100776672,0.5714285714285714,1.0,0.5714285714285714,1.0
2030,0,147,2,0.04871812462806702,0.004335969686508179,0.0928910630787454,0.5,0.04109320640563965,1.0,0.5,1.0,0.5
2030,0,147,4,0.0776953399181366,0.0,0.14418794818958475,0.0,0.0776953399181366,1.0,1.0,1.0,1.0
2030,0,147,6,0.0776953399181366,0.0,0.14418794818958475,0.0,0.0776953399181366,1.0,1.0,1.0,1.0
2030,0,147,8,0.0776953399181366,0.0,0.14418794818958475,0.0,0.0776953399181366,1.0,1.0,1.0,1.0
2030,0,165,2,0.0142364501953125,0.01728937029838562,0.028066306062299033,0.7142857142857143,0.02392839193344116,1.0,0.5,0.625,0.3125
2030,0,165,4,0.1209765374660492,0.010469615459442139,0.2155951615733425,0.4285714285714286,0.04210986793041229,1.0,1.0,0.575,0.575
2030,0,165,6,0.1209765374660492,0.0,0.21584133730312474,0.1428571428571429,0.08898778557777405,0.6666666666666666,1.0,0.5583333333333333,0.8375
2030,0,165,8,0.1209765374660492,0.0,0.21584133730312474,0.0,0.1209765374660492,0.5714285714285714,1.0,0.5714285714285714,1.0
2030,0,167,2,0.066942498087883,0.0740114152431488,0.12485859318028847,0.7142857142857143,0.04523551091551781,1.0,0.5,0.65,0.325
2030,0,167,4,0.1060011088848114,0.0022573769092559814,0.1916419932731298,0.4285714285714286,0.06458011940121651,1.0,1.0,0.575,0.575
2030,0,167,6,0.1060011088848114,0.0,0.1916835490186679,0.1428571428571429,0.09731890708208084,0.6666666666666666,1.0,0.5666666666666667,0.85
2030,0,167,8,0.1060011088848114,0.0,0.1916835490186679,0.0,0.1060011088848114,0.5714285714285714,1.0,0.5714285714285714,1.0
2030,0,176,2,0.08204615116119385,0.05113972723484039,0.1510327835064561,0.8,0.021729908138513564,1.0,0.5,0.275,0.1375
2030,0,176,4,0.06397438049316406,0.009954571723937988,0.12018283225247789,0.6,0.052497632801532745,0.75,0.75,0.4,0.4
2030,0,176,6,0.06397438049316406,0.001645117998123169,0.12024357672006446,0.4,0.05637293010950088,0.6666666666666666,1.0,0.37499999999999994,0.5625
2030,0,176,8,0.06397438049316406,0.0,0.12025549048185016,0.19999999999999996,0.06933535635471344,0.5,1.0,0.4,0.8
2030,0,179,2,0.027293212711811066,0.019232288002967834,0.053108499949331346,0.8461538461538461,0.010230942443013192,1.0,0.5,0.35,0.175
2030,0,179,4,0.027293212711811066,0.02887464314699173,0.05309422669487282,0.6923076923076923,0.03034021481871605,0.5,0.5,0.325,0.325
2030,0,179,6,0.1266198828816414,0.009362757205963135,0.22453984634005308,0.5384615384615384,0.044265414401888845,0.5,0.75,0.3,0.45
2030,0,179,8,0.1266198828816414,0.008451320230960846,0.2245632401007218,0.3846153846153846,0.05572761930525303,0.375,0.75,0.3,0.6
2030,0,185,2,0.14711901545524597,0.034360796213150024,0.2553364899750986,0.5,0.07526438012719154,1.0,0.5,1.0,0.5
2030,0,185,4,0.14711901545524597,0.0,0.25650174650249397,0.0,0.14711901545524597,1.0,1.0,1.0,1.0
2030,0,185,6,0.14711901545524597,0.0,0.25650174650249397,0.0,0.14711901545524597,1.0,1.0,1.0,1.0
2030,0,185,8,0.14711901545524597,0.0,0.25650174650249397,0.0,0.14711901545524597,1.0,1.0,1.0,1.0
2030,0,189,2,0.04119681566953659,0.036647237837314606,0.0790146490394196,0.8,0.025089193135499954,1.0,0.5,0.475,0.2375
2030,0,189,4,0.11591979116201401,0.00893402099609375,0.20756212845751462,0.6,0.043079039081931114,1.0,1.0,0.425,0.425
2030,0,189,6,0.11591979116201401,0.00018773972988128662,0.20775244067420814,0.4,0.07612476870417595,0.6666666666666666,1.0,0.425,0.6375
2030,0,189,8,0.11591979116201401,0.0,0.20775649303845758,0.19999999999999996,0.08671378940343857,0.5,1.0,0.40625,0.8125
2030,0,194,2,0.08164918422698975,0.019941702485084534,0.15074012731962244,0.8,0.0252353735268116,1.0,0.5,0.425,0.2125
2030,0,194,4,0.08164918422698975,0.001704283058643341,0.15095220287141947,0.6,0.03026779182255268,0.75,0.75,0.275,0.275
2030,0,194,6,0.08164918422698975,0.0007816329598426819,0.15096274180459515,0.4,0.05820738412439823,0.5,0.75,0.4166666666666667,0.625
2030,0,194,8,0.08164918422698975,0.0,0.15097165590771663,0.19999999999999996,0.05819801092147827,0.5,1.0,0.36875,0.7375
2030,0,197,2,0.07537554204463959,0.028018325567245483,0.1399019253702857,0.5,0.05253280773758888,1.0,0.5,1.0,0.5
2030,0,197,4,0.12567657232284546,0.0,0.22329073094860727,0.0,0.12567657232284546,1.0,1.0,1.0,1.0
2030,0,197,6,0.12567657232284546,0.0,0.22329073094860727,0.0,0.12567657232284546,1.0,1.0,1.0,1.0
2030,0,197,8,0.12567657232284546,0.0,0.22329073094860727,0.0,0.12567657232284546,1.0,1.0,1.0,1.0
2030,0,203,2,0.051362380385398865,0.041209638118743896,0.09750160191873174,0.7142857142857143,0.029718732088804246,1.0,0.5,0.625,0.3125
2030,0,203,4,0.014988690614700317,0.041209638118743896,0.029515960651976297,0.4285714285714286,0.08015394508838654,0.5,0.5,0.6125,0.6125
2030,0,203,6,0.1663448065519333,0.0,0.2852412178928436,0.1428571428571429,0.10956967920064926,0.6666666666666666,1.0,0.5666666666666667,0.85
2030,0,203,8,0.1663448065519333,0.0,0.2852412178928436,0.0,0.1663448065519333,0.5714285714285714,1.0,0.5714285714285714,1.0
2030,0,205,2,0.014478601515293121,0.020395055413246155,0.028535447932313794,0.5,0.0459352545440197,1.0,0.5,1.0,0.5
2030,0,205,4,0.09611567109823227,0.0,0.17537505143399876,0.0,0.09611567109823227,1.0,1.0,1.0,1.0
2030,0,205,6,0.09611567109823227,0.0,0.17537505143399876,0.0,0.09611567109823227,1.0,1.0,1.0,1.0
2030,0,205,8,0.09611567109823227,0.0,0.17537505143399876,0.0,0.09611567109823227,1.0,1.0,1.0,1.0
2030,0,207,2,0.04529795050621033,0.02006886899471283,0.08659307987309449,0.8,0.022152020782232284,0.5,0.25,0.475,0.2375
2030,0,207,4,0.05116194486618042,0.03732489049434662,0.09716025008987036,0.6,0.04179139286279678,0.5,0.5,0.4375,0.4375
2030,0,207,6,0.1581195890903473,0.002757534384727478,0.27295957703355356,0.4,0.06151895821094513,0.5,0.75,0.3583333333333333,0.5375
2030,0,207,8,0.1581195890903473,0.0,0.27306262769381767,0.19999999999999996,0.11606793850660324,0.5,1.0,0.4,0.8
2030,0,208,2,0.043886005878448486,0.02067667245864868,0.08400742234384669,0.8,0.015375494956970215,1.0,0.5,0.325,0.1625
2030,0,208,4,0.07888421416282654,0.014957666397094727,0.14607078010519176,0.6,0.0382987305521965,0.75,0.75,0.4125,0.4125
2030,0,208,6,0.07888421416282654,0.00477755069732666,0.14618164750444546,0.4,0.05365332365036011,0.6666666666666666,1.0,0.35833333333333334,0.5375
2030,0,208,8,0.07888421416282654,0.0,0.14623295646982418,0.19999999999999996,0.06913227587938309,0.5,1.0,0.40625,0.8125
2030,0,212,2,0.09487694501876831,0.07020074129104614,0.17218417452477877,0.7142857142857143,0.035914826393127444,1.0,0.5,0.5,0.25
2030,0,212,4,0.0159761905670166,0.0019972920417785645,0.03144894133779118,0.4285714285714286,0.03930450081825256,1.0,1.0,0.6,0.6
2030,0,212,6,0.0159761905670166,0.0,0.0314499310423806,0.1428571428571429,0.026718509197235108,0.6666666666666666,1.0,0.5833333333333333,0.875
2030,0,212,8,0.0159761905670166,0.0,0.0314499310423806,0.0,0.0159761905670166,0.5714285714285714,1.0,0.5714285714285714,1.0
2030,0,222,2,0.0068357884883880615,0.011261045932769775,0.013577705563087928,0.5,0.031043148040771483,1.0,0.5,1.0,0.5
2030,0,222,4,0.13023391366004944,0.0,0.23045479716373304,0.0,0.13023391366004944,1.0,1.0,1.0,1.0
2030,0,222,6,0.13023391366004944,0.0,0.23045479716373304,0.0,0.13023391366004944,1.0,1.0,1.0,1.0
2030,0,222,8,0.13023391366004944,0.0,0.23045479716373304,0.0,0.13023391366004944,1.0,1.0,1.0,1.0
2030,0,229,2,0.05002176761627197,0.06579777598381042,0.09495896656376737,0.5,0.055769693851470944,1.0,0.5,1.0,0.5
2030,0,229,4,0.10954689979553223,0.0,0.1974624052678072,0.0,0.10954689979553223,1.0,1.0,1.0,1.0
2030,0,229,6,0.10954689979553223,0.0,0.1974624052678072,0.0,0.10954689979553223,1.0,1.0,1.0,1.0
2030,0,229,8,0.10954689979553223,0.0,0.1974624052678072,0.0,0.10954689979553223,1.0,1.0,1.0,1.0
2030,0,235,2,0.09128919243812561,0.01795002818107605,0.16704980465944042,0.7142857142857143,0.01739320680499077,1.0,0.5,0.525,0.2625
2030,0,235,4,0.09128919243812561,0.0018481612205505371,0.16727931605617705,0.4285714285714286,0.044333177618682384,0.75,0.75,0.5625,0.5625
2030,0,235,6,0.09128919243812561,0.0,0.16730522591206098,0.1428571428571429,0.0662638209760189,0.6666666666666666,1.0,0.5499999999999999,0.825
2030,0,235,8,0.09128919243812561,0.0,0.16730522591206098,0.0,0.09128919243812561,0.5714285714285714,1.0,0.5714285714285714,1.0
2030,0,239,2,0.11071234941482544,0.022540509700775146,0.1988965945990335,0.8,0.012897875159978867,1.0,0.5,0.425,0.2125
2030,0,239,4,0.11071234941482544,0.00676533579826355,0.1992185165369059,0.6,0.02646613083779812,0.5,0.5,0.4375,0.4375
2030,0,239,6,0.11071234941482544,0.0042638033628463745,0.19926872175021682,0.4,0.07246482968330384,0.5,0.75,0.4416666666666667,0.6625
2030,0,239,8,0.11071234941482544,0.0,0.19935377413090585,0.19999999999999996,0.08673626072704792,0.5,1.0,0.4,0.8
2030,0,240,2,0.11396747827529907,0.012815088033676147,0.20434405992350965,0.7142857142857143,0.023437599837779998,1.0,0.5,0.5,0.25
2030,0,240,4,0.11396747827529907,0.00888708233833313,0.2044279137106641,0.4285714285714286,0.05227621644735336,1.0,1.0,0.5375,0.5375
2030,0,240,6,0.11396747827529907,0.0,0.2046154497288364,0.1428571428571429,0.09047566652297974,0.6666666666666666,1.0,0.575,0.8625
2030,0,240,8,0.11396747827529907,0.0,0.2046154497288364,0.0,0.11396747827529907,0.5714285714285714,1.0,0.5714285714285714,1.0
2030,0,245,2,0.024542659521102905,0.005139380693435669,0.04790356467888557,0.5,0.011007872223854066,1.0,0.5,1.0,0.5
2030,0,245,4,0.01983809471130371,0.0,0.0389044002458439,0.0,0.01983809471130371,1.0,1.0,1.0,1.0
2030,0,245,6,0.01983809471130371,0.0,0.0389044002458439,0.0,0.01983809471130371,1.0,1.0,1.0,1.0
2030,0,245,8,0.01983809471130371,0.0,0.0389044002458439,0.0,0.01983809471130371,1.0,1.0,1.0,1.0
2030,0,251,2,0.018063783645629883,0.03174063563346863,0.035465917445053174,0.7142857142857143,0.010382708907127381,1.0,0.5,0.525,0.2625
2030,0,251,4,0.07863947749137878,0.007135480642318726,0.14573598838944077,0.4285714285714286,0.022194452583789825,0.75,0.75,0.575,0.575
2030,0,251,6,0.07863947749137878,0.0,0.14581234811518815,0.1428571428571429,0.06559910476207734,0.6666666666666666,1.0,0.5666666666666667,0.85
2030,0,251,8,0.07863947749137878,0.0,0.14581234811518815,0.0,0.07863947749137878,0.5714285714285714,1.0,0.5714285714285714,1.0
2030,0,254,2,0.03158779442310333,0.021236523985862732,0.061200456462625986,0.7142857142857143,0.004866796731948853,1.0,0.5,0.55,0.275
2030,0,254,4,0.16189858317375183,0.009187281131744385,0.27831977545659164,0.4285714285714286,0.056488920003175735,1.0,1.0,0.6,0.6
2030,0,254,6,0.16189858317375183,0.0,0.2786793710196672,0.1428571428571429,0.11143694818019867,0.6666666666666666,1.0,0.5583333333333332,0.8375
2030,0,254,8,0.16189858317375183,0.0,0.2786793710196672,0.0,0.16189858317375183,0.5714285714285714,1.0,0.5714285714285714,1.0
2030,0,256,2,0.0211838036775589,0.016469189897179604,0.04147431182204924,0.5,0.021848271135240793,1.0,0.5,1.0,0.5
2030,0,256,4,0.09946069121360779,0.0,0.18092632507638085,0.0,0.09946069121360779,1.0,1.0,1.0,1.0
2030,0,256,6,0.09946069121360779,0.0,0.18092632507638085,0.0,0.09946069121360779,1.0,1.0,1.0,1.0
2030,0,256,8,0.09946069121360779,0.0,0.18092632507638085,0.0,0.09946069121360779,1.0,1.0,1.0,1.0
2030,0,260,2,0.09361538290977478,0.017748229205608368,0.1709390891247639,0.5,0.06770461834967137,1.0,0.5,1.0,0.5
2030,0,260,4,0.09361538290977478,0.0,0.17120348592883355,0.0,0.09361538290977478,1.0,1.0,1.0,1.0
2030,0,260,6,0.09361538290977478,0.0,0.17120348592883355,0.0,0.09361538290977478,1.0,1.0,1.0,1.0
2030,0,260,8,0.09361538290977478,0.0,0.17120348592883355,0.0,0.09361538290977478,1.0,1.0,1.0,1.0
2030,0,263,2,0.12580282241106033,0.004233084619045258,0.22338385959859022,0.8,0.003985804319381714,1.0,0.5,0.35,0.175
2030,0,263,4,0.12580282241106033,0.0024728924036026,0.22342808148330048,0.6,0.011950992047786713,0.75,0.75,0.3625,0.3625
2030,0,263,6,0.12580282241106033,0.00520160049200058,0.22335946800734668,0.4,0.053765293955802915,0.5,0.75,0.37499999999999994,0.5625
2030,0,263,8,0.12580282241106033,0.0,0.22348997516569807,0.19999999999999996,0.0836490586400032,0.5,1.0,0.4,0.8
2030,0,280,2,0.02119380235671997,0.012880250811576843,0.041496657135382725,0.7142857142857143,0.019126909971237182,1.0,0.5,0.675,0.3375
2030,0,280,4,0.06790085881948471,0.002532385289669037,0.12714644626014246,0.4285714285714286,0.038366970233619214,1.0,1.0,0.625,0.625
2030,0,280,6,0.06790085881948471,0.0,0.12716697108858213,0.1428571428571429,0.04516495671123266,0.6666666666666666,1.0,0.5499999999999999,0.825
2030,0,280,8,0.06790085881948471,0.0,0.12716697108858213,0.0,0.06790085881948471,0.5714285714285714,1.0,0.5714285714285714,1.0
2030,0,281,2,0.041607797145843506,0.05167725682258606,0.07971795741149874,0.8461538461538461,0.009195861220359803,0.5,0.25,0.25,0.125
2030,0,281,4,0.041607797145843506,0.06373077630996704,0.07967484479774789,0.6923076923076923,0.03630346655845642,0.25,0.25,0.325,0.325
2030,0,281,6,0.08643919229507446,0.004357486963272095,0.15906845891113788,0.5384615384615384,0.04598268419504166,0.5,0.75,0.3333333333333333,0.5
2030,0,281,8,0.08643919229507446,0.003649383783340454,0.15907749007509145,0.3846153846153846,0.04844908863306045,0.375,0.75,0.28125,0.5625
2030,0,283,2,0.0012588128447532654,0.12013290077447891,0.0025140289055363653,0.875,0.029033124074339868,0.0,0.0,0.35,0.175
2030,0,283,4,0.0021768733859062195,0.12013290077447891,0.0043430017797589544,0.75,0.02421615794301033,0.0,0.0,0.2625,0.2625
2030,0,283,6,0.04235530644655228,0.030470624566078186,0.081164809668082,0.625,0.03484338112175465,0.16666666666666666,0.25,0.30833333333333324,0.4625
2030,0,283,8,0.12013290077447891,0.0011562705039978027,0.21447095747790285,0.5,0.05774697326123714,0.375,0.75,0.25,0.5
2030,0,286,2,0.024775169789791107,0.0354589968919754,0.04830946420540316,0.7142857142857143,0.028537359833717347,0.5,0.25,0.6,0.3
2030,0,286,4,0.11458013951778412,0.015195593237876892,0.20527671906314657,0.4285714285714286,0.060950249806046485,0.5,0.5,0.55,0.55
2030,0,286,6,0.11458013951778412,0.0,0.2056023348260206,0.1428571428571429,0.09465134516358376,0.6666666666666666,1.0,0.575,0.8625
2030,0,286,8,0.11458013951778412,0.0,0.2056023348260206,0.0,0.11458013951778412,0.5714285714285714,1.0,0.5714285714285714,1.0
2030,0,287,2,0.09330281615257263,0.010678455233573914,0.17052357131288925,0.5,0.03238903246819973,1.0,0.5,1.0,0.5
2030,0,287,4,0.09330281615257263,0.0,0.17068064725363705,0.0,0.09330281615257263,1.0,1.0,1.0,1.0
2030,0,287,6,0.09330281615257263,0.0,0.17068064725363705,0.0,0.09330281615257263,1.0,1.0,1.0,1.0
2030,0,287,8,0.09330281615257263,0.0,0.17068064725363705,0.0,0.09330281615257263,1.0,1.0,1.0,1.0
2030,0,295,2,0.03309624642133713,0.022461511194705963,0.06402482238963715,0.7142857142857143,0.012958640232682228,1.0,0.5,0.55,0.275
2030,0,295,4,0.01849634200334549,0.01975145936012268,0.03630759480433272,0.4285714285714286,0.058570921048522,0.75,0.75,0.625,0.625
2030,0,295,6,0.119045190513134,0.0,0.21276207881925888,0.1428571428571429,0.10131958685815334,0.6666666666666666,1.0,0.5833333333333333,0.875
2030,0,295,8,0.119045190513134,0.0,0.21276207881925888,0.0,0.119045190513134,0.5714285714285714,1.0,0.5714285714285714,1.0
2030,0,296,2,0.052459366619586945,0.03734521567821503,0.09949671219144016,0.7142857142857143,0.031202296353876592,1.0,0.5,0.625,0.3125
2030,0,296,4,0.027877576649188995,0.03734521567821503,0.05418597835679487,0.4285714285714286,0.04574710763990879,0.5,0.5,0.6,0.6
2030,0,296,6,0.08134614676237106,0.0,0.15045348245966814,0.1428571428571429,0.07198553048074245,0.6666666666666666,1.0,0.6083333333333332,0.9125
2030,0,296,8,0.08134614676237106,0.0,0.15045348245966814,0.0,0.08134614676237106,0.5714285714285714,1.0,0.5714285714285714,1.0
2030,0,300,2,0.005522623658180237,0.026770099997520447,0.010982924366825037,0.5,0.0474355012178421,1.0,0.5,1.0,0.5
2030,0,300,4,0.16339395940303802,0.0,0.28089188203603693,0.0,0.16339395940303802,1.0,1.0,1.0,1.0
2030,0,300,6,0.16339395940303802,0.0,0.28089188203603693,0.0,0.16339395940303802,1.0,1.0,1.0,1.0
2030,0,300,8,0.16339395940303802,0.0,0.28089188203603693,0.0,0.16339395940303802,1.0,1.0,1.0,1.0
2030,0,301,2,0.15289029479026794,0.003419533371925354,0.26510892915097983,0.7142857142857143,0.022230247035622597,1.0,0.5,0.575,0.2875
2030,0,301,4,0.15289029479026794,0.0021035373210906982,0.2651554397179105,0.4285714285714286,0.07090754546225071,1.0,1.0,0.6125,0.6125
2030,0,301,6,0.15289029479026794,0.0,0.26522956343921955,0.1428571428571429,0.1192200317978859,0.6666666666666666,1.0,0.5999999999999999,0.9
2030,0,301,8,0.15289029479026794,0.0,0.26522956343921955,0.0,0.15289029479026794,0.5714285714285714,1.0,0.5714285714285714,1.0
2030,0,307,2,0.0805119127035141,0.06581272929906845,0.14824729381383273,0.7142857142857143,0.027213426306843758,1.0,0.5,0.5,0.25
2030,0,307,4,0.1290198713541031,0.00493989884853363,0.22842240655528961,0.4285714285714286,0.09132922366261483,1.0,1.0,0.6625,0.6625
2030,0,307,6,0.1290198713541031,0.0,0.2285519938623606,0.1428571428571429,0.11866285875439644,0.6666666666666666,1.0,0.6083333333333332,0.9125
2030,0,307,8,0.1290198713541031,0.0,0.2285519938623606,0.0,0.1290198713541031,0.5714285714285714,1.0,0.5714285714285714,1.0
2030,0,308,2,0.08857780694961548,0.053270094096660614,0.16199871361422802,0.8,0.023665355145931245,1.0,0.5,0.35,0.175
2030,0,308,4,0.16305243968963623,0.004770189523696899,0.2801988006408067,0.6,0.05461517870426178,0.75,0.75,0.3875,0.3875
2030,0,308,6,0.16305243968963623,0.004980921745300293,0.28019044719302066,0.4,0.10134679563343525,0.5,0.75,0.4166666666666667,0.625
2030,0,308,8,0.16305243968963623,0.0,0.28038708165755144,0.19999999999999996,0.12315333858132363,0.5,1.0,0.4,0.8
2030,0,312,2,0.08736340701580048,0.03665025532245636,0.16019884343732793,0.8,0.0036168113350868226,1.0,0.5,0.3,0.15
2030,0,312,4,0.08736340701580048,0.018200546503067017,0.1604495412843074,0.6,0.012305485457181931,0.5,0.5,0.4,0.4
2030,0,312,6,0.08736340701580048,0.004279792308807373,0.16063304549559887,0.4,0.0363184429705143,0.6666666666666666,1.0,0.3666666666666666,0.55
2030,0,312,8,0.08736340701580048,0.0,0.16068851766046416,0.19999999999999996,0.057776066660881045,0.5,1.0,0.39375,0.7875
2030,0,318,2,0.1010945588350296,0.023346275091171265,0.18322344640859012,0.8,0.03000604994595051,1.0,0.5,0.4,0.2
2030,0,318,4,0.1010945588350296,0.013169631361961365,0.1834008546788111,0.6,0.05495694801211357,0.5,0.5,0.425,0.425
2030,0,318,6,0.1010945588350296,0.0030043870210647583,0.1835747814554542,0.4,0.07211827374994755,0.5,0.75,0.35,0.525
2030,0,318,8,0.1010945588350296,0.0,0.18362557152582568,0.19999999999999996,0.08302907757461071,0.5,1.0,0.4,0.8
2030,0,319,2,0.06634902209043503,0.044558241963386536,0.12408142164330972,0.7142857142857143,0.02675422728061676,0.5,0.25,0.675,0.3375
2030,0,319,4,0.05986138433218002,0.040272779762744904,0.11269368788000153,0.4285714285714286,0.05735495798289776,0.5,0.5,0.65,0.65
2030,0,319,6,0.0944458618760109,0.0,0.1725911991921088,0.1428571428571429,0.0819739568978548,0.6666666666666666,1.0,0.5999999999999999,0.9
2030,0,319,8,0.0944458618760109,0.0,0.1725911991921088,0.0,0.0944458618760109,0.5714285714285714,1.0,0.5714285714285714,1.0
2030,0,320,2,0.17243091762065887,0.005283676087856293,0.29391295699617853,0.875,0.00674685426056385,1.0,0.5,0.2,0.1
2030,0,320,4,0.17243091762065887,0.0046605393290519714,0.2939401439495767,0.75,0.03087170273065567,0.75,0.75,0.2875,0.2875
2030,0,320,6,0.17243091762065887,0.0007466450333595276,0.29411024277375364,0.625,0.018781156837940217,0.6666666666666666,1.0,0.225,0.3375
2030,0,320,8,0.17243091762065887,0.0002862289547920227,0.2941301778973019,0.5,0.08041960150003433,0.5,1.0,0.2875,0.575
2030,0,322,2,0.15214572846889496,0.0007486343383789062,0.2640823530424717,0.5,0.03642173819243908,1.0,0.5,1.0,0.5
2030,0,322,4,0.15214572846889496,0.0,0.2641084798727395,0.0,0.15214572846889496,1.0,1.0,1.0,1.0
2030,0,322,6,0.15214572846889496,0.0,0.2641084798727395,0.0,0.15214572846889496,1.0,1.0,1.0,1.0
2030,0,322,8,0.15214572846889496,0.0,0.2641084798727395,0.0,0.15214572846889496,1.0,1.0,1.0,1.0
2030,0,330,2,0.06264284253120422,0.018807440996170044,0.11776701743604026,0.8,0.008734454214572907,1.0,0.5,0.375,0.1875
2030,0,330,4,0.06264284253120422,0.01491999626159668,0.11779491451300027,0.6,0.0236220046877861,0.5,0.5,0.4375,0.4375
2030,0,330,6,0.06264284253120422,0.0003897249698638916,0.11789737872465342,0.4,0.03658791929483414,0.6666666666666666,1.0,0.4333333333333333,0.65
2030,0,330,8,0.06264284253120422,0.0,0.11790008839092093,0.19999999999999996,0.04163105487823486,0.5,1.0,0.3875,0.775
2030,0,332,2,0.07092944532632828,0.04784168303012848,0.13202398420629435,0.7142857142857143,0.033390861749649045,1.0,0.5,0.55,0.275
2030,0,332,4,0.08755988627672195,0.00916946679353714,0.1609009264912418,0.4285714285714286,0.061921768449246885,0.75,0.75,0.5625,0.5625
2030,0,332,6,0.08755988627672195,0.0,0.16102080884296785,0.1428571428571429,0.07442224398255348,0.6666666666666666,1.0,0.5416666666666666,0.8125
2030,0,332,8,0.08755988627672195,0.0,0.16102080884296785,0.0,0.08755988627672195,0.5714285714285714,1.0,0.5714285714285714,1.0
2030,0,339,2,0.007617950439453125,0.009549081325531006,0.015119609968140773,0.7142857142857143,0.014915810525417328,1.0,0.5,0.525,0.2625
2030,0,339,4,0.06709295511245728,0.002057969570159912,0.12573273321790734,0.4285714285714286,0.026088760793209077,1.0,1.0,0.525,0.525
2030,0,339,6,0.06709295511245728,0.0,0.12574903580988703,0.1428571428571429,0.04366804957389832,0.6666666666666666,1.0,0.5499999999999999,0.825
2030,0,339,8,0.06709295511245728,0.0,0.12574903580988703,0.0,0.06709295511245728,0.5714285714285714,1.0,0.5714285714285714,1.0
2030,0,352,2,0.04030187800526619,0.025790076702833176,0.07740174028500577,0.7142857142857143,0.01851504370570183,1.0,0.5,0.525,0.2625
2030,0,352,4,0.09987009689211845,0.003915891051292419,0.18153863718618735,0.4285714285714286,0.053261146694421765,0.75,0.75,0.5625,0.5625
2030,0,352,6,0.09987009689211845,0.0,0.18160344057779088,0.1428571428571429,0.09338714368641376,0.6666666666666666,1.0,0.5666666666666667,0.85
2030,0,352,8,0.09987009689211845,0.0,0.18160344057779088,0.0,0.09987009689211845,0.5714285714285714,1.0,0.5714285714285714,1.0
2030,0,354,2,0.12801635265350342,0.04004529118537903,0.2259065610976348,0.5,0.06056117191910744,1.0,0.5,1.0,0.5
2030,0,354,4,0.12801635265350342,0.0,0.22697605819696237,0.0,0.12801635265350342,1.0,1.0,1.0,1.0
2030,0,354,6,0.12801635265350342,0.0,0.22697605819696237,0.0,0.12801635265350342,1.0,1.0,1.0,1.0
2030,0,354,8,0.12801635265350342,0.0,0.22697605819696237,0.0,0.12801635265350342,1.0,1.0,1.0,1.0
2030,0,367,2,0.028706341981887817,0.034961193799972534,0.05575420226655432,0.8,0.00896165445446968,0.5,0.25,0.425,0.2125
2030,0,367,4,0.028812788426876068,0.034961193799972534,0.05595495161871676,0.6,0.024080067127943038,0.25,0.25,0.325,0.325
2030,0,367,6,0.118649922311306,0.002226114273071289,0.21208038233039112,0.4,0.057683251425623895,0.5,0.75,0.37499999999999994,0.5625
2030,0,367,8,0.118649922311306,0.0,0.2121305690812666,0.19999999999999996,0.08355369456112385,0.5,1.0,0.43125,0.8625
2030,0,374,2,0.013758599758148193,0.023210257291793823,0.027134988857433272,0.8,0.011530403792858124,1.0,0.5,0.425,0.2125
2030,0,374,4,0.013758599758148193,0.00806012749671936,0.027140746588254737,0.6,0.019003772735595705,1.0,1.0,0.45,0.45
2030,0,374,6,0.013758599758148193,0.0063391923904418945,0.02714138966804354,0.4,0.025850790739059448,0.6666666666666666,1.0,0.33333333333333337,0.5
2030,0,374,8,0.013758599758148193,0.0,0.027143739666288552,0.19999999999999996,0.018853281438350678,0.5,1.0,0.40625,0.8125
2030,0,385,2,0.009100884199142456,0.004345238208770752,0.01803690026634312,0.5,0.019202490150928498,1.0,0.5,1.0,0.5
2030,0,385,4,0.07273560762405396,0.0,0.13560770632971203,0.0,0.07273560762405396,1.0,1.0,1.0,1.0
2030,0,385,6,0.07273560762405396,0.0,0.13560770632971203,0.0,0.07273560762405396,1.0,1.0,1.0,1.0
2030,0,385,8,0.07273560762405396,0.0,0.13560770632971203,0.0,0.07273560762405396,1.0,1.0,1.0,1.0
2030,0,387,2,0.04557131230831146,0.026644915342330933,0.0870662860082887,0.5,0.04108657091856003,1.0,0.5,1.0,0.5
2030,0,387,4,0.1346798688173294,0.0,0.2373883110444279,0.0,0.1346798688173294,1.0,1.0,1.0,1.0
2030,0,387,6,0.1346798688173294,0.0,0.2373883110444279,0.0,0.1346798688173294,1.0,1.0,1.0,1.0
2030,0,387,8,0.1346798688173294,0.0,0.2373883110444279,0.0,0.1346798688173294,1.0,1.0,1.0,1.0
2030,0,393,2,0.08737833797931671,0.0585787296295166,0.15991418596143323,0.8,0.03294624909758568,1.0,0.5,0.35,0.175
2030,0,393,4,0.16834352910518646,0.00019766390323638916,0.2881665015987388,0.6,0.0686289444565773,0.75,0.75,0.4625,0.4625
2030,0,393,6,0.16834352910518646,0.005812406539916992,0.2879321591087402,0.4,0.13375943899154663,0.5,0.75,0.4583333333333333,0.6875
2030,0,393,8,0.16834352910518646,0.0,0.2881747104537272,0.19999999999999996,0.12166754007339478,0.5,1.0,0.4,0.8
2030,0,397,2,0.11691516637802124,0.04509054124355316,0.20832400306617274,0.8461538461538461,0.02460978031158447,1.0,0.5,0.3,0.15
2030,0,397,4,0.11691516637802124,0.012714684009552002,0.2090718648012367,0.6923076923076923,0.033403967320919034,0.75,0.75,0.2625,0.2625
2030,0,397,6,0.11691516637802124,0.004257902503013611,0.20926004220386404,0.5384615384615384,0.07305690385401249,0.6666666666666666,1.0,0.3,0.45
2030,0,397,8,0.11691516637802124,0.003026515245437622,0.20928720429288447,0.3846153846153846,0.09885336570441723,0.5,1.0,0.325,0.65
2030,0,410,2,0.030414551496505737,0.06734314560890198,0.0589080721388537,0.8,0.010884347558021545,1.0,0.5,0.35,0.175
2030,0,410,4,0.08920875191688538,0.005452990531921387,0.1637311663726469,0.6,0.03189578726887703,0.75,0.75,0.325,0.325
2030,0,410,6,0.08920875191688538,4.890561103820801e-05,0.16380403558012444,0.4,0.05007970780134201,0.5,0.75,0.45,0.675
2030,0,410,8,0.08920875191688538,0.0,0.16380469172670153,0.19999999999999996,0.07006258070468903,0.5,1.0,0.425,0.85
2030,0,412,2,0.002903461456298828,0.012794554233551025,0.0057898943041956585,0.8,0.008263659477233887,1.0,0.5,0.425,0.2125
2030,0,412,4,0.02417522668838501,0.004830658435821533,0.04720375263663325,0.6,0.01787562370300293,0.75,0.75,0.375,0.375
2030,0,412,6,0.03245264291763306,0.0004959702491760254,0.06286416519477239,0.4,0.03238154649734497,0.6666666666666666,1.0,0.3416666666666667,0.5125
2030,0,412,8,0.03245264291763306,0.0,0.06286514570958789,0.19999999999999996,0.04158849716186523,0.5,1.0,0.3875,0.775
2030,0,413,2,0.1421351134777069,0.0016331225633621216,0.24884303674573383,0.5,0.058389995247125626,1.0,0.5,1.0,0.5
2030,0,413,4,0.1421351134777069,0.0,0.24889369357521504,0.0,0.1421351134777069,1.0,1.0,1.0,1.0
2030,0,413,6,0.1421351134777069,0.0,0.24889369357521504,0.0,0.1421351134777069,1.0,1.0,1.0,1.0
2030,0,413,8,0.1421351134777069,0.0,0.24889369357521504,0.0,0.1421351134777069,1.0,1.0,1.0,1.0
2030,0,416,2,0.07579278945922852,0.01079133152961731,0.1407977121202679,0.8,0.01957884430885315,1.0,0.5,0.4,0.2
2030,0,416,4,0.07579278945922852,0.007823318243026733,0.1408276928761359,0.6,0.03741125911474228,0.75,0.75,0.325,0.325
2030,0,416,6,0.07579278945922852,0.0017389357089996338,0.14088863497295012,0.4,0.05132035613059997,0.6666666666666666,1.0,0.425,0.6375
2030,0,416,8,0.07579278945922852,0.0,0.14090592575421046,0.19999999999999996,0.0620181530714035,0.5,1.0,0.3875,0.775
2030,0,421,2,0.10362069308757782,0.025512084364891052,0.1873227101733543,0.8,0.020687725394964218,1.0,0.5,0.3,0.15
2030,0,421,4,0.10362069308757782,0.0003618896007537842,0.1877767818556339,0.6,0.03862690106034279,1.0,1.0,0.3875,0.3875
2030,0,421,6,0.10362069308757782,0.0008171200752258301,0.18776874698770582,0.4,0.061963727325201036,0.6666666666666666,1.0,0.41666666666666663,0.625
2030,0,421,8,0.10362069308757782,0.0,0.18778316451765734,0.19999999999999996,0.08094961270689964,0.5,1.0,0.4,0.8
2030,0,422,2,0.14547299593687057,0.002131059765815735,0.25392750794106983,0.7142857142857143,0.03138807862997055,1.0,0.5,0.65,0.325
2030,0,422,4,0.14547299593687057,0.0015598833560943604,0.25394599193650047,0.4285714285714286,0.07567123286426067,0.75,0.75,0.5375,0.5375
2030,0,422,6,0.14547299593687057,0.0,0.2539963778332281,0.1428571428571429,0.1268232397735119,0.6666666666666666,1.0,0.5999999999999999,0.9
2030,0,422,8,0.14547299593687057,0.0,0.2539963778332281,0.0,0.14547299593687057,0.5714285714285714,1.0,0.5714285714285714,1.0
2030,0,427,2,0.017306968569755554,0.011306554079055786,0.03401844799902969,0.8,0.008972730487585068,1.0,0.5,0.5,0.25
2030,0,427,4,0.06722648441791534,0.0010520368814468384,0.12597518132622593,0.6,0.022074785828590394,0.75,0.75,0.4625,0.4625
2030,0,427,6,0.06722648441791534,0.0002852827310562134,0.12598127386323626,0.4,0.0297345869243145,0.6666666666666666,1.0,0.4083333333333334,0.6125
2030,0,427,8,0.06722648441791534,0.0,0.12598353845122554,0.19999999999999996,0.03980713337659836,0.5,1.0,0.3625,0.725
2030,0,429,2,0.043282270431518555,0.030681326985359192,0.0828644555612566,0.7142857142857143,0.026064109057188034,0.5,0.25,0.6,0.3
2030,0,429,4,0.15064620971679688,0.0026274919509887695,0.2617559900168276,0.4285714285714286,0.05517336279153824,0.75,0.75,0.6,0.6
2030,0,429,6,0.15064620971679688,0.0,0.26184627115553566,0.1428571428571429,0.12741160839796067,0.6666666666666666,1.0,0.5916666666666666,0.8875
2030,0,429,8,0.15064620971679688,0.0,0.26184627115553566,0.0,0.15064620971679688,0.5714285714285714,1.0,0.5714285714285714,1.0
2030,0,430,2,0.023085109889507294,0.03545168787240982,0.04509102928843315,0.8,0.01503038965165615,1.0,0.5,0.3,0.15
2030,0,430,4,0.1600305214524269,0.0021117478609085083,0.2758269076953489,0.6,0.02746943533420563,0.75,0.75,0.425,0.425
2030,0,430,6,0.1600305214524269,0.0018108487129211426,0.2758383994821919,0.4,0.05985813997685909,0.5,0.75,0.3666666666666666,0.55
2030,0,430,8,0.1600305214524269,0.0,0.27590743259420314,0.19999999999999996,0.10820180103182793,0.5,1.0,0.4125,0.825
2030,0,436,2,0.05106022208929062,0.0330679789185524,0.09699831029731078,0.8,0.016506527364254,1.0,0.5,0.475,0.2375
2030,0,436,4,0.11719916015863419,0.005628600716590881,0.20968438196182318,0.6,0.032143023982644084,1.0,1.0,0.4125,0.4125
2030,0,436,6,0.11719916015863419,0.0011205300688743591,0.20978420663105882,0.4,0.07147762719541788,0.6666666666666666,1.0,0.45,0.675
2030,0,436,8,0.11719916015863419,0.0,0.20980889413127154,0.19999999999999996,0.08432567045092583,0.5,1.0,0.38125,0.7625
2030,0,444,2,0.010213248431682587,0.02694965898990631,0.020214324980571293,0.8,0.014201362803578376,1.0,0.5,0.425,0.2125
2030,0,444,4,0.010213248431682587,0.026599004864692688,0.02021440061890862,0.6,0.02812585309147835,0.5,0.5,0.375,0.375
2030,0,444,6,0.12225714325904846,0.002125769853591919,0.21782668641558078,0.4,0.07880578525364398,0.5,0.75,0.425,0.6375
2030,0,444,8,0.12225714325904846,0.0,0.21787723783875812,0.19999999999999996,0.07880208529531955,0.5,1.0,0.35625,0.7125
2030,0,447,2,0.03139805793762207,0.02523200213909149,0.06083652275128037,0.7142857142857143,0.019754358939826487,1.0,0.5,0.55,0.275
2030,0,447,4,0.1374777927994728,0.0018727034330368042,0.24166911358505333,0.4285714285714286,0.05923010502010584,0.75,0.75,0.6375,0.6375
2030,0,447,6,0.1374777927994728,0.0,0.2417239152618937,0.1428571428571429,0.11109584998339414,0.6666666666666666,1.0,0.575,0.8625
2030,0,447,8,0.1374777927994728,0.0,0.2417239152618937,0.0,0.1374777927994728,0.5714285714285714,1.0,0.5714285714285714,1.0
2030,0,448,2,0.11267995834350586,0.011571250855922699,0.20229811919879706,0.5,0.03830376490950584,1.0,0.5,1.0,0.5
2030,0,448,4,0.11267995834350586,0.0,0.2025379490276024,0.0,0.11267995834350586,1.0,1.0,1.0,1.0
2030,0,448,6,0.11267995834350586,0.0,0.2025379490276024,0.0,0.11267995834350586,1.0,1.0,1.0,1.0
2030,0,448,8,0.11267995834350586,0.0,0.2025379490276024,0.0,0.11267995834350586,1.0,1.0,1.0,1.0
2030,0,456,2,0.10997335612773895,0.025525689125061035,0.1976420138804504,0.8,0.022879190742969513,1.0,0.5,0.375,0.1875
2030,0,456,4,0.10997335612773895,0.012508690357208252,0.19790656930562323,0.6,0.04678101688623428,0.75,0.75,0.425,0.425
2030,0,456,6,0.10997335612773895,0.015283331274986267,0.19785070556239545,0.4,0.054507165402174,0.5,0.75,0.41666666666666663,0.625
2030,0,456,8,0.10997335612773895,0.0,0.1981549476311626,0.19999999999999996,0.07363660261034966,0.5,1.0,0.38125,0.7625
2030,0,462,2,0.030300773680210114,0.025600112974643707,0.05877386490428541,0.7142857142857143,0.02974342033267021,1.0,0.5,0.6,0.3
2030,0,462,4,0.10372019559144974,0.008498162031173706,0.1877952806137529,0.4285714285714286,0.06108689494431019,0.75,0.75,0.5875,0.5875
2030,0,462,6,0.10372019559144974,0.0,0.1879465393597682,0.1428571428571429,0.07685820497572422,0.6666666666666666,1.0,0.5583333333333333,0.8375
2030,0,462,8,0.10372019559144974,0.0,0.1879465393597682,0.0,0.10372019559144974,0.5714285714285714,1.0,0.5714285714285714,1.0
2030,0,467,2,0.0348171591758728,0.05175495147705078,0.06716807651356999,0.8,0.019572879932820798,1.0,0.5,0.425,0.2125
2030,0,467,4,0.12185932695865631,0.0014206916093826294,0.2172117215457997,0.6,0.041917622089385986,0.75,0.75,0.4,0.4
2030,0,467,6,0.12185932695865631,0.0018327385187149048,0.21720196990269386,0.4,0.06424452736973763,0.5,0.75,0.3666666666666666,0.55
2030,0,467,8,0.12185932695865631,0.0,0.21724528919149802,0.19999999999999996,0.08925047516822815,0.5,1.0,0.3875,0.775
2030,0,472,2,0.04040415585041046,0.07482875883579254,0.07742691690755747,0.7142857142857143,0.032705746591091156,1.0,0.5,0.55,0.275
2030,0,472,4,0.10419212281703949,0.001200839877128601,0.18869959603615016,0.4285714285714286,0.07346430867910385,0.75,0.75,0.5875,0.5875
2030,0,472,6,0.10419212281703949,0.0,0.18872100364422492,0.1428571428571429,0.09183086752891541,0.6666666666666666,1.0,0.5583333333333333,0.8375
2030,0,472,8,0.10419212281703949,0.0,0.18872100364422492,0.0,0.10419212281703949,0.5714285714285714,1.0,0.5714285714285714,1.0
2030,0,473,2,0.005040764808654785,0.03313101828098297,0.010029242231681529,0.75,0.020843254774808882,1.0,0.5,0.45,0.225
2030,0,473,4,0.13808166980743408,0.004236891865730286,0.24253166814142144,0.5,0.0658891350030899,0.75,0.75,0.525,0.525
2030,0,473,6,0.13808166980743408,0.0,0.24265687335215197,0.25,0.08919016048312187,0.6666666666666666,1.0,0.5416666666666666,0.8125
2030,0,473,8,0.13808166980743408,0.0,0.24265687335215197,0.0,0.13808166980743408,0.5,1.0,0.5,1.0
2030,0,479,2,0.1517452672123909,0.00010679662227630615,0.2635012032077363,0.7142857142857143,0.02540535219013691,1.0,0.5,0.575,0.2875
2030,0,479,4,0.1517452672123909,0.002952888607978821,0.2634021310714564,0.4285714285714286,0.0660230852663517,1.0,1.0,0.6,0.6
2030,0,479,6,0.1517452672123909,0.0,0.26350491125466524,0.1428571428571429,0.1188536286354065,0.6666666666666666,1.0,0.5833333333333333,0.875
2030,0,479,8,0.1517452672123909,0.0,0.26350491125466524,0.0,0.1517452672123909,0.5714285714285714,1.0,0.5714285714285714,1.0
2030,0,496,2,0.01475919783115387,0.01249115914106369,0.029083713696585602,0.7142857142857143,0.010712478682398796,1.0,0.5,0.5,0.25
2030,0,496,4,0.15430274605751038,0.0033373460173606873,0.2672326803171023,0.4285714285714286,0.043421853333711624,0.75,0.75,0.5125,0.5125
2030,0,496,6,0.15430274605751038,0.0,0.2673522983195305,0.1428571428571429,0.09374540336430073,0.6666666666666666,1.0,0.5583333333333332,0.8375
2030,0,496,8,0.15430274605751038,0.0,0.2673522983195305,0.0,0.15430274605751038,0.5714285714285714,1.0,0.5714285714285714,1.0
2030,0,500,2,0.023254424333572388,0.03803938627243042,0.04541108172247846,0.8461538461538461,0.008247840404510497,1.0,0.5,0.25,0.125
2030,0,500,4,0.0725398063659668,0.015555262565612793,0.13512294205311265,0.6923076923076923,0.027801968157291412,0.75,0.75,0.4,0.4
2030,0,500,6,0.0725398063659668,0.017582714557647705,0.13510380698879718,0.5384615384615384,0.03942135125398636,0.5,0.75,0.3083333333333333,0.4625
2030,0,500,8,0.0725398063659668,0.014844566583633423,0.1351296322277293,0.3846153846153846,0.0507218062877655,0.375,0.75,0.3375,0.675
2030,0,504,2,0.005426354706287384,0.011402919888496399,0.010793464681782593,0.75,0.01014988161623478,1.0,0.5,0.5,0.25
2030,0,504,4,0.1024358868598938,0.00666411966085434,0.1857197728545071,0.5,0.02434854581952095,0.75,0.75,0.5375,0.5375
2030,0,504,6,0.1024358868598938,0.0,0.18583554487085044,0.25,0.0646607406437397,0.6666666666666666,1.0,0.525,0.7875
2030,0,504,8,0.1024358868598938,0.0,0.18583554487085044,0.0,0.1024358868598938,0.5,1.0,0.5,1.0
2030,0,510,2,0.13118113577365875,0.006660588085651398,0.2317563561316367,0.8823529411764706,0.008874499052762986,1.0,0.5,0.225,0.1125
2030,0,510,4,0.13118113577365875,0.004261307418346405,0.2318215179819426,0.7647058823529411,0.031936658546328545,0.5,0.5,0.325,0.325
2030,0,510,6,0.13118113577365875,0.004450485110282898,0.23181639019983594,0.6470588235294117,0.029568487033247947,0.5,0.75,0.24166666666666664,0.3625
2030,0,510,8,0.13118113577365875,0.0005544200539588928,0.23192164929134498,0.5294117647058824,0.04020336866378784,0.5,1.0,0.23125,0.4625
2030,0,525,2,0.014036118984222412,0.0060472190380096436,0.027681335576266175,0.875,0.018194985389709473,1.0,0.5,0.325,0.1625
2030,0,525,4,0.014036118984222412,0.001997023820877075,0.027682899973340096,0.75,0.02556471824645996,0.5,0.5,0.3125,0.3125
2030,0,525,6,0.014036118984222412,0.006212472915649414,0.027681271479599725,0.625,0.02508576214313507,0.3333333333333333,0.5,0.3083333333333333,0.4625
2030,0,525,8,0.014036118984222412,0.005065172910690308,0.027681716047261787,0.5,0.018062508106231688,0.375,0.75,0.26875,0.5375
2030,0,532,2,0.027568481862545013,0.01846611499786377,0.05363063251992818,0.5,0.03881986401975155,1.0,0.5,1.0,0.5
2030,0,532,4,0.09253325313329697,0.0,0.1693921038429157,0.0,0.09253325313329697,1.0,1.0,1.0,1.0
2030,0,532,6,0.09253325313329697,0.0,0.1693921038429157,0.0,0.09253325313329697,1.0,1.0,1.0,1.0
2030,0,532,8,0.09253325313329697,0.0,0.1693921038429157,0.0,0.09253325313329697,1.0,1.0,1.0,1.0
2030,0,536,2,0.026633672416210175,0.020822182297706604,0.05185683697216432,0.875,0.007401071116328239,1.0,0.5,0.325,0.1625
2030,0,536,4,0.12989294528961182,0.00922536849975586,0.2296749503049626,0.75,0.0075482182204723355,0.75,0.75,0.2375,0.2375
2030,0,536,6,0.12989294528961182,0.004667036235332489,0.22979693085078884,0.625,0.04103756193071604,0.5,0.75,0.2666666666666666,0.4
2030,0,536,8,0.12989294528961182,0.004750214517116547,0.22979471386082445,0.5,0.061458994075655936,0.375,0.75,0.25625,0.5125
2030,0,540,2,0.010598897933959961,0.02278861403465271,0.020970350093674567,0.7142857142857143,0.011960486322641373,1.0,0.5,0.425,0.2125
2030,0,540,4,0.006142571568489075,0.002124503254890442,0.012209982765537053,0.4285714285714286,0.049897632002830504,0.75,0.75,0.5875,0.5875
2030,0,540,6,0.1294165700674057,0.0,0.22917420108274467,0.1428571428571429,0.11468856111168861,0.6666666666666666,1.0,0.575,0.8625
2030,0,540,8,0.1294165700674057,0.0,0.22917420108274467,0.0,0.1294165700674057,0.5714285714285714,1.0,0.5714285714285714,1.0
2030,0,552,2,0.11333803832530975,0.012386642396450043,0.20334078504931904,0.7142857142857143,0.034827958792448044,1.0,0.5,0.6,0.3
2030,0,552,4,0.11333803832530975,0.002478763461112976,0.20354891514224618,0.4285714285714286,0.054226714000105855,0.75,0.75,0.55,0.55
2030,0,552,6,0.11333803832530975,0.0,0.20360040602905038,0.1428571428571429,0.08565883114933967,0.6666666666666666,1.0,0.575,0.8625
2030,0,552,8,0.11333803832530975,0.0,0.20360040602905038,0.0,0.11333803832530975,0.5714285714285714,1.0,0.5714285714285714,1.0
2030,0,557,2,0.011458143591880798,0.06209321320056915,0.022639704280034485,0.7142857142857143,0.01948425844311714,1.0,0.5,0.525,0.2625
2030,0,557,4,0.1487177610397339,0.004959329962730408,0.25876131982183675,0.4285714285714286,0.0585490882396698,1.0,1.0,0.525,0.525
2030,0,557,6,0.1487177610397339,0.0,0.2589282869712498,0.1428571428571429,0.12593693509697915,0.6666666666666666,1.0,0.5499999999999999,0.825
2030,0,557,8,0.1487177610397339,0.0,0.2589282869712498,0.0,0.1487177610397339,0.5714285714285714,1.0,0.5714285714285714,1.0
2030,0,558,2,0.038608700037002563,0.05629242956638336,0.07418246771391485,0.5,0.04592738822102547,1.0,0.5,1.0,0.5
2030,0,558,4,0.09580463171005249,0.0,0.1748571395624511,0.0,0.09580463171005249,1.0,1.0,1.0,1.0
2030,0,558,6,0.09580463171005249,0.0,0.1748571395624511,0.0,0.09580463171005249,1.0,1.0,1.0,1.0
2030,0,558,8,0.09580463171005249,0.0,0.1748571395624511,0.0,0.09580463171005249,1.0,1.0,1.0,1.0
2030,0,560,2,0.0847662091255188,0.06387361884117126,0.15545589290862155,0.8,0.024835599958896636,1.0,0.5,0.35,0.175
2030,0,560,4,0.13006886839866638,0.0028895139694213867,0.230119602664498,0.6,0.08336502984166146,0.75,0.75,0.4625,0.4625
2030,0,560,6,0.13006886839866638,0.005876451730728149,0.23003984558996524,0.4,0.09304126650094986,0.5,0.75,0.4,0.6
2030,0,560,8,0.13006886839866638,0.0,0.23019635711755684,0.19999999999999996,0.11626408696174621,0.5,1.0,0.40625,0.8125
2030,0,562,2,0.1299019157886505,0.0007836967706680298,0.22991412217160606,0.5,0.04498912617564201,1.0,0.5,1.0,0.5
2030,0,562,4,0.1299019157886505,0.0,0.2299348535894488,0.0,0.1299019157886505,1.0,1.0,1.0,1.0
2030,0,562,6,0.1299019157886505,0.0,0.2299348535894488,0.0,0.1299019157886505,1.0,1.0,1.0,1.0
2030,0,562,8,0.1299019157886505,0.0,0.2299348535894488,0.0,0.1299019157886505,1.0,1.0,1.0,1.0
2030,0,564,2,0.031625717878341675,0.021314479410648346,0.061271479495210085,0.7142857142857143,0.026696622744202612,1.0,0.5,0.55,0.275
2030,0,564,4,0.04734387993812561,0.021314479410648346,0.090318600539407,0.4285714285714286,0.0695107813924551,0.5,0.5,0.6,0.6
2030,0,564,6,0.16377541422843933,0.0,0.28145536024580703,0.1428571428571429,0.12333678491413594,0.6666666666666666,1.0,0.5583333333333332,0.8375
2030,0,564,8,0.16377541422843933,0.0,0.28145536024580703,0.0,0.16377541422843933,0.5714285714285714,1.0,0.5714285714285714,1.0
2030,0,566,2,0.08935403823852539,0.04146437346935272,0.16346955582365624,0.8461538461538461,0.01523226425051689,1.0,0.5,0.225,0.1125
2030,0,566,4,0.1177789568901062,0.002928897738456726,0.2106722664732062,0.6923076923076923,0.04064376801252365,1.0,1.0,0.3375,0.3375
2030,0,566,6,0.1177789568901062,0.0012011229991912842,0.21071077412711284,0.5384615384615384,0.05190445892512798,0.6666666666666666,1.0,0.3083333333333333,0.4625
2030,0,566,8,0.1177789568901062,0.001675039529800415,0.21070022361292076,0.3846153846153846,0.08801432251930237,0.5,1.0,0.31875,0.6375
2030,0,568,2,0.1332053244113922,0.0096636563539505,0.23482542335941142,0.8,0.024034707993268966,1.0,0.5,0.425,0.2125
2030,0,568,4,0.1332053244113922,0.0034766793251037598,0.23499840035281844,0.6,0.06311219558119774,0.75,0.75,0.45,0.45
2030,0,568,6,0.1332053244113922,0.00025810301303863525,0.2350876390366023,0.4,0.09430844262242317,0.5,0.75,0.3916666666666666,0.5875
2030,0,568,8,0.1332053244113922,0.0,0.23509477328052886,0.19999999999999996,0.11153117790818215,0.5,1.0,0.39375,0.7875
2030,0,572,2,0.14398829638957977,0.004284322261810303,0.2515941110684321,0.5,0.060664276033639906,1.0,0.5,1.0,0.5
2030,0,572,4,0.14398829638957977,0.0,0.251730366200434,0.0,0.14398829638957977,1.0,1.0,1.0,1.0
2030,0,572,6,0.14398829638957977,0.0,0.251730366200434,0.0,0.14398829638957977,1.0,1.0,1.0,1.0
2030,0,572,8,0.14398829638957977,0.0,0.251730366200434,0.0,0.14398829638957977,1.0,1.0,1.0,1.0
2030,0,574,2,0.02265387773513794,0.008404076099395752,0.04429577957319231,0.7142857142857143,0.007446935772895813,1.0,0.5,0.425,0.2125
2030,0,574,4,0.013624727725982666,0.0067133307456970215,0.026880737397598536,0.4285714285714286,0.016330721974372863,0.75,0.75,0.55,0.55
2030,0,574,6,0.013624727725982666,0.0,0.026883179451529512,0.1428571428571429,0.01631915271282196,0.6666666666666666,1.0,0.5833333333333333,0.875
2030,0,574,8,0.013624727725982666,0.0,0.026883179451529512,0.0,0.013624727725982666,0.5714285714285714,1.0,0.5714285714285714,1.0
2030,0,577,2,0.03419923782348633,0.01816299557685852,0.06609621944965194,0.8,0.019852083176374435,1.0,0.5,0.6,0.3
2030,0,577,4,0.03455454111099243,0.01751042902469635,0.06676106939303894,0.6,0.033179615437984464,0.75,0.75,0.5,0.5
2030,0,577,6,0.16787050664424896,0.00027723610401153564,0.2874699111641119,0.4,0.05124249905347824,0.6666666666666666,1.0,0.36666666666666664,0.55
2030,0,577,8,0.16787050664424896,0.0,0.28748137004779223,0.19999999999999996,0.118379844725132,0.5,1.0,0.41875,0.8375
2030,0,579,2,0.14472495019435883,0.003599494695663452,0.2527399819343859,0.8461538461538461,0.01686103902757168,1.0,0.5,0.25,0.125
2030,0,579,4,0.14472495019435883,0.0005305483937263489,0.2528384448951446,0.6923076923076923,0.04088583178818226,1.0,1.0,0.4125,0.4125
2030,0,579,6,0.14472495019435883,0.0002016797661781311,0.25284896487270364,0.5384615384615384,0.049296480044722556,0.6666666666666666,1.0,0.3,0.45
2030,0,579,8,0.14472495019435883,0.0007111430168151855,0.25283266539146715,0.3846153846153846,0.09725108258426189,0.5,1.0,0.33125,0.6625
2030,0,580,2,0.003953456878662109,0.009758412837982178,0.007875471594370123,0.5,0.0476408913731575,1.0,0.5,1.0,0.5
2030,0,580,4,0.003953456878662109,0.0,0.007875777211731688,0.0,0.003953456878662109,1.0,1.0,1.0,1.0
2030,0,580,6,0.003953456878662109,0.0,0.007875777211731688,0.0,0.003953456878662109,1.0,1.0,1.0,1.0
2030,0,580,8,0.003953456878662109,0.0,0.007875777211731688,0.0,0.003953456878662109,1.0,1.0,1.0,1.0
2030,0,596,2,0.12136158347129822,0.0015547126531600952,0.2164174988377025,0.7142857142857143,0.026159819960594178,1.0,0.5,0.575,0.2875
2030,0,596,4,0.12136158347129822,0.004855826497077942,0.2163397222524837,0.4285714285714286,0.044778990745544436,0.75,0.75,0.4875,0.4875
2030,0,596,6,0.12136158347129822,0.0,0.2164539703520252,0.1428571428571429,0.10281223691999912,0.6666666666666666,1.0,0.5916666666666666,0.8875
2030,0,596,8,0.12136158347129822,0.0,0.2164539703520252,0.0,0.12136158347129822,0.5714285714285714,1.0,0.5714285714285714,1.0
2031,0,1,2,0.0002038329839706421,0.013551339507102966,0.0004075817480449598,0.7142857142857143,0.01570403724908829,1.0,0.5,0.575,0.2875
2031,0,1,4,0.19960108399391174,0.0005808919668197632,0.3327469189495414,0.4285714285714286,0.0810498647391796,0.75,0.75,0.5875,0.5875
2031,0,1,6,0.19960108399391174,0.0,0.332779099080782,0.1428571428571429,0.14444815069437028,0.6666666666666666,1.0,0.575,0.8625
2031,0,1,8,0.19960108399391174,0.0,0.332779099080782,0.0,0.19960108399391174,0.5714285714285714,1.0,0.5714285714285714,1.0
2031,0,9,2,0.14517255127429962,0.017435654997825623,0.2529692399461178,0.8,0.00912461243569851,1.0,0.5,0.375,0.1875
2031,0,9,4,0.14517255127429962,0.005573645234107971,0.2533582828319684,0.6,0.012294918671250344,0.75,0.75,0.4125,0.4125
2031,0,9,6,0.14517255127429962,0.0038347765803337097,0.25341463356602284,0.4,0.035535240173339845,0.5,0.75,0.3916666666666666,0.5875
2031,0,9,8,0.14517255127429962,0.0,0.2535383006041452,0.19999999999999996,0.07683751136064529,0.5,1.0,0.4125,0.825
2031,0,11,2,0.1396077275276184,0.017171651124954224,0.24448685358709626,0.8,0.0319851815700531,1.0,0.5,0.425,0.2125
2031,0,11,4,0.1396077275276184,0.005089610815048218,0.24485669551087316,0.6,0.03755398541688919,0.75,0.75,0.375,0.375
2031,0,11,6,0.1396077275276184,0.005493253469467163,0.24484446688561332,0.4,0.08257471919059753,0.6666666666666666,1.0,0.4499999999999999,0.675
2031,0,11,8,0.1396077275276184,0.0,0.24501014543047667,0.19999999999999996,0.10327310636639594,0.5,1.0,0.41875,0.8375
2031,0,16,2,0.0004968196153640747,0.010875508189201355,0.0009931403939966428,0.8947368421052632,0.0030690554529428484,1.0,0.5,0.2,0.1
2031,0,16,4,0.0004968196153640747,0.0096091628074646,0.000993141031505433,0.7894736842105263,0.003191186860203743,0.5,0.5,0.2,0.2
2031,0,16,6,0.18300899863243103,0.008424654603004456,0.30898966421974516,0.6842105263157895,0.005429455637931823,0.5,0.75,0.23333333333333334,0.35
2031,0,16,8,0.18300899863243103,0.007081568241119385,0.309054799171422,0.5789473684210527,0.025100426748394966,0.375,0.75,0.21875,0.4375
2031,0,22,2,0.03680041432380676,0.013040602207183838,0.07095514852152245,0.8,0.013688021898269653,1.0,0.5,0.475,0.2375
2031,0,22,4,0.03680041432380676,0.014126956462860107,0.07095233809768477,0.6,0.02769034877419472,0.5,0.5,0.375,0.375
2031,0,22,6,0.10827529430389404,0.004680544137954712,0.19530449378025816,0.4,0.04476955309510231,0.6666666666666666,1.0,0.3333333333333333,0.5
2031,0,22,8,0.10827529430389404,0.0,0.19539422174325663,0.19999999999999996,0.07206091359257698,0.5,1.0,0.4,0.8
2031,0,28,2,0.022655315697193146,0.0014137700200080872,0.04430545621029379,0.5,0.04516808427870274,1.0,0.5,1.0,0.5
2031,0,28,4,0.17784863710403442,0.0,0.3019889508745525,0.0,0.17784863710403442,1.0,1.0,1.0,1.0
2031,0,28,6,0.17784863710403442,0.0,0.3019889508745525,0.0,0.17784863710403442,1.0,1.0,1.0,1.0
2031,0,28,8,0.17784863710403442,0.0,0.3019889508745525,0.0,0.17784863710403442,1.0,1.0,1.0,1.0
2031,0,29,2,0.019424661993980408,0.027704983949661255,0.03808838820755065,0.8,0.032001136988401416,1.0,0.5,0.55,0.275
2031,0,29,4,0.19336096942424774,0.007796064019203186,0.3236491128459221,0.6,0.035893169790506364,0.75,0.75,0.4375,0.4375
2031,0,29,6,0.19336096942424774,0.004196479916572571,0.3238400333987893,0.4,0.0964974582195282,0.5,0.75,0.4083333333333333,0.6125
2031,0,29,8,0.19336096942424774,0.0,0.3240611589928858,0.19999999999999996,0.12320881858468055,0.5,1.0,0.3875,0.775
2031,0,33,2,0.02681705355644226,0.01802349090576172,0.052208335997614,0.7142857142857143,0.02001381330192089,1.0,0.5,0.575,0.2875
2031,0,33,4,0.17409318685531616,0.004109516739845276,0.29637635535978,0.4285714285714286,0.07359414771199227,1.0,1.0,0.575,0.575
2031,0,33,6,0.17409318685531616,0.0,0.2965576988341211,0.1428571428571429,0.13378329277038575,0.6666666666666666,1.0,0.5583333333333333,0.8375
2031,0,33,8,0.17409318685531616,0.0,0.2965576988341211,0.0,0.17409318685531616,0.5714285714285714,1.0,0.5714285714285714,1.0
2031,0,36,2,0.22043243795633316,0.0009426772594451904,0.3611750560069949,0.5,0.01831901855766773,1.0,0.5,1.0,0.5
2031,0,36,4,0.22043243795633316,0.0,0.3612366094192921,0.0,0.22043243795633316,1.0,1.0,1.0,1.0
2031,0,36,6,0.22043243795633316,0.0,0.3612366094192921,0.0,0.22043243795633316,1.0,1.0,1.0,1.0
2031,0,36,8,0.22043243795633316,0.0,0.3612366094192921,0.0,0.22043243795633316,1.0,1.0,1.0,1.0
2031,0,37,2,0.04274001717567444,0.05998539924621582,0.08176250601853759,0.7142857142857143,0.029446706175804138,1.0,0.5,0.6,0.3
2031,0,37,4,0.13888537883758545,0.01403510570526123,0.24347437367528804,0.4285714285714286,0.07420523315668107,0.75,0.75,0.6125,0.6125
2031,0,37,6,0.13888537883758545,0.0,0.24389702672158312,0.1428571428571429,0.12368398010730744,0.6666666666666666,1.0,0.5999999999999999,0.9
2031,0,37,8,0.13888537883758545,0.0,0.24389702672158312,0.0,0.13888537883758545,0.5714285714285714,1.0,0.5714285714285714,1.0
2031,0,40,2,0.0016128569841384888,0.012251868844032288,0.0032204554070794627,0.75,0.006403253227472305,1.0,0.5,0.325,0.1625
2031,0,40,4,0.20005729794502258,0.0006420165300369263,0.3333772062949296,0.5,0.08058839589357376,0.75,0.75,0.575,0.575
2031,0,40,6,0.20005729794502258,0.0,0.33341291001288115,0.25,0.16433204859495162,0.6666666666666666,1.0,0.5416666666666666,0.8125
2031,0,40,8,0.20005729794502258,0.0,0.33341291001288115,0.0,0.20005729794502258,0.5,1.0,0.5,1.0
2031,0,46,2,0.0008464008569717407,0.21967895328998566,0.0016909675504413698,0.7142857142857143,0.01372111141681671,0.5,0.25,0.55,0.275
2031,0,46,4,0.21967895328998566,0.004864931106567383,0.3599073213260297,0.4285714285714286,0.10569574683904648,0.75,0.75,0.65,0.65
2031,0,46,6,0.21967895328998566,0.0,0.3602242257233666,0.1428571428571429,0.14922444373369217,0.6666666666666666,1.0,0.575,0.8625
2031,0,46,8,0.21967895328998566,0.0,0.3602242257233666,0.0,0.21967895328998566,0.5714285714285714,1.0,0.5714285714285714,1.0
2031,0,53,2,0.02181386947631836,0.04833115637302399,0.042650125492993574,0.5,0.07018826678395271,1.0,0.5,1.0,0.5
2031,0,53,4,0.19115319848060608,0.0,0.3209548506849237,0.0,0.19115319848060608,1.0,1.0,1.0,1.0
2031,0,53,6,0.19115319848060608,0.0,0.3209548506849237,0.0,0.19115319848060608,1.0,1.0,1.0,1.0
2031,0,53,8,0.19115319848060608,0.0,0.3209548506849237,0.0,0.19115319848060608,1.0,1.0,1.0,1.0
2031,0,66,2,0.011276856064796448,0.000502273440361023,0.022302088305859714,0.5,0.040935210138559344,1.0,0.5,1.0,0.5
2031,0,66,4,0.2089918553829193,0.0,0.34572913697044905,0.0,0.2089918553829193,1.0,1.0,1.0,1.0
2031,0,66,6,0.2089918553829193,0.0,0.34572913697044905,0.0,0.2089918553829193,1.0,1.0,1.0,1.0
2031,0,66,8,0.2089918553829193,0.0,0.34572913697044905,0.0,0.2089918553829193,1.0,1.0,1.0,1.0
2031,0,70,2,0.010161839425563812,0.01774473488330841,0.020115574859291302,0.7142857142857143,0.006511058285832405,1.0,0.5,0.45,0.225
2031,0,70,4,0.18159907311201096,0.0020212382078170776,0.30728284775146286,0.4285714285714286,0.10648853182792664,0.75,0.75,0.6,0.6
2031,0,70,6,0.18159907311201096,0.0,0.3073784962165353,0.1428571428571429,0.1478396277874708,0.6666666666666666,1.0,0.575,0.8625
2031,0,70,8,0.18159907311201096,0.0,0.3073784962165353,0.0,0.18159907311201096,0.5714285714285714,1.0,0.5714285714285714,1.0
2031,0,82,2,0.0374622642993927,0.0014964044094085693,0.07221513188838301,0.7142857142857143,0.01639067828655243,1.0,0.5,0.55,0.275
2031,0,82,4,0.15803581476211548,0.00027829408645629883,0.27292732978701095,0.4285714285714286,0.058268338441848755,0.75,0.75,0.575,0.575
2031,0,82,6,0.15803581476211548,0.0,0.2729376980358406,0.1428571428571429,0.1153613030910492,0.6666666666666666,1.0,0.5416666666666666,0.8125
2031,0,82,8,0.15803581476211548,0.0,0.2729376980358406,0.0,0.15803581476211548,0.5714285714285714,1.0,0.5714285714285714,1.0
2031,0,84,2,0.021753013134002686,0.053480252623558044,0.042528628989662774,0.8461538461538461,0.019018726795911788,0.5,0.25,0.325,0.1625
2031,0,84,4,0.021753013134002686,0.055367738008499146,0.04252671999629787,0.6923076923076923,0.025742930173873902,0.25,0.25,0.35,0.35
2031,0,84,6,0.04303177446126938,0.056784674525260925,0.08230843803114916,0.5384615384615384,0.08863335698843003,0.5,0.75,0.3416666666666667,0.5125
2031,0,84,8,0.18507972359657288,0.004069074988365173,0.31215064917434393,0.3846153846153846,0.08110383041203022,0.5,1.0,0.29375,0.5875
2031,0,85,2,0.21346254646778107,0.01130726933479309,0.3511174837002889,0.5,0.01915317326784134,1.0,0.5,1.0,0.5
2031,0,85,4,0.21346254646778107,0.0,0.35182387307979224,0.0,0.21346254646778107,1.0,1.0,1.0,1.0
2031,0,85,6,0.21346254646778107,0.0,0.35182387307979224,0.0,0.21346254646778107,1.0,1.0,1.0,1.0
2031,0,85,8,0.21346254646778107,0.0,0.35182387307979224,0.0,0.21346254646778107,1.0,1.0,1.0,1.0
2031,0,86,2,0.001437261700630188,0.00648372620344162,0.002870371003942513,0.5,0.08135766573250294,1.0,0.5,1.0,0.5
2031,0,86,4,0.20047645270824432,0.0,0.3339948105703774,0.0,0.20047645270824432,1.0,1.0,1.0,1.0
2031,0,86,6,0.20047645270824432,0.0,0.3339948105703774,0.0,0.20047645270824432,1.0,1.0,1.0,1.0
2031,0,86,8,0.20047645270824432,0.0,0.3339948105703774,0.0,0.20047645270824432,1.0,1.0,1.0,1.0
2031,0,88,2,0.18490223586559296,0.02126213163137436,0.3110425973274248,0.7142857142857143,0.008658083155751228,1.0,0.5,0.475,0.2375
2031,0,88,4,0.18490223586559296,0.004787012934684753,0.3118629484565607,0.4285714285714286,0.05942202135920525,0.75,0.75,0.5375,0.5375
2031,0,88,6,0.18490223586559296,0.0,0.3120970325969863,0.1428571428571429,0.14436066783964635,0.6666666666666666,1.0,0.5583333333333332,0.8375
2031,0,88,8,0.18490223586559296,0.0,0.3120970325969863,0.0,0.18490223586559296,0.5714285714285714,1.0,0.5714285714285714,1.0
2031,0,92,2,0.06722146272659302,0.0906393826007843,0.12518876209495483,0.5,0.06057662963867187,1.0,0.5,1.0,0.5
2031,0,92,4,0.055959999561309814,0.0,0.10598886242766382,0.0,0.055959999561309814,1.0,1.0,1.0,1.0
2031,0,92,6,0.055959999561309814,0.0,0.10598886242766382,0.0,0.055959999561309814,1.0,1.0,1.0,1.0
2031,0,92,8,0.055959999561309814,0.0,0.10598886242766382,0.0,0.055959999561309814,1.0,1.0,1.0,1.0
2031,0,96,2,0.011512711644172668,0.0178556889295578,0.02275864606769073,0.5,0.05178896859288216,1.0,0.5,1.0,0.5
2031,0,96,4,0.1718052327632904,0.0,0.2932317213811176,0.0,0.1718052327632904,1.0,1.0,1.0,1.0
2031,0,96,6,0.1718052327632904,0.0,0.2932317213811176,0.0,0.1718052327632904,1.0,1.0,1.0,1.0
2031,0,96,8,0.1718052327632904,0.0,0.2932317213811176,0.0,0.1718052327632904,1.0,1.0,1.0,1.0
2031,0,106,2,0.05791214108467102,0.040198564529418945,0.1092333981283473,0.5,0.0300091415643692,1.0,0.5,1.0,0.5
2031,0,106,4,0.05791214108467102,0.0,0.10948383865846183,0.0,0.05791214108467102,1.0,1.0,1.0,1.0
2031,0,106,6,0.05791214108467102,0.0,0.10948383865846183,0.0,0.05791214108467102,1.0,1.0,1.0,1.0
2031,0,106,8,0.05791214108467102,0.0,0.10948383865846183,0.0,0.05791214108467102,1.0,1.0,1.0,1.0
2031,0,116,2,0.001879177987575531,0.008186466991901398,0.0037512485266009963,0.7142857142857143,0.00536290854215622,1.0,0.5,0.625,0.3125
2031,0,116,4,0.012275218963623047,0.0076891034841537476,0.02425045169752805,0.4285714285714286,0.06235918700695038,0.75,0.75,0.5375,0.5375
2031,0,116,6,0.18242394924163818,0.0,0.3085592935742514,0.1428571428571429,0.1254396378993988,0.6666666666666666,1.0,0.575,0.8625
2031,0,116,8,0.18242394924163818,0.0,0.3085592935742514,0.0,0.18242394924163818,0.5714285714285714,1.0,0.5714285714285714,1.0
2031,0,117,2,0.042562127113342285,0.014462679624557495,0.081600208631996,0.7142857142857143,0.03361438810825348,1.0,0.5,0.475,0.2375
2031,0,117,4,0.042562127113342285,0.013632416725158691,0.08160305225122821,0.4285714285714286,0.04481394737958908,0.75,0.75,0.5625,0.5625
2031,0,117,6,0.042562127113342285,0.0,0.08164909506388608,0.1428571428571429,0.0515038400888443,0.6666666666666666,1.0,0.5499999999999999,0.825
2031,0,117,8,0.042562127113342285,0.0,0.08164909506388608,0.0,0.042562127113342285,0.5714285714285714,1.0,0.5714285714285714,1.0
2031,0,121,2,0.12825459241867065,0.02730397880077362,0.22662729863279207,0.8823529411764706,0.009827406704425811,1.0,0.5,0.25,0.125
2031,0,121,4,0.12825459241867065,0.0025780946016311646,0.22728366487955878,0.7647058823529411,0.025734858214855195,0.75,0.75,0.275,0.275
2031,0,121,6,0.12825459241867065,7.499754428863525e-05,0.22734850766996018,0.6470588235294117,0.041128890961408614,0.5,0.75,0.275,0.4125
2031,0,121,8,0.12825459241867065,0.0015885084867477417,0.22730933456924138,0.5294117647058824,0.04352107048034668,0.375,0.75,0.225,0.45
2031,0,135,2,0.0028447508811950684,0.1813758909702301,0.005669798988563903,0.7142857142857143,0.030966737866401674,0.5,0.25,0.575,0.2875
2031,0,135,4,0.029385298490524292,0.051152169704437256,0.0570051777942158,0.4285714285714286,0.07023945748806,0.5,0.5,0.5625,0.5625
2031,0,135,6,0.1813758909702301,0.0,0.3070587310212862,0.1428571428571429,0.13447834104299544,0.6666666666666666,1.0,0.575,0.8625
2031,0,135,8,0.1813758909702301,0.0,0.3070587310212862,0.0,0.1813758909702301,0.5714285714285714,1.0,0.5714285714285714,1.0
2031,0,141,2,0.01776069402694702,0.028639018535614014,0.034883565104230865,0.7142857142857143,0.014679202437400818,1.0,0.5,0.575,0.2875
2031,0,141,4,0.10862171649932861,0.0026711225509643555,0.19590671622338435,0.4285714285714286,0.03619353771209717,0.75,0.75,0.55,0.55
2031,0,141,6,0.10862171649932861,0.0,0.1959581250894509,0.1428571428571429,0.06805450022220612,0.6666666666666666,1.0,0.5416666666666666,0.8125
2031,0,141,8,0.10862171649932861,0.0,0.1959581250894509,0.0,0.10862171649932861,0.5714285714285714,1.0,0.5714285714285714,1.0
2031,0,154,2,0.19896836578845978,0.0074241384863853455,0.33148781650111503,0.7142857142857143,0.010738241672515868,1.0,0.5,0.525,0.2625
2031,0,154,4,0.19896836578845978,0.0007023364305496216,0.33186056883074916,0.4285714285714286,0.06087655611336231,0.75,0.75,0.5375,0.5375
2031,0,154,6,0.19896836578845978,0.0,0.3318992751866563,0.1428571428571429,0.11012967117130756,0.6666666666666666,1.0,0.5583333333333333,0.8375
2031,0,154,8,0.19896836578845978,0.0,0.3318992751866563,0.0,0.19896836578845978,0.5714285714285714,1.0,0.5714285714285714,1.0
2031,0,156,2,0.04514633119106293,0.019939593970775604,0.08631650587433812,0.8461538461538461,0.00897485613822937,1.0,0.5,0.25,0.125
2031,0,156,4,0.14315973222255707,0.0026424378156661987,0.25038014282230225,0.6923076923076923,0.03230835534632206,1.0,1.0,0.3125,0.3125
2031,0,156,6,0.14315973222255707,0.0008970201015472412,0.25043505937339705,0.5384615384615384,0.05270686075091362,0.6666666666666666,1.0,0.3083333333333333,0.4625
2031,0,156,8,0.14315973222255707,0.0014313459396362305,0.2504182655675807,0.3846153846153846,0.058190369978547096,0.5,1.0,0.33125,0.6625
2031,0,162,2,0.005151987075805664,0.013267874717712402,0.010250453845159064,0.7142857142857143,0.006203693151473999,1.0,0.5,0.65,0.325
2031,0,162,4,0.17417190968990326,0.0052601248025894165,0.29643938224907423,0.4285714285714286,0.06008785143494606,0.75,0.75,0.6,0.6
2031,0,162,6,0.17417190968990326,0.0,0.2966719068179748,0.1428571428571429,0.1497122421860695,0.6666666666666666,1.0,0.5916666666666666,0.8875
2031,0,162,8,0.17417190968990326,0.0,0.2966719068179748,0.0,0.17417190968990326,0.5714285714285714,1.0,0.5714285714285714,1.0
2031,0,163,2,0.1956525593996048,0.007668145000934601,0.32685995683301955,0.8461538461538461,0.006618998944759369,1.0,0.5,0.375,0.1875
2031,0,163,4,0.1956525593996048,0.0022932663559913635,0.3271502172154887,0.6923076923076923,0.014507709071040154,0.75,0.75,0.2,0.2
2031,0,163,6,0.1956525593996048,0.003072410821914673,0.3271083031046506,0.5384615384615384,0.028674644604325294,0.5,0.75,0.3166666666666666,0.475
2031,0,163,8,0.1956525593996048,0.004004083573818207,0.3270581117729325,0.3846153846153846,0.06771908961236477,0.375,0.75,0.29375,0.5875
2031,0,166,2,0.058095306158065796,0.0672236979007721,0.10937829764393035,0.7142857142857143,0.02253139317035675,1.0,0.5,0.525,0.2625
2031,0,166,4,0.08729681372642517,0.014804989099502563,0.16038236073398818,0.4285714285714286,0.06182106882333756,1.0,1.0,0.6375,0.6375
2031,0,166,6,0.08729681372642517,0.0,0.1605758659905168,0.1428571428571429,0.0803927481174469,0.6666666666666666,1.0,0.575,0.8625
2031,0,166,8,0.08729681372642517,0.0,0.1605758659905168,0.0,0.08729681372642517,0.5714285714285714,1.0,0.5714285714285714,1.0
2031,0,167,2,0.03539353609085083,0.09273111820220947,0.06812927576754071,0.7142857142857143,0.0380046159029007,0.5,0.25,0.65,0.325
2031,0,167,4,0.022419869899749756,0.07467657327651978,0.043779008337483105,0.4285714285714286,0.05766047388315201,0.5,0.5,0.6,0.6
2031,0,167,6,0.10118234157562256,0.0,0.1837703670962362,0.1428571428571429,0.08816888928413391,0.6666666666666666,1.0,0.5833333333333333,0.875
2031,0,167,8,0.10118234157562256,0.0,0.1837703670962362,0.0,0.10118234157562256,0.5714285714285714,1.0,0.5714285714285714,1.0
2031,0,168,2,0.1485557109117508,0.0204942487180233,0.2579844770884536,0.8461538461538461,0.02178424708545208,1.0,0.5,0.35,0.175
2031,0,168,4,0.1485557109117508,0.007327467203140259,0.2584358994358336,0.6923076923076923,0.01928352899849415,0.75,0.75,0.375,0.375
2031,0,168,6,0.1485557109117508,0.0029989108443260193,0.25858203726012285,0.5384615384615384,0.04388218484818936,0.6666666666666666,1.0,0.3416666666666667,0.5125
2031,0,168,8,0.1485557109117508,0.0007302761077880859,0.25865818917098626,0.3846153846153846,0.06590632311999797,0.5,1.0,0.34375,0.6875
2031,0,172,2,0.022341415286064148,0.030164748430252075,0.04367668145845051,0.5,0.02191305235028267,1.0,0.5,1.0,0.5
2031,0,172,4,0.20055684447288513,0.0,0.33410636971703134,0.0,0.20055684447288513,1.0,1.0,1.0,1.0
2031,0,172,6,0.20055684447288513,0.0,0.33410636971703134,0.0,0.20055684447288513,1.0,1.0,1.0,1.0
2031,0,172,8,0.20055684447288513,0.0,0.33410636971703134,0.0,0.20055684447288513,1.0,1.0,1.0,1.0
2031,0,174,2,0.11130118370056152,0.0066998302936553955,0.20017264023314854,0.7142857142857143,0.05982288271188736,1.0,0.5,0.45,0.225
2031,0,174,4,0.11130118370056152,0.01716470718383789,0.19995811093215998,0.4285714285714286,0.07522819787263871,0.75,0.75,0.5375,0.5375
2031,0,174,6,0.11130118370056152,0.0,0.20030786492989366,0.1428571428571429,0.1116813838481903,0.6666666666666666,1.0,0.5833333333333333,0.875
2031,0,174,8,0.11130118370056152,0.0,0.20030786492989366,0.0,0.11130118370056152,0.5714285714285714,1.0,0.5714285714285714,1.0
2031,0,181,2,0.15935330092906952,0.018094144761562347,0.27420579872370443,0.7142857142857143,0.021593181043863298,1.0,0.5,0.625,0.3125
2031,0,181,4,0.15935330092906952,0.00013183802366256714,0.27489534520085485,0.4285714285714286,0.03944325223565102,0.75,0.75,0.575,0.575
2031,0,181,6,0.15935330092906952,0.0,0.2749003272796459,0.1428571428571429,0.13477506786584853,0.6666666666666666,1.0,0.5999999999999999,0.9
2031,0,181,8,0.15935330092906952,0.0,0.2749003272796459,0.0,0.15935330092906952,0.5714285714285714,1.0,0.5714285714285714,1.0
2031,0,187,2,0.00033687055110931396,0.026910901069641113,0.0006735079426938925,0.8461538461538461,0.006393896043300628,1.0,0.5,0.4,0.2
2031,0,187,4,0.01612454652786255,0.013740524649620056,0.03173032780198129,0.6923076923076923,0.03832057416439057,0.75,0.75,0.4125,0.4125
2031,0,187,6,0.01612454652786255,0.012672275304794312,0.031730880066058335,0.5384615384615384,0.05602680072188378,0.5,0.75,0.3,0.45
2031,0,187,8,0.19792188704013824,0.002716466784477234,0.33029341310358357,0.3846153846153846,0.06615108698606491,0.5,1.0,0.31875,0.6375
2031,0,190,2,0.060601115226745605,0.032157838344573975,0.11406037781216939,0.7142857142857143,0.01560232788324356,1.0,0.5,0.575,0.2875
2031,0,190,4,0.060601115226745605,0.006624042987823486,0.11423339732902114,0.4285714285714286,0.030000670254230498,0.75,0.75,0.4875,0.4875
2031,0,190,6,0.060601115226745605,0.0,0.11427692156214585,0.1428571428571429,0.05707417726516724,0.6666666666666666,1.0,0.5833333333333333,0.875
2031,0,190,8,0.060601115226745605,0.0,0.11427692156214585,0.0,0.060601115226745605,0.5714285714285714,1.0,0.5714285714285714,1.0
2031,0,193,2,0.008929148316383362,0.016482308506965637,0.01769762366478935,0.5,0.019188327342271806,1.0,0.5,1.0,0.5
2031,0,193,4,0.2072552740573883,0.0,0.34334954422826763,0.0,0.2072552740573883,1.0,1.0,1.0,1.0
2031,0,193,6,0.2072552740573883,0.0,0.34334954422826763,0.0,0.2072552740573883,1.0,1.0,1.0,1.0
2031,0,193,8,0.2072552740573883,0.0,0.34334954422826763,0.0,0.2072552740573883,1.0,1.0,1.0,1.0
2031,0,203,2,0.02255234122276306,0.0040768906474113464,0.044105918863467035,0.5,0.027211713790893554,1.0,0.5,1.0,0.5
2031,0,203,4,0.20968858897686005,0.0,0.3466819326686583,0.0,0.20968858897686005,1.0,1.0,1.0,1.0
2031,0,203,6,0.20968858897686005,0.0,0.3466819326686583,0.0,0.20968858897686005,1.0,1.0,1.0,1.0
2031,0,203,8,0.20968858897686005,0.0,0.3466819326686583,0.0,0.20968858897686005,1.0,1.0,1.0,1.0
2031,0,207,2,0.05246537923812866,0.025706350803375244,0.09956900183741502,0.7142857142857143,0.025342570245265962,1.0,0.5,0.5,0.25
2031,0,207,4,0.07621639966964722,0.036275893449783325,0.14126112260613471,0.4285714285714286,0.05693482905626297,0.75,0.75,0.5625,0.5625
2031,0,207,6,0.10267096757888794,0.0,0.1862223103675623,0.1428571428571429,0.0833449125289917,0.6666666666666666,1.0,0.5999999999999999,0.9
2031,0,207,8,0.10267096757888794,0.0,0.1862223103675623,0.0,0.10267096757888794,0.5714285714285714,1.0,0.5714285714285714,1.0
2031,0,216,2,0.01483154296875,0.016648173332214355,0.029222335923974975,0.5,0.02710338532924652,1.0,0.5,1.0,0.5
2031,0,216,4,0.004587829113006592,0.0,0.009133754122936929,0.0,0.004587829113006592,1.0,1.0,1.0,1.0
2031,0,216,6,0.004587829113006592,0.0,0.009133754122936929,0.0,0.004587829113006592,1.0,1.0,1.0,1.0
2031,0,216,8,0.004587829113006592,0.0,0.009133754122936929,0.0,0.004587829113006592,1.0,1.0,1.0,1.0
2031,0,217,2,0.0729382187128067,0.031993091106414795,0.13565498845984458,0.875,0.017315268516540527,1.0,0.5,0.325,0.1625
2031,0,217,4,0.15342740714550018,0.0013083070516586304,0.2659910368196023,0.75,0.027722623199224472,1.0,1.0,0.225,0.225
2031,0,217,6,0.15342740714550018,0.005297482013702393,0.26584905571243383,0.625,0.05916038751602173,0.6666666666666666,1.0,0.2666666666666667,0.4
2031,0,217,8,0.15342740714550018,0.00017403066158294678,0.26603122817645436,0.5,0.05476595237851143,0.5,1.0,0.23125,0.4625
2031,0,220,2,0.19580993056297302,0.004243522882461548,0.32726502758928827,0.5,0.015465693175792694,1.0,0.5,1.0,0.5
2031,0,220,4,0.19580993056297302,0.0,0.32749340101363444,0.0,0.19580993056297302,1.0,1.0,1.0,1.0
2031,0,220,6,0.19580993056297302,0.0,0.32749340101363444,0.0,0.19580993056297302,1.0,1.0,1.0,1.0
2031,0,220,8,0.19580993056297302,0.0,0.32749340101363444,0.0,0.19580993056297302,1.0,1.0,1.0,1.0
2031,0,222,2,0.021273836493492126,0.013484403491020203,0.04164951687553646,0.8,0.009320801869034768,1.0,0.5,0.475,0.2375
2031,0,222,4,0.020164228975772858,0.018878497183322906,0.039516309895746435,0.6,0.06991992704570293,0.75,0.75,0.4625,0.4625
2031,0,222,6,0.16051239520311356,0.0009392276406288147,0.2765873547453124,0.4,0.0666086371988058,0.6666666666666666,1.0,0.4083333333333333,0.6125
2031,0,222,8,0.16051239520311356,0.0,0.27662331891771064,0.19999999999999996,0.1246962059289217,0.5,1.0,0.4,0.8
2031,0,223,2,0.007905244827270508,0.0019210651516914368,0.015686247351249048,0.7142857142857143,0.011034980043768882,1.0,0.5,0.45,0.225
2031,0,223,4,0.1694638654589653,0.003646478056907654,0.28966100697535785,0.4285714285714286,0.06506191678345204,0.75,0.75,0.5625,0.5625
2031,0,223,6,0.1694638654589653,0.0,0.28981462440048605,0.1428571428571429,0.10099760703742504,0.6666666666666666,1.0,0.5416666666666666,0.8125
2031,0,223,8,0.1694638654589653,0.0,0.28981462440048605,0.0,0.1694638654589653,0.5714285714285714,1.0,0.5714285714285714,1.0
2031,0,230,2,0.012073822319507599,0.012490443885326385,0.023855968749743415,0.7142857142857143,0.03505433052778244,1.0,0.5,0.675,0.3375
2031,0,230,4,0.19564171880483627,0.002824947237968445,0.32710646919459535,0.4285714285714286,0.05443187803030014,0.75,0.75,0.5375,0.5375
2031,0,230,6,0.19564171880483627,0.0,0.3272581003620379,0.1428571428571429,0.11859338581562043,0.6666666666666666,1.0,0.5916666666666666,0.8875
2031,0,230,8,0.19564171880483627,0.0,0.3272581003620379,0.0,0.19564171880483627,0.5714285714285714,1.0,0.5714285714285714,1.0
2031,0,231,2,0.19194045662879944,0.01762283593416214,0.3211361528254432,0.8,0.012515631690621375,1.0,0.5,0.475,0.2375
2031,0,231,4,0.19194045662879944,0.006403811275959015,0.3217299219149275,0.6,0.03790977597236633,0.75,0.75,0.375,0.375
2031,0,231,6,0.19194045662879944,0.004250623285770416,0.32184259676014415,0.4,0.06970070973038674,0.6666666666666666,1.0,0.3916666666666666,0.5875
2031,0,231,8,0.19194045662879944,0.0,0.32206383391276155,0.19999999999999996,0.15705364122986792,0.5,1.0,0.4625,0.925
2031,0,236,2,0.01214318722486496,0.00036069750785827637,0.02399489481358922,0.8,0.013169571012258529,1.0,0.5,0.325,0.1625
2031,0,236,4,0.012645021080970764,0.0010610893368721008,0.024973911086465638,0.6,0.014553388580679893,0.75,0.75,0.35,0.35
2031,0,236,6,0.21892664581537247,2.4341046810150146e-05,0.3592106045827949,0.4,0.061608005315065384,0.6666666666666666,1.0,0.3916666666666666,0.5875
2031,0,236,8,0.21892664581537247,0.0,0.35921217501800795,0.19999999999999996,0.09396779201924801,0.5,1.0,0.375,0.75
2031,0,237,2,0.1652187705039978,0.012783557176589966,0.28306439271961975,0.7142857142857143,0.021853772550821306,1.0,0.5,0.575,0.2875
2031,0,237,4,0.1652187705039978,0.003604382276535034,0.28343873933422115,0.4285714285714286,0.05041007474064827,0.75,0.75,0.55,0.55
2031,0,237,6,0.1652187705039978,0.0,0.2835841211732882,0.1428571428571429,0.1171962283551693,0.6666666666666666,1.0,0.5583333333333333,0.8375
2031,0,237,8,0.1652187705039978,0.0,0.2835841211732882,0.0,0.1652187705039978,0.5714285714285714,1.0,0.5714285714285714,1.0
2031,0,242,2,0.030162394046783447,0.0218847393989563,0.05852018593772282,0.7142857142857143,0.0177012175321579,1.0,0.5,0.575,0.2875
2031,0,242,4,0.1234445869922638,0.003097355365753174,0.21968588266998154,0.4285714285714286,0.057105410099029544,1.0,1.0,0.5625,0.5625
2031,0,242,6,0.1234445869922638,0.0,0.21976088259547394,0.1428571428571429,0.09356608539819718,0.6666666666666666,1.0,0.575,0.8625
2031,0,242,8,0.1234445869922638,0.0,0.21976088259547394,0.0,0.1234445869922638,0.5714285714285714,1.0,0.5714285714285714,1.0
2031,0,255,2,0.0051419660449028015,0.001753583550453186,0.01023123103153502,0.5,0.0486624002456665,1.0,0.5,1.0,0.5
2031,0,255,4,0.17886148393154144,0.0,0.3034478373744684,0.0,0.17886148393154144,1.0,1.0,1.0,1.0
2031,0,255,6,0.17886148393154144,0.0,0.3034478373744684,0.0,0.17886148393154144,1.0,1.0,1.0,1.0
2031,0,255,8,0.17886148393154144,0.0,0.3034478373744684,0.0,0.17886148393154144,1.0,1.0,1.0,1.0
2031,0,257,2,0.03715583682060242,0.01601444184780121,0.07160772643734868,0.7142857142857143,0.023927340656518935,1.0,0.5,0.525,0.2625
2031,0,257,4,0.21934306621551514,0.00284692645072937,0.35958784494098306,0.4285714285714286,0.0817068137228489,1.0,1.0,0.5375,0.5375
2031,0,257,6,0.21934306621551514,0.0,0.3597725238989417,0.1428571428571429,0.20041603222489357,0.6666666666666666,1.0,0.5999999999999999,0.9
2031,0,257,8,0.21934306621551514,0.0,0.3597725238989417,0.0,0.21934306621551514,0.5714285714285714,1.0,0.5714285714285714,1.0
2031,0,268,2,0.016669832170009613,0.0009704902768135071,0.032792488038696964,0.5,0.06190077178180218,1.0,0.5,1.0,0.5
2031,0,268,4,0.18400850147008896,0.0,0.3108229396015658,0.0,0.18400850147008896,1.0,1.0,1.0,1.0
2031,0,268,6,0.18400850147008896,0.0,0.3108229396015658,0.0,0.18400850147008896,1.0,1.0,1.0,1.0
2031,0,268,8,0.18400850147008896,0.0,0.3108229396015658,0.0,0.18400850147008896,1.0,1.0,1.0,1.0
2031,0,272,2,0.004938006401062012,0.0001659691333770752,0.009827476604235321,0.8461538461538461,0.004246678948402405,1.0,0.5,0.325,0.1625
2031,0,272,4,0.010011434555053711,0.0001659691333770752,0.01982436582365008,0.6923076923076923,0.012577663362026214,0.5,0.5,0.275,0.275
2031,0,272,6,3.159046173095703e-06,0.0001659691333770752,6.31807238379588e-06,0.5384615384615384,0.03508816510438919,0.3333333333333333,0.5,0.3,0.45
2031,0,272,8,0.14005440473556519,0.002355128526687622,0.2456265228141558,0.3846153846153846,0.03463512510061264,0.375,0.75,0.31875,0.6375
2031,0,275,2,0.012128636240959167,0.0012959763407707214,0.023966217744767215,0.5,0.08591162450611592,1.0,0.5,1.0,0.5
2031,0,275,4,0.18017759174108505,0.0,0.30533979462408495,0.0,0.18017759174108505,1.0,1.0,1.0,1.0
2031,0,275,6,0.18017759174108505,0.0,0.30533979462408495,0.0,0.18017759174108505,1.0,1.0,1.0,1.0
2031,0,275,8,0.18017759174108505,0.0,0.30533979462408495,0.0,0.18017759174108505,1.0,1.0,1.0,1.0
2031,0,280,2,0.10020321607589722,0.012472420930862427,0.18194472350702973,0.5,0.055118289589881894,1.0,0.5,1.0,0.5
2031,0,280,4,0.10020321607589722,0.0,0.18215401411621526,0.0,0.10020321607589722,1.0,1.0,1.0,1.0
2031,0,280,6,0.10020321607589722,0.0,0.18215401411621526,0.0,0.10020321607589722,1.0,1.0,1.0,1.0
2031,0,280,8,0.10020321607589722,0.0,0.18215401411621526,0.0,0.10020321607589722,1.0,1.0,1.0,1.0
2031,0,296,2,0.05622297525405884,0.03303369879722595,0.10626718570056475,0.875,0.008872519433498382,1.0,0.5,0.2,0.1
2031,0,296,4,0.12406209111213684,0.016659826040267944,0.22032687146093105,0.75,0.04184310734272003,1.0,1.0,0.2875,0.2875
2031,0,296,6,0.12406209111213684,0.01031261682510376,0.22048528711104556,0.625,0.05523539632558823,0.6666666666666666,1.0,0.25,0.375
2031,0,296,8,0.12406209111213684,0.00019487738609313965,0.22073410933463428,0.5,0.0722970798611641,0.5,1.0,0.25625,0.5125
2031,0,298,2,0.008203968405723572,0.018521472811698914,0.01627192329620009,0.8947368421052632,0.004181152954697609,1.0,0.5,0.225,0.1125
2031,0,298,4,0.15523859858512878,0.005017168819904327,0.2685739220841836,0.7894736842105263,0.010310391336679459,0.75,0.75,0.2,0.2
2031,0,298,6,0.15523859858512878,0.004468925297260284,0.2685938854180086,0.6842105263157895,0.03958889022469521,0.5,0.75,0.25833333333333336,0.3875
2031,0,298,8,0.15523859858512878,0.004316776990890503,0.2685994222623265,0.5789473684210527,0.01937517412006855,0.375,0.75,0.15625,0.3125
2031,0,312,2,0.16836515069007874,0.0028515011072158813,0.2880876724808078,0.7142857142857143,0.02216537967324257,1.0,0.5,0.55,0.275
2031,0,312,4,0.16836515069007874,0.009218081831932068,0.28782050429148115,0.4285714285714286,0.05157770216464996,0.5,0.5,0.5625,0.5625
2031,0,312,6,0.16836515069007874,0.0,0.28820638922795017,0.1428571428571429,0.12361672222614288,0.6666666666666666,1.0,0.5333333333333333,0.8
2031,0,312,8,0.16836515069007874,0.0,0.28820638922795017,0.0,0.16836515069007874,0.5714285714285714,1.0,0.5714285714285714,1.0
2031,0,314,2,0.0434226393699646,0.04410344362258911,0.08307165842346197,0.7142857142857143,0.03136251717805862,1.0,0.5,0.575,0.2875
2031,0,314,4,0.0648004412651062,0.009707748889923096,0.12164120805137654,0.4285714285714286,0.04829604923725128,1.0,1.0,0.55,0.55
2031,0,314,6,0.0648004412651062,0.0,0.12171377612901021,0.1428571428571429,0.061125995218753816,0.6666666666666666,1.0,0.5916666666666666,0.8875
2031,0,314,8,0.0648004412651062,0.0,0.12171377612901021,0.0,0.0648004412651062,0.5714285714285714,1.0,0.5714285714285714,1.0
2031,0,329,2,0.001199468970298767,0.004624832421541214,0.002396050598780985,0.5,0.027190635353326796,1.0,0.5,1.0,0.5
2031,0,329,4,0.16856035217642784,0.0,0.2884923347989455,0.0,0.16856035217642784,1.0,1.0,1.0,1.0
2031,0,329,6,0.16856035217642784,0.0,0.2884923347989455,0.0,0.16856035217642784,1.0,1.0,1.0,1.0
2031,0,329,8,0.16856035217642784,0.0,0.2884923347989455,0.0,0.16856035217642784,1.0,1.0,1.0,1.0
2031,0,330,2,0.22548243403434753,0.00035794079303741455,0.36796542052105785,0.5,0.06510633900761605,1.0,0.5,1.0,0.5
2031,0,330,4,0.22548243403434753,0.0,0.36798966312727704,0.0,0.22548243403434753,1.0,1.0,1.0,1.0
2031,0,330,6,0.22548243403434753,0.0,0.36798966312727704,0.0,0.22548243403434753,1.0,1.0,1.0,1.0
2031,0,330,8,0.22548243403434753,0.0,0.36798966312727704,0.0,0.22548243403434753,1.0,1.0,1.0,1.0
2031,0,335,2,0.1927727311849594,0.010455340147018433,0.3226836180458914,0.7142857142857143,0.004606816545128822,1.0,0.5,0.5,0.25
2031,0,335,4,0.1927727311849594,0.007602952420711517,0.32283490974807255,0.4285714285714286,0.07462177015841007,1.0,1.0,0.5625,0.5625
2031,0,335,6,0.1927727311849594,0.0,0.32323463832619553,0.1428571428571429,0.14605239927768707,0.6666666666666666,1.0,0.5999999999999999,0.9
2031,0,335,8,0.1927727311849594,0.0,0.32323463832619553,0.0,0.1927727311849594,0.5714285714285714,1.0,0.5714285714285714,1.0
2031,0,336,2,0.021403931081295013,0.027249015867710114,0.0418862185460428,0.8,0.012391725555062294,1.0,0.5,0.25,0.125
2031,0,336,4,0.021403931081295013,0.03965681791305542,0.04187457036149803,0.6,0.040633599832654,0.5,0.5,0.4625,0.4625
2031,0,336,6,0.16292890906333923,0.0012448132038116455,0.28015549767108394,0.4,0.04973525032401085,0.5,0.75,0.375,0.5625
2031,0,336,8,0.16292890906333923,0.0,0.2802044179890024,0.19999999999999996,0.1298681329935789,0.5,1.0,0.4125,0.825
2031,0,338,2,0.0015489384531974792,0.00013399124145507812,0.003093085265650083,0.5,0.03350585997104645,1.0,0.5,1.0,0.5
2031,0,338,4,0.21061963587999344,0.0,0.34795344406733514,0.0,0.21061963587999344,1.0,1.0,1.0,1.0
2031,0,338,6,0.21061963587999344,0.0,0.34795344406733514,0.0,0.21061963587999344,1.0,1.0,1.0,1.0
2031,0,338,8,0.21061963587999344,0.0,0.34795344406733514,0.0,0.21061963587999344,1.0,1.0,1.0,1.0
2031,0,342,2,0.03603997826576233,0.01625332236289978,0.06953260012932372,0.7142857142857143,0.02757616639137268,1.0,0.5,0.6,0.3
2031,0,342,4,0.15305832028388977,0.0010121315717697144,0.2654466576492738,0.4285714285714286,0.05832880213856697,1.0,1.0,0.5625,0.5625
2031,0,342,6,0.15305832028388977,0.0,0.2654823569482694,0.1428571428571429,0.14730301946401597,0.6666666666666666,1.0,0.5916666666666666,0.8875
2031,0,342,8,0.15305832028388977,0.0,0.2654823569482694,0.0,0.15305832028388977,0.5714285714285714,1.0,0.5714285714285714,1.0
2031,0,344,2,0.014803260564804077,0.02061283588409424,0.029165687023969163,0.5,0.015944719314575195,1.0,0.5,1.0,0.5
2031,0,344,4,0.13655582070350647,0.0,0.24029760477401105,0.0,0.13655582070350647,1.0,1.0,1.0,1.0
2031,0,344,6,0.13655582070350647,0.0,0.24029760477401105,0.0,0.13655582070350647,1.0,1.0,1.0,1.0
2031,0,344,8,0.13655582070350647,0.0,0.24029760477401105,0.0,0.13655582070350647,1.0,1.0,1.0,1.0
2031,0,345,2,0.15978991985321045,0.03598836064338684,0.27413975595240253,0.8461538461538461,0.007689951360225678,1.0,0.5,0.35,0.175
2031,0,345,4,0.15978991985321045,0.00486406683921814,0.27536432852003123,0.6923076923076923,0.017619971930980683,1.0,1.0,0.3875,0.3875
2031,0,345,6,0.15978991985321045,0.003454267978668213,0.2754182358584309,0.5384615384615384,0.03159745633602142,0.6666666666666666,1.0,0.3333333333333333,0.5
2031,0,345,8,0.15978991985321045,0.003862142562866211,0.2754026532276118,0.3846153846153846,0.09737039357423782,0.5,1.0,0.31875,0.6375
2031,0,347,2,0.2216661274433136,0.014461874961853027,0.3619278497004883,0.875,0.001762198656797409,1.0,0.5,0.3,0.15
2031,0,347,4,0.2216661274433136,0.012051746249198914,0.36209004609739454,0.75,0.02390136495232582,0.5,0.5,0.2375,0.2375
2031,0,347,6,0.2216661274433136,0.008534163236618042,0.36232561503958166,0.625,0.02496034875512123,0.3333333333333333,0.5,0.2583333333333333,0.3875
2031,0,347,8,0.2216661274433136,0.0018531456589698792,0.36276929517154144,0.5,0.05851462483406067,0.375,0.75,0.2125,0.425
2031,0,352,2,0.05670139193534851,0.09193682670593262,0.10673784619931502,0.5,0.044150622189044954,1.0,0.5,1.0,0.5
2031,0,352,4,0.04065409302711487,0.0,0.07813180825313028,0.0,0.04065409302711487,1.0,1.0,1.0,1.0
2031,0,352,6,0.04065409302711487,0.0,0.07813180825313028,0.0,0.04065409302711487,1.0,1.0,1.0,1.0
2031,0,352,8,0.04065409302711487,0.0,0.07813180825313028,0.0,0.04065409302711487,1.0,1.0,1.0,1.0
2031,0,354,2,0.16760432720184326,0.01835039258003235,0.286322660367866,0.5,0.04679815918207168,1.0,0.5,1.0,0.5
2031,0,354,4,0.16760432720184326,0.0,0.28709096617260066,0.0,0.16760432720184326,1.0,1.0,1.0,1.0
2031,0,354,6,0.16760432720184326,0.0,0.28709096617260066,0.0,0.16760432720184326,1.0,1.0,1.0,1.0
2031,0,354,8,0.16760432720184326,0.0,0.28709096617260066,0.0,0.16760432720184326,1.0,1.0,1.0,1.0
2031,0,355,2,0.0015306547284126282,0.0013487115502357483,0.0030566245014257074,0.8,0.0030290935188531875,1.0,0.5,0.5,0.25
2031,0,355,4,0.18101449310779572,0.001290060579776764,0.30648000238237916,0.6,0.01154443360865116,0.75,0.75,0.425,0.425
2031,0,355,6,0.18101449310779572,0.0007659271359443665,0.30650467098273787,0.4,0.10194455347955227,0.5,0.75,0.4583333333333333,0.6875
2031,0,355,8,0.18101449310779572,0.0,0.30654068034586573,0.19999999999999996,0.13712744414806366,0.5,1.0,0.41875,0.8375
2031,0,356,2,0.011723831295967102,0.009179428219795227,0.023173463823611212,0.7142857142857143,0.023356426507234573,1.0,0.5,0.55,0.275
2031,0,356,4,0.004140838980674744,0.009179428219795227,0.008247211202581903,0.4285714285714286,0.05355973839759827,0.5,0.5,0.65,0.65
2031,0,356,6,0.15677683055400848,0.0,0.2710580406056789,0.1428571428571429,0.09956501573324203,0.6666666666666666,1.0,0.5499999999999999,0.825
2031,0,356,8,0.15677683055400848,0.0,0.2710580406056789,0.0,0.15677683055400848,0.5714285714285714,1.0,0.5714285714285714,1.0
2031,0,360,2,0.0811215341091156,0.03582577407360077,0.14965198433974533,0.5,0.0381512738764286,1.0,0.5,1.0,0.5
2031,0,360,4,0.0811215341091156,0.0,0.15006922265397804,0.0,0.0811215341091156,1.0,1.0,1.0,1.0
2031,0,360,6,0.0811215341091156,0.0,0.15006922265397804,0.0,0.0811215341091156,1.0,1.0,1.0,1.0
2031,0,360,8,0.0811215341091156,0.0,0.15006922265397804,0.0,0.0811215341091156,1.0,1.0,1.0,1.0
2031,0,361,2,0.15369325876235962,0.029106616973876953,0.2653770948422178,0.875,0.013924185931682587,1.0,0.5,0.25,0.125
2031,0,361,4,0.15369325876235962,0.010556578636169434,0.2660587949528461,0.75,0.02123780846595764,0.75,0.75,0.2125,0.2125
2031,0,361,6,0.15369325876235962,0.003581017255783081,0.2663094522844593,0.625,0.022382241487503052,0.5,0.75,0.19999999999999998,0.3
2031,0,361,8,0.15369325876235962,0.0007114112377166748,0.26641168719290215,0.5,0.03537493050098419,0.375,0.75,0.25,0.5
2031,0,364,2,0.0016011446714401245,0.17230363190174103,0.0031961066057577927,0.7142857142857143,0.003916911780834198,0.5,0.25,0.65,0.325
2031,0,364,4,0.17230363190174103,0.0034923702478408813,0.29380600522470934,0.4285714285714286,0.039376745373010634,0.75,0.75,0.6125,0.6125
2031,0,364,6,0.17230363190174103,0.0,0.29395734554234154,0.1428571428571429,0.13208443187177182,0.6666666666666666,1.0,0.5416666666666666,0.8125
2031,0,364,8,0.17230363190174103,0.0,0.29395734554234154,0.0,0.17230363190174103,0.5714285714285714,1.0,0.5714285714285714,1.0
2031,0,365,2,0.1998940110206604,0.001828223466873169,0.3330844802875521,0.8,0.02953074797987938,1.0,0.5,0.525,0.2625
2031,0,365,4,0.1998940110206604,0.0011311769485473633,0.3331232665013201,0.6,0.056385526061058046,0.75,0.75,0.4,0.4
2031,0,365,6,0.1998940110206604,0.00138072669506073,0.33310938582676775,0.4,0.11900602653622627,0.6666666666666666,1.0,0.4083333333333333,0.6125
2031,0,365,8,0.1998940110206604,0.0,0.33318611341450977,0.19999999999999996,0.1479092061519623,0.5,1.0,0.41875,0.8375
2031,0,371,2,0.06122662127017975,0.03530363738536835,0.11514528821816074,0.5,0.06114441677927971,1.0,0.5,1.0,0.5
2031,0,371,4,0.19976727664470673,0.0,0.3330100437534517,0.0,0.19976727664470673,1.0,1.0,1.0,1.0
2031,0,371,6,0.19976727664470673,0.0,0.3330100437534517,0.0,0.19976727664470673,1.0,1.0,1.0,1.0
2031,0,371,8,0.19976727664470673,0.0,0.3330100437534517,0.0,0.19976727664470673,1.0,1.0,1.0,1.0
2031,0,375,2,0.01614779233932495,0.0048133134841918945,0.031779926994894986,0.8,0.008163069188594819,1.0,0.5,0.325,0.1625
2031,0,375,4,0.01614779233932495,0.01746279001235962,0.03177339560636704,0.6,0.021130880713462828,0.5,0.5,0.325,0.325
2031,0,375,6,0.03211390972137451,0.007730603218078613,0.06221430908769859,0.4,0.028310659527778625,0.6666666666666666,1.0,0.39166666666666666,0.5875
2031,0,375,8,0.03211390972137451,0.0,0.06222939041688501,0.19999999999999996,0.025797934830188753,0.5,1.0,0.40625,0.8125
2031,0,380,2,0.0029457882046699524,0.0019229650497436523,0.00587423880634815,0.7142857142857143,0.014213421195745469,1.0,0.5,0.675,0.3375
2031,0,380,4,0.18442043662071228,0.0006429851055145264,0.31137923228882614,0.4285714285714286,0.06858124323189259,1.0,1.0,0.5375,0.5375
2031,0,380,6,0.18442043662071228,0.0,0.311410426430812,0.1428571428571429,0.1485524632036686,0.6666666666666666,1.0,0.5833333333333333,0.875
2031,0,380,8,0.18442043662071228,0.0,0.311410426430812,0.0,0.18442043662071228,0.5714285714285714,1.0,0.5714285714285714,1.0
2031,0,385,2,0.029556863009929657,0.014717884361743927,0.05739205751999259,0.8461538461538461,0.014625415205955505,1.0,0.5,0.375,0.1875
2031,0,385,4,0.17958269268274307,0.0017571672797203064,0.3044035504151875,0.6923076923076923,0.031781003996729854,0.75,0.75,0.3625,0.3625
2031,0,385,6,0.17958269268274307,0.0016581043601036072,0.30440815586048303,0.5384615384615384,0.03648409992456436,0.5,0.75,0.3083333333333333,0.4625
2031,0,385,8,0.17958269268274307,9.196251630783081e-05,0.3044808631621894,0.3846153846153846,0.11734824851155282,0.375,0.75,0.33125,0.6625
2031,0,391,2,0.19908131659030914,0.015156947076320648,0.3312100952721356,0.8461538461538461,0.01412532776594162,1.0,0.5,0.375,0.1875
2031,0,391,4,0.19908131659030914,0.007134363055229187,0.3316607297229415,0.6923076923076923,0.007856060937047004,0.5,0.5,0.2375,0.2375
2031,0,391,6,0.19908131659030914,0.0005120187997817993,0.33202816654878975,0.5384615384615384,0.04127587005496025,0.5,0.75,0.275,0.4125
2031,0,391,8,0.19908131659030914,0.0018261969089508057,0.3319555734423746,0.3846153846153846,0.09751730971038342,0.5,1.0,0.34375,0.6875
2031,0,404,2,0.0034067630767822266,0.0042803287506103516,0.006790293789245809,0.7142857142857143,0.025610677897930145,1.0,0.5,0.65,0.325
2031,0,404,4,0.0034067630767822266,0.020318329334259033,0.006789914778914986,0.4285714285714286,0.021949635446071626,0.75,0.75,0.6,0.6
2031,0,404,6,0.0034067630767822266,0.0,0.006790392893777088,0.1428571428571429,0.01541987806558609,0.6666666666666666,1.0,0.5916666666666666,0.8875
2031,0,404,8,0.0034067630767822266,0.0,0.006790392893777088,0.0,0.0034067630767822266,0.5714285714285714,1.0,0.5714285714285714,1.0
2031,0,408,2,0.0009967982769012451,0.002016521990299225,0.0019916073117154957,0.5,0.06312907747924328,1.0,0.5,1.0,0.5
2031,0,408,4,0.1744876205921173,0.0,0.29712977392498946,0.0,0.1744876205921173,1.0,1.0,1.0,1.0
2031,0,408,6,0.1744876205921173,0.0,0.29712977392498946,0.0,0.1744876205921173,1.0,1.0,1.0,1.0
2031,0,408,8,0.1744876205921173,0.0,0.29712977392498946,0.0,0.1744876205921173,1.0,1.0,1.0,1.0
2031,0,410,2,0.06865310668945312,0.022298604249954224,0.12829731811993839,0.5,0.04738637357950211,1.0,0.5,1.0,0.5
2031,0,410,4,0.08743530511856079,0.0,0.16081012765909397,0.0,0.08743530511856079,1.0,1.0,1.0,1.0
2031,0,410,6,0.08743530511856079,0.0,0.16081012765909397,0.0,0.08743530511856079,1.0,1.0,1.0,1.0
2031,0,410,8,0.08743530511856079,0.0,0.16081012765909397,0.0,0.08743530511856079,1.0,1.0,1.0,1.0
2031,0,412,2,0.0064286962151527405,0.005784623324871063,0.012774789362648576,0.7142857142857143,0.01359858438372612,1.0,0.5,0.575,0.2875
2031,0,412,4,0.1958755925297737,2.1830201148986816e-06,0.32758511623689246,0.4285714285714286,0.09012250751256942,1.0,1.0,0.5625,0.5625
2031,0,412,6,0.1958755925297737,0.0,0.32758523336932643,0.1428571428571429,0.1125775083899498,0.6666666666666666,1.0,0.5583333333333333,0.8375
2031,0,412,8,0.1958755925297737,0.0,0.32758523336932643,0.0,0.1958755925297737,0.5714285714285714,1.0,0.5714285714285714,1.0
2031,0,417,2,0.00947638601064682,0.0037741512060165405,0.01877418657380236,0.7142857142857143,0.03098404034972191,1.0,0.5,0.575,0.2875
2031,0,417,4,0.19055546820163727,0.0004711076617240906,0.32008772214126785,0.4285714285714286,0.06187749803066254,0.75,0.75,0.5875,0.5875
2031,0,417,6,0.19055546820163727,0.0,0.32011186927640745,0.1428571428571429,0.12556546181440353,0.6666666666666666,1.0,0.5416666666666665,0.8125
2031,0,417,8,0.19055546820163727,0.0,0.32011186927640745,0.0,0.19055546820163727,0.5714285714285714,1.0,0.5714285714285714,1.0
2031,0,419,2,0.0043949708342552185,0.009915836155414581,0.008751095667703811,0.7142857142857143,0.0037872631102800368,0.5,0.25,0.425,0.2125
2031,0,419,4,0.1691342368721962,0.003801494836807251,0.2891728136801676,0.4285714285714286,0.05525035560131073,0.75,0.75,0.575,0.575
2031,0,419,6,0.1691342368721962,0.0,0.289332450522848,0.1428571428571429,0.11488206498324871,0.6666666666666666,1.0,0.575,0.8625
2031,0,419,8,0.1691342368721962,0.0,0.289332450522848,0.0,0.1691342368721962,0.5714285714285714,1.0,0.5714285714285714,1.0
2031,0,420,2,0.1835314780473709,0.0164203941822052,0.30934128092616975,0.7142857142857143,0.01991088390350342,1.0,0.5,0.5,0.25
2031,0,420,4,0.1835314780473709,0.0042098164558410645,0.3099389253382894,0.4285714285714286,0.09166048914194107,0.75,0.75,0.6,0.6
2031,0,420,6,0.1835314780473709,0.0,0.3101421152738027,0.1428571428571429,0.1530531331896782,0.6666666666666666,1.0,0.5416666666666666,0.8125
2031,0,420,8,0.1835314780473709,0.0,0.3101421152738027,0.0,0.1835314780473709,0.5714285714285714,1.0,0.5714285714285714,1.0
2031,0,421,2,0.013724744319915771,0.06334942579269409,0.02705307976225469,0.7142857142857143,0.03181535303592682,1.0,0.5,0.65,0.325
2031,0,421,4,0.09704992175102234,0.010248810052871704,0.1767669806433333,0.4285714285714286,0.06747757792472839,0.75,0.75,0.625,0.625
2031,0,421,6,0.09704992175102234,0.0,0.17692890692908322,0.1428571428571429,0.07543257027864456,0.6666666666666666,1.0,0.5583333333333333,0.8375
2031,0,421,8,0.09704992175102234,0.0,0.17692890692908322,0.0,0.09704992175102234,0.5714285714285714,1.0,0.5714285714285714,1.0
2031,0,422,2,0.2098914533853531,0.010022252798080444,0.346350865707141,0.7142857142857143,0.01777363643050194,1.0,0.5,0.575,0.2875
2031,0,422,4,0.2098914533853531,0.0049304962158203125,0.3466611646228108,0.4285714285714286,0.07498109564185143,0.75,0.75,0.5625,0.5625
2031,0,422,6,0.2098914533853531,0.0,0.34695914711698056,0.1428571428571429,0.1729271814227104,0.6666666666666666,1.0,0.575,0.8625
2031,0,422,8,0.2098914533853531,0.0,0.34695914711698056,0.0,0.2098914533853531,0.5714285714285714,1.0,0.5714285714285714,1.0
2031,0,423,2,0.05274805426597595,0.01174268126487732,0.10015058909274839,0.7142857142857143,0.022638089209794997,1.0,0.5,0.475,0.2375
2031,0,423,4,0.1405901312828064,0.006140172481536865,0.24633415082525487,0.4285714285714286,0.07561061009764672,0.75,0.75,0.6375,0.6375
2031,0,423,6,0.1405901312828064,0.0,0.24652173892594806,0.1428571428571429,0.1145834594964981,0.6666666666666666,1.0,0.575,0.8625
2031,0,423,8,0.1405901312828064,0.0,0.24652173892594806,0.0,0.1405901312828064,0.5714285714285714,1.0,0.5714285714285714,1.0
2031,0,431,2,0.015471100807189941,0.002690643072128296,0.03046953262011134,0.5,0.02985122799873352,1.0,0.5,1.0,0.5
2031,0,431,4,0.15462161600589752,0.0,0.2678308007791667,0.0,0.15462161600589752,1.0,1.0,1.0,1.0
2031,0,431,6,0.15462161600589752,0.0,0.2678308007791667,0.0,0.15462161600589752,1.0,1.0,1.0,1.0
2031,0,431,8,0.15462161600589752,0.0,0.2678308007791667,0.0,0.15462161600589752,1.0,1.0,1.0,1.0
2031,0,443,2,0.17922630161046982,0.010258808732032776,0.3034945870491289,0.5,0.04816282317042351,1.0,0.5,1.0,0.5
2031,0,443,4,0.17922630161046982,0.0,0.303972700347169,0.0,0.17922630161046982,1.0,1.0,1.0,1.0
2031,0,443,6,0.17922630161046982,0.0,0.303972700347169,0.0,0.17922630161046982,1.0,1.0,1.0,1.0
2031,0,443,8,0.17922630161046982,0.0,0.303972700347169,0.0,0.17922630161046982,1.0,1.0,1.0,1.0
2031,0,446,2,0.008460044860839844,0.003087356686592102,0.016777709965616495,0.5,0.009867548942565918,1.0,0.5,1.0,0.5
2031,0,446,4,0.19339419901371002,0.0,0.32410782484704914,0.0,0.19339419901371002,1.0,1.0,1.0,1.0
2031,0,446,6,0.19339419901371002,0.0,0.32410782484704914,0.0,0.19339419901371002,1.0,1.0,1.0,1.0
2031,0,446,8,0.19339419901371002,0.0,0.32410782484704914,0.0,0.19339419901371002,1.0,1.0,1.0,1.0
2031,0,448,2,0.007030457258224487,0.014084041118621826,0.01396135762504715,0.7142857142857143,0.004897240549325943,0.5,0.25,0.475,0.2375
2031,0,448,4,0.01993153989315033,0.003005489706993103,0.039081771681469396,0.4285714285714286,0.05052495859563351,0.5,0.5,0.6,0.6
2031,0,448,6,0.17773620784282684,0.0,0.3018268550448546,0.1428571428571429,0.11402959078550338,0.6666666666666666,1.0,0.5499999999999999,0.825
2031,0,448,8,0.17773620784282684,0.0,0.3018268550448546,0.0,0.17773620784282684,0.5714285714285714,1.0,0.5714285714285714,1.0
2031,0,449,2,0.1644805371761322,0.015754789113998413,0.2818587139230879,0.5,0.013437891006469726,1.0,0.5,1.0,0.5
2031,0,449,4,0.1644805371761322,0.0,0.2824959832733621,0.0,0.1644805371761322,1.0,1.0,1.0,1.0
2031,0,449,6,0.1644805371761322,0.0,0.2824959832733621,0.0,0.1644805371761322,1.0,1.0,1.0,1.0
2031,0,449,8,0.1644805371761322,0.0,0.2824959832733621,0.0,0.1644805371761322,1.0,1.0,1.0,1.0
2031,0,451,2,0.19791540503501892,0.014746055006980896,0.329617959729979,0.7142857142857143,0.036927954852581026,1.0,0.5,0.725,0.3625
2031,0,451,4,0.19791540503501892,0.005952775478363037,0.33010642143757735,0.4285714285714286,0.06622299253940582,1.0,1.0,0.55,0.55
2031,0,451,6,0.19791540503501892,0.0,0.33043302424052756,0.1428571428571429,0.1568360634148121,0.6666666666666666,1.0,0.5666666666666667,0.85
2031,0,451,8,0.19791540503501892,0.0,0.33043302424052756,0.0,0.19791540503501892,0.5714285714285714,1.0,0.5714285714285714,1.0
2031,0,463,2,0.16534563899040222,0.00619681179523468,0.28352014742063647,0.7142857142857143,0.033985428512096405,1.0,0.5,0.525,0.2625
2031,0,463,4,0.16534563899040222,0.008434921503067017,0.2834288921805905,0.4285714285714286,0.07160519063472748,1.0,1.0,0.6125,0.6125
2031,0,463,6,0.16534563899040222,0.0,0.2837709834030863,0.1428571428571429,0.10580897405743599,0.6666666666666666,1.0,0.575,0.8625
2031,0,463,8,0.16534563899040222,0.0,0.2837709834030863,0.0,0.16534563899040222,0.5714285714285714,1.0,0.5714285714285714,1.0
2031,0,482,2,0.002212509512901306,0.009760621935129166,0.00441515416805797,0.5,0.03870085719972849,1.0,0.5,1.0,0.5
2031,0,482,4,0.1648879274725914,0.0,0.2830966371680782,0.0,0.1648879274725914,1.0,1.0,1.0,1.0
2031,0,482,6,0.1648879274725914,0.0,0.2830966371680782,0.0,0.1648879274725914,1.0,1.0,1.0,1.0
2031,0,482,8,0.1648879274725914,0.0,0.2830966371680782,0.0,0.1648879274725914,1.0,1.0,1.0,1.0
2031,0,496,2,0.0008448809385299683,0.021895840764045715,0.0016883035298508437,0.5,0.060024470835924146,1.0,0.5,1.0,0.5
2031,0,496,4,0.19724373519420624,0.0,0.32949637470804743,0.0,0.19724373519420624,1.0,1.0,1.0,1.0
2031,0,496,6,0.19724373519420624,0.0,0.32949637470804743,0.0,0.19724373519420624,1.0,1.0,1.0,1.0
2031,0,496,8,0.19724373519420624,0.0,0.32949637470804743,0.0,0.19724373519420624,1.0,1.0,1.0,1.0
2031,0,517,2,0.009882032871246338,0.003980904817581177,0.019569902378032897,0.5,0.026302540302276613,1.0,0.5,1.0,0.5
2031,0,517,4,0.1280709207057953,0.0,0.22706182449178944,0.0,0.1280709207057953,1.0,1.0,1.0,1.0
2031,0,517,6,0.1280709207057953,0.0,0.22706182449178944,0.0,0.1280709207057953,1.0,1.0,1.0,1.0
2031,0,517,8,0.1280709207057953,0.0,0.22706182449178944,0.0,0.1280709207057953,1.0,1.0,1.0,1.0
2031,0,519,2,0.014265626668930054,0.016269594430923462,0.02812341984417192,0.8,0.006266939640045166,1.0,0.5,0.45,0.225
2031,0,519,4,0.151229590177536,0.003532201051712036,0.2626047916251554,0.6,0.019204744696617128,0.75,0.75,0.3875,0.3875
2031,0,519,6,0.151229590177536,0.0006552040576934814,0.2627044470302797,0.4,0.047860702872276305,0.5,0.75,0.39999999999999997,0.6
2031,0,519,8,0.151229590177536,0.0,0.2627270728060669,0.19999999999999996,0.11676165908575058,0.5,1.0,0.4,0.8
2031,0,521,2,0.030538439750671387,0.06860381364822388,0.05913787808253728,0.8,0.00740540623664856,1.0,0.5,0.425,0.2125
2031,0,521,4,0.06860381364822388,0.0011363625526428223,0.12838959122003196,0.6,0.028404754400253297,1.0,1.0,0.5,0.5
2031,0,521,6,0.06860381364822388,0.0023410916328430176,0.12837962806154188,0.4,0.032105833292007446,0.6666666666666666,1.0,0.37499999999999994,0.5625
2031,0,521,8,0.06860381364822388,0.0,0.12839896839598539,0.19999999999999996,0.06181803345680237,0.5,1.0,0.40625,0.8125
2031,0,532,2,0.2042858749628067,0.0031889677047729492,0.33908073973795,0.8461538461538461,0.009456773847341537,1.0,0.5,0.275,0.1375
2031,0,532,4,0.2042858749628067,0.0004000365734100342,0.33924172314308876,0.6923076923076923,0.018760926276445388,0.5,0.5,0.2875,0.2875
2031,0,532,6,0.2042858749628067,0.0009433329105377197,0.33921042137464996,0.5384615384615384,0.0653876394033432,0.3333333333333333,0.5,0.38333333333333325,0.575
2031,0,532,8,0.2042858749628067,0.002136737108230591,0.3391415646096748,0.3846153846153846,0.08208326175808907,0.5,1.0,0.3125,0.625
2031,0,540,2,0.19721528887748718,0.010280899703502655,0.3288938968368355,0.8461538461538461,0.0012744955718517303,1.0,0.5,0.325,0.1625
2031,0,540,4,0.19721528887748718,0.003627501428127289,0.32925921696190685,0.6923076923076923,0.002413386106491089,0.75,0.75,0.2625,0.2625
2031,0,540,6,0.19721528887748718,0.0030453652143478394,0.32929098682017166,0.5384615384615384,0.05255259275436401,0.6666666666666666,1.0,0.3083333333333333,0.4625
2031,0,540,8,0.19721528887748718,0.0005597248673439026,0.32942629191571,0.3846153846153846,0.07330444976687431,0.5,1.0,0.3125,0.625
2031,0,542,2,0.028172403573989868,0.0016038864850997925,0.05479852103083587,0.7142857142857143,0.04062158018350601,1.0,0.5,0.65,0.325
2031,0,542,4,0.16497209668159485,0.006192430853843689,0.28297099649736374,0.4285714285714286,0.039186809211969376,0.75,0.75,0.5625,0.5625
2031,0,542,6,0.16497209668159485,0.0,0.2832206833992253,0.1428571428571429,0.09958728253841401,0.6666666666666666,1.0,0.5583333333333333,0.8375
2031,0,542,8,0.16497209668159485,0.0,0.2832206833992253,0.0,0.16497209668159485,0.5714285714285714,1.0,0.5714285714285714,1.0
2031,0,543,2,0.04212449491024017,0.0779472291469574,0.08056818726590424,0.8,0.03400881364941597,0.5,0.25,0.325,0.1625
2031,0,543,4,0.15103840827941895,0.004468396306037903,0.2622840423935389,0.6,0.04011695384979248,0.75,0.75,0.375,0.375
2031,0,543,6,0.15103840827941895,0.0024684518575668335,0.26235333145802836,0.4,0.0794715292751789,0.6666666666666666,1.0,0.3833333333333333,0.575
2031,0,543,8,0.15103840827941895,0.0,0.26243852019706676,0.19999999999999996,0.11874310821294784,0.5,1.0,0.4125,0.825
2031,0,545,2,0.19719021022319794,0.015265323221683502,0.3285827044739101,0.8461538461538461,0.0024609994143247604,1.0,0.5,0.175,0.0875
2031,0,545,4,0.19719021022319794,0.0007942244410514832,0.32937856575954905,0.6923076923076923,0.061604229360818864,0.75,0.75,0.35,0.35
2031,0,545,6,0.19719021022319794,0.0016264095902442932,0.32933332051365605,0.5384615384615384,0.05327578186988831,0.6666666666666666,1.0,0.3083333333333333,0.4625
2031,0,545,8,0.19719021022319794,0.0022516101598739624,0.3292992873977047,0.3846153846153846,0.12197253294289112,0.5,1.0,0.3625,0.725
2031,0,555,2,0.18674828112125397,0.0012470483779907227,0.31466082333561207,0.5,0.017499292641878127,1.0,0.5,1.0,0.5
2031,0,555,4,0.18674828112125397,0.0,0.31472264858864923,0.0,0.18674828112125397,1.0,1.0,1.0,1.0
2031,0,555,6,0.18674828112125397,0.0,0.31472264858864923,0.0,0.18674828112125397,1.0,1.0,1.0,1.0
2031,0,555,8,0.18674828112125397,0.0,0.31472264858864923,0.0,0.18674828112125397,1.0,1.0,1.0,1.0
2031,0,556,2,0.04319365322589874,0.021495066583156586,0.08273516930804402,0.7142857142857143,0.02180905416607857,1.0,0.5,0.6,0.3
2031,0,556,4,0.20811404287815094,0.00854106992483139,0.3440166308142034,0.4285714285714286,0.09081612527370453,0.75,0.75,0.6375,0.6375
2031,0,556,6,0.20811404287815094,0.0,0.34452714808669943,0.1428571428571429,0.13801225051283836,0.6666666666666666,1.0,0.5833333333333333,0.875
2031,0,556,8,0.20811404287815094,0.0,0.34452714808669943,0.0,0.20811404287815094,0.5714285714285714,1.0,0.5714285714285714,1.0
2031,0,558,2,0.013130538165569305,0.012172706425189972,0.025916584231570942,0.5,0.0489803284406662,1.0,0.5,1.0,0.5
2031,0,558,4,0.1935151219367981,0.0,0.3242776205847614,0.0,0.1935151219367981,1.0,1.0,1.0,1.0
2031,0,558,6,0.1935151219367981,0.0,0.3242776205847614,0.0,0.1935151219367981,1.0,1.0,1.0,1.0
2031,0,558,8,0.1935151219367981,0.0,0.3242776205847614,0.0,0.1935151219367981,1.0,1.0,1.0,1.0
2031,0,560,2,0.036240458488464355,0.03829476237297058,0.06984876808031758,0.7142857142857143,0.02398299127817154,1.0,0.5,0.65,0.325
2031,0,560,4,0.11749899387359619,0.0037792325019836426,0.21020537107618267,0.4285714285714286,0.0707677349448204,1.0,1.0,0.575,0.575
2031,0,560,6,0.11749899387359619,0.0,0.2102892163979646,0.1428571428571429,0.09715103209018708,0.6666666666666666,1.0,0.5583333333333332,0.8375
2031,0,560,8,0.11749899387359619,0.0,0.2102892163979646,0.0,0.11749899387359619,0.5714285714285714,1.0,0.5714285714285714,1.0
2031,0,592,2,0.014525219798088074,0.012796849012374878,0.028629203627752325,0.8,0.011016492545604707,1.0,0.5,0.525,0.2625
2031,0,592,4,0.16006745398044586,0.00598376989364624,0.2757332927625,0.6,0.02912849634885788,0.75,0.75,0.4,0.4
2031,0,592,6,0.16006745398044586,0.00015231966972351074,0.27595652099811147,0.4,0.048333033174276355,0.6666666666666666,1.0,0.36666666666666664,0.55
2031,0,592,8,0.16006745398044586,0.0,0.27596232172744667,0.19999999999999996,0.11744680106639863,0.5,1.0,0.41875,0.8375
2031,0,594,2,0.012481197714805603,0.15825995802879333,0.02459766486764735,0.7142857142857143,0.021909939497709273,1.0,0.5,0.525,0.2625
2031,0,594,4,0.15825995802879333,0.005792528390884399,0.27305454138206176,0.4285714285714286,0.052862444147467616,1.0,1.0,0.5625,0.5625
2031,0,594,6,0.15825995802879333,0.0,0.27327191436045334,0.1428571428571429,0.1322724763303995,0.6666666666666666,1.0,0.5999999999999999,0.9
2031,0,594,8,0.15825995802879333,0.0,0.27327191436045334,0.0,0.15825995802879333,0.5714285714285714,1.0,0.5714285714285714,1.0
2031,0,598,2,0.008007362484931946,0.012381628155708313,0.015885925860410793,0.7142857142857143,0.006857088580727577,1.0,0.5,0.55,0.275
2031,0,598,4,0.203714519739151,0.006100833415985107,0.3381252129998951,0.4285714285714286,0.05808659978210926,0.75,0.75,0.575,0.575
2031,0,598,6,0.203714519739151,0.0,0.33847646829631434,0.1428571428571429,0.15544620528817177,0.6666666666666666,1.0,0.55,0.825
2031,0,598,8,0.203714519739151,0.0,0.33847646829631434,0.0,0.203714519739151,0.5714285714285714,1.0,0.5714285714285714,1.0
2031,0,599,2,0.007295459508895874,0.0036653131246566772,0.014484856581071034,0.875,0.0028420217335224152,1.0,0.5,0.325,0.1625
2031,0,599,4,0.1693701595067978,0.006232902407646179,0.2894146684830619,0.75,0.011731089651584625,0.75,0.75,0.2875,0.2875
2031,0,599,6,0.1693701595067978,0.005288228392601013,0.28945469716067124,0.625,0.013244424015283585,0.5,0.75,0.25,0.375
2031,0,599,8,0.1693701595067978,0.002685338258743286,0.2895646540715058,0.5,0.03836080878973007,0.375,0.75,0.25,0.5
2032,0,2,2,0.02116847038269043,0.011200964450836182,0.04144957728940567,0.8461538461538461,0.012141819298267364,0.5,0.25,0.225,0.1125
2032,0,2,4,0.02116847038269043,0.023482024669647217,0.04143865425408605,0.6923076923076923,0.03010689318180084,0.25,0.25,0.3875,0.3875
2032,0,2,6,0.08816856145858765,0.00032776594161987305,0.16204515066955885,0.5384615384615384,0.034623360633850096,0.5,0.75,0.3083333333333333,0.4625
2032,0,2,8,0.08816856145858765,0.0053438544273376465,0.1619789443880029,0.3846153846153846,0.04602356106042862,0.375,0.75,0.28125,0.5625
2032,0,3,2,0.04638132452964783,0.03996996581554413,0.08848760338041312,0.8,0.013900421559810638,1.0,0.5,0.35,0.175
2032,0,3,4,0.04386243224143982,0.03996996581554413,0.08389195801833667,0.6,0.05627289041876793,0.5,0.5,0.4375,0.4375
2032,0,3,6,0.1080678403377533,0.002063184976577759,0.1950170387988097,0.4,0.05776603370904922,0.5,0.75,0.37499999999999994,0.5625
2032,0,3,8,0.1080678403377533,0.0,0.19505636099828116,0.19999999999999996,0.08576294705271721,0.5,1.0,0.39375,0.7875
2032,0,5,2,0.12281043827533722,0.012442123144865036,0.21845438855951058,0.5,0.01865466423332691,1.0,0.5,1.0,0.5
2032,0,5,4,0.12281043827533722,0.0,0.21875542672007375,0.0,0.12281043827533722,1.0,1.0,1.0,1.0
2032,0,5,6,0.12281043827533722,0.0,0.21875542672007375,0.0,0.12281043827533722,1.0,1.0,1.0,1.0
2032,0,5,8,0.12281043827533722,0.0,0.21875542672007375,0.0,0.12281043827533722,1.0,1.0,1.0,1.0
2032,0,7,2,0.047268956899642944,0.03840787708759308,0.09010845501434285,0.7142857142857143,0.01832980364561081,0.5,0.25,0.5,0.25
2032,0,7,4,0.145173579454422,0.008124113082885742,0.2532768839649342,0.4285714285714286,0.05191800855100155,0.75,0.75,0.4875,0.4875
2032,0,7,6,0.145173579454422,0.0,0.25353986864346784,0.1428571428571429,0.1013272114098072,0.6666666666666666,1.0,0.575,0.8625
2032,0,7,8,0.145173579454422,0.0,0.25353986864346784,0.0,0.145173579454422,0.5714285714285714,1.0,0.5714285714285714,1.0
2032,0,8,2,0.18052619695663452,0.014656901359558105,0.3051461136626421,0.5,0.0381516307592392,1.0,0.5,1.0,0.5
2032,0,8,4,0.18052619695663452,0.0,0.3058402217960538,0.0,0.18052619695663452,1.0,1.0,1.0,1.0
2032,0,8,6,0.18052619695663452,0.0,0.3058402217960538,0.0,0.18052619695663452,1.0,1.0,1.0,1.0
2032,0,8,8,0.18052619695663452,0.0,0.3058402217960538,0.0,0.18052619695663452,1.0,1.0,1.0,1.0
2032,0,20,2,0.0016932189464569092,0.11900633573532104,0.003379941839884888,0.7142857142857143,0.019860918819904327,0.5,0.25,0.65,0.325
2032,0,20,4,0.014475256204605103,0.11900633573532104,0.028482527340383586,0.4285714285714286,0.03993285521864891,0.5,0.5,0.5625,0.5625
2032,0,20,6,0.11900633573532104,0.0,0.2127000213222558,0.1428571428571429,0.10591367185115814,0.6666666666666666,1.0,0.5916666666666666,0.8875
2032,0,20,8,0.11900633573532104,0.0,0.2127000213222558,0.0,0.11900633573532104,0.5714285714285714,1.0,0.5714285714285714,1.0
2032,0,22,2,0.07911917567253113,0.05279549956321716,0.14603977480470365,0.5,0.05514190793037414,1.0,0.5,1.0,0.5
2032,0,22,4,0.05283108353614807,0.0,0.10036003754506202,0.0,0.05283108353614807,1.0,1.0,1.0,1.0
2032,0,22,6,0.05283108353614807,0.0,0.10036003754506202,0.0,0.05283108353614807,1.0,1.0,1.0,1.0
2032,0,22,8,0.05283108353614807,0.0,0.10036003754506202,0.0,0.05283108353614807,1.0,1.0,1.0,1.0
2032,0,25,2,0.009081318974494934,0.003016829490661621,0.017998691491921626,0.8,0.0032681621611118316,1.0,0.5,0.35,0.175
2032,0,25,4,0.00682656466960907,0.004866838455200195,0.013560107665853232,0.6,0.005319832265377045,0.75,0.75,0.325,0.325
2032,0,25,6,0.0039145201444625854,0.004866838455200195,0.007798364139543605,0.4,0.04077843949198723,0.5,0.75,0.3666666666666666,0.55
2032,0,25,8,0.17937110364437103,0.0,0.30418093692493725,0.19999999999999996,0.11972064599394798,0.5,1.0,0.4125,0.825
2032,0,31,2,0.16250061988830566,0.012191638350486755,0.2790893119591279,0.8,0.012574418634176254,1.0,0.5,0.5,0.25
2032,0,31,4,0.16250061988830566,0.01738765835762024,0.27888098378232795,0.6,0.03723455891013146,0.5,0.5,0.4,0.4
2032,0,31,6,0.16250061988830566,0.006109520792961121,0.2793307888630033,0.4,0.08251498267054558,0.5,0.75,0.4083333333333333,0.6125
2032,0,31,8,0.16250061988830566,0.0,0.27957080987005223,0.19999999999999996,0.10556783825159073,0.5,1.0,0.40625,0.8125
2032,0,33,2,0.1505686640739441,0.03719744086265564,0.2604125058633268,0.7142857142857143,0.01208374947309494,1.0,0.5,0.575,0.2875
2032,0,33,4,0.1505686640739441,0.009014740586280823,0.2614179208828363,0.4285714285714286,0.049055241793394086,0.75,0.75,0.55,0.55
2032,0,33,6,0.1505686640739441,0.0,0.2617291236505767,0.1428571428571429,0.12505885809659958,0.6666666666666666,1.0,0.5833333333333333,0.875
2032,0,33,8,0.1505686640739441,0.0,0.2617291236505767,0.0,0.1505686640739441,0.5714285714285714,1.0,0.5714285714285714,1.0
2032,0,40,2,0.15490873157978058,0.011917367577552795,0.2678281430729577,0.8,0.005010627210140228,1.0,0.5,0.375,0.1875
2032,0,40,4,0.15490873157978058,0.008552268147468567,0.2679514016243772,0.6,0.05167094208300114,0.5,0.5,0.4125,0.4125
2032,0,40,6,0.15490873157978058,0.007820084691047668,0.26797812461368126,0.4,0.02914506383240223,0.5,0.75,0.37499999999999994,0.5625
2032,0,40,8,0.15490873157978058,0.0,0.26826142593602786,0.19999999999999996,0.10407857075333596,0.5,1.0,0.39375,0.7875
2032,0,42,2,0.1323215663433075,0.04093962907791138,0.23255721240206734,0.8,0.011751986294984817,1.0,0.5,0.575,0.2875
2032,0,42,4,0.1323215663433075,0.0033162683248519897,0.23362645464218634,0.6,0.010855503752827645,1.0,1.0,0.275,0.275
2032,0,42,6,0.1323215663433075,0.0010524839162826538,0.23368852216728117,0.4,0.062452337518334386,0.6666666666666666,1.0,0.3916666666666666,0.5875
2032,0,42,8,0.1323215663433075,0.0,0.23371729423228002,0.19999999999999996,0.10630999468266963,0.5,1.0,0.45,0.9
2032,0,48,2,0.0031348764896392822,0.02544565498828888,0.006249649555022333,0.8,0.01869036629796028,1.0,0.5,0.3,0.15
2032,0,48,4,0.15350490808486938,0.00620076060295105,0.2659330766532618,0.6,0.031701674312353136,0.75,0.75,0.375,0.375
2032,0,48,6,0.15350490808486938,0.0060752034187316895,0.2659375714643423,0.4,0.06892703026533127,0.5,0.75,0.38333333333333325,0.575
2032,0,48,8,0.15350490808486938,0.0,0.2661538880484334,0.19999999999999996,0.11766103208065033,0.5,1.0,0.39375,0.7875
2032,0,50,2,0.03045443445444107,0.027582719922065735,0.05905923537250841,0.8,0.014156989008188247,1.0,0.5,0.425,0.2125
2032,0,50,4,0.026938706636428833,0.027582719922065735,0.05242509012696952,0.6,0.03064112514257431,0.5,0.5,0.4625,0.4625
2032,0,50,6,0.11374901980161667,0.004908442497253418,0.20416043856182226,0.4,0.048065340146422386,0.5,0.75,0.4,0.6
2032,0,50,8,0.11374901980161667,0.0,0.20426329052460648,0.19999999999999996,0.09555140882730484,0.5,1.0,0.4375,0.875
2032,0,58,2,0.07810312509536743,0.010838180780410767,0.14477497779271176,0.8461538461538461,0.026177982985973357,1.0,0.5,0.375,0.1875
2032,0,58,4,0.03658941388130188,0.00036838650703430176,0.07059485161695533,0.6923076923076923,0.019348692893981934,0.75,0.75,0.3125,0.3125
2032,0,58,6,0.03658941388130188,0.005205780267715454,0.07058273225644064,0.5384615384615384,0.03406905382871628,0.6666666666666666,1.0,0.3166666666666666,0.475
2032,0,58,8,0.03658941388130188,0.0033743977546691895,0.07058733385808016,0.3846153846153846,0.040118202567100525,0.5,1.0,0.31875,0.6375
2032,0,67,2,0.0340399369597435,0.03734250366687775,0.06575476046074122,0.8,0.01992562636733055,1.0,0.5,0.525,0.2625
2032,0,67,4,0.0340399369597435,0.03642745316028595,0.06575689314881686,0.6,0.042852962389588356,0.5,0.5,0.4375,0.4375
2032,0,67,6,0.11734847724437714,0.0025760680437088013,0.2099911670151512,0.4,0.04755284860730171,0.5,0.75,0.3583333333333333,0.5375
2032,0,67,8,0.11734847724437714,0.0,0.21004812667536604,0.19999999999999996,0.09183598943054676,0.5,1.0,0.40625,0.8125
2032,0,69,2,0.15527917444705963,0.007200777530670166,0.26855490717494485,0.8,0.013780418783426285,1.0,0.5,0.325,0.1625
2032,0,69,4,0.15527917444705963,0.001978754997253418,0.2687450943243116,0.6,0.03693124279379845,0.5,0.5,0.4625,0.4625
2032,0,69,6,0.15527917444705963,0.0035407543182373047,0.26868838676458734,0.4,0.04837117455899716,0.5,0.75,0.35,0.525
2032,0,69,8,0.15527917444705963,0.0,0.2688167118071343,0.19999999999999996,0.10171695239841938,0.5,1.0,0.38125,0.7625
2032,0,71,2,0.007537633180618286,0.01434507966041565,0.014960855688775965,0.8,0.003212936222553253,0.5,0.25,0.3,0.15
2032,0,71,4,0.01023121178150177,0.016404718160629272,0.020251767688583125,0.6,0.023631459474563597,0.75,0.75,0.4125,0.4125
2032,0,71,6,0.14892058074474335,0.0012741237878799438,0.25919277942911284,0.4,0.0541041687130928,0.6666666666666666,1.0,0.4333333333333333,0.65
2032,0,71,8,0.14892058074474335,0.0,0.2592356395047103,0.19999999999999996,0.10317716151475906,0.5,1.0,0.40625,0.8125
2032,0,73,2,0.0016349032521247864,0.00954262912273407,0.0032644180767544516,0.5,0.029549893364310263,1.0,0.5,1.0,0.5
2032,0,73,4,0.1182572990655899,0.0,0.2115028431549789,0.0,0.1182572990655899,1.0,1.0,1.0,1.0
2032,0,73,6,0.1182572990655899,0.0,0.2115028431549789,0.0,0.1182572990655899,1.0,1.0,1.0,1.0
2032,0,73,8,0.1182572990655899,0.0,0.2115028431549789,0.0,0.1182572990655899,1.0,1.0,1.0,1.0
2032,0,76,2,0.14042246341705322,0.02887270599603653,0.24536569056876137,0.7142857142857143,0.018540534377098083,1.0,0.5,0.675,0.3375
2032,0,76,4,0.14042246341705322,0.02089102566242218,0.24561863917993992,0.4285714285714286,0.04119549058377743,0.5,0.5,0.65,0.65
2032,0,76,6,0.14042246341705322,0.0,0.24626393800820923,0.1428571428571429,0.0831977128982544,0.6666666666666666,1.0,0.5583333333333333,0.8375
2032,0,76,8,0.14042246341705322,0.0,0.24626393800820923,0.0,0.14042246341705322,0.5714285714285714,1.0,0.5714285714285714,1.0
2032,0,80,2,0.002419687807559967,0.0031627416610717773,0.004827657129481915,0.5,0.038217344880104066,1.0,0.5,1.0,0.5
2032,0,80,4,0.16007710993289948,0.0,0.2759766718303037,0.0,0.16007710993289948,1.0,1.0,1.0,1.0
2032,0,80,6,0.16007710993289948,0.0,0.2759766718303037,0.0,0.16007710993289948,1.0,1.0,1.0,1.0
2032,0,80,8,0.16007710993289948,0.0,0.2759766718303037,0.0,0.16007710993289948,1.0,1.0,1.0,1.0
2032,0,81,2,0.010919444262981415,0.006996564567089081,0.021601351827828255,0.8461538461538461,0.0029345408082008364,1.0,0.5,0.325,0.1625
2032,0,81,4,0.1600738763809204,0.001369580626487732,0.2759196507456476,0.6923076923076923,0.029341605305671693,0.75,0.75,0.3625,0.3625
2032,0,81,6,0.1600738763809204,0.0008402019739151001,0.27593984806528044,0.5384615384615384,0.04524153470993042,0.5,0.75,0.3,0.45
2032,0,81,8,0.1600738763809204,0.00029406696557998657,0.27596066536542996,0.3846153846153846,0.0675340823829174,0.5,1.0,0.28125,0.5625
2032,0,82,2,0.13268670439720154,0.019882094115018845,0.2337312654008276,0.875,0.005813025683164596,1.0,0.5,0.225,0.1125
2032,0,82,4,0.13268670439720154,0.01372552290558815,0.2339053617968812,0.75,0.02333841919898987,0.5,0.5,0.3125,0.3125
2032,0,82,6,0.13268670439720154,0.005627185106277466,0.23413147130583672,0.625,0.036345132254064084,0.5,0.75,0.23333333333333334,0.35
2032,0,82,8,0.13268670439720154,0.004603542387485504,0.23415982079540287,0.5,0.04646051321178675,0.375,0.75,0.25,0.5
2032,0,83,2,0.0013499855995178223,0.1570463627576828,0.0026956541238280997,0.7142857142857143,0.016031738370656967,1.0,0.5,0.475,0.2375
2032,0,83,4,0.1570463627576828,0.004859715700149536,0.2712809812230606,0.4285714285714286,0.0648430973291397,1.0,1.0,0.575,0.575
2032,0,83,6,0.1570463627576828,0.0,0.2714607950253288,0.1428571428571429,0.08708539307117462,0.6666666666666666,1.0,0.5583333333333333,0.8375
2032,0,83,8,0.1570463627576828,0.0,0.2714607950253288,0.0,0.1570463627576828,0.5714285714285714,1.0,0.5714285714285714,1.0
2032,0,84,2,0.09783568978309631,0.03872993588447571,0.17759608885966988,0.7142857142857143,0.015399360656738281,1.0,0.5,0.45,0.225
2032,0,84,4,0.09783568978309631,0.01280289888381958,0.17802800090405815,0.4285714285714286,0.04020012319087982,0.75,0.75,0.5625,0.5625
2032,0,84,6,0.09783568978309631,0.0,0.1782337570067996,0.1428571428571429,0.08899330645799637,0.6666666666666666,1.0,0.6083333333333332,0.9125
2032,0,84,8,0.09783568978309631,0.0,0.1782337570067996,0.0,0.09783568978309631,0.5714285714285714,1.0,0.5714285714285714,1.0
2032,0,89,2,0.011449173092842102,0.00732295960187912,0.022637256368988487,0.5,0.010414234176278115,1.0,0.5,1.0,0.5
2032,0,89,4,0.1217360645532608,0.0,0.21704939049408745,0.0,0.1217360645532608,1.0,1.0,1.0,1.0
2032,0,89,6,0.1217360645532608,0.0,0.21704939049408745,0.0,0.1217360645532608,1.0,1.0,1.0,1.0
2032,0,89,8,0.1217360645532608,0.0,0.21704939049408745,0.0,0.1217360645532608,1.0,1.0,1.0,1.0
2032,0,95,2,0.12135153263807297,0.030098378658294678,0.21571355432737452,0.8,0.00796966664493084,1.0,0.5,0.35,0.175
2032,0,95,4,0.12135153263807297,0.00589384138584137,0.2162992050686334,0.6,0.02837434895336628,0.75,0.75,0.35,0.35
2032,0,95,6,0.12135153263807297,0.005569241940975189,0.21630688638642914,0.4,0.0658772811293602,0.5,0.75,0.3833333333333333,0.575
2032,0,95,8,0.12135153263807297,0.0,0.2164379841753698,0.19999999999999996,0.10226866453886033,0.5,1.0,0.425,0.85
2032,0,104,2,0.04725034534931183,0.045086950063705444,0.09004513954572416,0.7142857142857143,0.03195984363555908,1.0,0.5,0.575,0.2875
2032,0,104,4,0.14702114462852478,0.012407422065734863,0.25594083404274354,0.4285714285714286,0.06170268431305885,1.0,1.0,0.525,0.525
2032,0,104,6,0.14702114462852478,0.0,0.2563529806177011,0.1428571428571429,0.11953081339597701,0.6666666666666666,1.0,0.5749999999999998,0.8625
2032,0,104,8,0.14702114462852478,0.0,0.2563529806177011,0.0,0.14702114462852478,0.5714285714285714,1.0,0.5714285714285714,1.0
2032,0,122,2,0.05469644069671631,0.03524666279554367,0.10352363566943301,0.8,0.011221116781234742,1.0,0.5,0.325,0.1625
2032,0,122,4,0.1631762683391571,0.004309356212615967,0.28039990092615086,0.6,0.05675587169826031,0.75,0.75,0.475,0.475
2032,0,122,6,0.1631762683391571,0.00032292306423187256,0.28055743335374583,0.4,0.1063715223222971,0.6666666666666666,1.0,0.4583333333333333,0.6875
2032,0,122,8,0.1631762683391571,0.0,0.2805701470717737,0.19999999999999996,0.12541617304086686,0.5,1.0,0.4125,0.825
2032,0,131,2,0.07449144124984741,0.04308927059173584,0.1382228221132816,0.8,0.02716846913099289,1.0,0.5,0.25,0.125
2032,0,131,4,0.03309020400047302,0.015761345624923706,0.06402778725932798,0.6,0.04123725146055222,0.75,0.75,0.3875,0.3875
2032,0,131,6,0.03309020400047302,0.011082172393798828,0.0640376428426888,0.4,0.05246434509754181,0.5,0.75,0.3666666666666666,0.55
2032,0,131,8,0.03309020400047302,0.0,0.06406062872793995,0.19999999999999996,0.03333708643913269,0.5,1.0,0.4375,0.875
2032,0,132,2,0.0007578060030937195,0.005991086363792419,0.0015144574240588107,0.5,0.03151042014360428,1.0,0.5,1.0,0.5
2032,0,132,4,0.16326631605625153,0.0,0.28070324705999056,0.0,0.16326631605625153,1.0,1.0,1.0,1.0
2032,0,132,6,0.16326631605625153,0.0,0.28070324705999056,0.0,0.16326631605625153,1.0,1.0,1.0,1.0
2032,0,132,8,0.16326631605625153,0.0,0.28070324705999056,0.0,0.16326631605625153,1.0,1.0,1.0,1.0
2032,0,135,2,0.004251554608345032,0.011572584509849548,0.008466691165875617,0.5,0.036178071051836014,1.0,0.5,1.0,0.5
2032,0,135,4,0.15034420788288116,0.0,0.2613899506819406,0.0,0.15034420788288116,1.0,1.0,1.0,1.0
2032,0,135,6,0.15034420788288116,0.0,0.2613899506819406,0.0,0.15034420788288116,1.0,1.0,1.0,1.0
2032,0,135,8,0.15034420788288116,0.0,0.2613899506819406,0.0,0.15034420788288116,1.0,1.0,1.0,1.0
2032,0,141,2,0.11825866997241974,0.01580844819545746,0.21114637489372987,0.8,0.00875108242034912,1.0,0.5,0.475,0.2375
2032,0,141,4,0.11825866997241974,0.01934407651424408,0.2110647468008429,0.6,0.030392973124980925,0.5,0.5,0.425,0.425
2032,0,141,6,0.11825866997241974,0.01881524920463562,0.21107698938295363,0.4,0.048474966734647754,0.3333333333333333,0.5,0.36666666666666664,0.55
2032,0,141,8,0.11825866997241974,0.0,0.21150503572726412,0.19999999999999996,0.08465276882052422,0.5,1.0,0.4,0.8
2032,0,144,2,0.028215676546096802,0.01625564694404602,0.05485792256200353,0.5,0.048140375316143035,1.0,0.5,1.0,0.5
2032,0,144,4,0.1052500307559967,0.0,0.1904546986241749,0.0,0.1052500307559967,1.0,1.0,1.0,1.0
2032,0,144,6,0.1052500307559967,0.0,0.1904546986241749,0.0,0.1052500307559967,1.0,1.0,1.0,1.0
2032,0,144,8,0.1052500307559967,0.0,0.1904546986241749,0.0,0.1052500307559967,1.0,1.0,1.0,1.0
2032,0,148,2,0.13473010063171387,0.02221725881099701,0.23682740938207883,0.5,0.026879022270441054,1.0,0.5,1.0,0.5
2032,0,148,4,0.13473010063171387,0.0,0.23746633768983214,0.0,0.13473010063171387,1.0,1.0,1.0,1.0
2032,0,148,6,0.13473010063171387,0.0,0.23746633768983214,0.0,0.13473010063171387,1.0,1.0,1.0,1.0
2032,0,148,8,0.13473010063171387,0.0,0.23746633768983214,0.0,0.13473010063171387,1.0,1.0,1.0,1.0
2032,0,151,2,0.02493707835674286,0.005155310034751892,0.048654566608450654,0.5,0.028407331183552743,1.0,0.5,1.0,0.5
2032,0,151,4,0.15395335853099823,0.0,0.26682769696512415,0.0,0.15395335853099823,1.0,1.0,1.0,1.0
2032,0,151,6,0.15395335853099823,0.0,0.26682769696512415,0.0,0.15395335853099823,1.0,1.0,1.0,1.0
2032,0,151,8,0.15395335853099823,0.0,0.26682769696512415,0.0,0.15395335853099823,1.0,1.0,1.0,1.0
2032,0,157,2,0.16096404194831848,0.02246910333633423,0.27641286565257883,0.5,0.04229919165372849,1.0,0.5,1.0,0.5
2032,0,157,4,0.16096404194831848,0.0,0.2772937595520878,0.0,0.16096404194831848,1.0,1.0,1.0,1.0
2032,0,157,6,0.16096404194831848,0.0,0.2772937595520878,0.0,0.16096404194831848,1.0,1.0,1.0,1.0
2032,0,157,8,0.16096404194831848,0.0,0.2772937595520878,0.0,0.16096404194831848,1.0,1.0,1.0,1.0
2032,0,173,2,0.014204323291778564,0.021034419536590576,0.028002345910501096,0.7142857142857143,0.01754765436053276,1.0,0.5,0.525,0.2625
2032,0,173,4,0.13706712424755096,0.009272098541259766,0.24081720750580016,0.4285714285714286,0.05770651362836361,0.75,0.75,0.525,0.525
2032,0,173,6,0.13706712424755096,0.0,0.24108888793747246,0.1428571428571429,0.1106153205037117,0.6666666666666666,1.0,0.5916666666666666,0.8875
2032,0,173,8,0.13706712424755096,0.0,0.24108888793747246,0.0,0.13706712424755096,0.5714285714285714,1.0,0.5714285714285714,1.0
2032,0,177,2,0.0022903233766555786,0.011510103940963745,0.004570057964664079,0.7142857142857143,0.019534206390380858,1.0,0.5,0.65,0.325
2032,0,177,4,0.14334670454263687,0.002440832555294037,0.2506724222400733,0.4285714285714286,0.04433925077319145,0.75,0.75,0.6,0.6
2032,0,177,6,0.14334670454263687,0.0,0.2507493203471971,0.1428571428571429,0.10644015558063984,0.6666666666666666,1.0,0.5666666666666667,0.85
2032,0,177,8,0.14334670454263687,0.0,0.2507493203471971,0.0,0.14334670454263687,0.5714285714285714,1.0,0.5714285714285714,1.0
2032,0,179,2,0.004536658525466919,0.004006564617156982,0.009032176318232242,0.7142857142857143,0.0033432580530643463,1.0,0.5,0.725,0.3625
2032,0,179,4,0.011563748121261597,0.0010610371828079224,0.02286283535806541,0.4285714285714286,0.04079630486667156,0.75,0.75,0.575,0.575
2032,0,179,6,0.14820514619350433,0.0,0.25815098753882026,0.1428571428571429,0.09318852610886097,0.6666666666666666,1.0,0.5583333333333332,0.8375
2032,0,179,8,0.14820514619350433,0.0,0.25815098753882026,0.0,0.14820514619350433,0.5714285714285714,1.0,0.5714285714285714,1.0
2032,0,184,2,0.17742930352687836,0.009704232215881348,0.30093982338888353,0.5,0.029916688799858093,1.0,0.5,1.0,0.5
2032,0,184,4,0.17742930352687836,0.0,0.30138421558798584,0.0,0.17742930352687836,1.0,1.0,1.0,1.0
2032,0,184,6,0.17742930352687836,0.0,0.30138421558798584,0.0,0.17742930352687836,1.0,1.0,1.0,1.0
2032,0,184,8,0.17742930352687836,0.0,0.30138421558798584,0.0,0.17742930352687836,1.0,1.0,1.0,1.0
2032,0,185,2,0.0055220723152160645,0.02634267508983612,0.010981861288399236,0.8461538461538461,0.0024684250354766847,1.0,0.5,0.15,0.075
2032,0,185,4,0.011796653270721436,0.02634267508983612,0.02331087624744475,0.6923076923076923,0.009508738666772843,0.5,0.5,0.275,0.275
2032,0,185,6,0.01728111505508423,0.02220955491065979,0.033961998027354806,0.5384615384615384,0.02826142981648445,0.5,0.75,0.325,0.4875
2032,0,185,8,0.11644256114959717,0.0050997138023376465,0.20848424532510434,0.3846153846153846,0.05946046188473701,0.5,1.0,0.3125,0.625
2032,0,189,2,0.01169876754283905,0.022893965244293213,0.023120713691398377,0.8,0.013622168451547623,1.0,0.5,0.375,0.1875
2032,0,189,4,0.1181069016456604,0.0013952404260635376,0.21123109611496105,0.6,0.0306897833943367,0.75,0.75,0.4,0.4
2032,0,189,6,0.1181069016456604,0.0008908510208129883,0.21124237505497198,0.4,0.051926016062498095,0.5,0.75,0.4083333333333333,0.6125
2032,0,189,8,0.1181069016456604,0.0,0.21126227102583378,0.19999999999999996,0.07245074883103371,0.5,1.0,0.3875,0.775
2032,0,193,2,0.13938041031360626,0.024690918624401093,0.24390465857664967,0.7142857142857143,0.01427004262804985,1.0,0.5,0.6,0.3
2032,0,193,4,0.13938041031360626,0.011288687586784363,0.2443187652733614,0.4285714285714286,0.04752097800374031,0.75,0.75,0.6,0.6
2032,0,193,6,0.13938041031360626,0.0,0.24466000828510434,0.1428571428571429,0.10141898021101951,0.6666666666666666,1.0,0.5583333333333332,0.8375
2032,0,193,8,0.13938041031360626,0.0,0.24466000828510434,0.0,0.13938041031360626,0.5714285714285714,1.0,0.5714285714285714,1.0
2032,0,197,2,0.00046813488006591797,0.11811184883117676,0.0009357730214121161,0.8,0.013811707496643066,0.5,0.25,0.325,0.1625
2032,0,197,4,0.0020711123943328857,0.11811184883117676,0.004132519575480565,0.6,0.035162003338336946,0.25,0.25,0.4,0.4
2032,0,197,6,0.11811184883117676,0.0033797025680541992,0.21119453010657033,0.4,0.058497007191181186,0.5,0.75,0.3833333333333333,0.575
2032,0,197,8,0.11811184883117676,0.0,0.2112701854553201,0.19999999999999996,0.09344632923603058,0.5,1.0,0.40625,0.8125
2032,0,200,2,0.00722668319940567,0.035368695855140686,0.014345891951423644,0.7142857142857143,0.01686072126030922,0.5,0.25,0.6,0.3
2032,0,200,4,0.003817349672317505,0.015947893261909485,0.007605197149934724,0.4285714285714286,0.08002090565860272,0.5,0.5,0.575,0.575
2032,0,200,6,0.15812832862138748,0.0,0.27307565960262836,0.1428571428571429,0.10663124807178974,0.6666666666666666,1.0,0.5916666666666666,0.8875
2032,0,200,8,0.15812832862138748,0.0,0.27307565960262836,0.0,0.15812832862138748,0.5714285714285714,1.0,0.5714285714285714,1.0
2032,0,202,2,0.03452563285827637,0.009833753108978271,0.06672467496703663,0.5,0.03229742497205734,1.0,0.5,1.0,0.5
2032,0,202,4,0.03452563285827637,0.0,0.06674679053217072,0.0,0.03452563285827637,1.0,1.0,1.0,1.0
2032,0,202,6,0.03452563285827637,0.0,0.06674679053217072,0.0,0.03452563285827637,1.0,1.0,1.0,1.0
2032,0,202,8,0.03452563285827637,0.0,0.06674679053217072,0.0,0.03452563285827637,1.0,1.0,1.0,1.0
2032,0,205,2,0.12953771650791168,0.020990535616874695,0.22880153888242882,0.875,0.0042811200022697445,1.0,0.5,0.3,0.15
2032,0,205,4,0.12953771650791168,0.012825191020965576,0.22902290004048645,0.75,0.020032036304473876,0.75,0.75,0.3,0.3
2032,0,205,6,0.12953771650791168,0.008374854922294617,0.2291421903567635,0.625,0.012735705077648162,0.5,0.75,0.24166666666666664,0.3625
2032,0,205,8,0.12953771650791168,0.005041778087615967,0.22923091437459672,0.5,0.04733380675315857,0.375,0.75,0.2875,0.575
2032,0,224,2,0.02004276216030121,0.020535647869110107,0.039281703498778096,0.8461538461538461,0.010859120637178421,1.0,0.5,0.4,0.2
2032,0,224,4,0.1568267047405243,0.007182106375694275,0.27086694250724963,0.6923076923076923,0.03013545423746109,1.0,1.0,0.3125,0.3125
2032,0,224,6,0.1568267047405243,0.00777144730091095,0.2708449976826906,0.5384615384615384,0.040878886729478835,0.6666666666666666,1.0,0.2583333333333333,0.3875
2032,0,224,8,0.1568267047405243,0.0016828179359436035,0.2710706358530696,0.3846153846153846,0.059966929256916046,0.5,1.0,0.275,0.55
2032,0,231,2,0.15250281989574432,0.011853858828544617,0.26422690615832195,0.8,0.017748437821865082,1.0,0.5,0.425,0.2125
2032,0,231,4,0.15250281989574432,0.008570045232772827,0.26434396702316376,0.6,0.027345742285251617,0.75,0.75,0.4125,0.4125
2032,0,231,6,0.15250281989574432,0.003429114818572998,0.2645258864503539,0.4,0.08155755922198296,0.6666666666666666,1.0,0.4499999999999999,0.675
2032,0,231,8,0.15250281989574432,0.0,0.26464632843074476,0.19999999999999996,0.10950339287519455,0.5,1.0,0.375,0.75
2032,0,232,2,0.16304463893175125,0.03059472143650055,0.2791405274177741,0.8,0.0035385020077228547,1.0,0.5,0.275,0.1375
2032,0,232,4,0.16304463893175125,0.02268407493829727,0.2794662094696051,0.6,0.011261499300599099,0.5,0.5,0.4375,0.4375
2032,0,232,6,0.16304463893175125,0.005927428603172302,0.2801413755298463,0.4,0.05031388327479362,0.5,0.75,0.3833333333333333,0.575
2032,0,232,8,0.16304463893175125,0.0,0.2803755478921371,0.19999999999999996,0.12881642319262027,0.5,1.0,0.40625,0.8125
2032,0,239,2,0.025521814823150635,0.037244170904159546,0.04972545142811508,0.8,0.015010664612054825,1.0,0.5,0.4,0.2
2032,0,239,4,0.14561337232589722,0.006720900535583496,0.2539918788056987,0.6,0.036347989737987516,0.75,0.75,0.4,0.4
2032,0,239,6,0.14561337232589722,0.004486769437789917,0.25406477831702234,0.4,0.07038766071200371,0.5,0.75,0.4333333333333333,0.65
2032,0,239,8,0.14561337232589722,0.0,0.2542103223363458,0.19999999999999996,0.10936659723520278,0.5,1.0,0.4125,0.825
2032,0,249,2,0.03555649518966675,0.004822105169296265,0.06865985722997227,0.7142857142857143,0.016468356549739837,1.0,0.5,0.5,0.25
2032,0,249,4,0.08119460940361023,0.016921520233154297,0.15000035985121063,0.4285714285714286,0.05373008102178574,0.75,0.75,0.65,0.65
2032,0,249,6,0.08119460940361023,0.0,0.15019425494249808,0.1428571428571429,0.07569755762815475,0.6666666666666666,1.0,0.575,0.8625
2032,0,249,8,0.08119460940361023,0.0,0.15019425494249808,0.0,0.08119460940361023,0.5714285714285714,1.0,0.5714285714285714,1.0
2032,0,250,2,0.006598681211471558,0.006841003894805908,0.013110256127650651,0.875,0.0026161450892686843,1.0,0.5,0.3,0.15
2032,0,250,4,0.006598681211471558,0.004804350435733795,0.01311043321523456,0.75,0.003223482146859169,0.5,0.5,0.2125,0.2125
2032,0,250,6,0.14361043274402618,0.006160952150821686,0.2509573535786344,0.625,0.047227198630571364,0.5,0.75,0.3083333333333333,0.4625
2032,0,250,8,0.14361043274402618,0.0041687265038490295,0.2510207575229341,0.5,0.04190318919718265,0.375,0.75,0.25,0.5
2032,0,251,2,0.011469662189483643,0.0052025094628334045,0.02267785673514247,0.5,0.03962030000984669,1.0,0.5,1.0,0.5
2032,0,251,4,0.1408439502120018,0.0,0.24691185886698866,0.0,0.1408439502120018,1.0,1.0,1.0,1.0
2032,0,251,6,0.1408439502120018,0.0,0.24691185886698866,0.0,0.1408439502120018,1.0,1.0,1.0,1.0
2032,0,251,8,0.1408439502120018,0.0,0.24691185886698866,0.0,0.1408439502120018,1.0,1.0,1.0,1.0
2032,0,256,2,0.052425578236579895,0.02342703938484192,0.09950918338055123,0.5,0.044722773134708405,1.0,0.5,1.0,0.5
2032,0,256,4,0.14368557929992676,0.0,0.2512676244250271,0.0,0.14368557929992676,1.0,1.0,1.0,1.0
2032,0,256,6,0.14368557929992676,0.0,0.2512676244250271,0.0,0.14368557929992676,1.0,1.0,1.0,1.0
2032,0,256,8,0.14368557929992676,0.0,0.2512676244250271,0.0,0.14368557929992676,1.0,1.0,1.0,1.0
2032,0,257,2,0.01402171328663826,0.004629902541637421,0.027653868343459738,0.7142857142857143,0.019970971904695035,1.0,0.5,0.575,0.2875
2032,0,257,4,0.024587970227003098,0.010997973382472992,0.04798301573737302,0.4285714285714286,0.018750365637242795,0.75,0.75,0.5375,0.5375
2032,0,257,6,0.12109432369470596,0.0,0.2160287874719132,0.1428571428571429,0.09823803901672364,0.6666666666666666,1.0,0.5833333333333333,0.875
2032,0,257,8,0.12109432369470596,0.0,0.2160287874719132,0.0,0.12109432369470596,0.5714285714285714,1.0,0.5714285714285714,1.0
2032,0,265,2,0.010923564434051514,0.04551297426223755,0.021599929881144248,0.7142857142857143,0.02621438205242157,1.0,0.5,0.625,0.3125
2032,0,265,4,0.06312724947929382,0.022034376859664917,0.11859898669522213,0.4285714285714286,0.038599276542663576,1.0,1.0,0.575,0.575
2032,0,265,6,0.06312724947929382,0.0,0.11875765485310014,0.1428571428571429,0.058629706501960754,0.6666666666666666,1.0,0.5666666666666667,0.85
2032,0,265,8,0.06312724947929382,0.0,0.11875765485310014,0.0,0.06312724947929382,0.5714285714285714,1.0,0.5714285714285714,1.0
2032,0,266,2,0.0436217337846756,0.07971574366092682,0.08329524922051239,0.8,0.03784008324146271,1.0,0.5,0.525,0.2625
2032,0,266,4,0.16692030429840088,0.003561362624168396,0.285940709453081,0.6,0.06149652749300003,0.75,0.75,0.425,0.425
2032,0,266,6,0.16692030429840088,0.0025164633989334106,0.2859836933094941,0.4,0.10797421149909496,0.5,0.75,0.4583333333333333,0.6875
2032,0,266,8,0.16692030429840088,0.0,0.28608689673757975,0.19999999999999996,0.13390244990587236,0.5,1.0,0.3875,0.775
2032,0,268,2,0.020952627062797546,0.015135712921619415,0.04103230682343617,0.5,0.018776940181851387,1.0,0.5,1.0,0.5
2032,0,268,4,0.16690156608819962,0.0,0.28605937456696234,0.0,0.16690156608819962,1.0,1.0,1.0,1.0
2032,0,268,6,0.16690156608819962,0.0,0.28605937456696234,0.0,0.16690156608819962,1.0,1.0,1.0,1.0
2032,0,268,8,0.16690156608819962,0.0,0.28605937456696234,0.0,0.16690156608819962,1.0,1.0,1.0,1.0
2032,0,279,2,0.0042928606271743774,0.13380031287670135,0.008543380507349905,0.7142857142857143,0.026483263075351714,0.5,0.25,0.575,0.2875
2032,0,279,4,0.0016229599714279175,0.13380031287670135,0.0032398495802588795,0.4285714285714286,0.039627532660961154,0.5,0.5,0.5375,0.5375
2032,0,279,6,0.13380031287670135,0.0,0.23602094893980133,0.1428571428571429,0.11303334459662437,0.6666666666666666,1.0,0.5916666666666666,0.8875
2032,0,279,8,0.13380031287670135,0.0,0.23602094893980133,0.0,0.13380031287670135,0.5714285714285714,1.0,0.5714285714285714,1.0
2032,0,284,2,0.024003520607948303,0.014461077749729156,0.046865595394272805,0.5,0.03943975679576397,1.0,0.5,1.0,0.5
2032,0,284,4,0.16006559133529663,0.0,0.27595955354740365,0.0,0.16006559133529663,1.0,1.0,1.0,1.0
2032,0,284,6,0.16006559133529663,0.0,0.27595955354740365,0.0,0.16006559133529663,1.0,1.0,1.0,1.0
2032,0,284,8,0.16006559133529663,0.0,0.27595955354740365,0.0,0.16006559133529663,1.0,1.0,1.0,1.0
2032,0,286,2,0.04076794534921646,0.05601853132247925,0.07816036115899301,0.7142857142857143,0.0314837284386158,1.0,0.5,0.625,0.3125
2032,0,286,4,0.13207046687602997,0.004861235618591309,0.23319262755092152,0.4285714285714286,0.0870889738202095,0.75,0.75,0.625,0.625
2032,0,286,6,0.13207046687602997,0.0,0.23332552299589784,0.1428571428571429,0.11761611048132181,0.6666666666666666,1.0,0.5833333333333333,0.875
2032,0,286,8,0.13207046687602997,0.0,0.23332552299589784,0.0,0.13207046687602997,0.5714285714285714,1.0,0.5714285714285714,1.0
2032,0,292,2,0.1466653048992157,0.01560315489768982,0.2552943062033533,0.5,0.014875755459070206,1.0,0.5,1.0,0.5
2032,0,292,4,0.1466653048992157,0.0,0.25581188211167966,0.0,0.1466653048992157,1.0,1.0,1.0,1.0
2032,0,292,6,0.1466653048992157,0.0,0.25581188211167966,0.0,0.1466653048992157,1.0,1.0,1.0,1.0
2032,0,292,8,0.1466653048992157,0.0,0.25581188211167966,0.0,0.1466653048992157,1.0,1.0,1.0,1.0
2032,0,295,2,0.012882977724075317,0.011303767561912537,0.02543453659808854,0.7142857142857143,0.008760841563344002,1.0,0.5,0.65,0.325
2032,0,295,4,0.14618518203496933,0.004477173089981079,0.2549350351081238,0.4285714285714286,0.045507924631237984,0.75,0.75,0.5375,0.5375
2032,0,295,6,0.14618518203496933,0.0,0.2550812631784823,0.1428571428571429,0.0863657034933567,0.6666666666666666,1.0,0.5499999999999999,0.825
2032,0,295,8,0.14618518203496933,0.0,0.2550812631784823,0.0,0.14618518203496933,0.5714285714285714,1.0,0.5714285714285714,1.0
2032,0,303,2,0.047372639179229736,0.009582459926605225,0.09042038304210247,0.7142857142857143,0.016749781370162965,1.0,0.5,0.525,0.2625
2032,0,303,4,0.047372639179229736,1.519918441772461e-06,0.09045994548735764,0.4285714285714286,0.03352513015270233,0.75,0.75,0.5625,0.5625
2032,0,303,6,0.047372639179229736,0.0,0.09045995170611514,0.1428571428571429,0.04144832789897919,0.6666666666666666,1.0,0.575,0.8625
2032,0,303,8,0.047372639179229736,0.0,0.09045995170611514,0.0,0.047372639179229736,0.5714285714285714,1.0,0.5714285714285714,1.0
2032,0,310,2,0.006223410367965698,0.00013783574104309082,0.012369827610128028,0.8461538461538461,0.004790645092725754,1.0,0.5,0.325,0.1625
2032,0,310,4,0.010083749890327454,0.015298530459403992,0.019963069698935663,0.6923076923076923,0.033199466019868853,0.75,0.75,0.3375,0.3375
2032,0,310,6,0.11168424785137177,0.0010937154293060303,0.20090590331790892,0.5384615384615384,0.028478312492370605,0.6666666666666666,1.0,0.275,0.4125
2032,0,310,8,0.11168424785137177,0.002583920955657959,0.20087572220760147,0.3846153846153846,0.045957478880882266,0.5,1.0,0.31875,0.6375
2032,0,312,2,0.15296918153762817,0.010779261589050293,0.264965193742182,0.8,0.015733088552951812,1.0,0.5,0.45,0.225
2032,0,312,4,0.15296918153762817,0.006651788949966431,0.26511272324531293,0.6,0.020868680626153945,0.75,0.75,0.3875,0.3875
2032,0,312,6,0.15296918153762817,0.0030400753021240234,0.2652409489939753,0.4,0.07286948412656784,0.6666666666666666,1.0,0.4083333333333334,0.6125
2032,0,312,8,0.15296918153762817,0.0,0.2653482573291763,0.19999999999999996,0.11563235446810723,0.5,1.0,0.38125,0.7625
2032,0,320,2,0.17501598596572876,0.02154262363910675,0.29692178084430054,0.8,0.009032006189227105,1.0,0.5,0.5,0.25
2032,0,320,4,0.17501598596572876,0.008380025625228882,0.2975209978404203,0.6,0.008171530440449715,0.75,0.75,0.2625,0.2625
2032,0,320,6,0.17501598596572876,0.002474948763847351,0.29778545028023734,0.4,0.06323926262557507,0.5,0.75,0.37499999999999994,0.5625
2032,0,320,8,0.17501598596572876,0.0,0.29789549768871554,0.19999999999999996,0.09479000195860862,0.5,1.0,0.4,0.8
2032,0,323,2,0.06912696361541748,0.07151752710342407,0.12867395149324617,0.7142857142857143,0.02818436622619629,1.0,0.5,0.625,0.3125
2032,0,323,4,0.06912696361541748,0.03179463744163513,0.12904080048617259,0.4285714285714286,0.055768641829490664,0.5,0.5,0.55,0.55
2032,0,323,6,0.05824968218803406,0.0,0.11008684088162858,0.1428571428571429,0.056253662705421446,0.6666666666666666,1.0,0.5666666666666667,0.85
2032,0,323,8,0.05824968218803406,0.0,0.11008684088162858,0.0,0.05824968218803406,0.5714285714285714,1.0,0.5714285714285714,1.0
2032,0,325,2,0.003977939486503601,0.0002027750015258789,0.007924349994968771,0.7142857142857143,0.007097598165273666,1.0,0.5,0.525,0.2625
2032,0,325,4,0.017097115516662598,0.0002027750015258789,0.03361932104052884,0.4285714285714286,0.0681769460439682,0.5,0.5,0.6125,0.6125
2032,0,325,6,0.1354953944683075,0.0,0.238654238719749,0.1428571428571429,0.10570922568440437,0.6666666666666666,1.0,0.575,0.8625
2032,0,325,8,0.1354953944683075,0.0,0.238654238719749,0.0,0.1354953944683075,0.5714285714285714,1.0,0.5714285714285714,1.0
2032,0,328,2,0.02226146310567856,0.019677191972732544,0.043534335518535895,0.8,0.0059160150587558745,1.0,0.5,0.475,0.2375
2032,0,328,4,0.02226146310567856,0.016053810715675354,0.043537895460640054,0.6,0.03364209532737732,0.5,0.5,0.45,0.45
2032,0,328,6,0.02226146310567856,0.018635302782058716,0.043535361799035124,0.4,0.06749908439815044,0.3333333333333333,0.5,0.39999999999999997,0.6
2032,0,328,8,0.14059235900640488,0.0,0.2465251636945525,0.19999999999999996,0.09107607416808605,0.5,1.0,0.4125,0.825
2032,0,334,2,0.009160906076431274,0.019081927835941315,0.018152285878725635,0.8,0.012384873628616334,0.5,0.25,0.4,0.2
2032,0,334,4,0.003153480589389801,0.017054684460163116,0.0062867919221763205,0.6,0.015932612493634223,0.5,0.5,0.45,0.45
2032,0,334,6,0.14171992242336273,0.0024420469999313354,0.2481814819048151,0.4,0.07871927544474602,0.6666666666666666,1.0,0.4583333333333333,0.6875
2032,0,334,8,0.14171992242336273,0.0,0.24825689670467427,0.19999999999999996,0.09934849068522453,0.5,1.0,0.4,0.8
2032,0,336,2,0.028269439935684204,0.02844424545764923,0.05494027795837208,0.8,0.015276833623647689,1.0,0.5,0.425,0.2125
2032,0,336,4,0.028269439935684204,0.01140458881855011,0.05496706581289388,0.6,0.01660158336162567,0.5,0.5,0.35,0.35
2032,0,336,6,0.10960923135280609,0.0030942708253860474,0.19750310588472217,0.4,0.03538260608911514,0.5,0.75,0.37499999999999994,0.5625
2032,0,336,8,0.10960923135280609,0.0,0.1975636616129688,0.19999999999999996,0.08698556721210479,0.5,1.0,0.3875,0.775
2032,0,345,2,0.028378069400787354,0.05065751075744629,0.055108807535403245,0.8461538461538461,0.011804983019828796,1.0,0.5,0.325,0.1625
2032,0,345,4,0.011458814144134521,5.996227264404297e-05,0.02265797914718716,0.6923076923076923,0.017191009223461153,1.0,1.0,0.2375,0.2375
2032,0,345,6,0.011458814144134521,9.006261825561523e-05,0.02265797141951229,0.5384615384615384,0.029924607276916503,0.6666666666666666,1.0,0.26666666666666666,0.4
2032,0,345,8,0.011458814144134521,8.279085159301758e-05,0.02265797328643826,0.3846153846153846,0.026557642221450805,0.5,1.0,0.3375,0.675
2032,0,347,2,0.15080022811889648,0.008697070181369781,0.2617779434592141,0.7142857142857143,0.02567080743610859,1.0,0.5,0.65,0.325
2032,0,347,4,0.15080022811889648,0.0005165189504623413,0.2620611519436359,0.4285714285714286,0.061541135981678964,0.75,0.75,0.625,0.625
2032,0,347,6,0.15080022811889648,0.0,0.262078898551133,0.1428571428571429,0.10588120110332966,0.6666666666666666,1.0,0.5499999999999999,0.825
2032,0,347,8,0.15080022811889648,0.0,0.262078898551133,0.0,0.15080022811889648,0.5714285714285714,1.0,0.5714285714285714,1.0
2032,0,354,2,0.03172829747200012,0.005086153745651245,0.06149547369717938,0.7142857142857143,0.01308954730629921,1.0,0.5,0.475,0.2375
2032,0,354,4,0.027471229434013367,0.011098295450210571,0.05345743615366108,0.4285714285714286,0.030566373467445375,0.75,0.75,0.625,0.625
2032,0,354,6,0.04617515206336975,0.0,0.08827422821560722,0.1428571428571429,0.039513103663921356,0.6666666666666666,1.0,0.5833333333333333,0.875
2032,0,354,8,0.04617515206336975,0.0,0.08827422821560722,0.0,0.04617515206336975,0.5714285714285714,1.0,0.5714285714285714,1.0
2032,0,361,2,0.002868339419364929,0.013226121664047241,0.005720051878244393,0.8,0.010742351412773132,0.5,0.25,0.45,0.225
2032,0,361,4,0.002868339419364929,0.003523416817188263,0.005720213310485097,0.6,0.029240813478827475,0.25,0.25,0.4,0.4
2032,0,361,6,0.16359639912843704,0.004147820174694061,0.2810264010684074,0.4,0.039789159595966336,0.5,0.75,0.35833333333333334,0.5375
2032,0,361,8,0.16359639912843704,0.0,0.28119096836493285,0.19999999999999996,0.1258731883019209,0.5,1.0,0.41875,0.8375
2032,0,382,2,0.14056704938411713,0.015583112835884094,0.24600631652952373,0.7142857142857143,0.03838966377079487,1.0,0.5,0.5,0.25
2032,0,382,4,0.14056704938411713,0.012189820408821106,0.24611195393019905,0.4285714285714286,0.09640386886894703,0.5,0.5,0.625,0.625
2032,0,382,6,0.14056704938411713,0.0,0.2464862534123188,0.1428571428571429,0.12407812997698783,0.6666666666666666,1.0,0.5583333333333332,0.8375
2032,0,382,8,0.14056704938411713,0.0,0.2464862534123188,0.0,0.14056704938411713,0.5714285714285714,1.0,0.5714285714285714,1.0
2032,0,386,2,0.11608396470546722,0.000856444239616394,0.20800158377392722,0.8,0.016739515215158464,1.0,0.5,0.45,0.225
2032,0,386,4,0.11608396470546722,0.009930804371833801,0.2078033344434966,0.6,0.03272124826908111,0.75,0.75,0.4375,0.4375
2032,0,386,6,0.11608396470546722,0.006002187728881836,0.20788956156232075,0.4,0.056486576795578,0.5,0.75,0.4416666666666667,0.6625
2032,0,386,8,0.11608396470546722,0.0,0.20802012819188134,0.19999999999999996,0.08022270947694779,0.5,1.0,0.4,0.8
2032,0,390,2,0.031966760754585266,0.005689695477485657,0.061942102568389695,0.7142857142857143,0.021101973950862885,1.0,0.5,0.625,0.3125
2032,0,390,4,0.041163310408592224,0.005689695477485657,0.07905388049939885,0.4285714285714286,0.04276074841618538,0.5,0.5,0.5,0.5
2032,0,390,6,0.18560151755809784,0.0,0.31309257758098785,0.1428571428571429,0.11653703153133392,0.6666666666666666,1.0,0.5583333333333333,0.8375
2032,0,390,8,0.18560151755809784,0.0,0.31309257758098785,0.0,0.18560151755809784,0.5714285714285714,1.0,0.5714285714285714,1.0
2032,0,398,2,0.15627793222665787,0.014704957604408264,0.2697678996994699,0.8,0.006156878545880318,1.0,0.5,0.3,0.15
2032,0,398,4,0.15627793222665787,0.0044088214635849,0.27015036564649275,0.6,0.023189879208803176,0.75,0.75,0.4,0.4
2032,0,398,6,0.15627793222665787,0.0026533380150794983,0.27021489456834,0.4,0.06672145165503025,0.5,0.75,0.39166666666666666,0.5875
2032,0,398,8,0.15627793222665787,0.0,0.27031205538224123,0.19999999999999996,0.08394474759697915,0.5,1.0,0.39375,0.7875
2032,0,407,2,0.01560676097869873,0.02264644205570221,0.030722926344250664,0.8,0.017474276572465898,1.0,0.5,0.45,0.225
2032,0,407,4,0.018770121037960052,0.02264644205570221,0.03683286516838662,0.6,0.02707599364221096,0.5,0.5,0.375,0.375
2032,0,407,6,0.14967672526836395,0.000499039888381958,0.26036361916064515,0.4,0.050084353983402254,0.6666666666666666,1.0,0.4,0.6
2032,0,407,8,0.14967672526836395,0.0,0.2603805434669917,0.19999999999999996,0.05471972338855267,0.5,1.0,0.38125,0.7625
2032,0,409,2,0.08516719937324524,0.07622763514518738,0.15595603138683253,0.8,0.05778802260756492,1.0,0.5,0.525,0.2625
2032,0,409,4,0.08875340223312378,0.006495624780654907,0.16294989099874305,0.6,0.05152980610728264,0.75,0.75,0.3625,0.3625
2032,0,409,6,0.08875340223312378,0.00287783145904541,0.16299839002178346,0.4,0.07464589178562164,0.6666666666666666,1.0,0.3749999999999999,0.5625
2032,0,409,8,0.08875340223312378,0.0,0.1630367391754334,0.19999999999999996,0.0862998127937317,0.5,1.0,0.4125,0.825
2032,0,410,2,0.09059557318687439,0.022943347692489624,0.16581618122110697,0.8461538461538461,0.010859596729278564,1.0,0.5,0.3,0.15
2032,0,410,4,0.09059557318687439,0.02639743685722351,0.16576627838936078,0.6923076923076923,0.02985679656267166,0.75,0.75,0.3125,0.3125
2032,0,410,6,0.09059557318687439,0.014514386653900146,0.16593661356753509,0.5384615384615384,0.04619057923555374,0.5,0.75,0.29166666666666663,0.4375
2032,0,410,8,0.09059557318687439,0.01144033670425415,0.16598006718219543,0.3846153846153846,0.05551556348800659,0.375,0.75,0.33125,0.6625
2032,0,412,2,0.0328250527381897,0.037051230669021606,0.06348599137057578,0.7142857142857143,0.04956412687897682,1.0,0.5,0.675,0.3375
2032,0,412,4,0.0328250527381897,0.06393745541572571,0.06342593811116061,0.4285714285714286,0.060710187256336215,0.5,0.5,0.575,0.575
2032,0,412,6,0.0923895537853241,0.0,0.16915129491155945,0.1428571428571429,0.06956062689423562,0.6666666666666666,1.0,0.5666666666666667,0.85
2032,0,412,8,0.0923895537853241,0.0,0.16915129491155945,0.0,0.0923895537853241,0.5714285714285714,1.0,0.5714285714285714,1.0
2032,0,417,2,0.005110070109367371,0.03156551718711853,0.010166495387701036,0.75,0.007329768687486649,1.0,0.5,0.45,0.225
2032,0,417,4,0.14996926486492157,0.015615254640579224,0.26028462944579167,0.5,0.05547533705830574,1.0,1.0,0.4875,0.4875
2032,0,417,6,0.14996926486492157,0.0,0.2608230836196085,0.25,0.08435321897268296,0.6666666666666666,1.0,0.5,0.75
2032,0,417,8,0.14996926486492157,0.0,0.2608230836196085,0.0,0.14996926486492157,0.5,1.0,0.5,1.0
2032,0,419,2,0.14213170111179352,0.02167479693889618,0.24820414749331332,0.8,0.0037750836461782457,1.0,0.5,0.375,0.1875
2032,0,419,4,0.14213170111179352,0.006741046905517578,0.2486784334974625,0.6,0.025772246718406677,1.0,1.0,0.3375,0.3375
2032,0,419,6,0.14213170111179352,0.0007481426000595093,0.24886527455601642,0.4,0.04470414109528065,0.6666666666666666,1.0,0.4083333333333332,0.6125
2032,0,419,8,0.14213170111179352,0.0,0.2488884617657267,0.19999999999999996,0.08538321293890476,0.5,1.0,0.3875,0.775
2032,0,426,2,0.14445456862449646,0.026223860681056976,0.25158746069645666,0.875,0.011917075514793396,1.0,0.5,0.275,0.1375
2032,0,426,4,0.14445456862449646,0.008816570043563843,0.25215953495924137,0.75,0.011051719635725021,0.75,0.75,0.3125,0.3125
2032,0,426,6,0.14445456862449646,0.006596282124519348,0.25223124397517216,0.625,0.017434437200427054,0.5,0.75,0.21666666666666665,0.325
2032,0,426,8,0.14445456862449646,0.00929655134677887,0.2521439960459525,0.5,0.04022763334214687,0.375,0.75,0.225,0.45
2032,0,430,2,0.021760940551757812,0.008777111768722534,0.04258694311093971,0.875,0.008516737073659898,1.0,0.5,0.225,0.1125
2032,0,430,4,0.14819972217082977,0.013343945145606995,0.25769292656883247,0.75,0.02971159964799881,0.75,0.75,0.225,0.225
2032,0,430,6,0.14819972217082977,0.011046737432479858,0.2577711191360326,0.625,0.03724362850189209,0.5,0.75,0.25,0.375
2032,0,430,8,0.14819972217082977,0.014933034777641296,0.25763865150121673,0.5,0.03284344971179962,0.375,0.75,0.225,0.45
2032,0,434,2,0.007226079702377319,0.021207138895988464,0.014346246169817377,0.8,0.01092866137623787,1.0,0.5,0.425,0.2125
2032,0,434,4,0.007226079702377319,0.02020542323589325,0.014346353659914319,0.6,0.04230799451470375,0.5,0.5,0.4875,0.4875
2032,0,434,6,0.14024712145328522,0.002396509051322937,0.24592159362985838,0.4,0.058279094845056535,0.5,0.75,0.3583333333333333,0.5375
2032,0,434,8,0.14024712145328522,0.0,0.2459942565336807,0.19999999999999996,0.10276355594396591,0.5,1.0,0.40625,0.8125
2032,0,437,2,0.01724061369895935,0.01290661096572876,0.03388931522545849,0.875,0.004696654528379441,1.0,0.5,0.175,0.0875
2032,0,437,4,0.017478138208389282,0.01290661096572876,0.03434808614471292,0.75,0.00927329808473587,0.5,0.5,0.225,0.225
2032,0,437,6,0.015596136450767517,0.01290661096572876,0.03070709884514246,0.625,0.02668721154332161,0.3333333333333333,0.5,0.2333333333333333,0.35
2032,0,437,8,0.15459194779396057,0.003677055239677429,0.2676540301263819,0.5,0.03734970688819885,0.375,0.75,0.25,0.5
2032,0,443,2,0.020511046051979065,0.004656165838241577,0.04019381826614797,0.875,0.014687994122505188,1.0,0.5,0.45,0.225
2032,0,443,4,0.16275885701179504,0.004291653633117676,0.27978410074817517,0.75,0.012557323276996612,0.75,0.75,0.2125,0.2125
2032,0,443,6,0.16275885701179504,0.0013237297534942627,0.2799009681303956,0.625,0.024910204857587815,0.5,0.75,0.275,0.4125
2032,0,443,8,0.16275885701179504,0.003253847360610962,0.27982503427612593,0.5,0.07480588406324387,0.375,0.75,0.275,0.55
2032,0,449,2,0.002058357000350952,0.0846489667892456,0.004107477484079988,0.8,0.02392674535512924,0.0,0.0,0.525,0.2625
2032,0,449,4,0.051239460706710815,0.056602537631988525,0.09719964357322564,0.6,0.03714698851108551,0.25,0.25,0.3875,0.3875
2032,0,449,6,0.0846489667892456,0.004411160945892334,0.15603150735321636,0.4,0.04992311000823975,0.5,0.75,0.37499999999999994,0.5625
2032,0,449,8,0.0846489667892456,0.0,0.15608546060726292,0.19999999999999996,0.06211503148078919,0.5,1.0,0.38125,0.7625
2032,0,470,2,0.037862978875637054,0.026333823800086975,0.07289142715540639,0.7142857142857143,0.03504812344908714,1.0,0.5,0.55,0.275
2032,0,470,4,0.13701042532920837,0.0069604963064193726,0.24079779357610967,0.4285714285714286,0.07358043901622295,0.75,0.75,0.55,0.55
2032,0,470,6,0.13701042532920837,0.0,0.24100117690572373,0.1428571428571429,0.10858354046940803,0.6666666666666666,1.0,0.5499999999999999,0.825
2032,0,470,8,0.13701042532920837,0.0,0.24100117690572373,0.0,0.13701042532920837,0.5714285714285714,1.0,0.5714285714285714,1.0
2032,0,472,2,0.0038656219840049744,0.006995297968387604,0.007701264074009236,0.5,0.03559982255101204,1.0,0.5,1.0,0.5
2032,0,472,4,0.1521591916680336,0.0,0.2641287640950827,0.0,0.1521591916680336,1.0,1.0,1.0,1.0
2032,0,472,6,0.1521591916680336,0.0,0.2641287640950827,0.0,0.1521591916680336,1.0,1.0,1.0,1.0
2032,0,472,8,0.1521591916680336,0.0,0.2641287640950827,0.0,0.1521591916680336,1.0,1.0,1.0,1.0
2032,0,475,2,0.011947132647037506,0.01846654713153839,0.023606924040371808,0.8461538461538461,0.003473323583602905,1.0,0.5,0.25,0.125
2032,0,475,4,0.01226700097322464,0.01846654713153839,0.02423116587448857,0.6923076923076923,0.013642571866512299,0.5,0.5,0.2875,0.2875
2032,0,475,6,0.01710638403892517,0.007133595645427704,0.03363329033696455,0.5384615384615384,0.05477846600115299,0.5,0.75,0.3083333333333333,0.4625
2032,0,475,8,0.13651569187641144,0.004572413861751556,0.2401029950420699,0.3846153846153846,0.05545549690723419,0.5,1.0,0.3,0.6
2032,0,480,2,0.0008048713207244873,0.010864511132240295,0.0016084338396888335,0.7142857142857143,0.0032940857112407685,1.0,0.5,0.6,0.3
2032,0,480,4,0.11938405781984329,0.008370265364646912,0.21311127256839513,0.4285714285714286,0.02978100869804621,0.75,0.75,0.5,0.5
2032,0,480,6,0.11938405781984329,0.0,0.21330312324147335,0.1428571428571429,0.098555495031178,0.6666666666666666,1.0,0.5833333333333333,0.875
2032,0,480,8,0.11938405781984329,0.0,0.21330312324147335,0.0,0.11938405781984329,0.5714285714285714,1.0,0.5714285714285714,1.0
2032,0,488,2,0.016059860587120056,0.015589311718940735,0.03160412554302536,0.7142857142857143,0.01469411626458168,1.0,0.5,0.45,0.225
2032,0,488,4,0.004217192530632019,0.011480242013931274,0.008398555403002276,0.4285714285714286,0.048183224722743036,0.75,0.75,0.525,0.525
2032,0,488,6,0.17132127285003662,0.0,0.2925265284957746,0.1428571428571429,0.10958530604839326,0.6666666666666666,1.0,0.5833333333333333,0.875
2032,0,488,8,0.17132127285003662,0.0,0.2925265284957746,0.0,0.17132127285003662,0.5714285714285714,1.0,0.5714285714285714,1.0
2032,0,492,2,0.012621000409126282,0.008278749883174896,0.024924798885856015,0.8,0.006708335876464844,0.5,0.25,0.45,0.225
2032,0,492,4,0.012621000409126282,0.0038951486349105835,0.02492617734441773,0.6,0.05252086408436298,0.25,0.25,0.4875,0.4875
2032,0,492,6,0.1470758616924286,0.008307486772537231,0.2561610141783566,0.4,0.06614458113908768,0.5,0.75,0.39166666666666666,0.5875
2032,0,492,8,0.1470758616924286,0.0,0.25643615492950683,0.19999999999999996,0.1017761018127203,0.5,1.0,0.4,0.8
2032,0,498,2,0.015630364418029785,0.02290421724319458,0.030768532085655286,0.7142857142857143,0.019024499133229254,1.0,0.5,0.625,0.3125
2032,0,498,4,0.17246325314044952,0.0008497834205627441,0.29415280923404286,0.4285714285714286,0.03872779197990894,1.0,1.0,0.55,0.55
2032,0,498,6,0.17246325314044952,0.0,0.29418960923253795,0.1428571428571429,0.12746857106685638,0.6666666666666666,1.0,0.575,0.8625
2032,0,498,8,0.17246325314044952,0.0,0.29418960923253795,0.0,0.17246325314044952,0.5714285714285714,1.0,0.5714285714285714,1.0
2032,0,509,2,0.12439598143100739,0.036246463656425476,0.22035035636692435,0.8461538461538461,0.018447430431842805,1.0,0.5,0.375,0.1875
2032,0,509,4,0.12439598143100739,0.02239827811717987,0.22070776604445252,0.6923076923076923,0.03481128588318825,0.5,0.5,0.3375,0.3375
2032,0,509,6,0.12439598143100739,0.003951162099838257,0.22117014708099186,0.5384615384615384,0.045018320530653,0.5,0.75,0.2583333333333333,0.3875
2032,0,509,8,0.12439598143100739,0.0022244006395339966,0.2212126506408491,0.3846153846153846,0.060505285114049914,0.5,1.0,0.30625,0.6125
2032,0,514,2,0.009497642517089844,0.016014397144317627,0.018813691204988162,0.8,0.020240695774555208,1.0,0.5,0.5,0.25
2032,0,514,4,0.009497642517089844,0.035623133182525635,0.018810034855603664,0.6,0.030184340476989747,0.5,0.5,0.4125,0.4125
2032,0,514,6,0.047568291425704956,0.036301225423812866,0.09066151899294432,0.4,0.039268378913402555,0.5,0.75,0.41666666666666663,0.625
2032,0,514,8,0.050997376441955566,0.0,0.09704567791520466,0.19999999999999996,0.046278031170368196,0.5,1.0,0.41875,0.8375
2032,0,518,2,0.013055220246315002,0.004112675786018372,0.025772584235867705,0.7142857142857143,0.008002887666225433,1.0,0.5,0.5,0.25
2032,0,518,4,0.1455562859773636,0.0020736604928970337,0.2540562461036059,0.4285714285714286,0.03860471695661545,1.0,1.0,0.575,0.575
2032,0,518,6,0.1455562859773636,0.0,0.2541233246399205,0.1428571428571429,0.08690477162599564,0.6666666666666666,1.0,0.5583333333333332,0.8375
2032,0,518,8,0.1455562859773636,0.0,0.2541233246399205,0.0,0.1455562859773636,0.5714285714285714,1.0,0.5714285714285714,1.0
2032,0,528,2,0.013722866773605347,0.12543611228466034,0.027021732915580278,0.8,0.008974456414580344,1.0,0.5,0.375,0.1875
2032,0,528,4,0.06022036075592041,0.01591777801513672,0.11349543207272936,0.6,0.031413803622126577,0.75,0.75,0.375,0.375
2032,0,528,6,0.12543611228466034,0.0014410316944122314,0.22287527238190125,0.4,0.07466010749340057,0.6666666666666666,1.0,0.425,0.6375
2032,0,528,8,0.12543611228466034,0.0,0.22291112025901183,0.19999999999999996,0.09045150615274906,0.5,1.0,0.39375,0.7875
2032,0,529,2,0.024348780512809753,0.0006030648946762085,0.04753933764374578,0.8,0.008580618351697922,1.0,0.5,0.425,0.2125
2032,0,529,4,0.15710844099521637,0.009331569075584412,0.27120667184276614,0.6,0.011148231476545334,0.75,0.75,0.325,0.325
2032,0,529,6,0.15710844099521637,0.005082845687866211,0.27136529547622484,0.4,0.08753695040941238,0.5,0.75,0.4333333333333333,0.65
2032,0,529,8,0.15710844099521637,0.0,0.27155353021206746,0.19999999999999996,0.12159496918320656,0.5,1.0,0.425,0.85
2032,0,531,2,0.013523131608963013,0.004790574312210083,0.026683679325514718,0.875,0.005234577506780624,1.0,0.5,0.25,0.125
2032,0,531,4,0.1604854017496109,0.0019463449716567993,0.2765086612450564,0.75,0.02830206900835037,0.75,0.75,0.2625,0.2625
2032,0,531,6,0.1604854017496109,0.0012833774089813232,0.27653408990844947,0.625,0.02910485938191414,0.5,0.75,0.24999999999999994,0.375
2032,0,531,8,0.1604854017496109,0.0004382133483886719,0.2765664647236064,0.5,0.04800747185945511,0.375,0.75,0.26875,0.5375
2032,0,534,2,0.010188013315200806,0.009448885917663574,0.020168588722820974,0.7142857142857143,0.010992076992988587,1.0,0.5,0.625,0.3125
2032,0,534,4,0.010188013315200806,0.019626200199127197,0.020166457446658917,0.4285714285714286,0.017011265456676482,0.75,0.75,0.65,0.65
2032,0,534,6,0.010188013315200806,0.0,0.020170529012250162,0.1428571428571429,0.01186901181936264,0.6666666666666666,1.0,0.575,0.8625
2032,0,534,8,0.010188013315200806,0.0,0.020170529012250162,0.0,0.010188013315200806,0.5714285714285714,1.0,0.5714285714285714,1.0
2032,0,536,2,0.060682907700538635,0.03209459036588669,0.11420568102091201,0.5,0.04902922064065933,1.0,0.5,1.0,0.5
2032,0,536,4,0.12742164731025696,0.0,0.2260408031267677,0.0,0.12742164731025696,1.0,1.0,1.0,1.0
2032,0,536,6,0.12742164731025696,0.0,0.2260408031267677,0.0,0.12742164731025696,1.0,1.0,1.0,1.0
2032,0,536,8,0.12742164731025696,0.0,0.2260408031267677,0.0,0.12742164731025696,1.0,1.0,1.0,1.0
2032,0,542,2,0.13553381711244583,0.013784267008304596,0.23831626725645466,0.8,0.002448628470301628,1.0,0.5,0.35,0.175
2032,0,542,4,0.13553381711244583,0.0010579302906990051,0.2386836659194354,0.6,0.023405368626117706,0.75,0.75,0.3625,0.3625
2032,0,542,6,0.13553381711244583,0.00171004980802536,0.238665040257856,0.4,0.032000885158777234,0.6666666666666666,1.0,0.35,0.525
2032,0,542,8,0.13553381711244583,0.0,0.2387138367346829,0.19999999999999996,0.0780732586979866,0.5,1.0,0.38125,0.7625
2032,0,552,2,0.15633856505155563,0.017884328961372375,0.2697386506323505,0.8,0.011004723608493805,1.0,0.5,0.425,0.2125
2032,0,552,4,0.15633856505155563,0.004058815538883209,0.27025384368726213,0.6,0.04247635118663311,1.0,1.0,0.3,0.3
2032,0,552,6,0.15633856505155563,0.005262657999992371,0.27020947567189985,0.4,0.06754273511469364,0.6666666666666666,1.0,0.4333333333333333,0.65
2032,0,552,8,0.15633856505155563,0.0,0.2704027518870915,0.19999999999999996,0.11315711438655854,0.5,1.0,0.39375,0.7875
2032,0,560,2,0.014835134148597717,0.0036181360483169556,0.029234988420333508,0.7142857142857143,0.016771311312913893,1.0,0.5,0.55,0.275
2032,0,560,4,0.15680447220802307,0.009692952036857605,0.2707401525469385,0.4285714285714286,0.04634690061211586,0.75,0.75,0.525,0.525
2032,0,560,6,0.15680447220802307,0.0,0.2710993533915481,0.1428571428571429,0.12442840933799744,0.6666666666666666,1.0,0.5916666666666666,0.8875
2032,0,560,8,0.15680447220802307,0.0,0.2710993533915481,0.0,0.15680447220802307,0.5714285714285714,1.0,0.5714285714285714,1.0
2032,0,561,2,0.01744088903069496,0.005243964493274689,0.03428073966104104,0.8461538461538461,0.005820693820714951,1.0,0.5,0.3,0.15
2032,0,561,4,0.12218077480792999,0.004926472902297974,0.21763864202498462,0.6923076923076923,0.014300419203937053,0.75,0.75,0.3125,0.3125
2032,0,561,6,0.12218077480792999,0.0033017024397850037,0.21767744746160272,0.5384615384615384,0.019286775961518288,0.6666666666666666,1.0,0.3166666666666666,0.475
2032,0,561,8,0.12218077480792999,0.0008790194988250732,0.21773510109389024,0.3846153846153846,0.05970005076378584,0.5,1.0,0.33125,0.6625
2032,0,562,2,0.16132432222366333,0.0073036327958106995,0.27754453638523036,0.875,0.010208459943532944,1.0,0.5,0.2,0.1
2032,0,562,4,0.16132432222366333,0.010770931839942932,0.27740861098439523,0.75,0.014578083902597428,0.5,0.5,0.2375,0.2375
2032,0,562,6,0.16132432222366333,0.004130318760871887,0.27766822307797034,0.625,0.021727351099252702,0.5,0.75,0.20833333333333334,0.3125
2032,0,562,8,0.16132432222366333,0.0029532909393310547,0.27771392795658567,0.5,0.06419445015490055,0.5,1.0,0.25,0.5
2032,0,577,2,0.09906789660453796,0.011028334498405457,0.18009518424693588,0.8,0.012551479041576385,1.0,0.5,0.475,0.2375
2032,0,577,4,0.09906789660453796,0.008479893207550049,0.1801373408016092,0.6,0.02133530080318451,0.75,0.75,0.3625,0.3625
2032,0,577,6,0.09906789660453796,0.006633684039115906,0.18016775810955332,0.4,0.039927753061056136,0.6666666666666666,1.0,0.4083333333333333,0.6125
2032,0,577,8,0.09906789660453796,0.0,0.18027620843188757,0.19999999999999996,0.0671752817928791,0.5,1.0,0.41875,0.8375
2032,0,578,2,0.09394672513008118,0.1289839744567871,0.1696005427743371,0.5,0.10054259300231934,1.0,0.5,1.0,0.5
2032,0,578,4,0.07516872882843018,0.0,0.13982685101033143,0.0,0.07516872882843018,1.0,1.0,1.0,1.0
2032,0,578,6,0.07516872882843018,0.0,0.13982685101033143,0.0,0.07516872882843018,1.0,1.0,1.0,1.0
2032,0,578,8,0.07516872882843018,0.0,0.13982685101033143,0.0,0.07516872882843018,1.0,1.0,1.0,1.0
2032,0,585,2,0.07034777104854584,0.0761394202709198,0.13074026685196247,0.5,0.05682279691100121,1.0,0.5,1.0,0.5
2032,0,585,4,0.0981656014919281,0.0,0.1787810533467154,0.0,0.0981656014919281,1.0,1.0,1.0,1.0
2032,0,585,6,0.0981656014919281,0.0,0.1787810533467154,0.0,0.0981656014919281,1.0,1.0,1.0,1.0
2032,0,585,8,0.0981656014919281,0.0,0.1787810533467154,0.0,0.0981656014919281,1.0,1.0,1.0,1.0
2032,0,591,2,0.03203803300857544,0.012246906757354736,0.06206303504907064,0.5,0.014344903826713561,1.0,0.5,1.0,0.5
2032,0,591,4,0.02161461114883423,0.0,0.04231460848925799,0.0,0.02161461114883423,1.0,1.0,1.0,1.0
2032,0,591,6,0.02161461114883423,0.0,0.04231460848925799,0.0,0.02161461114883423,1.0,1.0,1.0,1.0
2032,0,591,8,0.02161461114883423,0.0,0.04231460848925799,0.0,0.02161461114883423,1.0,1.0,1.0,1.0
2032,0,595,2,0.01334381103515625,0.01611161231994629,0.02633051909435292,0.7142857142857143,0.00510496199131012,0.5,0.25,0.55,0.275
2032,0,595,4,0.11526256799697876,0.0017513632774353027,0.20666285328867603,0.4285714285714286,0.04043370336294174,0.75,0.75,0.6125,0.6125
2032,0,595,6,0.11526256799697876,0.0,0.20670032565334157,0.1428571428571429,0.08783802390098572,0.6666666666666666,1.0,0.5833333333333333,0.875
2032,0,595,8,0.11526256799697876,0.0,0.20670032565334157,0.0,0.11526256799697876,0.5714285714285714,1.0,0.5714285714285714,1.0
2032,0,597,2,0.011850595474243164,0.03636842966079712,0.02341325823579128,0.8,0.017152273654937746,1.0,0.5,0.475,0.2375
2032,0,597,4,0.04567953944206238,0.03547808527946472,0.0872279814380839,0.6,0.029569458961486817,0.75,0.75,0.425,0.425
2032,0,597,6,0.03636842966079712,0.006379246711730957,0.07016855530852625,0.4,0.03581167012453079,0.6666666666666666,1.0,0.39999999999999997,0.6
2032,0,597,8,0.03636842966079712,0.0,0.0701843642085865,0.19999999999999996,0.047960834205150606,0.5,1.0,0.38125,0.7625
2033,0,0,2,0.20235934853553772,0.02504567801952362,0.3351547279008555,0.8,0.004504754021763801,1.0,0.5,0.325,0.1625
2033,0,0,4,0.20235934853553772,0.008760280907154083,0.3361038547001087,0.6,0.035422364994883535,0.75,0.75,0.3875,0.3875
2033,0,0,6,0.20235934853553772,0.0021232962608337402,0.33648327644340886,0.4,0.057213131710886954,0.6666666666666666,1.0,0.3666666666666666,0.55
2033,0,0,8,0.20235934853553772,0.0,0.33660377620386034,0.19999999999999996,0.1361396864056587,0.5,1.0,0.4125,0.825
2033,0,2,2,0.07479679584503174,0.023084789514541626,0.13895463228861432,0.8,0.023889267444610597,1.0,0.5,0.4,0.2
2033,0,2,4,0.07479679584503174,0.014858275651931763,0.13903720457496146,0.6,0.047835426032543184,0.75,0.75,0.45,0.45
2033,0,2,6,0.07479679584503174,0.002157747745513916,0.13916219693784798,0.4,0.0506668210029602,0.5,0.75,0.39166666666666666,0.5875
2033,0,2,8,0.07479679584503174,0.0,0.13918313886714678,0.19999999999999996,0.0682366207242012,0.5,1.0,0.40625,0.8125
2033,0,13,2,0.007942736148834229,0.050671979784965515,0.015753666208094323,0.7142857142857143,0.026074978709220886,0.5,0.25,0.525,0.2625
2033,0,13,4,0.013609439134597778,0.007012397050857544,0.026850872352597775,0.4285714285714286,0.09145955443382263,0.5,0.5,0.6125,0.6125
2033,0,13,6,0.17682325839996338,0.0,0.30050945566860476,0.1428571428571429,0.12525780275464057,0.6666666666666666,1.0,0.5833333333333333,0.875
2033,0,13,8,0.17682325839996338,0.0,0.30050945566860476,0.0,0.17682325839996338,0.5714285714285714,1.0,0.5714285714285714,1.0
2033,0,15,2,0.21638309955596924,0.009415939450263977,0.35518058233451455,0.7142857142857143,0.031099469959735872,1.0,0.5,0.575,0.2875
2033,0,15,4,0.21638309955596924,0.004957079887390137,0.35546614939654947,0.4285714285714286,0.10616846904158592,0.75,0.75,0.6,0.6
2033,0,15,6,0.21638309955596924,0.0,0.3557811673558407,0.1428571428571429,0.15587109699845314,0.6666666666666666,1.0,0.5499999999999999,0.825
2033,0,15,8,0.21638309955596924,0.0,0.3557811673558407,0.0,0.21638309955596924,0.5714285714285714,1.0,0.5714285714285714,1.0
2033,0,19,2,0.05592012405395508,0.05127367377281189,0.10561505262081192,0.5,0.044664765894413,1.0,0.5,1.0,0.5
2033,0,19,4,0.09708952903747559,0.0,0.17699472370802127,0.0,0.09708952903747559,1.0,1.0,1.0,1.0
2033,0,19,6,0.09708952903747559,0.0,0.17699472370802127,0.0,0.09708952903747559,1.0,1.0,1.0,1.0
2033,0,19,8,0.09708952903747559,0.0,0.17699472370802127,0.0,0.09708952903747559,1.0,1.0,1.0,1.0
2033,0,20,2,0.008646450936794281,0.009549155831336975,0.0171432445495849,0.8,0.0032458730041980744,1.0,0.5,0.35,0.175
2033,0,20,4,0.2025252729654312,0.0008578076958656311,0.3367845948667362,0.6,0.04422587193548679,0.75,0.75,0.35,0.35
2033,0,20,6,0.2025252729654312,0.0010530650615692139,0.33677350061945827,0.4,0.10559020340442657,0.5,0.75,0.42499999999999993,0.6375
2033,0,20,8,0.2025252729654312,0.0,0.3368332916047631,0.19999999999999996,0.18240037076175214,0.5,1.0,0.44375,0.8875
2033,0,21,2,0.0001176297664642334,0.019527822732925415,0.00023523131162357623,0.5,0.044386906921863555,1.0,0.5,1.0,0.5
2033,0,21,4,0.22637785971164703,0.0,0.36918125668849616,0.0,0.22637785971164703,1.0,1.0,1.0,1.0
2033,0,21,6,0.22637785971164703,0.0,0.36918125668849616,0.0,0.22637785971164703,1.0,1.0,1.0,1.0
2033,0,21,8,0.22637785971164703,0.0,0.36918125668849616,0.0,0.22637785971164703,1.0,1.0,1.0,1.0
2033,0,27,2,0.1954522281885147,0.015462115406990051,0.3261554841779238,0.5,0.04693011119961739,1.0,0.5,1.0,0.5
2033,0,27,4,0.1954522281885147,0.0,0.32699295476605733,0.0,0.1954522281885147,1.0,1.0,1.0,1.0
2033,0,27,6,0.1954522281885147,0.0,0.32699295476605733,0.0,0.1954522281885147,1.0,1.0,1.0,1.0
2033,0,27,8,0.1954522281885147,0.0,0.32699295476605733,0.0,0.1954522281885147,1.0,1.0,1.0,1.0
2033,0,30,2,0.01617923378944397,0.038186460733413696,0.031823151545425823,0.8,0.01319333016872406,1.0,0.5,0.5,0.25
2033,0,30,4,0.08956730365753174,0.00729021430015564,0.16430974968226647,0.6,0.02468629479408264,1.0,1.0,0.45,0.45
2033,0,30,6,0.08956730365753174,0.0012625455856323242,0.16439185842054746,0.4,0.04033913463354111,0.6666666666666666,1.0,0.35833333333333334,0.5375
2033,0,30,8,0.08956730365753174,0.0,0.16440894170900003,0.19999999999999996,0.06717830896377563,0.5,1.0,0.40625,0.8125
2033,0,40,2,0.003963053226470947,0.012743115425109863,0.007894416632596515,0.8,0.00412835031747818,1.0,0.5,0.4,0.2
2033,0,40,4,0.15437570214271545,0.004062622785568237,0.2673159762446147,0.6,0.03100796341896057,0.75,0.75,0.45,0.45
2033,0,40,6,0.15437570214271545,0.0007316470146179199,0.26743561488553635,0.4,0.04540259838104248,0.5,0.75,0.3916666666666666,0.5875
2033,0,40,8,0.15437570214271545,0.0,0.2674618009650899,0.19999999999999996,0.10040693283081055,0.5,1.0,0.3875,0.775
2033,0,42,2,0.0011616349220275879,0.027345478534698486,0.0023204984879152653,0.8,0.020253637433052064,1.0,0.5,0.525,0.2625
2033,0,42,4,0.12235835194587708,0.0029177963733673096,0.21796840320462335,0.6,0.012049645185470581,0.75,0.75,0.3125,0.3125
2033,0,42,6,0.12235835194587708,0.0015371739864349365,0.21800135163874224,0.4,0.04930496662855148,0.6666666666666666,1.0,0.4083333333333334,0.6125
2033,0,42,8,0.12235835194587708,0.0,0.21803794079447006,0.19999999999999996,0.08514121919870377,0.5,1.0,0.40625,0.8125
2033,0,44,2,0.0028709471225738525,0.1751352846622467,0.005721978859706619,0.8,0.008546022325754165,0.0,0.0,0.25,0.125
2033,0,44,4,0.042176082730293274,0.010407835245132446,0.08090406176325286,0.6,0.04954347759485245,0.5,0.5,0.425,0.425
2033,0,44,6,0.1751352846622467,0.0019704103469848633,0.29798061655612634,0.4,0.09290618002414704,0.6666666666666666,1.0,0.39166666666666666,0.5875
2033,0,44,8,0.1751352846622467,0.0,0.29806829383492384,0.19999999999999996,0.10093001648783684,0.5,1.0,0.375,0.75
2033,0,48,2,0.07583749294281006,0.01787319779396057,0.1408025483899075,0.8461538461538461,0.0226352721452713,1.0,0.5,0.3,0.15
2033,0,48,4,0.10637781023979187,0.010957896709442139,0.19209461482935253,0.6923076923076923,0.03954204171895981,0.75,0.75,0.2875,0.2875
2033,0,48,6,0.10637781023979187,0.00801098346710205,0.19215004821432616,0.5384615384615384,0.039616459608078004,0.5,0.75,0.3,0.45
2033,0,48,8,0.10637781023979187,0.01073002815246582,0.19209891182481054,0.3846153846153846,0.06035952121019363,0.375,0.75,0.3125,0.625
2033,0,53,2,0.015712834894657135,0.014300502836704254,0.030932579835210396,0.7142857142857143,0.007285849750041961,1.0,0.5,0.525,0.2625
2033,0,53,4,0.17532315105199814,0.0022839009761810303,0.2982384951311008,0.4285714285714286,0.045229557529091836,0.75,0.75,0.55,0.55
2033,0,53,6,0.17532315105199814,0.0,0.2983403345625778,0.1428571428571429,0.12793069928884507,0.6666666666666666,1.0,0.5416666666666666,0.8125
2033,0,53,8,0.17532315105199814,0.0,0.2983403345625778,0.0,0.17532315105199814,0.5714285714285714,1.0,0.5714285714285714,1.0
2033,0,57,2,0.021255895495414734,0.025967106223106384,0.04160388747944293,0.5,0.07984015420079231,1.0,0.5,1.0,0.5
2033,0,57,4,0.22297808527946472,0.0,0.364647720124129,0.0,0.22297808527946472,1.0,1.0,1.0,1.0
2033,0,57,6,0.22297808527946472,0.0,0.364647720124129,0.0,0.22297808527946472,1.0,1.0,1.0,1.0
2033,0,57,8,0.22297808527946472,0.0,0.364647720124129,0.0,0.22297808527946472,1.0,1.0,1.0,1.0
2033,0,58,2,0.17912311851978302,0.0030279606580734253,0.3036841697208178,0.7142857142857143,0.019491775333881377,1.0,0.5,0.575,0.2875
2033,0,58,4,0.17912311851978302,0.01631985604763031,0.3030604758299898,0.4285714285714286,0.06873420923948288,0.75,0.75,0.5875,0.5875
2033,0,58,6,0.17912311851978302,0.0,0.30382428383669713,0.1428571428571429,0.10405272468924523,0.6666666666666666,1.0,0.5583333333333333,0.8375
2033,0,58,8,0.17912311851978302,0.0,0.30382428383669713,0.0,0.17912311851978302,0.5714285714285714,1.0,0.5714285714285714,1.0
2033,0,70,2,0.03153496980667114,0.03316617012023926,0.06107778136276395,0.75,0.019955480098724367,1.0,0.5,0.4,0.2
2033,0,70,4,0.16280528903007507,0.0019407272338867188,0.2799453678220934,0.5,0.03583385944366455,0.75,0.75,0.5,0.5
2033,0,70,6,0.16280528903007507,0.0,0.2800215832624481,0.25,0.10107790827751159,0.6666666666666666,1.0,0.5166666666666666,0.775
2033,0,70,8,0.16280528903007507,0.0,0.2800215832624481,0.0,0.16280528903007507,0.5,1.0,0.5,1.0
2033,0,72,2,0.006464704871177673,0.005040213465690613,0.012845943820700539,0.8,0.005546070635318756,1.0,0.5,0.3,0.15
2033,0,72,4,0.20843924582004547,0.01065930724143982,0.3443327463012812,0.6,0.0383674792945385,0.75,0.75,0.45,0.45
2033,0,72,6,0.20843924582004547,0.006197527050971985,0.34460197932189773,0.4,0.1208369992673397,0.5,0.75,0.425,0.6375
2033,0,72,8,0.20843924582004547,0.0,0.3449726521892275,0.19999999999999996,0.12147201821208001,0.5,1.0,0.4,0.8
2033,0,74,2,0.04928264021873474,0.09400010108947754,0.09348033744428322,0.5,0.064570701867342,1.0,0.5,1.0,0.5
2033,0,74,4,0.20284757018089294,0.0,0.337278929117157,0.0,0.20284757018089294,1.0,1.0,1.0,1.0
2033,0,74,6,0.20284757018089294,0.0,0.337278929117157,0.0,0.20284757018089294,1.0,1.0,1.0,1.0
2033,0,74,8,0.20284757018089294,0.0,0.337278929117157,0.0,0.20284757018089294,1.0,1.0,1.0,1.0
2033,0,78,2,0.03104265034198761,0.02752476930618286,0.06016476462086043,0.5,0.05563630312681198,1.0,0.5,1.0,0.5
2033,0,78,4,0.12986496090888977,0.0,0.22987695946323244,0.0,0.12986496090888977,1.0,1.0,1.0,1.0
2033,0,78,6,0.12986496090888977,0.0,0.22987695946323244,0.0,0.12986496090888977,1.0,1.0,1.0,1.0
2033,0,78,8,0.12986496090888977,0.0,0.22987695946323244,0.0,0.12986496090888977,1.0,1.0,1.0,1.0
2033,0,81,2,0.007167287170886993,0.00013221800327301025,0.01423255206476943,0.5,0.06158117949962616,1.0,0.5,1.0,0.5
2033,0,81,4,0.2271815538406372,0.0,0.3702492970655248,0.0,0.2271815538406372,1.0,1.0,1.0,1.0
2033,0,81,6,0.2271815538406372,0.0,0.3702492970655248,0.0,0.2271815538406372,1.0,1.0,1.0,1.0
2033,0,81,8,0.2271815538406372,0.0,0.3702492970655248,0.0,0.2271815538406372,1.0,1.0,1.0,1.0
2033,0,85,2,0.006517678499221802,0.00956350564956665,0.012950137167530424,0.5,0.03075271248817444,1.0,0.5,1.0,0.5
2033,0,85,4,0.2137179672718048,0.0,0.35217072340487804,0.0,0.2137179672718048,1.0,1.0,1.0,1.0
2033,0,85,6,0.2137179672718048,0.0,0.35217072340487804,0.0,0.2137179672718048,1.0,1.0,1.0,1.0
2033,0,85,8,0.2137179672718048,0.0,0.35217072340487804,0.0,0.2137179672718048,1.0,1.0,1.0,1.0
2033,0,99,2,0.16993232816457748,0.012438513338565826,0.28996893198824475,0.7142857142857143,0.017249760031700135,1.0,0.5,0.575,0.2875
2033,0,99,4,0.16993232816457748,0.000177726149559021,0.2904919142075336,0.4285714285714286,0.05666408352553844,0.75,0.75,0.6125,0.6125
2033,0,99,6,0.16993232816457748,0.0,0.2904994144937803,0.1428571428571429,0.15473569612950086,0.6666666666666666,1.0,0.5999999999999999,0.9
2033,0,99,8,0.16993232816457748,0.0,0.2904994144937803,0.0,0.16993232816457748,0.5714285714285714,1.0,0.5714285714285714,1.0
2033,0,109,2,0.030951283872127533,0.049697935581207275,0.05994999968422944,0.7142857142857143,0.04714345782995224,1.0,0.5,0.525,0.2625
2033,0,109,4,0.2254021018743515,0.00804293155670166,0.36733482385136584,0.4285714285714286,0.09254220277070999,1.0,1.0,0.5875,0.5875
2033,0,109,6,0.2254021018743515,0.0,0.36788267545743686,0.1428571428571429,0.1782741155475378,0.6666666666666666,1.0,0.5666666666666667,0.85
2033,0,109,8,0.2254021018743515,0.0,0.36788267545743686,0.0,0.2254021018743515,0.5714285714285714,1.0,0.5714285714285714,1.0
2033,0,111,2,0.16931311786174774,0.004248693585395813,0.2894153401150886,0.7142857142857143,0.015875468403100966,1.0,0.5,0.55,0.275
2033,0,111,4,0.16931311786174774,0.000919148325920105,0.2895555752656112,0.4285714285714286,0.07240513265132904,0.75,0.75,0.5625,0.5625
2033,0,111,6,0.16931311786174774,0.0,0.28959414766741076,0.1428571428571429,0.16112078875303268,0.6666666666666666,1.0,0.6083333333333332,0.9125
2033,0,111,8,0.16931311786174774,0.0,0.28959414766741076,0.0,0.16931311786174774,0.5714285714285714,1.0,0.5714285714285714,1.0
2033,0,127,2,0.007636815309524536,0.00519823282957077,0.015157272471844669,0.8,0.016269493475556375,1.0,0.5,0.475,0.2375
2033,0,127,4,0.1953015774488449,0.0011562854051589966,0.3267202984175894,0.6,0.03755291439592838,0.75,0.75,0.4625,0.4625
2033,0,127,6,0.1953015774488449,0.0032799318432807922,0.32660648789986846,0.4,0.048304300755262375,0.5,0.75,0.3583333333333333,0.5375
2033,0,127,8,0.1953015774488449,0.0,0.3267820960559273,0.19999999999999996,0.11275964826345444,0.5,1.0,0.39375,0.7875
2033,0,133,2,0.019902914762496948,0.022037170827388763,0.03901188300773781,0.8461538461538461,0.008116868510842323,0.5,0.25,0.35,0.175
2033,0,133,4,0.019902914762496948,0.026622377336025238,0.03900821797192842,0.6923076923076923,0.030771058797836304,0.25,0.25,0.3,0.3
2033,0,133,6,0.20172934979200363,0.00022982805967330933,0.3357187965188265,0.5384615384615384,0.06261680908501148,0.5,0.75,0.35,0.525
2033,0,133,8,0.20172934979200363,0.00012293457984924316,0.335724822580164,0.3846153846153846,0.1407672356814146,0.5,1.0,0.3875,0.775
2033,0,135,2,0.05624710023403168,0.08937881886959076,0.10594990411308819,0.7142857142857143,0.023995767533779144,1.0,0.5,0.575,0.2875
2033,0,135,4,0.1572897881269455,0.0004577040672302246,0.2718074612859207,0.4285714285714286,0.08950500935316086,1.0,1.0,0.6,0.6
2033,0,135,6,0.1572897881269455,0.0,0.27182437750792987,0.1428571428571429,0.12681272365152835,0.6666666666666666,1.0,0.5583333333333333,0.8375
2033,0,135,8,0.1572897881269455,0.0,0.27182437750792987,0.0,0.1572897881269455,0.5714285714285714,1.0,0.5714285714285714,1.0
2033,0,136,2,0.20840412378311157,0.014908090233802795,0.3440266419489103,0.7142857142857143,0.006229042261838913,1.0,0.5,0.625,0.3125
2033,0,136,4,0.20840412378311157,0.005411036312580109,0.34460121784649433,0.4285714285714286,0.06854828223586082,0.75,0.75,0.5125,0.5125
2033,0,136,6,0.20840412378311157,0.0,0.34492454913289694,0.1428571428571429,0.14962661117315293,0.6666666666666666,1.0,0.575,0.8625
2033,0,136,8,0.20840412378311157,0.0,0.34492454913289694,0.0,0.20840412378311157,0.5714285714285714,1.0,0.5714285714285714,1.0
2033,0,145,2,0.033150702714920044,0.05475586652755737,0.06405493181847986,0.8,0.027607548981904984,1.0,0.5,0.45,0.225
2033,0,145,4,0.033150702714920044,0.04747141897678375,0.06407153389124952,0.6,0.07479134276509285,0.5,0.5,0.4125,0.4125
2033,0,145,6,0.21708206832408905,0.0023059099912643433,0.35657844472524974,0.4,0.09490220695734024,0.6666666666666666,1.0,0.4083333333333333,0.6125
2033,0,145,8,0.21708206832408905,0.0,0.3567254402540152,0.19999999999999996,0.17277397438883782,0.5,1.0,0.3875,0.775
2033,0,155,2,0.009927242994308472,0.018200166523456573,0.019655741483588916,0.7142857142857143,0.0179666742682457,1.0,0.5,0.625,0.3125
2033,0,155,4,0.19004619121551514,0.008052237331867218,0.3189794559615613,0.4285714285714286,0.04511439315974712,1.0,1.0,0.575,0.575
2033,0,155,6,0.19004619121551514,0.0,0.3193929657829528,0.1428571428571429,0.12654399536550046,0.6666666666666666,1.0,0.5499999999999999,0.825
2033,0,155,8,0.19004619121551514,0.0,0.3193929657829528,0.0,0.19004619121551514,0.5714285714285714,1.0,0.5714285714285714,1.0
2033,0,165,2,0.018260188400745392,0.021198377013206482,0.035851542679829464,0.8461538461538461,0.007407864928245545,1.0,0.5,0.375,0.1875
2033,0,165,4,0.02560264617204666,0.016607001423835754,0.049905989429511195,0.6923076923076923,0.02950861304998398,0.75,0.75,0.35,0.35
2033,0,165,6,0.02560264617204666,0.01794952154159546,0.04990425833747242,0.5384615384615384,0.032271407172083856,0.5,0.75,0.29166666666666663,0.4375
2033,0,165,8,0.21575821936130524,0.0006526857614517212,0.354894930656479,0.3846153846153846,0.09559429101645947,0.5,1.0,0.3375,0.675
2033,0,166,2,0.19189605861902237,0.011169560253620148,0.3214167960023572,0.8,0.011985405161976815,1.0,0.5,0.375,0.1875
2033,0,166,4,0.19189605861902237,0.003425098955631256,0.32182325377680393,0.6,0.06719548888504505,0.75,0.75,0.4125,0.4125
2033,0,166,6,0.19189605861902237,0.0018460825085639954,0.3219054770922744,0.4,0.12026163190603256,0.6666666666666666,1.0,0.425,0.6375
2033,0,166,8,0.19189605861902237,0.0,0.322001330957266,0.19999999999999996,0.11759899891912937,0.5,1.0,0.38125,0.7625
2033,0,168,2,0.032196044921875,0.02980390191078186,0.062323866712037115,0.7142857142857143,0.022173121571540833,1.0,0.5,0.55,0.275
2033,0,168,4,0.1709408462047577,0.009189963340759277,0.2915769784950102,0.4285714285714286,0.06829833537340164,0.75,0.75,0.6125,0.6125
2033,0,168,6,0.1709408462047577,0.0,0.2919717879153495,0.1428571428571429,0.1367243304848671,0.6666666666666666,1.0,0.5333333333333333,0.8
2033,0,168,8,0.1709408462047577,0.0,0.2919717879153495,0.0,0.1709408462047577,0.5714285714285714,1.0,0.5714285714285714,1.0
2033,0,170,2,0.02849060297012329,0.013625770807266235,0.05538155555947362,0.5,0.047091711312532425,1.0,0.5,1.0,0.5
2033,0,170,4,0.19341321289539337,0.0,0.3241345257543192,0.0,0.19341321289539337,1.0,1.0,1.0,1.0
2033,0,170,6,0.19341321289539337,0.0,0.3241345257543192,0.0,0.19341321289539337,1.0,1.0,1.0,1.0
2033,0,170,8,0.19341321289539337,0.0,0.3241345257543192,0.0,0.19341321289539337,1.0,1.0,1.0,1.0
2033,0,182,2,0.0022064298391342163,0.1901438906788826,0.0044008696346443145,0.7142857142857143,0.005211842060089111,0.5,0.25,0.55,0.275
2033,0,182,4,0.005597114562988281,0.009718157351016998,0.011131314469121235,0.4285714285714286,0.07097311355173588,0.5,0.5,0.575,0.575
2033,0,182,6,0.1901438906788826,0.0,0.3195309275929999,0.1428571428571429,0.1449686348438263,0.6666666666666666,1.0,0.5999999999999999,0.9
2033,0,182,8,0.1901438906788826,0.0,0.3195309275929999,0.0,0.1901438906788826,0.5714285714285714,1.0,0.5714285714285714,1.0
2033,0,183,2,0.020170390605926514,0.04738974571228027,0.039504324073583945,0.7142857142857143,0.028704829514026642,1.0,0.5,0.575,0.2875
2033,0,183,4,0.04005151987075806,0.01023322343826294,0.07698768580089425,0.4285714285714286,0.046559789776802064,0.75,0.75,0.5625,0.5625
2033,0,183,6,0.04005151987075806,0.0,0.07701833823719628,0.1428571428571429,0.04087330400943756,0.6666666666666666,1.0,0.5666666666666665,0.85
2033,0,183,8,0.04005151987075806,0.0,0.07701833823719628,0.0,0.04005151987075806,0.5714285714285714,1.0,0.5714285714285714,1.0
2033,0,199,2,0.0213836207985878,0.00987030565738678,0.04186313241420559,0.8,0.006501119956374169,1.0,0.5,0.25,0.125
2033,0,199,4,0.1801827847957611,0.006101816892623901,0.3050613157550287,0.6,0.022859611362218858,0.75,0.75,0.3875,0.3875
2033,0,199,6,0.1801827847957611,0.0009144917130470276,0.30530458622210266,0.4,0.0757385954260826,0.5,0.75,0.4333333333333333,0.65
2033,0,199,8,0.1801827847957611,0.0,0.30534725148857855,0.19999999999999996,0.09878032468259335,0.5,1.0,0.3625,0.725
2033,0,201,2,0.0005015432834625244,0.004116237163543701,0.0010025816504762787,0.7142857142857143,0.007648206502199173,1.0,0.5,0.425,0.2125
2033,0,201,4,0.22912462055683136,0.010397776961326599,0.3720968895490884,0.4285714285714286,0.09754590019583702,0.75,0.75,0.5875,0.5875
2033,0,201,6,0.22912462055683136,0.0,0.37282569517325403,0.1428571428571429,0.1965501680970192,0.6666666666666666,1.0,0.575,0.8625
2033,0,201,8,0.22912462055683136,0.0,0.37282569517325403,0.0,0.22912462055683136,0.5714285714285714,1.0,0.5714285714285714,1.0
2033,0,219,2,0.21099470555782318,0.017584294080734253,0.34738177346594384,0.8,0.03401015773415565,1.0,0.5,0.475,0.2375
2033,0,219,4,0.21099470555782318,0.0022321492433547974,0.34832934356826833,0.6,0.07751696333289146,0.75,0.75,0.4125,0.4125
2033,0,219,6,0.21099470555782318,0.0015335530042648315,0.3483718903222927,0.4,0.1254514455795288,0.6666666666666666,1.0,0.41666666666666663,0.625
2033,0,219,8,0.21099470555782318,0.0,0.3484651164690802,0.19999999999999996,0.15150592029094695,0.5,1.0,0.4,0.8
2033,0,221,2,0.0991397351026535,0.08668825030326843,0.17886384936067592,0.7142857142857143,0.05029558762907982,1.0,0.5,0.625,0.3125
2033,0,221,4,0.14275115728378296,0.011593908071517944,0.24947214648960778,0.4285714285714286,0.07503507062792777,0.75,0.75,0.55,0.55
2033,0,221,6,0.14275115728378296,0.0,0.24983769453900997,0.1428571428571429,0.12308794111013413,0.6666666666666666,1.0,0.5499999999999999,0.825
2033,0,221,8,0.14275115728378296,0.0,0.24983769453900997,0.0,0.14275115728378296,0.5714285714285714,1.0,0.5714285714285714,1.0
2033,0,222,2,0.004511594772338867,0.026649564504623413,0.008981558953122354,0.8,0.01266014575958252,1.0,0.5,0.425,0.2125
2033,0,222,4,0.1469663381576538,0.00653451681137085,0.2560538585777036,0.6,0.035472236573696136,0.75,0.75,0.4,0.4
2033,0,222,6,0.1469663381576538,0.008536338806152344,0.2559872522422006,0.4,0.07734227180480957,0.5,0.75,0.45,0.675
2033,0,222,8,0.1469663381576538,0.0,0.25626966244488486,0.19999999999999996,0.11917988806962967,0.5,1.0,0.41875,0.8375
2033,0,226,2,0.00015707314014434814,0.009053319692611694,0.000314096493429815,0.5,0.0282360814511776,1.0,0.5,1.0,0.5
2033,0,226,4,0.1994486004114151,0.0,0.3325671485097461,0.0,0.1994486004114151,1.0,1.0,1.0,1.0
2033,0,226,6,0.1994486004114151,0.0,0.3325671485097461,0.0,0.1994486004114151,1.0,1.0,1.0,1.0
2033,0,226,8,0.1994486004114151,0.0,0.3325671485097461,0.0,0.1994486004114151,1.0,1.0,1.0,1.0
2033,0,239,2,0.20991568267345428,0.00867936760187149,0.3464659612554805,0.5,0.05636175461113453,1.0,0.5,1.0,0.5
2033,0,239,4,0.20991568267345428,0.0,0.34699225025271235,0.0,0.20991568267345428,1.0,1.0,1.0,1.0
2033,0,239,6,0.20991568267345428,0.0,0.34699225025271235,0.0,0.20991568267345428,1.0,1.0,1.0,1.0
2033,0,239,8,0.20991568267345428,0.0,0.34699225025271235,0.0,0.20991568267345428,1.0,1.0,1.0,1.0
2033,0,257,2,0.012793287634849548,0.035436004400253296,0.025251655355936695,0.8,0.0051898077130317685,1.0,0.5,0.325,0.1625
2033,0,257,4,0.01993110030889511,0.03606399893760681,0.039054675375875814,0.6,0.04032083116471767,0.75,0.75,0.4125,0.4125
2033,0,257,6,0.23650135099887848,0.003457196056842804,0.3822794480086505,0.4,0.11738615818321704,0.6666666666666666,1.0,0.39999999999999997,0.6
2033,0,257,8,0.23650135099887848,0.0,0.3825331056983099,0.19999999999999996,0.14140422381460666,0.5,1.0,0.39375,0.7875
2033,0,258,2,0.0050808340311050415,0.022547632455825806,0.010109120475196746,0.7142857142857143,0.022581204026937484,1.0,0.5,0.55,0.275
2033,0,258,4,0.0016480237245559692,0.011981859803199768,0.0032905587655624514,0.4285714285714286,0.07260066568851471,0.75,0.75,0.625,0.625
2033,0,258,6,0.1515231728553772,0.0,0.26316999332224017,0.1428571428571429,0.10684257894754409,0.6666666666666666,1.0,0.5916666666666666,0.8875
2033,0,258,8,0.1515231728553772,0.0,0.26316999332224017,0.0,0.1515231728553772,0.5714285714285714,1.0,0.5714285714285714,1.0
2033,0,262,2,0.19430963695049286,0.007972344756126404,0.3249675025872901,0.8,0.0029785990715026855,1.0,0.5,0.225,0.1125
2033,0,262,4,0.19430963695049286,0.012795224785804749,0.3247076793861833,0.6,0.035183440893888474,1.0,1.0,0.4375,0.4375
2033,0,262,6,0.19430963695049286,0.0015321820974349976,0.3253111775612814,0.4,0.09199243262410164,0.6666666666666666,1.0,0.41666666666666663,0.625
2033,0,262,8,0.19430963695049286,0.0,0.32539239563809613,0.19999999999999996,0.08281886577606201,0.5,1.0,0.35625,0.7125
2033,0,267,2,0.033849090337753296,0.041121676564216614,0.06538987146434432,0.8461538461538461,0.009470072388648988,1.0,0.5,0.225,0.1125
2033,0,267,4,0.17983046174049377,0.0067608654499053955,0.3045252434291651,0.6923076923076923,0.03715569600462913,0.75,0.75,0.2625,0.2625
2033,0,267,6,0.17983046174049377,0.004697620868682861,0.30462204813850724,0.5384615384615384,0.05289850160479546,0.5,0.75,0.30833333333333335,0.4625
2033,0,267,8,0.17983046174049377,0.006541013717651367,0.3045355747883952,0.3846153846153846,0.0670124612748623,0.375,0.75,0.3,0.6
2033,0,271,2,0.001097649335861206,0.009850889444351196,0.002192867724932435,0.7142857142857143,0.0137441236525774,1.0,0.5,0.425,0.2125
2033,0,271,4,0.2065611630678177,0.0009385198354721069,0.3423414490055651,0.4285714285714286,0.07584667094051838,1.0,1.0,0.575,0.575
2033,0,271,6,0.2065611630678177,0.0,0.3423965056899605,0.1428571428571429,0.10711750984191895,0.6666666666666666,1.0,0.5583333333333332,0.8375
2033,0,271,8,0.2065611630678177,0.0,0.3423965056899605,0.0,0.2065611630678177,0.5714285714285714,1.0,0.5714285714285714,1.0
2033,0,277,2,0.03291803598403931,0.022903963923454285,0.06369036504572692,0.7142857142857143,0.03301353827118873,1.0,0.5,0.575,0.2875
2033,0,277,4,0.023806840181350708,0.003329366445541382,0.0465028951587017,0.4285714285714286,0.07887382730841637,0.75,0.75,0.6,0.6
2033,0,277,6,0.19451652467250824,0.0,0.32568243411423276,0.1428571428571429,0.15279401019215583,0.6666666666666666,1.0,0.5666666666666667,0.85
2033,0,277,8,0.19451652467250824,0.0,0.32568243411423276,0.0,0.19451652467250824,0.5714285714285714,1.0,0.5714285714285714,1.0
2033,0,278,2,0.15782366693019867,0.02095085382461548,0.2718283427539911,0.5,0.0650365874171257,1.0,0.5,1.0,0.5
2033,0,278,4,0.15782366693019867,0.0,0.27262124870645493,0.0,0.15782366693019867,1.0,1.0,1.0,1.0
2033,0,278,6,0.15782366693019867,0.0,0.27262124870645493,0.0,0.15782366693019867,1.0,1.0,1.0,1.0
2033,0,278,8,0.15782366693019867,0.0,0.27262124870645493,0.0,0.15782366693019867,1.0,1.0,1.0,1.0
2033,0,283,2,0.011837899684906006,0.013850316405296326,0.023394962471041426,0.8,0.004910138621926308,1.0,0.5,0.3,0.15
2033,0,283,4,0.22690771520137787,0.0035009533166885376,0.36964536886313765,0.6,0.061617841199040416,0.75,0.75,0.4375,0.4375
2033,0,283,6,0.22690771520137787,0.001906067132949829,0.3697549537509993,0.4,0.06358354352414608,0.6666666666666666,1.0,0.41666666666666663,0.625
2033,0,283,8,0.22690771520137787,0.0,0.36988554622322917,0.19999999999999996,0.14085530415177344,0.5,1.0,0.41875,0.8375
2033,0,291,2,0.005355320870876312,0.0021651312708854675,0.010653465222429846,0.7142857142857143,0.0053101848810911175,1.0,0.5,0.525,0.2625
2033,0,291,4,0.16626553237438202,0.007844053208827972,0.2848036568010978,0.4285714285714286,0.04666771255433559,0.75,0.75,0.525,0.525
2033,0,291,6,0.16626553237438202,0.0,0.28512466116680063,0.1428571428571429,0.11237873509526253,0.6666666666666666,1.0,0.575,0.8625
2033,0,291,8,0.16626553237438202,0.0,0.28512466116680063,0.0,0.16626553237438202,0.5714285714285714,1.0,0.5714285714285714,1.0
2033,0,292,2,0.17355205118656158,0.00846688449382782,0.2953991878619139,0.5,0.04732592105865478,1.0,0.5,1.0,0.5
2033,0,292,4,0.17355205118656158,0.0,0.29577222588650515,0.0,0.17355205118656158,1.0,1.0,1.0,1.0
2033,0,292,6,0.17355205118656158,0.0,0.29577222588650515,0.0,0.17355205118656158,1.0,1.0,1.0,1.0
2033,0,292,8,0.17355205118656158,0.0,0.29577222588650515,0.0,0.17355205118656158,1.0,1.0,1.0,1.0
2033,0,307,2,0.19750629365444183,0.007472783327102661,0.32945353255187165,0.7142857142857143,0.02738175615668297,1.0,0.5,0.5,0.25
2033,0,307,4,0.19750629365444183,0.003602057695388794,0.32966607984502627,0.4285714285714286,0.08332698419690132,0.75,0.75,0.575,0.575
2033,0,307,6,0.19750629365444183,0.0,0.3298626398892818,0.1428571428571429,0.15726465880870819,0.6666666666666666,1.0,0.5666666666666667,0.85
2033,0,307,8,0.19750629365444183,0.0,0.3298626398892818,0.0,0.19750629365444183,0.5714285714285714,1.0,0.5714285714285714,1.0
2033,0,322,2,0.19228975474834442,0.009836073964834213,0.32203947028487284,0.5,0.060770691372454166,1.0,0.5,1.0,0.5
2033,0,322,4,0.19228975474834442,0.0,0.32255540900614527,0.0,0.19228975474834442,1.0,1.0,1.0,1.0
2033,0,322,6,0.19228975474834442,0.0,0.32255540900614527,0.0,0.19228975474834442,1.0,1.0,1.0,1.0
2033,0,322,8,0.19228975474834442,0.0,0.32255540900614527,0.0,0.19228975474834442,1.0,1.0,1.0,1.0
2033,0,323,2,0.05737106502056122,0.027190737426280975,0.10835210489032235,0.8,0.029074836149811746,1.0,0.5,0.475,0.2375
2033,0,323,4,0.23670850694179535,0.0037848055362701416,0.3825258789419247,0.6,0.04194658137857914,0.75,0.75,0.45,0.45
2033,0,323,6,0.23670850694179535,0.0005511492490768433,0.38276364049236583,0.4,0.06270017512142659,0.6666666666666666,1.0,0.3583333333333333,0.5375
2033,0,323,8,0.23670850694179535,0.0,0.38280404090878606,0.19999999999999996,0.16765285059809684,0.5,1.0,0.4125,0.825
2033,0,331,2,0.16684243828058243,0.018459148705005646,0.28520559361775344,0.7142857142857143,0.006454286351799965,1.0,0.5,0.5,0.25
2033,0,331,4,0.16684243828058243,0.0012330114841461182,0.2859220521167614,0.4285714285714286,0.05893335938453674,0.75,0.75,0.575,0.575
2033,0,331,6,0.16684243828058243,0.0,0.2859725234650113,0.1428571428571429,0.15971364565193652,0.6666666666666666,1.0,0.5833333333333333,0.875
2033,0,331,8,0.16684243828058243,0.0,0.2859725234650113,0.0,0.16684243828058243,0.5714285714285714,1.0,0.5714285714285714,1.0
2033,0,344,2,0.18153197318315506,0.009342789649963379,0.3068377710173092,0.5,0.05149024538695812,1.0,0.5,1.0,0.5
2033,0,344,4,0.18153197318315506,0.0,0.3072823711982865,0.0,0.18153197318315506,1.0,1.0,1.0,1.0
2033,0,344,6,0.18153197318315506,0.0,0.3072823711982865,0.0,0.18153197318315506,1.0,1.0,1.0,1.0
2033,0,344,8,0.18153197318315506,0.0,0.3072823711982865,0.0,0.18153197318315506,1.0,1.0,1.0,1.0
2033,0,348,2,0.0028645843267440796,0.008527025580406189,0.005712663507337643,0.8,0.01465170830488205,1.0,0.5,0.375,0.1875
2033,0,348,4,0.16292230784893036,0.0013531744480133057,0.28014147564091835,0.6,0.009812760353088378,0.75,0.75,0.3625,0.3625
2033,0,348,6,0.16292230784893036,0.0001465827226638794,0.28018890097791466,0.4,0.07064387500286103,0.5,0.75,0.4166666666666667,0.625
2033,0,348,8,0.16292230784893036,0.0,0.2801946557380767,0.19999999999999996,0.0960633747279644,0.5,1.0,0.375,0.75
2033,0,357,2,0.19363626092672348,0.006050482392311096,0.3241276068108395,0.8,0.010692217946052551,1.0,0.5,0.375,0.1875
2033,0,357,4,0.19363626092672348,0.0002643987536430359,0.3244337659984106,0.6,0.038578254729509355,0.75,0.75,0.5125,0.5125
2033,0,357,6,0.19363626092672348,0.0022522807121276855,0.3243289164863034,0.4,0.10111650824546814,0.6666666666666666,1.0,0.39999999999999997,0.6
2033,0,357,8,0.19363626092672348,0.0,0.3244476852209346,0.19999999999999996,0.13505670055747032,0.5,1.0,0.4125,0.825
2033,0,363,2,0.023345179855823517,0.0003879740834236145,0.04562482653112804,0.5,0.05615983083844185,1.0,0.5,1.0,0.5
2033,0,363,4,0.1809668317437172,0.0,0.30647233585132383,0.0,0.1809668317437172,1.0,1.0,1.0,1.0
2033,0,363,6,0.1809668317437172,0.0,0.30647233585132383,0.0,0.1809668317437172,1.0,1.0,1.0,1.0
2033,0,363,8,0.1809668317437172,0.0,0.30647233585132383,0.0,0.1809668317437172,1.0,1.0,1.0,1.0
2033,0,368,2,0.006456717848777771,0.00525636225938797,0.012830157250547432,0.7142857142857143,0.0052677933126688,0.5,0.25,0.575,0.2875
2033,0,368,4,0.17939698696136475,0.0005471184849739075,0.30419282446098933,0.4285714285714286,0.06017791572958231,0.75,0.75,0.5625,0.5625
2033,0,368,6,0.17939698696136475,0.0,0.3042181537593525,0.1428571428571429,0.136236253939569,0.6666666666666666,1.0,0.5666666666666665,0.85
2033,0,368,8,0.17939698696136475,0.0,0.3042181537593525,0.0,0.17939698696136475,0.5714285714285714,1.0,0.5714285714285714,1.0
2033,0,369,2,0.03462591767311096,0.016991347074508667,0.06689548030612182,0.5,0.033990496397018434,1.0,0.5,1.0,0.5
2033,0,369,4,0.03396117687225342,0.0,0.06569139660540532,0.0,0.03396117687225342,1.0,1.0,1.0,1.0
2033,0,369,6,0.03396117687225342,0.0,0.06569139660540532,0.0,0.03396117687225342,1.0,1.0,1.0,1.0
2033,0,369,8,0.03396117687225342,0.0,0.06569139660540532,0.0,0.03396117687225342,1.0,1.0,1.0,1.0
2033,0,380,2,0.011202484369277954,0.011940568685531616,0.022153792036883963,0.875,0.013860221207141876,0.5,0.25,0.35,0.175
2033,0,380,4,0.009652778506278992,0.009371861815452576,0.019119257081535546,0.75,0.021608982235193253,0.5,0.5,0.15,0.15
2033,0,380,6,0.009652778506278992,0.0039546191692352295,0.019120260595285623,0.625,0.016147785633802415,0.3333333333333333,0.5,0.21666666666666665,0.325
2033,0,380,8,0.1895686388015747,0.003987312316894531,0.31851508659136096,0.5,0.0699602022767067,0.375,0.75,0.25625,0.5125
2033,0,381,2,0.01306009292602539,0.010539770126342773,0.025779911399040015,0.8461538461538461,0.007288935780525208,1.0,0.5,0.275,0.1375
2033,0,381,4,0.13915255665779114,0.007129848003387451,0.2440947854195696,0.6923076923076923,0.02710069715976715,0.75,0.75,0.325,0.325
2033,0,381,6,0.13915255665779114,0.00024625658988952637,0.2443015538950306,0.5384615384615384,0.07184124141931533,0.5,0.75,0.3333333333333333,0.5
2033,0,381,8,0.13915255665779114,0.005189388990402222,0.2441533267734652,0.3846153846153846,0.050051364302635196,0.5,1.0,0.26875,0.5375
2033,0,383,2,0.04348894953727722,0.10826253890991211,0.0829333410715632,0.5,0.062230242788791655,1.0,0.5,1.0,0.5
2033,0,383,4,0.13527801632881165,0.0,0.2383169838279172,0.0,0.13527801632881165,1.0,1.0,1.0,1.0
2033,0,383,6,0.13527801632881165,0.0,0.2383169838279172,0.0,0.13527801632881165,1.0,1.0,1.0,1.0
2033,0,383,8,0.13527801632881165,0.0,0.2383169838279172,0.0,0.13527801632881165,1.0,1.0,1.0,1.0
2033,0,384,2,0.19941624999046326,0.016071632504463196,0.3316215790494686,0.7142857142857143,0.033777644485235216,1.0,0.5,0.6,0.3
2033,0,384,4,0.19941624999046326,0.010190457105636597,0.33195396270367417,0.4285714285714286,0.10496940538287163,0.75,0.75,0.5625,0.5625
2033,0,384,6,0.19941624999046326,0.0,0.332522174836382,0.1428571428571429,0.1411203257739544,0.6666666666666666,1.0,0.5833333333333333,0.875
2033,0,384,8,0.19941624999046326,0.0,0.332522174836382,0.0,0.19941624999046326,0.5714285714285714,1.0,0.5714285714285714,1.0
2033,0,385,2,0.04743728041648865,0.010519802570343018,0.09053420468817235,0.8,0.011333297938108444,1.0,0.5,0.25,0.125
2033,0,385,4,0.2065354883670807,0.012676969170570374,0.3416104020192657,0.6,0.03018830269575119,0.75,0.75,0.35,0.35
2033,0,385,6,0.2065354883670807,0.00812523066997528,0.3418818197972055,0.4,0.11980344131588935,0.5,0.75,0.41666666666666663,0.625
2033,0,385,8,0.2065354883670807,0.0,0.3423612324020487,0.19999999999999996,0.14935270547866822,0.5,1.0,0.4,0.8
2033,0,391,2,0.03823062777519226,0.018831491470336914,0.07359372143536991,0.7142857142857143,0.0227454349398613,1.0,0.5,0.6,0.3
2033,0,391,4,0.03823062777519226,0.03489914536476135,0.07354779987654489,0.4285714285714286,0.06844436526298522,0.5,0.5,0.6625,0.6625
2033,0,391,6,0.15955787897109985,0.0,0.27520468251688984,0.1428571428571429,0.13181469589471817,0.6666666666666666,1.0,0.575,0.8625
2033,0,391,8,0.15955787897109985,0.0,0.27520468251688984,0.0,0.15955787897109985,0.5714285714285714,1.0,0.5714285714285714,1.0
2033,0,393,2,0.07211866974830627,0.02814236283302307,0.13427331542477633,0.8,0.01832458972930908,1.0,0.5,0.55,0.275
2033,0,393,4,0.07211866974830627,0.02611526846885681,0.13429262512971205,0.6,0.025311692059040068,0.5,0.5,0.4,0.4
2033,0,393,6,0.07211866974830627,0.0016073882579803467,0.13452029565747714,0.4,0.04048415720462799,0.5,0.75,0.39166666666666666,0.5875
2033,0,393,8,0.07211866974830627,0.0,0.13453486406544354,0.19999999999999996,0.04716681987047196,0.5,1.0,0.38125,0.7625
2033,0,397,2,0.1690339595079422,0.0007611960172653198,0.28915386339489896,0.8461538461538461,0.029626781493425368,1.0,0.5,0.3,0.15
2033,0,397,4,0.1690339595079422,0.016237109899520874,0.2884972084841232,0.6923076923076923,0.05905081108212471,0.75,0.75,0.3,0.3
2033,0,397,6,0.1690339595079422,0.01285773515701294,0.2886420981675564,0.5384615384615384,0.060420763492584226,0.5,0.75,0.2416666666666666,0.3625
2033,0,397,8,0.1690339595079422,0.016090765595436096,0.2885035005470575,0.3846153846153846,0.09089502543210984,0.375,0.75,0.29375,0.5875
2033,0,401,2,0.01553356647491455,0.004826068878173828,0.030589662093019724,0.7142857142857143,0.013086101412773133,0.5,0.25,0.425,0.2125
2033,0,401,4,0.04285949468612671,0.011410951614379883,0.08215713202689412,0.4285714285714286,0.02725076675415039,0.75,0.75,0.55,0.55
2033,0,401,6,0.04285949468612671,0.0,0.08219610581198436,0.1428571428571429,0.03776872456073761,0.6666666666666666,1.0,0.5666666666666667,0.85
2033,0,401,8,0.04285949468612671,0.0,0.08219610581198436,0.0,0.04285949468612671,0.5714285714285714,1.0,0.5714285714285714,1.0
2033,0,402,2,0.007717691361904144,0.00792168453335762,0.015316232898142252,0.7142857142857143,0.03134452737867832,1.0,0.5,0.725,0.3625
2033,0,402,4,0.17346595227718353,0.0033161938190460205,0.29550184377466115,0.4285714285714286,0.04075978361070156,1.0,1.0,0.575,0.575
2033,0,402,6,0.17346595227718353,0.0,0.2956471842077089,0.1428571428571429,0.13397545367479324,0.6666666666666666,1.0,0.5416666666666666,0.8125
2033,0,402,8,0.17346595227718353,0.0,0.2956471842077089,0.0,0.17346595227718353,0.5714285714285714,1.0,0.5714285714285714,1.0
2033,0,414,2,0.003898829221725464,0.0277765691280365,0.007766513022592026,0.5,0.04325456619262695,1.0,0.5,1.0,0.5
2033,0,414,4,0.11961871385574341,0.0,0.21367758929966513,0.0,0.11961871385574341,1.0,1.0,1.0,1.0
2033,0,414,6,0.11961871385574341,0.0,0.21367758929966513,0.0,0.11961871385574341,1.0,1.0,1.0,1.0
2033,0,414,8,0.11961871385574341,0.0,0.21367758929966513,0.0,0.11961871385574341,1.0,1.0,1.0,1.0
2033,0,416,2,0.2057979628443718,0.012326501309871674,0.34062179203591453,0.5,0.046220514178276065,1.0,0.5,1.0,0.5
2033,0,416,4,0.2057979628443718,0.0,0.34134733875136497,0.0,0.2057979628443718,1.0,1.0,1.0,1.0
2033,0,416,6,0.2057979628443718,0.0,0.34134733875136497,0.0,0.2057979628443718,1.0,1.0,1.0,1.0
2033,0,416,8,0.2057979628443718,0.0,0.34134733875136497,0.0,0.2057979628443718,1.0,1.0,1.0,1.0
2033,0,418,2,0.03199659287929535,0.019182458519935608,0.061971527645513606,0.8,0.00798456184566021,1.0,0.5,0.35,0.175
2033,0,418,4,0.019102051854133606,0.019182458519935608,0.03747426825455578,0.6,0.03654785603284836,0.5,0.5,0.4375,0.4375
2033,0,418,6,0.006916753947734833,0.019182458519935608,0.013736636732050592,0.4,0.12203434146940709,0.3333333333333333,0.5,0.4333333333333333,0.65
2033,0,418,8,0.20434454083442688,0.0,0.3393456505276261,0.19999999999999996,0.15160260833799838,0.5,1.0,0.4,0.8
2033,0,422,2,0.018454328179359436,0.033563531935214996,0.036217082775433854,0.8,0.014197761192917824,1.0,0.5,0.375,0.1875
2033,0,422,4,0.1951383799314499,0.010273858904838562,0.3260010783034961,0.6,0.044071536883711813,0.75,0.75,0.4875,0.4875
2033,0,422,6,0.1951383799314499,0.00483587384223938,0.32629472651008257,0.4,0.0643675971776247,0.5,0.75,0.39999999999999997,0.6
2033,0,422,8,0.1951383799314499,0.0,0.32655361623085444,0.19999999999999996,0.12562508173286915,0.5,1.0,0.4,0.8
2033,0,423,2,0.00279824435710907,0.009408220648765564,0.005580724167977051,0.5,0.07014232724905015,1.0,0.5,1.0,0.5
2033,0,423,4,0.2029789686203003,0.0,0.3374605440577193,0.0,0.2029789686203003,1.0,1.0,1.0,1.0
2033,0,423,6,0.2029789686203003,0.0,0.3374605440577193,0.0,0.2029789686203003,1.0,1.0,1.0,1.0
2033,0,423,8,0.2029789686203003,0.0,0.3374605440577193,0.0,0.2029789686203003,1.0,1.0,1.0,1.0
2033,0,424,2,0.0271008163690567,0.01475454866886139,0.052750638604381214,0.8,0.005759050697088241,1.0,0.5,0.45,0.225
2033,0,424,4,0.0271008163690567,0.010328337550163269,0.052756955067996894,0.6,0.029700399190187455,0.5,0.5,0.3625,0.3625
2033,0,424,6,0.2044680267572403,0.005568966269493103,0.3391934449098977,0.4,0.060790720582008365,0.5,0.75,0.3916666666666666,0.5875
2033,0,424,8,0.2044680267572403,0.0,0.33951590613446925,0.19999999999999996,0.14660115167498589,0.5,1.0,0.39375,0.7875
2033,0,431,2,0.014169953763484955,0.017595991492271423,0.027936951806148747,0.8,0.003831402026116848,1.0,0.5,0.35,0.175
2033,0,431,4,0.015899553894996643,0.011424455791711807,0.03129576865388678,0.6,0.018504583276808262,0.75,0.75,0.375,0.375
2033,0,431,6,0.1630076766014099,0.0009615197777748108,0.2802830860721905,0.4,0.08825980816036463,0.6666666666666666,1.0,0.4583333333333333,0.6875
2033,0,431,8,0.1630076766014099,0.0,0.280320895349131,0.19999999999999996,0.09525055456906557,0.5,1.0,0.38125,0.7625
2033,0,435,2,0.018048614263534546,0.010027095675468445,0.035450908045160844,0.7142857142857143,0.011594507098197936,1.0,0.5,0.475,0.2375
2033,0,435,4,0.008758991956710815,0.010027095675468445,0.01736434920848552,0.4285714285714286,0.07832086309790612,0.5,0.5,0.5625,0.5625
2033,0,435,6,0.19838812947273254,0.0,0.3310916131320818,0.1428571428571429,0.16081188544631003,0.6666666666666666,1.0,0.5499999999999999,0.825
2033,0,435,8,0.19838812947273254,0.0,0.3310916131320818,0.0,0.19838812947273254,0.5714285714285714,1.0,0.5714285714285714,1.0
2033,0,438,2,0.01390106976032257,0.00026954710483551025,0.027420857494263186,0.8,0.01204165518283844,1.0,0.5,0.325,0.1625
2033,0,438,4,0.04916749894618988,0.0024315565824508667,0.09371598586693136,0.6,0.017136936634778978,0.75,0.75,0.4375,0.4375
2033,0,438,6,0.15734533965587616,0.0024129152297973633,0.2718179442706077,0.4,0.051305003464221954,0.6666666666666666,1.0,0.39166666666666666,0.5875
2033,0,438,8,0.15734533965587616,0.0,0.27190732837384746,0.19999999999999996,0.1020116850733757,0.5,1.0,0.4,0.8
2033,0,440,2,0.011244520545005798,0.030270107090473175,0.0222312581334882,0.8,0.005074818432331085,0.5,0.25,0.425,0.2125
2033,0,440,4,0.003984950482845306,0.030270107090473175,0.00793728396193743,0.6,0.030530614033341407,0.25,0.25,0.425,0.425
2033,0,440,6,0.2281884253025055,0.003622978925704956,0.37133450746835,0.4,0.08883852884173393,0.5,0.75,0.4083333333333334,0.6125
2033,0,440,8,0.2281884253025055,0.0,0.3715853701296724,0.19999999999999996,0.12173149771988392,0.5,1.0,0.4,0.8
2033,0,442,2,0.052043616771698,0.005040675401687622,0.09891334541059815,0.8,0.028758805990219117,0.5,0.25,0.425,0.2125
2033,0,442,4,0.08809259533882141,0.035562664270401,0.16143918655089676,0.6,0.03871477693319321,0.5,0.5,0.4,0.4
2033,0,442,6,0.08809259533882141,0.009511232376098633,0.161795353026058,0.4,0.06265644282102585,0.5,0.75,0.42499999999999993,0.6375
2033,0,442,8,0.08809259533882141,0.0,0.16192113744031175,0.19999999999999996,0.06124230921268463,0.5,1.0,0.375,0.75
2033,0,443,2,0.049163103103637695,0.0185624361038208,0.09363571689522192,0.7142857142857143,0.022648055106401443,1.0,0.5,0.525,0.2625
2033,0,443,4,0.1846264749765396,0.0027549266815185547,0.31156997194851194,0.4285714285714286,0.07441870346665383,0.75,0.75,0.55,0.55
2033,0,443,6,0.1846264749765396,0.0,0.31170411750285415,0.1428571428571429,0.14958809986710547,0.6666666666666666,1.0,0.5666666666666667,0.85
2033,0,443,8,0.1846264749765396,0.0,0.31170411750285415,0.0,0.1846264749765396,0.5714285714285714,1.0,0.5714285714285714,1.0
2033,0,445,2,0.011214092373847961,0.005278944969177246,0.022178156963909568,0.5,0.053515848144888876,1.0,0.5,1.0,0.5
2033,0,445,4,0.21178871393203735,0.0,0.34954726264914765,0.0,0.21178871393203735,1.0,1.0,1.0,1.0
2033,0,445,6,0.21178871393203735,0.0,0.34954726264914765,0.0,0.21178871393203735,1.0,1.0,1.0,1.0
2033,0,445,8,0.21178871393203735,0.0,0.34954726264914765,0.0,0.21178871393203735,1.0,1.0,1.0,1.0
2033,0,447,2,0.14222589135169983,0.028222769498825073,0.24813553946497713,0.7142857142857143,0.021120495349168777,1.0,0.5,0.6,0.3
2033,0,447,4,0.14222589135169983,0.008784204721450806,0.24875836431339055,0.4285714285714286,0.057000665366649626,1.0,1.0,0.5875,0.5875
2033,0,447,6,0.14222589135169983,0.0,0.2490328619383526,0.1428571428571429,0.11817286610603332,0.6666666666666666,1.0,0.5833333333333333,0.875
2033,0,447,8,0.14222589135169983,0.0,0.2490328619383526,0.0,0.14222589135169983,0.5714285714285714,1.0,0.5714285714285714,1.0
2033,0,453,2,0.2402849942445755,0.005198642611503601,0.3870755079084628,0.7142857142857143,0.0375036958605051,1.0,0.5,0.625,0.3125
2033,0,453,4,0.2402849942445755,0.002705782651901245,0.3872638341544922,0.4285714285714286,0.09597532078623772,0.75,0.75,0.5625,0.5625
2033,0,453,6,0.2402849942445755,0.0,0.38746738912362105,0.1428571428571429,0.1819108985364437,0.6666666666666666,1.0,0.5666666666666667,0.85
2033,0,453,8,0.2402849942445755,0.0,0.38746738912362105,0.0,0.2402849942445755,0.5714285714285714,1.0,0.5714285714285714,1.0
2033,0,454,2,0.06162115931510925,0.012547917664051056,0.11600322964275755,0.7142857142857143,0.028279319033026697,1.0,0.5,0.475,0.2375
2033,0,454,4,0.19620387256145477,0.003670990467071533,0.3278460710825206,0.4285714285714286,0.0607731182128191,1.0,1.0,0.5125,0.5125
2033,0,454,6,0.19620387256145477,0.0,0.3280442022668253,0.1428571428571429,0.1644152469933033,0.6666666666666666,1.0,0.575,0.8625
2033,0,454,8,0.19620387256145477,0.0,0.3280442022668253,0.0,0.19620387256145477,0.5714285714285714,1.0,0.5714285714285714,1.0
2033,0,457,2,0.030378341674804688,0.01853197067975998,0.05893260477530238,0.8571428571428572,0.0045361101627349855,1.0,0.5,0.225,0.1125
2033,0,457,4,0.17981833964586258,0.0036650002002716064,0.3046529723403228,0.7142857142857143,0.018533089384436607,0.75,0.75,0.1875,0.1875
2033,0,457,6,0.17981833964586258,0.0015729889273643494,0.3047505976224412,0.5714285714285714,0.0263965655118227,0.5,0.75,0.275,0.4125
2033,0,457,8,0.17981833964586258,0.0002714395523071289,0.30481116066176617,0.4285714285714286,0.0538854967802763,0.5,1.0,0.275,0.55
2033,0,461,2,0.15571516752243042,0.038641154766082764,0.268018326315539,0.8461538461538461,0.01570999324321747,1.0,0.5,0.225,0.1125
2033,0,461,4,0.15571516752243042,0.04785695672035217,0.2676572002517652,0.6923076923076923,0.03174170106649399,0.5,0.5,0.3,0.3
2033,0,461,6,0.15571516752243042,0.03934839367866516,0.2679908240084424,0.5384615384615384,0.04955276697874069,0.3333333333333333,0.5,0.25833333333333325,0.3875
2033,0,461,8,0.15571516752243042,0.0017782747745513916,0.2694051367018241,0.3846153846153846,0.06240714192390442,0.375,0.75,0.3,0.6
2033,0,462,2,0.05640245974063873,0.036040931940078735,0.10656940907027306,0.7142857142857143,0.030561776459217073,1.0,0.5,0.6,0.3
2033,0,462,4,0.14312511682510376,0.010820776224136353,0.25006773689261785,0.4285714285714286,0.07721850872039795,1.0,1.0,0.575,0.575
2033,0,462,6,0.14312511682510376,0.0,0.2504102389467516,0.1428571428571429,0.10227360501885414,0.6666666666666666,1.0,0.5666666666666665,0.85
2033,0,462,8,0.14312511682510376,0.0,0.2504102389467516,0.0,0.14312511682510376,0.5714285714285714,1.0,0.5714285714285714,1.0
2033,0,464,2,0.02351100742816925,0.020474955439567566,0.045919826217771575,0.5,0.07478567585349083,1.0,0.5,1.0,0.5
2033,0,464,4,0.20408353209495544,0.0,0.3389856711018637,0.0,0.20408353209495544,1.0,1.0,1.0,1.0
2033,0,464,6,0.20408353209495544,0.0,0.3389856711018637,0.0,0.20408353209495544,1.0,1.0,1.0,1.0
2033,0,464,8,0.20408353209495544,0.0,0.3389856711018637,0.0,0.20408353209495544,1.0,1.0,1.0,1.0
2033,0,469,2,0.029684431850910187,0.017285317182540894,0.05762811643812888,0.5,0.058077145367860794,1.0,0.5,1.0,0.5
2033,0,469,4,0.19821195304393768,0.0,0.33084622890032106,0.0,0.19821195304393768,1.0,1.0,1.0,1.0
2033,0,469,6,0.19821195304393768,0.0,0.33084622890032106,0.0,0.19821195304393768,1.0,1.0,1.0,1.0
2033,0,469,8,0.19821195304393768,0.0,0.33084622890032106,0.0,0.19821195304393768,1.0,1.0,1.0,1.0
2033,0,480,2,0.01485096663236618,0.007503204047679901,0.0292640483195179,0.5,0.01508064977824688,1.0,0.5,1.0,0.5
2033,0,480,4,0.19969157129526138,0.0,0.3329048500018417,0.0,0.19969157129526138,1.0,1.0,1.0,1.0
2033,0,480,6,0.19969157129526138,0.0,0.3329048500018417,0.0,0.19969157129526138,1.0,1.0,1.0,1.0
2033,0,480,8,0.19969157129526138,0.0,0.3329048500018417,0.0,0.19969157129526138,1.0,1.0,1.0,1.0
2033,0,482,2,0.22157341986894608,0.00929330289363861,0.3621510703526548,0.7142857142857143,0.020074241608381272,1.0,0.5,0.625,0.3125
2033,0,482,4,0.22157341986894608,0.004637658596038818,0.36246093674319757,0.4285714285714286,0.10334068350493908,1.0,1.0,0.6375,0.6375
2033,0,482,6,0.22157341986894608,0.0,0.3627672578087318,0.1428571428571429,0.17197772040963172,0.6666666666666666,1.0,0.5916666666666666,0.8875
2033,0,482,8,0.22157341986894608,0.0,0.3627672578087318,0.0,0.22157341986894608,0.5714285714285714,1.0,0.5714285714285714,1.0
2033,0,484,2,0.20068258047103882,0.015672490000724792,0.33339359103159527,0.5,0.08732882738113404,1.0,0.5,1.0,0.5
2033,0,484,4,0.20068258047103882,0.0,0.3342808228171499,0.0,0.20068258047103882,1.0,1.0,1.0,1.0
2033,0,484,6,0.20068258047103882,0.0,0.3342808228171499,0.0,0.20068258047103882,1.0,1.0,1.0,1.0
2033,0,484,8,0.20068258047103882,0.0,0.3342808228171499,0.0,0.20068258047103882,1.0,1.0,1.0,1.0
2033,0,500,2,0.009182363748550415,0.005069918930530548,0.0181967865370105,0.8,0.0027092911303043367,1.0,0.5,0.275,0.1375
2033,0,500,4,0.20224682986736298,0.006413593888282776,0.336083150709346,0.6,0.03637791872024536,0.75,0.75,0.4625,0.4625
2033,0,500,6,0.20224682986736298,0.005658671259880066,0.3361263106227317,0.4,0.10472744628787041,0.5,0.75,0.4583333333333333,0.6875
2033,0,500,8,0.20224682986736298,0.0,0.3364480984153241,0.19999999999999996,0.14476860426366328,0.5,1.0,0.40625,0.8125
2033,0,503,2,0.00711609423160553,0.008686602115631104,0.014130751561531058,0.7142857142857143,0.0065369468182325365,1.0,0.5,0.625,0.3125
2033,0,503,4,0.17479941993951797,0.0023341551423072815,0.2974781705021453,0.4285714285714286,0.02598867528140545,1.0,1.0,0.5,0.5
2033,0,503,6,0.17479941993951797,0.0,0.29758172667214483,0.1428571428571429,0.1350906178355217,0.6666666666666666,1.0,0.55,0.825
2033,0,503,8,0.17479941993951797,0.0,0.29758172667214483,0.0,0.17479941993951797,0.5714285714285714,1.0,0.5714285714285714,1.0
2033,0,513,2,0.002951905131340027,0.0020584985613822937,0.005886398330805523,0.8461538461538461,0.010919823125004769,1.0,0.5,0.3,0.15
2033,0,513,4,0.19261132925748825,0.0030671656131744385,0.3228472960993788,0.6923076923076923,0.020966775342822076,0.75,0.75,0.2875,0.2875
2033,0,513,6,0.19261132925748825,0.0008874908089637756,0.32296138126028134,0.5384615384615384,0.08051833882927895,0.6666666666666666,1.0,0.39999999999999997,0.6
2033,0,513,8,0.19261132925748825,0.000779367983341217,0.32296702959447815,0.3846153846153846,0.0890068169683218,0.5,1.0,0.31875,0.6375
2033,0,514,2,0.04820495843887329,0.027695655822753906,0.09185588094267662,0.5,0.058080476522445676,1.0,0.5,1.0,0.5
2033,0,514,4,0.11292657256126404,0.0,0.20293624996548942,0.0,0.11292657256126404,1.0,1.0,1.0,1.0
2033,0,514,6,0.11292657256126404,0.0,0.20293624996548942,0.0,0.11292657256126404,1.0,1.0,1.0,1.0
2033,0,514,8,0.11292657256126404,0.0,0.20293624996548942,0.0,0.11292657256126404,1.0,1.0,1.0,1.0
2033,0,526,2,0.021504312753677368,0.04852977395057678,0.04205806524382136,0.8,0.023815123736858367,1.0,0.5,0.325,0.1625
2033,0,526,4,0.07241103053092957,0.011470407247543335,0.13493770518466755,0.6,0.04224776178598404,0.75,0.75,0.35,0.35
2033,0,526,6,0.07241103053092957,0.009276598691940308,0.13495810183803575,0.4,0.05112210512161255,0.5,0.75,0.3583333333333333,0.5375
2033,0,526,8,0.07241103053092957,0.0,0.1350434273229739,0.19999999999999996,0.06696872860193252,0.5,1.0,0.39375,0.7875
2033,0,527,2,0.007987387478351593,0.007455550134181976,0.015847246063872198,0.8,0.0023820627480745315,1.0,0.5,0.5,0.25
2033,0,527,4,0.2236456200480461,0.002296052873134613,0.3653861660518617,0.6,0.06994779482483864,0.75,0.75,0.525,0.525
2033,0,527,6,0.2236456200480461,0.0001273825764656067,0.36553134173930657,0.4,0.08026653230190277,0.6666666666666666,1.0,0.4333333333333333,0.65
2033,0,527,8,0.2236456200480461,0.0,0.3655398530160468,0.19999999999999996,0.12511405125260353,0.5,1.0,0.4125,0.825
2033,0,538,2,0.007372647523880005,0.011301755905151367,0.014636154359142879,0.7142857142857143,0.008856582641601562,1.0,0.5,0.45,0.225
2033,0,538,4,0.23361551761627197,0.0035100728273391724,0.37849683719721516,0.4285714285714286,0.05750031135976315,0.75,0.75,0.55,0.55
2033,0,538,6,0.23361551761627197,0.0,0.3787493174010808,0.1428571428571429,0.17913153395056725,0.6666666666666666,1.0,0.5666666666666667,0.85
2033,0,538,8,0.23361551761627197,0.0,0.3787493174010808,0.0,0.23361551761627197,0.5714285714285714,1.0,0.5714285714285714,1.0
2033,0,539,2,0.02011774480342865,0.017662733793258667,0.03942802463031328,0.7142857142857143,0.015409363061189651,1.0,0.5,0.425,0.2125
2033,0,539,4,0.01675444096326828,0.01666732132434845,0.03294750824922534,0.4285714285714286,0.03989252708852291,0.75,0.75,0.5625,0.5625
2033,0,539,6,0.1992489993572235,0.0,0.33228962369619236,0.1428571428571429,0.15285169668495655,0.6666666666666666,1.0,0.5666666666666667,0.85
2033,0,539,8,0.1992489993572235,0.0,0.33228962369619236,0.0,0.1992489993572235,0.5714285714285714,1.0,0.5714285714285714,1.0
2033,0,540,2,0.00820016860961914,0.004136323928833008,0.016266396005076626,0.7142857142857143,0.02191021144390106,1.0,0.5,0.6,0.3
2033,0,540,4,0.007153570652008057,0.01955580711364746,0.014203508884092587,0.4285714285714286,0.015038037300109863,1.0,1.0,0.5625,0.5625
2033,0,540,6,0.007153570652008057,0.0,0.014205521105141889,0.1428571428571429,0.013890308141708375,0.6666666666666666,1.0,0.6083333333333332,0.9125
2033,0,540,8,0.007153570652008057,0.0,0.014205521105141889,0.0,0.007153570652008057,0.5714285714285714,1.0,0.5714285714285714,1.0
2033,0,546,2,0.23254558444023132,0.008663229644298553,0.37672083061920797,0.5,0.060892628878355025,1.0,0.5,1.0,0.5
2033,0,546,4,0.23254558444023132,0.0,0.37734196183233815,0.0,0.23254558444023132,1.0,1.0,1.0,1.0
2033,0,546,6,0.23254558444023132,0.0,0.37734196183233815,0.0,0.23254558444023132,1.0,1.0,1.0,1.0
2033,0,546,8,0.23254558444023132,0.0,0.37734196183233815,0.0,0.23254558444023132,1.0,1.0,1.0,1.0
2033,0,548,2,0.005597643554210663,0.007014460861682892,0.01113253096771503,0.5,0.037205503508448604,1.0,0.5,1.0,0.5
2033,0,548,4,0.22389736771583557,0.0,0.36587605075692925,0.0,0.22389736771583557,1.0,1.0,1.0,1.0
2033,0,548,6,0.22389736771583557,0.0,0.36587605075692925,0.0,0.22389736771583557,1.0,1.0,1.0,1.0
2033,0,548,8,0.22389736771583557,0.0,0.36587605075692925,0.0,0.22389736771583557,1.0,1.0,1.0,1.0
2033,0,556,2,0.00508388876914978,0.1493409425020218,0.01010737172337621,0.8,0.014023926854133607,0.5,0.25,0.4,0.2
2033,0,556,4,0.004308849573135376,0.1493409425020218,0.008574267844369581,0.6,0.05355116650462151,0.25,0.25,0.4375,0.4375
2033,0,556,6,0.1493409425020218,0.008747503161430359,0.2595746688161511,0.4,0.05022266656160355,0.5,0.75,0.41666666666666663,0.625
2033,0,556,8,0.1493409425020218,0.0,0.25987230938962064,0.19999999999999996,0.10266720205545425,0.5,1.0,0.425,0.85
2033,0,557,2,0.1333659291267395,0.06066626310348511,0.2335697876102074,0.8,0.020460206270217895,1.0,0.5,0.45,0.225
2033,0,557,4,0.1333659291267395,0.014382362365722656,0.23494145206668787,0.6,0.02946503460407257,0.75,0.75,0.4375,0.4375
2033,0,557,6,0.1333659291267395,0.003422290086746216,0.23524980828689837,0.4,0.05241944640874863,0.6666666666666666,1.0,0.41666666666666663,0.625
2033,0,557,8,0.1333659291267395,0.0,0.23534487088296044,0.19999999999999996,0.09189355820417404,0.5,1.0,0.425,0.85
2033,0,560,2,0.1570385843515396,0.019898295402526855,0.270703246919113,0.8,0.005286744795739651,1.0,0.5,0.325,0.1625
2033,0,560,4,0.1570385843515396,0.00855935737490654,0.2711314777478219,0.6,0.011307513900101184,0.75,0.75,0.3875,0.3875
2033,0,560,6,0.1570385843515396,0.0007927343249320984,0.2714199483989923,0.4,0.04115316532552242,0.6666666666666666,1.0,0.37499999999999994,0.5625
2033,0,560,8,0.1570385843515396,0.0,0.2714491746004333,0.19999999999999996,0.1360051093623042,0.5,1.0,0.425,0.85
2033,0,561,2,0.23732808232307434,0.009201839566230774,0.382931687636826,0.8,0.01481962502002716,1.0,0.5,0.5,0.25
2033,0,561,4,0.23732808232307434,0.005643665790557861,0.3831966675491324,0.6,0.026977119594812395,0.5,0.5,0.325,0.325
2033,0,561,6,0.23732808232307434,0.0042497217655181885,0.383300058723278,0.4,0.06389138922095298,0.5,0.75,0.35833333333333334,0.5375
2033,0,561,8,0.23732808232307434,0.0,0.38361383001587196,0.19999999999999996,0.16764138601720333,0.5,1.0,0.4,0.8
2033,0,564,2,0.11998772621154785,0.0005010664463043213,0.21425463776964296,0.7142857142857143,0.021495112776756288,1.0,0.5,0.65,0.325
2033,0,564,4,0.11998772621154785,5.951523780822754e-05,0.21426477864892654,0.4285714285714286,0.05546772927045822,0.75,0.75,0.575,0.575
2033,0,564,6,0.11998772621154785,0.0,0.21426614489324158,0.1428571428571429,0.11711852550506592,0.6666666666666666,1.0,0.575,0.8625
2033,0,564,8,0.11998772621154785,0.0,0.21426614489324158,0.0,0.11998772621154785,0.5714285714285714,1.0,0.5714285714285714,1.0
2033,0,567,2,0.0047166720032691956,0.0016684681177139282,0.009388985231555805,0.8,0.011631640791893005,1.0,0.5,0.35,0.175
2033,0,567,4,0.19467708468437195,0.004431292414665222,0.32567124345991066,0.6,0.053331928327679634,0.75,0.75,0.475,0.475
2033,0,567,6,0.19467708468437195,0.003052540123462677,0.3257449268867988,0.4,0.04273217655718327,0.5,0.75,0.36666666666666664,0.55
2033,0,567,8,0.19467708468437195,0.0,0.3259074559646462,0.19999999999999996,0.11073371171951293,0.5,1.0,0.3625,0.725
2033,0,568,2,0.09449002146720886,0.07390844821929932,0.1714834225938018,0.5,0.0698540449142456,1.0,0.5,1.0,0.5
2033,0,568,4,0.08047610521316528,0.0,0.1489641553846085,0.0,0.08047610521316528,1.0,1.0,1.0,1.0
2033,0,568,6,0.08047610521316528,0.0,0.1489641553846085,0.0,0.08047610521316528,1.0,1.0,1.0,1.0
2033,0,568,8,0.08047610521316528,0.0,0.1489641553846085,0.0,0.08047610521316528,1.0,1.0,1.0,1.0
2033,0,573,2,0.031360507011413574,0.01608937978744507,0.060783637151484354,0.7142857142857143,0.005692717432975769,1.0,0.5,0.525,0.2625
2033,0,573,4,0.16293498873710632,0.004347085952758789,0.28004210288487746,0.4285714285714286,0.06533627361059188,1.0,1.0,0.5125,0.5125
2033,0,573,6,0.16293498873710632,0.0,0.2802134088579555,0.1428571428571429,0.10247865915298462,0.6666666666666666,1.0,0.5499999999999999,0.825
2033,0,573,8,0.16293498873710632,0.0,0.2802134088579555,0.0,0.16293498873710632,0.5714285714285714,1.0,0.5714285714285714,1.0
2033,0,584,2,0.07920664548873901,0.05621790885925293,0.1461478720829374,0.8,0.04077894240617752,1.0,0.5,0.375,0.1875
2033,0,584,4,0.0927194356918335,0.003874540328979492,0.16964802037885576,0.6,0.06346353590488434,0.75,0.75,0.475,0.475
2033,0,584,6,0.0927194356918335,0.0012119710445404053,0.1696865397992192,0.4,0.06723366826772689,0.6666666666666666,1.0,0.3666666666666666,0.55
2033,0,584,8,0.0927194356918335,0.0,0.1697040112279691,0.19999999999999996,0.08592768758535385,0.5,1.0,0.44375,0.8875
2033,0,586,2,0.010647408664226532,0.012256905436515808,0.02106771718898551,0.8,0.012590384110808372,1.0,0.5,0.35,0.175
2033,0,586,4,0.19485849887132645,0.007351629436016083,0.32576817258690055,0.6,0.04493206404149532,0.75,0.75,0.475,0.475
2033,0,586,6,0.19485849887132645,0.002460755407810211,0.32603047235206123,0.4,0.056710006296634675,0.6666666666666666,1.0,0.36666666666666664,0.55
2033,0,586,8,0.19485849887132645,0.0,0.3261616317838329,0.19999999999999996,0.1319290466606617,0.5,1.0,0.4,0.8
2033,0,589,2,0.17985593527555466,0.026237942278385162,0.3036306414957233,0.8,0.007893814146518708,1.0,0.5,0.4,0.2
2033,0,589,4,0.17985593527555466,0.0011063739657402039,0.30482632316155256,0.6,0.05579391457140446,1.0,1.0,0.4375,0.4375
2033,0,589,6,0.17985593527555466,0.00012121349573135376,0.3048721564075059,0.4,0.049283108487725255,0.6666666666666666,1.0,0.3416666666666667,0.5125
2033,0,589,8,0.17985593527555466,0.0,0.3048777904118428,0.19999999999999996,0.0933568149805069,0.5,1.0,0.4,0.8
2034,0,4,2,0.08619371056556702,0.017315596342086792,0.15848619957518884,0.7142857142857143,0.01397810373455286,1.0,0.5,0.575,0.2875
2034,0,4,4,0.08619371056556702,0.0020791813731193542,0.15868157079704648,0.4285714285714286,0.04120259992778301,1.0,1.0,0.575,0.575
2034,0,4,6,0.08619371056556702,0.0,0.15870780640165383,0.1428571428571429,0.05386771261692047,0.6666666666666666,1.0,0.5333333333333333,0.8
2034,0,4,8,0.08619371056556702,0.0,0.15870780640165383,0.0,0.08619371056556702,0.5714285714285714,1.0,0.5714285714285714,1.0
2034,0,6,2,0.12062054872512817,0.009144425392150879,0.2150609277294313,0.5,0.06811552420258522,1.0,0.5,1.0,0.5
2034,0,6,4,0.12062054872512817,0.0,0.2152745616923622,0.0,0.12062054872512817,1.0,1.0,1.0,1.0
2034,0,6,6,0.12062054872512817,0.0,0.2152745616923622,0.0,0.12062054872512817,1.0,1.0,1.0,1.0
2034,0,6,8,0.12062054872512817,0.0,0.2152745616923622,0.0,0.12062054872512817,1.0,1.0,1.0,1.0
2034,0,7,2,0.06853896379470825,0.09396716952323914,0.1274376125594418,0.875,0.02308838665485382,1.0,0.5,0.3,0.15
2034,0,7,4,0.07234061509370804,0.09262916445732117,0.1339981569442959,0.75,0.040447472035884856,0.75,0.75,0.275,0.275
2034,0,7,6,0.07234061509370804,0.09221464395523071,0.13400267509095767,0.625,0.029213329404592515,0.5,0.75,0.20833333333333331,0.3125
2034,0,7,8,0.0881909728050232,0.001142069697380066,0.1620722900608587,0.5,0.06898202598094941,0.5,1.0,0.29375,0.5875
2034,0,8,2,0.09673242270946503,0.00015772879123687744,0.17639868174555898,0.7142857142857143,0.01471647024154663,1.0,0.5,0.45,0.225
2034,0,8,4,0.09673242270946503,0.0012062564492225647,0.1763823477270952,0.4285714285714286,0.0553125187754631,0.75,0.75,0.6125,0.6125
2034,0,8,6,0.09673242270946503,0.0,0.1764011361503997,0.1428571428571429,0.07488754242658616,0.6666666666666666,1.0,0.5666666666666667,0.85
2034,0,8,8,0.09673242270946503,0.0,0.1764011361503997,0.0,0.09673242270946503,0.5714285714285714,1.0,0.5714285714285714,1.0
2034,0,10,2,0.02671663463115692,0.02770233154296875,0.05200430360324714,0.5,0.03633127883076668,1.0,0.5,1.0,0.5
2034,0,10,4,0.08959166705608368,0.0,0.16444998574217656,0.0,0.08959166705608368,1.0,1.0,1.0,1.0
2034,0,10,6,0.08959166705608368,0.0,0.16444998574217656,0.0,0.08959166705608368,1.0,1.0,1.0,1.0
2034,0,10,8,0.08959166705608368,0.0,0.16444998574217656,0.0,0.08959166705608368,1.0,1.0,1.0,1.0
2034,0,11,2,0.02707090973854065,0.007185995578765869,0.052704727617210116,0.7142857142857143,0.010312344133853912,1.0,0.5,0.525,0.2625
2034,0,11,4,0.07990801334381104,0.0025114715099334717,0.14796284107095758,0.4285714285714286,0.03544191345572471,0.75,0.75,0.5625,0.5625
2034,0,11,6,0.07990801334381104,0.0,0.1479904072503084,0.1428571428571429,0.07067363187670708,0.6666666666666666,1.0,0.5833333333333333,0.875
2034,0,11,8,0.07990801334381104,0.0,0.1479904072503084,0.0,0.07990801334381104,0.5714285714285714,1.0,0.5714285714285714,1.0
2034,0,14,2,0.11585567891597748,0.005860224366188049,0.20752650503446993,0.8,0.010102152079343795,1.0,0.5,0.375,0.1875
2034,0,14,4,0.11585567891597748,0.005012243986129761,0.20754496693469995,0.6,0.018739353865385056,0.75,0.75,0.4,0.4
2034,0,14,6,0.11585567891597748,0.0001981109380722046,0.20764924644161142,0.4,0.04228093549609184,0.6666666666666666,1.0,0.4166666666666667,0.625
2034,0,14,8,0.11585567891597748,0.0,0.20765351847028826,0.19999999999999996,0.07379290908575058,0.5,1.0,0.4,0.8
2034,0,15,2,0.0026093721389770508,0.05090898275375366,0.00520443552483051,0.7142857142857143,0.01698204278945923,0.5,0.25,0.6,0.3
2034,0,15,4,0.05050364136695862,0.019627124071121216,0.0960588378939609,0.4285714285714286,0.0362445130944252,0.75,0.75,0.525,0.525
2034,0,15,6,0.05090898275375366,0.0,0.09688561728791031,0.1428571428571429,0.050129237771034243,0.6666666666666666,1.0,0.575,0.8625
2034,0,15,8,0.05090898275375366,0.0,0.09688561728791031,0.0,0.05090898275375366,0.5714285714285714,1.0,0.5714285714285714,1.0
2034,0,17,2,0.040942758321762085,0.018036216497421265,0.07860797487317918,0.7142857142857143,0.029478009045124053,1.0,0.5,0.65,0.325
2034,0,17,4,0.12040640413761139,0.003746435046195984,0.2148466188198131,0.4285714285714286,0.036014045029878615,0.75,0.75,0.5125,0.5125
2034,0,17,6,0.12040640413761139,0.0,0.2149334450302245,0.1428571428571429,0.09633319079875946,0.6666666666666666,1.0,0.5999999999999999,0.9
2034,0,17,8,0.12040640413761139,0.0,0.2149334450302245,0.0,0.12040640413761139,0.5714285714285714,1.0,0.5714285714285714,1.0
2034,0,23,2,0.011587649583816528,0.01575123518705368,0.02290562912758203,0.7142857142857143,0.007193497940897941,1.0,0.5,0.525,0.2625
2034,0,23,4,0.11361987888813019,0.001836530864238739,0.20401674962184077,0.4285714285714286,0.046546535938978194,0.75,0.75,0.6,0.6
2034,0,23,6,0.11361987888813019,0.0,0.2040550479425197,0.1428571428571429,0.08705225251615048,0.6666666666666666,1.0,0.5833333333333333,0.875
2034,0,23,8,0.11361987888813019,0.0,0.2040550479425197,0.0,0.11361987888813019,0.5714285714285714,1.0,0.5714285714285714,1.0
2034,0,36,2,0.018247418105602264,0.021137289702892303,0.035826969627492156,0.7142857142857143,0.01367168128490448,1.0,0.5,0.4,0.2
2034,0,36,4,0.10113071650266647,0.00020860880613327026,0.18368169562183792,0.4285714285714286,0.05178920701146126,1.0,1.0,0.5625,0.5625
2034,0,36,6,0.10113071650266647,0.0,0.1836852155461991,0.1428571428571429,0.09352461881935596,0.6666666666666666,1.0,0.575,0.8625
2034,0,36,8,0.10113071650266647,0.0,0.1836852155461991,0.0,0.10113071650266647,0.5714285714285714,1.0,0.5714285714285714,1.0
2034,0,37,2,0.012099198997020721,0.012207858264446259,0.023905584944450966,0.5,0.03160444609820843,1.0,0.5,1.0,0.5
2034,0,37,4,0.11462702602148056,0.0,0.20567781570957805,0.0,0.11462702602148056,1.0,1.0,1.0,1.0
2034,0,37,6,0.11462702602148056,0.0,0.20567781570957805,0.0,0.11462702602148056,1.0,1.0,1.0,1.0
2034,0,37,8,0.11462702602148056,0.0,0.20567781570957805,0.0,0.11462702602148056,1.0,1.0,1.0,1.0
2034,0,39,2,0.01039285957813263,0.004397481679916382,0.020570983517148412,0.8,0.0038617730140686037,1.0,0.5,0.375,0.1875
2034,0,39,4,0.13237791508436203,0.005953684449195862,0.23364159820267125,0.6,0.038462089747190474,1.0,1.0,0.475,0.475
2034,0,39,6,0.13237791508436203,0.0036500170826911926,0.23370510052324023,0.4,0.03134464994072914,0.6666666666666666,1.0,0.38333333333333325,0.575
2034,0,39,8,0.13237791508436203,0.0,0.2338051869803552,0.19999999999999996,0.06166534833610058,0.5,1.0,0.4,0.8
2034,0,43,2,0.0026249289512634277,0.014164239168167114,0.005235916524644255,0.5,0.02327290177345276,1.0,0.5,1.0,0.5
2034,0,43,4,0.0869230329990387,0.0,0.15994330851412839,0.0,0.0869230329990387,1.0,1.0,1.0,1.0
2034,0,43,6,0.0869230329990387,0.0,0.15994330851412839,0.0,0.0869230329990387,1.0,1.0,1.0,1.0
2034,0,43,8,0.0869230329990387,0.0,0.15994330851412839,0.0,0.0869230329990387,1.0,1.0,1.0,1.0
2034,0,52,2,0.017854437232017517,0.03108838200569153,0.03506276198948515,0.5,0.04200965091586113,1.0,0.5,1.0,0.5
2034,0,52,4,0.12864379584789276,0.0,0.2279617295043016,0.0,0.12864379584789276,1.0,1.0,1.0,1.0
2034,0,52,6,0.12864379584789276,0.0,0.2279617295043016,0.0,0.12864379584789276,1.0,1.0,1.0,1.0
2034,0,52,8,0.12864379584789276,0.0,0.2279617295043016,0.0,0.12864379584789276,1.0,1.0,1.0,1.0
2034,0,53,2,0.07430634647607803,0.014514781534671783,0.1381928456741147,0.5,0.03911758661270141,1.0,0.5,1.0,0.5
2034,0,53,4,0.07430634647607803,0.0,0.13833362656716397,0.0,0.07430634647607803,1.0,1.0,1.0,1.0
2034,0,53,6,0.07430634647607803,0.0,0.13833362656716397,0.0,0.07430634647607803,1.0,1.0,1.0,1.0
2034,0,53,8,0.07430634647607803,0.0,0.13833362656716397,0.0,0.07430634647607803,1.0,1.0,1.0,1.0
2034,0,54,2,0.07991211116313934,0.012993402779102325,0.14785340306822642,0.8,0.011923218332231044,1.0,0.5,0.35,0.175
2034,0,54,4,0.07991211116313934,0.00944364070892334,0.14789309929592864,0.6,0.01901377448812127,0.5,0.5,0.4,0.4
2034,0,54,6,0.07991211116313934,0.0012765787541866302,0.14798343770779315,0.4,0.03912494657561183,0.5,0.75,0.3833333333333333,0.575
2034,0,54,8,0.07991211116313934,0.0,0.14799743485989525,0.19999999999999996,0.06257284469902516,0.5,1.0,0.36875,0.7375
2034,0,57,2,0.11539111286401749,0.005452431738376617,0.20678971307050156,0.8,0.02091628424823284,1.0,0.5,0.45,0.225
2034,0,57,4,0.11539111286401749,0.009879134595394135,0.20669364199536544,0.6,0.054875700175762175,0.5,0.5,0.4375,0.4375
2034,0,57,6,0.11539111286401749,0.0038249939680099487,0.20682484037479873,0.4,0.06104682423174381,0.5,0.75,0.4,0.6
2034,0,57,8,0.11539111286401749,0.0,0.20690699707607468,0.19999999999999996,0.07695689834654332,0.5,1.0,0.375,0.75
2034,0,59,2,0.003621816635131836,0.007260262966156006,0.007217302355165204,0.8,0.005400951206684113,1.0,0.5,0.425,0.2125
2034,0,59,4,0.08516308665275574,0.0030937492847442627,0.15692083766248122,0.6,0.01846563518047333,0.75,0.75,0.4,0.4
2034,0,59,6,0.08516308665275574,6.985664367675781e-05,0.15695819509378842,0.4,0.027611318230628967,0.6666666666666666,1.0,0.3833333333333333,0.575
2034,0,59,8,0.08516308665275574,0.0,0.15695905564839271,0.19999999999999996,0.054236693680286406,0.5,1.0,0.425,0.85
2034,0,62,2,0.01202535629272461,0.012757062911987305,0.023761282419547072,0.5,0.041995749622583387,1.0,0.5,1.0,0.5
2034,0,62,4,0.1356937140226364,0.0,0.23896181223370197,0.0,0.1356937140226364,1.0,1.0,1.0,1.0
2034,0,62,6,0.1356937140226364,0.0,0.23896181223370197,0.0,0.1356937140226364,1.0,1.0,1.0,1.0
2034,0,62,8,0.1356937140226364,0.0,0.23896181223370197,0.0,0.1356937140226364,1.0,1.0,1.0,1.0
2034,0,70,2,0.07718058675527573,0.016579240560531616,0.14312821969004053,0.5,0.015670016407966614,1.0,0.5,1.0,0.5
2034,0,70,4,0.07718058675527573,0.0,0.14330110977540364,0.0,0.07718058675527573,1.0,1.0,1.0,1.0
2034,0,70,6,0.07718058675527573,0.0,0.14330110977540364,0.0,0.07718058675527573,1.0,1.0,1.0,1.0
2034,0,70,8,0.07718058675527573,0.0,0.14330110977540364,0.0,0.07718058675527573,1.0,1.0,1.0,1.0
2034,0,78,2,0.07177713513374329,0.022600598633289337,0.13373331650275203,0.7142857142857143,0.019454128853976727,1.0,0.5,0.725,0.3625
2034,0,78,4,0.07177713513374329,6.727129220962524e-05,0.13393980780552786,0.4285714285714286,0.03392331004142761,0.75,0.75,0.5875,0.5875
2034,0,78,6,0.07177713513374329,0.0,0.13394041126803188,0.1428571428571429,0.05249102115631103,0.6666666666666666,1.0,0.5499999999999999,0.825
2034,0,78,8,0.07177713513374329,0.0,0.13394041126803188,0.0,0.07177713513374329,0.5714285714285714,1.0,0.5714285714285714,1.0
2034,0,80,2,0.015596896409988403,0.020396992564201355,0.03070491982735721,0.8947368421052632,0.00472789779305458,1.0,0.5,0.25,0.125
2034,0,80,4,0.015596896409988403,0.02614961564540863,0.03070207753134428,0.7894736842105263,0.016412802785634995,0.5,0.5,0.2375,0.2375
2034,0,80,6,0.14491988718509674,0.00034242868423461914,0.2531419108123199,0.6842105263157895,0.03249138072133064,0.5,0.75,0.21666666666666665,0.325
2034,0,80,8,0.14491988718509674,0.0038151592016220093,0.25303022799515595,0.5789473684210527,0.033388175815343854,0.375,0.75,0.1875,0.375
2034,0,93,2,0.015916451811790466,0.004533752799034119,0.031331939075691526,0.7142857142857143,0.008163987845182418,1.0,0.5,0.7,0.35
2034,0,93,4,0.015475243330001831,0.0012874454259872437,0.030478220760891687,0.4285714285714286,0.028515710681676864,0.75,0.75,0.575,0.575
2034,0,93,6,0.07343120872974396,0.0,0.1368158632477987,0.1428571428571429,0.06058334037661552,0.6666666666666666,1.0,0.5916666666666666,0.8875
2034,0,93,8,0.07343120872974396,0.0,0.1368158632477987,0.0,0.07343120872974396,0.5714285714285714,1.0,0.5714285714285714,1.0
2034,0,97,2,0.05026012659072876,0.013672590255737305,0.09564641428918719,0.8,0.019500648975372313,1.0,0.5,0.4,0.2
2034,0,97,4,0.13055622577667236,0.029598653316497803,0.2301486278503818,0.6,0.033923986554145816,0.75,0.75,0.4125,0.4125
2034,0,97,6,0.013672590255737305,0.0007571876049041748,0.02697606829576132,0.4,0.0479198157787323,0.6666666666666666,1.0,0.38333333333333325,0.575
2034,0,97,8,0.013672590255737305,0.0,0.026976344013184526,0.19999999999999996,0.024230319261550903,0.5,1.0,0.4125,0.825
2034,0,103,2,0.022358298301696777,0.006702452898025513,0.04373222083238822,0.8,0.007340331375598907,1.0,0.5,0.375,0.1875
2034,0,103,4,0.05206289887428284,0.0012334883213043213,0.09896692912160665,0.6,0.016202886402606965,1.0,1.0,0.4125,0.4125
2034,0,103,6,0.05206289887428284,1.0609626770019531e-05,0.09897292565865742,0.4,0.037473301589488986,0.6666666666666666,1.0,0.4749999999999999,0.7125
2034,0,103,8,0.05206289887428284,0.0,0.09897297762327828,0.19999999999999996,0.039849969744682315,0.5,1.0,0.3875,0.775
2034,0,112,2,0.08351041376590729,0.016367696225643158,0.1539504310558345,0.875,0.003911010921001434,1.0,0.5,0.2,0.1
2034,0,112,4,0.08351041376590729,0.010798193514347076,0.15401829232117334,0.75,0.01781224086880684,0.5,0.5,0.2625,0.2625
2034,0,112,6,0.08351041376590729,0.0016848817467689514,0.1541278258398751,0.625,0.022475157491862775,0.6666666666666666,1.0,0.23333333333333334,0.35
2034,0,112,8,0.08351041376590729,0.000249423086643219,0.15414491070778133,0.5,0.021437673643231393,0.5,1.0,0.1875,0.375
2034,0,118,2,0.019998997449874878,0.020359933376312256,0.039197786277709215,0.8,0.010458481311798096,1.0,0.5,0.425,0.2125
2034,0,118,4,0.019998997449874878,0.011333972215652466,0.039204946882828134,0.6,0.02129267305135727,0.75,0.75,0.3875,0.3875
2034,0,118,6,0.019998997449874878,0.004063010215759277,0.03921062265577798,0.4,0.03008742779493332,0.6666666666666666,1.0,0.4083333333333333,0.6125
2034,0,118,8,0.019998997449874878,0.0,0.03921375903285175,0.19999999999999996,0.031227916479110718,0.5,1.0,0.3875,0.775
2034,0,119,2,0.14211595058441162,0.011755362153053284,0.24849650200997794,0.8,0.011301306635141372,1.0,0.5,0.475,0.2375
2034,0,119,4,0.14211595058441162,0.006681613624095917,0.2486561875356062,0.6,0.04042963758111,0.75,0.75,0.4,0.4
2034,0,119,6,0.14211595058441162,0.0006182044744491577,0.24884515865559656,0.4,0.07109081000089645,0.6666666666666666,1.0,0.45,0.675
2034,0,119,8,0.14211595058441162,0.0,0.2488643127901191,0.19999999999999996,0.09055470488965511,0.5,1.0,0.38125,0.7625
2034,0,121,2,0.11392178386449814,0.010882358998060226,0.2043119104803156,0.7142857142857143,0.007805657386779785,1.0,0.5,0.625,0.3125
2034,0,121,4,0.11392178386449814,0.0021847039461135864,0.20449600997762182,0.4285714285714286,0.034446817636489865,0.75,0.75,0.5875,0.5875
2034,0,121,6,0.11392178386449814,0.0,0.20454180089606008,0.1428571428571429,0.08413262907415628,0.6666666666666666,1.0,0.5833333333333333,0.875
2034,0,121,8,0.11392178386449814,0.0,0.20454180089606008,0.0,0.11392178386449814,0.5714285714285714,1.0,0.5714285714285714,1.0
2034,0,136,2,0.08582749217748642,0.015950366854667664,0.15788450877581917,0.7142857142857143,0.023084446042776107,1.0,0.5,0.5,0.25
2034,0,136,4,0.08582749217748642,0.006701178848743439,0.15800253547574247,0.4285714285714286,0.03307760283350945,1.0,1.0,0.5,0.5
2034,0,136,6,0.08582749217748642,0.0,0.15808679149460564,0.1428571428571429,0.07497922498732805,0.6666666666666666,1.0,0.575,0.8625
2034,0,136,8,0.08582749217748642,0.0,0.15808679149460564,0.0,0.08582749217748642,0.5714285714285714,1.0,0.5714285714285714,1.0
2034,0,141,2,0.12783494591712952,0.01058468222618103,0.22641633257592647,0.5,0.037119874730706215,1.0,0.5,1.0,0.5
2034,0,141,4,0.12783494591712952,0.0,0.22669087596532503,0.0,0.12783494591712952,1.0,1.0,1.0,1.0
2034,0,141,6,0.12783494591712952,0.0,0.22669087596532503,0.0,0.12783494591712952,1.0,1.0,1.0,1.0
2034,0,141,8,0.12783494591712952,0.0,0.22669087596532503,0.0,0.12783494591712952,1.0,1.0,1.0,1.0
2034,0,152,2,0.018041782081127167,0.015505906194448471,0.035434199070207145,0.5,0.03242324888706207,1.0,0.5,1.0,0.5
2034,0,152,4,0.07520928978919983,0.0,0.13989702377654306,0.0,0.07520928978919983,1.0,1.0,1.0,1.0
2034,0,152,6,0.07520928978919983,0.0,0.13989702377654306,0.0,0.07520928978919983,1.0,1.0,1.0,1.0
2034,0,152,8,0.07520928978919983,0.0,0.13989702377654306,0.0,0.07520928978919983,1.0,1.0,1.0,1.0
2034,0,154,2,0.03498537838459015,0.05001808702945709,0.06748544236035565,0.7142857142857143,0.02699751779437065,1.0,0.5,0.55,0.275
2034,0,154,4,0.046477898955345154,0.04595060646533966,0.08863768463678408,0.4285714285714286,0.04409964010119438,0.75,0.75,0.5625,0.5625
2034,0,154,6,0.10406608879566193,0.0,0.18851423814525337,0.1428571428571429,0.08406835794448853,0.6666666666666666,1.0,0.55,0.825
2034,0,154,8,0.10406608879566193,0.0,0.18851423814525337,0.0,0.10406608879566193,0.5714285714285714,1.0,0.5714285714285714,1.0
2034,0,156,2,0.08661352843046188,0.01819126307964325,0.1591841010924736,0.875,0.005023317411541939,1.0,0.5,0.175,0.0875
2034,0,156,4,0.08661352843046188,0.01414152979850769,0.15923712832806908,0.75,0.02490615174174309,0.5,0.5,0.2625,0.2625
2034,0,156,6,0.08661352843046188,0.00034424662590026855,0.1594148218417913,0.625,0.02194624748080969,0.6666666666666666,1.0,0.24999999999999994,0.375
2034,0,156,8,0.08661352843046188,0.0008594244718551636,0.15940826809499076,0.5,0.032017957046628,0.5,1.0,0.2625,0.525
2034,0,162,2,0.016762491315603256,0.013184241950511932,0.03296502407235286,0.5,0.01945909485220909,1.0,0.5,1.0,0.5
2034,0,162,4,0.08131182193756104,0.0,0.15039477103258062,0.0,0.08131182193756104,1.0,1.0,1.0,1.0
2034,0,162,6,0.08131182193756104,0.0,0.15039477103258062,0.0,0.08131182193756104,1.0,1.0,1.0,1.0
2034,0,162,8,0.08131182193756104,0.0,0.15039477103258062,0.0,0.08131182193756104,1.0,1.0,1.0,1.0
2034,0,171,2,0.10648597031831741,0.01029878854751587,0.19228339024450944,0.875,0.0016341216862201691,1.0,0.5,0.2,0.1
2034,0,171,4,0.10648597031831741,0.007645420730113983,0.19233334684086886,0.75,0.008138302341103553,0.5,0.5,0.2125,0.2125
2034,0,171,6,0.10648597031831741,0.005039535462856293,0.19238217518676692,0.625,0.05166418571025133,0.5,0.75,0.32499999999999996,0.4875
2034,0,171,8,0.10648597031831741,0.0012197941541671753,0.19245333232458692,0.5,0.022168116457760335,0.5,1.0,0.25,0.5
2034,0,175,2,0.10403367877006531,0.019281573593616486,0.1881125563154349,0.5,0.029487127810716628,1.0,0.5,1.0,0.5
2034,0,175,4,0.10403367877006531,0.0,0.18846106014802502,0.0,0.10403367877006531,1.0,1.0,1.0,1.0
2034,0,175,6,0.10403367877006531,0.0,0.18846106014802502,0.0,0.10403367877006531,1.0,1.0,1.0,1.0
2034,0,175,8,0.10403367877006531,0.0,0.18846106014802502,0.0,0.10403367877006531,1.0,1.0,1.0,1.0
2034,0,177,2,0.08949107676744461,0.014774881303310394,0.164078399679132,0.5,0.026953156292438506,1.0,0.5,1.0,0.5
2034,0,177,4,0.08949107676744461,0.0,0.16428051349069794,0.0,0.08949107676744461,1.0,1.0,1.0,1.0
2034,0,177,6,0.08949107676744461,0.0,0.16428051349069794,0.0,0.08949107676744461,1.0,1.0,1.0,1.0
2034,0,177,8,0.08949107676744461,0.0,0.16428051349069794,0.0,0.08949107676744461,1.0,1.0,1.0,1.0
2034,0,178,2,0.11906748265028,0.00428878515958786,0.21270020330414482,0.8,0.004037944227457046,1.0,0.5,0.375,0.1875
2034,0,178,4,0.11906748265028,0.005250707268714905,0.21267823715994094,0.6,0.016134973615407944,0.75,0.75,0.4,0.4
2034,0,178,6,0.11906748265028,0.0010171383619308472,0.21277463068396707,0.4,0.046628886461257936,0.6666666666666666,1.0,0.3666666666666666,0.55
2034,0,178,8,0.11906748265028,0.0,0.21279768109836106,0.19999999999999996,0.08064343556761741,0.5,1.0,0.40625,0.8125
2034,0,186,2,0.006121926009654999,0.01866486296057701,0.0121679439530859,0.5,0.022427107393741607,1.0,0.5,1.0,0.5
2034,0,186,4,0.08234233409166336,0.0,0.1521558041259981,0.0,0.08234233409166336,1.0,1.0,1.0,1.0
2034,0,186,6,0.08234233409166336,0.0,0.1521558041259981,0.0,0.08234233409166336,1.0,1.0,1.0,1.0
2034,0,186,8,0.08234233409166336,0.0,0.1521558041259981,0.0,0.08234233409166336,1.0,1.0,1.0,1.0
2034,0,196,2,0.02669695019721985,0.028193578124046326,0.05196630952240685,0.7142857142857143,0.01518775224685669,1.0,0.5,0.525,0.2625
2034,0,196,4,0.08913801610469818,0.0032165199518203735,0.16364221946468055,0.4285714285714286,0.03762862682342529,1.0,1.0,0.55,0.55
2034,0,196,6,0.08913801610469818,0.0,0.16368543708262112,0.1428571428571429,0.06606287956237793,0.6666666666666666,1.0,0.575,0.8625
2034,0,196,8,0.08913801610469818,0.0,0.16368543708262112,0.0,0.08913801610469818,0.5714285714285714,1.0,0.5714285714285714,1.0
2034,0,197,2,0.10780619084835052,0.03058677911758423,0.19403428041358795,0.7142857142857143,0.01493154615163803,1.0,0.5,0.45,0.225
2034,0,197,4,0.10780619084835052,0.0008667409420013428,0.19461362736336466,0.4285714285714286,0.05758463032543659,0.75,0.75,0.5875,0.5875
2034,0,197,6,0.10780619084835052,0.0,0.19463005666323865,0.1428571428571429,0.0928636871278286,0.6666666666666666,1.0,0.5916666666666666,0.8875
2034,0,197,8,0.10780619084835052,0.0,0.19463005666323865,0.0,0.10780619084835052,0.5714285714285714,1.0,0.5714285714285714,1.0
2034,0,200,2,0.09752598404884338,0.016656070947647095,0.1774525929103329,0.7142857142857143,0.01243792474269867,1.0,0.5,0.6,0.3
2034,0,200,4,0.09752598404884338,0.0004131793975830078,0.17771315384928574,0.4285714285714286,0.028425762057304384,1.0,1.0,0.55,0.55
2034,0,200,6,0.09752598404884338,0.0,0.17771968129458549,0.1428571428571429,0.08243525065481663,0.6666666666666666,1.0,0.5666666666666667,0.85
2034,0,200,8,0.09752598404884338,0.0,0.17771968129458549,0.0,0.09752598404884338,0.5714285714285714,1.0,0.5714285714285714,1.0
2034,0,202,2,0.004954248666763306,0.05503574013710022,0.009856820100939329,0.7142857142857143,0.02526993453502655,0.5,0.25,0.525,0.2625
2034,0,202,4,0.028149127960205078,0.054585933685302734,0.0546704758038659,0.4285714285714286,0.047083880007267,0.75,0.75,0.5875,0.5875
2034,0,202,6,0.05503574013710022,0.0,0.10432962229307684,0.1428571428571429,0.05208259075880051,0.6666666666666666,1.0,0.55,0.825
2034,0,202,8,0.05503574013710022,0.0,0.10432962229307684,0.0,0.05503574013710022,0.5714285714285714,1.0,0.5714285714285714,1.0
2034,0,203,2,0.013341367244720459,0.03809121251106262,0.026317716182918095,0.8,0.02195250689983368,1.0,0.5,0.475,0.2375
2034,0,203,4,0.04440730810165405,0.00492522120475769,0.08502040168495666,0.6,0.02804708480834961,1.0,1.0,0.4,0.4
2034,0,203,6,0.04440730810165405,0.0007729530334472656,0.08503549758142957,0.4,0.038895800709724426,0.6666666666666666,1.0,0.4583333333333333,0.6875
2034,0,203,8,0.04440730810165405,0.0,0.08503829446075038,0.19999999999999996,0.04261406660079956,0.5,1.0,0.41875,0.8375
2034,0,208,2,0.08973550796508789,0.005471259355545044,0.16461769691669947,0.7142857142857143,0.009552721679210664,1.0,0.5,0.475,0.2375
2034,0,208,4,0.08973550796508789,0.0018970668315887451,0.1646664988525077,0.4285714285714286,0.051051083207130435,0.75,0.75,0.6125,0.6125
2034,0,208,6,0.08973550796508789,0.0,0.16469227130655775,0.1428571428571429,0.06429697871208191,0.6666666666666666,1.0,0.5583333333333333,0.8375
2034,0,208,8,0.08973550796508789,0.0,0.16469227130655775,0.0,0.08973550796508789,0.5714285714285714,1.0,0.5714285714285714,1.0
2034,0,223,2,0.01205422729253769,0.09823570400476456,0.023790438716678713,0.8,0.008507121726870537,1.0,0.5,0.375,0.1875
2034,0,223,4,0.09823570400476456,0.0025987327098846436,0.17885562140476247,0.6,0.025819837115705013,1.0,1.0,0.4375,0.4375
2034,0,223,6,0.09823570400476456,9.328126907348633e-05,0.17889581245559172,0.4,0.023051714710891246,0.6666666666666666,1.0,0.32499999999999996,0.4875
2034,0,223,8,0.09823570400476456,0.0,0.1788973052807221,0.19999999999999996,0.0791535023599863,0.5,1.0,0.40625,0.8125
2034,0,224,2,0.05076193809509277,0.015232980251312256,0.0965471455258196,0.8,0.015415368974208832,1.0,0.5,0.4,0.2
2034,0,224,4,0.05076193809509277,0.012131214141845703,0.09656200803099556,0.6,0.02316281646490097,0.5,0.5,0.3375,0.3375
2034,0,224,6,0.05076193809509277,0.005561023950576782,0.09659319860600243,0.4,0.04188881814479828,0.5,0.75,0.4583333333333333,0.6875
2034,0,224,8,0.05076193809509277,0.0,0.09661929359016976,0.19999999999999996,0.05218220055103302,0.5,1.0,0.4125,0.825
2034,0,227,2,0.15175047516822815,0.026283442974090576,0.26257890454558364,0.5,0.05089050680398941,1.0,0.5,1.0,0.5
2034,0,227,4,0.15175047516822815,0.0,0.2635127632937386,0.0,0.15175047516822815,1.0,1.0,1.0,1.0
2034,0,227,6,0.15175047516822815,0.0,0.2635127632937386,0.0,0.15175047516822815,1.0,1.0,1.0,1.0
2034,0,227,8,0.15175047516822815,0.0,0.2635127632937386,0.0,0.15175047516822815,1.0,1.0,1.0,1.0
2034,0,233,2,0.017926257103681564,0.01881180703639984,0.03520924317124579,0.5,0.024830233491957187,1.0,0.5,1.0,0.5
2034,0,233,4,0.08782602101564407,0.0,0.16147071189498793,0.0,0.08782602101564407,1.0,1.0,1.0,1.0
2034,0,233,6,0.08782602101564407,0.0,0.16147071189498793,0.0,0.08782602101564407,1.0,1.0,1.0,1.0
2034,0,233,8,0.08782602101564407,0.0,0.16147071189498793,0.0,0.08782602101564407,1.0,1.0,1.0,1.0
2034,0,236,2,0.09819448739290237,0.011758014559745789,0.17863891282551264,0.7142857142857143,0.002759699150919914,1.0,0.5,0.55,0.275
2034,0,236,4,0.09819448739290237,0.002027936279773712,0.17879647053622058,0.4285714285714286,0.027692912518978118,0.75,0.75,0.525,0.525
2034,0,236,6,0.09819448739290237,0.0,0.17882895702019894,0.1428571428571429,0.06306642293930054,0.6666666666666666,1.0,0.55,0.825
2034,0,236,8,0.09819448739290237,0.0,0.17882895702019894,0.0,0.09819448739290237,0.5714285714285714,1.0,0.5714285714285714,1.0
2034,0,237,2,0.003481358289718628,0.0888427197933197,0.006936214625482377,0.7142857142857143,0.04724636301398277,0.5,0.25,0.45,0.225
2034,0,237,4,0.07964780926704407,0.1039743721485138,0.14629173161927247,0.4285714285714286,0.07813962250947952,0.5,0.5,0.6,0.6
2034,0,237,6,0.0888427197933197,0.0,0.16318742492062308,0.1428571428571429,0.08911511823534965,0.6666666666666666,1.0,0.575,0.8625
2034,0,237,8,0.0888427197933197,0.0,0.16318742492062308,0.0,0.0888427197933197,0.5714285714285714,1.0,0.5714285714285714,1.0
2034,0,242,2,0.11970356106758118,0.010558292269706726,0.21356931182237932,0.8,0.0027462445199489594,1.0,0.5,0.5,0.25
2034,0,242,4,0.11970356106758118,0.0012824088335037231,0.2137836036535284,0.6,0.022863079607486726,1.0,1.0,0.475,0.475
2034,0,242,6,0.11970356106758118,0.002893880009651184,0.21374663087099885,0.4,0.051725094020366666,0.6666666666666666,1.0,0.39166666666666666,0.5875
2034,0,242,8,0.11970356106758118,0.0,0.21381295055175112,0.19999999999999996,0.09753370732069015,0.5,1.0,0.4375,0.875
2034,0,247,2,0.03609922528266907,0.03368690609931946,0.06959841455007736,0.8,0.022450336813926698,0.5,0.25,0.425,0.2125
2034,0,247,4,0.043662577867507935,0.03368690609931946,0.08354997429386575,0.6,0.034945517778396606,0.25,0.25,0.4375,0.4375
2034,0,247,6,0.07495301961898804,0.0012791752815246582,0.1394411197847671,0.4,0.04883837997913361,0.5,0.75,0.41666666666666663,0.625
2034,0,247,8,0.07495301961898804,0.0,0.1394535728557789,0.19999999999999996,0.0661404550075531,0.5,1.0,0.3875,0.775
2034,0,248,2,0.0014054924249649048,0.0013536065816879272,0.002807034236997426,0.8,0.0028068900108337404,1.0,0.5,0.4,0.2
2034,0,248,4,0.10923092067241669,0.0032629072666168213,0.1968854595936083,0.6,0.008591780066490173,0.75,0.75,0.35,0.35
2034,0,248,6,0.10923092067241669,0.0043211281299591064,0.1968647949407301,0.4,0.018595951795578002,0.6666666666666666,1.0,0.35833333333333334,0.5375
2034,0,248,8,0.10923092067241669,0.0,0.19694892855348967,0.19999999999999996,0.07070906087756157,0.5,1.0,0.39375,0.7875
2034,0,254,2,0.032159268856048584,0.014869451522827148,0.062285255640982425,0.7142857142857143,0.020892120897769928,0.5,0.25,0.7,0.35
2034,0,254,4,0.023204684257507324,0.00248640775680542,0.04535431270992691,0.4285714285714286,0.024600063264369965,0.5,0.5,0.625,0.625
2034,0,254,6,0.023204684257507324,0.0,0.04535687651654155,0.1428571428571429,0.02397950291633606,0.6666666666666666,1.0,0.5833333333333333,0.875
2034,0,254,8,0.023204684257507324,0.0,0.04535687651654155,0.0,0.023204684257507324,0.5714285714285714,1.0,0.5714285714285714,1.0
2034,0,258,2,0.0009732991456985474,0.12511464953422546,0.0019444351313313978,0.7142857142857143,0.012099214643239976,1.0,0.5,0.5,0.25
2034,0,258,4,0.12511464953422546,0.004676938056945801,0.22228722720185348,0.4285714285714286,0.04620905444025993,1.0,1.0,0.5,0.5
2034,0,258,6,0.12511464953422546,0.0,0.22240337833307988,0.1428571428571429,0.09295261204242707,0.6666666666666666,1.0,0.5666666666666667,0.85
2034,0,258,8,0.12511464953422546,0.0,0.22240337833307988,0.0,0.12511464953422546,0.5714285714285714,1.0,0.5714285714285714,1.0
2034,0,259,2,0.09368854761123657,0.01582496240735054,0.17109016601548524,0.5,0.03070008009672165,1.0,0.5,1.0,0.5
2034,0,259,4,0.09368854761123657,0.0,0.17132582729491866,0.0,0.09368854761123657,1.0,1.0,1.0,1.0
2034,0,259,6,0.09368854761123657,0.0,0.17132582729491866,0.0,0.09368854761123657,1.0,1.0,1.0,1.0
2034,0,259,8,0.09368854761123657,0.0,0.17132582729491866,0.0,0.09368854761123657,1.0,1.0,1.0,1.0
2034,0,262,2,0.021494321525096893,0.013568207621574402,0.042071897563691854,0.7142857142857143,0.01778011694550514,1.0,0.5,0.625,0.3125
2034,0,262,4,0.10154889523983002,0.000880897045135498,0.1843597547752625,0.4285714285714286,0.03552973382174969,0.75,0.75,0.5875,0.5875
2034,0,262,6,0.10154889523983002,0.0,0.1843747393849834,0.1428571428571429,0.06986366473138332,0.6666666666666666,1.0,0.5666666666666667,0.85
2034,0,262,8,0.10154889523983002,0.0,0.1843747393849834,0.0,0.10154889523983002,0.5714285714285714,1.0,0.5714285714285714,1.0
2034,0,271,2,0.038171470165252686,0.04421672224998474,0.07341109431310301,0.8461538461538461,0.008519300818443298,0.5,0.25,0.2,0.1
2034,0,271,4,0.011705100536346436,0.02455270290374756,0.023132616013092033,0.6923076923076923,0.021390447020530702,0.5,0.5,0.275,0.275
2034,0,271,6,0.07104626297950745,0.03154173493385315,0.1323810310166251,0.5384615384615384,0.020827068388462065,0.5,0.75,0.325,0.4875
2034,0,271,8,0.005783408880233765,0.0009871721267700195,0.011500241439712112,0.3846153846153846,0.01877509504556656,0.5,1.0,0.3125,0.625
2034,0,273,2,0.0014457553625106812,0.005457028746604919,0.002887313471553785,0.5,0.018357741460204125,1.0,0.5,1.0,0.5
2034,0,273,4,0.07156316936016083,0.0,0.13356780338557508,0.0,0.07156316936016083,1.0,1.0,1.0,1.0
2034,0,273,6,0.07156316936016083,0.0,0.13356780338557508,0.0,0.07156316936016083,1.0,1.0,1.0,1.0
2034,0,273,8,0.07156316936016083,0.0,0.13356780338557508,0.0,0.07156316936016083,1.0,1.0,1.0,1.0
2034,0,285,2,0.02709658443927765,0.013971537351608276,0.052743742886402586,0.5,0.03708189129829407,1.0,0.5,1.0,0.5
2034,0,285,4,0.10719642043113708,0.0,0.19363577853583613,0.0,0.10719642043113708,1.0,1.0,1.0,1.0
2034,0,285,6,0.10719642043113708,0.0,0.19363577853583613,0.0,0.10719642043113708,1.0,1.0,1.0,1.0
2034,0,285,8,0.10719642043113708,0.0,0.19363577853583613,0.0,0.10719642043113708,1.0,1.0,1.0,1.0
2034,0,290,2,0.028646573424339294,0.01917704939842224,0.05566729059561751,0.7142857142857143,0.015369220077991486,1.0,0.5,0.5,0.25
2034,0,290,4,0.12027864158153534,0.0037582814693450928,0.21464292971725307,0.4285714285714286,0.0367244578897953,1.0,1.0,0.475,0.475
2034,0,290,6,0.12027864158153534,0.0,0.21472986651202045,0.1428571428571429,0.1031818926334381,0.6666666666666666,1.0,0.5583333333333333,0.8375
2034,0,290,8,0.12027864158153534,0.0,0.21472986651202045,0.0,0.12027864158153534,0.5714285714285714,1.0,0.5714285714285714,1.0
2034,0,299,2,0.10325508564710617,0.020892441272735596,0.1868095418103597,0.8461538461538461,0.004201386868953705,1.0,0.5,0.3,0.15
2034,0,299,4,0.10325508564710617,0.013243518769741058,0.18694778675450638,0.6923076923076923,0.009132718294858932,0.5,0.5,0.3125,0.3125
2034,0,299,6,0.10325508564710617,0.011346451938152313,0.18698177416857326,0.5384615384615384,0.014548622071743011,0.5,0.75,0.2666666666666666,0.4
2034,0,299,8,0.10325508564710617,0.0016443952918052673,0.18715376379865228,0.3846153846153846,0.05731291137635708,0.5,1.0,0.3125,0.625
2034,0,302,2,0.02664095163345337,0.01211690902709961,0.05188274410629651,0.7142857142857143,0.011019209027290344,1.0,0.5,0.625,0.3125
2034,0,302,4,0.06080204248428345,0.0037799179553985596,0.11460917297103738,0.4285714285714286,0.023390902578830718,1.0,1.0,0.55,0.55
2034,0,302,6,0.06080204248428345,0.0,0.11463409769063349,0.1428571428571429,0.04137636572122574,0.6666666666666666,1.0,0.5916666666666666,0.8875
2034,0,302,8,0.06080204248428345,0.0,0.11463409769063349,0.0,0.06080204248428345,0.5714285714285714,1.0,0.5714285714285714,1.0
2034,0,306,2,0.010379612445831299,0.03034522384405136,0.020539362495447373,0.8,0.00915747471153736,0.5,0.25,0.425,0.2125
2034,0,306,4,0.09195902943611145,0.005951844155788422,0.16834456505109535,0.6,0.031182050704956055,0.75,0.75,0.4,0.4
2034,0,306,6,0.09195902943611145,0.007487133145332336,0.16832251762536302,0.4,0.054019225761294365,0.5,0.75,0.41666666666666663,0.625
2034,0,306,8,0.09195902943611145,0.0,0.16842945011151045,0.19999999999999996,0.08058777339756489,0.5,1.0,0.4375,0.875
2034,0,308,2,0.10685846209526062,0.00015179812908172607,0.19308140930088974,0.5,0.012146995216608048,1.0,0.5,1.0,0.5
2034,0,308,4,0.10685846209526062,0.0,0.19308423932176427,0.0,0.10685846209526062,1.0,1.0,1.0,1.0
2034,0,308,6,0.10685846209526062,0.0,0.19308423932176427,0.0,0.10685846209526062,1.0,1.0,1.0,1.0
2034,0,308,8,0.10685846209526062,0.0,0.19308423932176427,0.0,0.10685846209526062,1.0,1.0,1.0,1.0
2034,0,314,2,0.08706453442573547,0.020940005779266357,0.15990890422512324,0.8,0.005338872969150543,1.0,0.5,0.35,0.175
2034,0,314,4,0.08706453442573547,0.0009614825248718262,0.16017047967063144,0.6,0.021706770360469817,0.75,0.75,0.45,0.45
2034,0,314,6,0.08706453442573547,0.003042161464691162,0.1601436874721837,0.4,0.035336874425411224,0.6666666666666666,1.0,0.4083333333333333,0.6125
2034,0,314,8,0.08706453442573547,0.0,0.16018282570818876,0.19999999999999996,0.05993591099977493,0.5,1.0,0.38125,0.7625
2034,0,321,2,0.049941763281822205,0.024997636675834656,0.09501656912674135,0.5,0.05724498480558395,1.0,0.5,1.0,0.5
2034,0,321,4,0.10618218779563904,0.0,0.19197956533224456,0.0,0.10618218779563904,1.0,1.0,1.0,1.0
2034,0,321,6,0.10618218779563904,0.0,0.19197956533224456,0.0,0.10618218779563904,1.0,1.0,1.0,1.0
2034,0,321,8,0.10618218779563904,0.0,0.19197956533224456,0.0,0.10618218779563904,1.0,1.0,1.0,1.0
2034,0,330,2,0.026764392852783203,0.04042702913284302,0.05207627513235546,0.7142857142857143,0.012634798884391785,1.0,0.5,0.475,0.2375
2034,0,330,4,0.005992084741592407,0.017514169216156006,0.011911522276835567,0.4285714285714286,0.03421294987201691,0.75,0.75,0.5625,0.5625
2034,0,330,6,0.08711865544319153,0.0,0.16027441900107103,0.1428571428571429,0.05875091552734375,0.6666666666666666,1.0,0.5333333333333333,0.8
2034,0,330,8,0.08711865544319153,0.0,0.16027441900107103,0.0,0.08711865544319153,0.5714285714285714,1.0,0.5714285714285714,1.0
2034,0,335,2,0.0003008842468261719,0.11042340099811554,0.0006015650244519373,0.8,0.0018574438989162445,0.0,0.0,0.3,0.15
2034,0,335,4,0.0049575865268707275,0.11042340099811554,0.009860222299328682,0.6,0.03616781383752823,0.0,0.0,0.45,0.45
2034,0,335,6,0.0035014301538467407,0.00868341326713562,0.006978212557222224,0.4,0.029029592126607894,0.3333333333333333,0.5,0.36666666666666664,0.55
2034,0,335,8,0.11042340099811554,0.0,0.19888521963578995,0.19999999999999996,0.05932805314660072,0.5,1.0,0.3875,0.775
2034,0,356,2,0.06389428675174713,0.05836033821105957,0.11966854953923264,0.8,0.02726697698235512,1.0,0.5,0.5,0.25
2034,0,356,4,0.09558835625648499,0.005207851529121399,0.17441717983203428,0.6,0.03211774155497551,1.0,1.0,0.3625,0.3625
2034,0,356,6,0.09558835625648499,0.0052082836627960205,0.17441717318998476,0.4,0.06267066299915314,0.6666666666666666,1.0,0.4083333333333333,0.6125
2034,0,356,8,0.09558835625648499,0.0,0.1744968458465564,0.19999999999999996,0.07874003946781158,0.5,1.0,0.39375,0.7875
2034,0,363,2,0.10858505964279175,0.020182907581329346,0.19550401883678023,0.8,0.00405799150466919,1.0,0.5,0.5,0.25
2034,0,363,4,0.10858505964279175,0.019335299730300903,0.1955208784749619,0.6,0.01840622127056122,0.5,0.5,0.4125,0.4125
2034,0,363,6,0.10858505964279175,0.0031314194202423096,0.1958382158052079,0.4,0.028753192722797395,0.5,0.75,0.33333333333333326,0.5
2034,0,363,8,0.10858505964279175,0.0,0.19589847201761862,0.19999999999999996,0.056833776831626895,0.5,1.0,0.4,0.8
2034,0,368,2,0.1159617006778717,0.012708261609077454,0.20754619925890808,0.7142857142857143,0.02222530320286751,1.0,0.5,0.5,0.25
2034,0,368,4,0.1159617006778717,0.0003224015235900879,0.2078168356686114,0.4285714285714286,0.024010930955410004,0.75,0.75,0.5375,0.5375
2034,0,368,6,0.1159617006778717,0.0,0.2078238000595052,0.1428571428571429,0.09174939021468162,0.6666666666666666,1.0,0.5666666666666667,0.85
2034,0,368,8,0.1159617006778717,0.0,0.2078238000595052,0.0,0.1159617006778717,0.5714285714285714,1.0,0.5714285714285714,1.0
2034,0,382,2,0.055982351303100586,0.01671692728996277,0.10593347403838893,0.5,0.01798475831747055,1.0,0.5,1.0,0.5
2034,0,382,4,0.055982351303100586,0.0,0.10602895253697638,0.0,0.055982351303100586,1.0,1.0,1.0,1.0
2034,0,382,6,0.055982351303100586,0.0,0.10602895253697638,0.0,0.055982351303100586,1.0,1.0,1.0,1.0
2034,0,382,8,0.055982351303100586,0.0,0.10602895253697638,0.0,0.055982351303100586,1.0,1.0,1.0,1.0
2034,0,383,2,0.021602556109428406,0.029721349477767944,0.04226413173179673,0.5,0.041927795857191086,1.0,0.5,1.0,0.5
2034,0,383,4,0.09934812784194946,0.0,0.180740068274774,0.0,0.09934812784194946,1.0,1.0,1.0,1.0
2034,0,383,6,0.09934812784194946,0.0,0.180740068274774,0.0,0.09934812784194946,1.0,1.0,1.0,1.0
2034,0,383,8,0.09934812784194946,0.0,0.180740068274774,0.0,0.09934812784194946,1.0,1.0,1.0,1.0
2034,0,389,2,0.1424199789762497,0.019516080617904663,0.2487131790870074,0.8,0.02447778582572937,1.0,0.5,0.45,0.225
2034,0,389,4,0.1424199789762497,0.01247379183769226,0.2489383360125013,0.6,0.03662616685032845,0.5,0.5,0.4125,0.4125
2034,0,389,6,0.1424199789762497,0.0006471872329711914,0.2493102088495692,0.4,0.0763693168759346,0.5,0.75,0.41666666666666663,0.625
2034,0,389,8,0.1424199789762497,0.0,0.24933033664883153,0.19999999999999996,0.07421373054385186,0.5,1.0,0.375,0.75
2034,0,392,2,0.11686934530735016,0.029411599040031433,0.20861873736695155,0.5,0.025718270987272262,1.0,0.5,1.0,0.5
2034,0,392,4,0.11686934530735016,0.0,0.20928024535437312,0.0,0.11686934530735016,1.0,1.0,1.0,1.0
2034,0,392,6,0.11686934530735016,0.0,0.20928024535437312,0.0,0.11686934530735016,1.0,1.0,1.0,1.0
2034,0,392,8,0.11686934530735016,0.0,0.20928024535437312,0.0,0.11686934530735016,1.0,1.0,1.0,1.0
2034,0,394,2,0.05653683841228485,0.050504349172115326,0.10671918205060674,0.8,0.025720230117440224,0.5,0.25,0.4,0.2
2034,0,394,4,0.05125980079174042,0.050504349172115326,0.09726843423194366,0.6,0.04147820584475994,0.25,0.25,0.4125,0.4125
2034,0,394,6,0.05226995050907135,0.04642642289400101,0.09910735082278796,0.4,0.0559205487370491,0.3333333333333333,0.5,0.3916666666666666,0.5875
2034,0,394,8,0.11361496150493622,0.0,0.20404711759870262,0.19999999999999996,0.0859915416687727,0.5,1.0,0.4,0.8
2034,0,397,2,0.023752860724925995,0.03034479171037674,0.046369836992667314,0.7142857142857143,0.014499122276902199,1.0,0.5,0.525,0.2625
2034,0,397,4,0.023752860724925995,0.030877240002155304,0.04636922785318774,0.4285714285714286,0.05156757608056069,0.5,0.5,0.5375,0.5375
2034,0,397,6,0.12102679163217545,0.0,0.21592131880445908,0.1428571428571429,0.10428766757249833,0.6666666666666666,1.0,0.5499999999999999,0.825
2034,0,397,8,0.12102679163217545,0.0,0.21592131880445908,0.0,0.12102679163217545,0.5714285714285714,1.0,0.5714285714285714,1.0
2034,0,400,2,5.294382572174072e-05,0.0215587317943573,0.0001058819221327761,0.5,0.03319094181060791,1.0,0.5,1.0,0.5
2034,0,400,4,0.07535583525896072,0.0,0.1401505116505254,0.0,0.07535583525896072,1.0,1.0,1.0,1.0
2034,0,400,6,0.07535583525896072,0.0,0.1401505116505254,0.0,0.07535583525896072,1.0,1.0,1.0,1.0
2034,0,400,8,0.07535583525896072,0.0,0.1401505116505254,0.0,0.07535583525896072,1.0,1.0,1.0,1.0
2034,0,402,2,0.011906042695045471,0.00792686641216278,0.02352970134069049,0.5,0.009493999183177948,1.0,0.5,1.0,0.5
2034,0,402,4,0.12818121910095215,0.0,0.22723515855564375,0.0,0.12818121910095215,1.0,1.0,1.0,1.0
2034,0,402,6,0.12818121910095215,0.0,0.22723515855564375,0.0,0.12818121910095215,1.0,1.0,1.0,1.0
2034,0,402,8,0.12818121910095215,0.0,0.22723515855564375,0.0,0.12818121910095215,1.0,1.0,1.0,1.0
2034,0,403,2,0.07662159204483032,0.020363375544548035,0.14212683341749935,0.8,0.0033374670892953873,1.0,0.5,0.225,0.1125
2034,0,403,4,0.07662159204483032,0.015735618770122528,0.1421753247430762,0.6,0.02681603506207466,0.5,0.5,0.425,0.425
2034,0,403,6,0.07662159204483032,0.0037517771124839783,0.14229895155413236,0.4,0.030667819455265997,0.6666666666666666,1.0,0.37499999999999994,0.5625
2034,0,403,8,0.07662159204483032,0.0,0.1423370896719668,0.19999999999999996,0.04883672408759594,0.5,1.0,0.38125,0.7625
2034,0,414,2,0.016539722681045532,0.01501031219959259,0.03253315601002024,0.5,0.022087571024894715,1.0,0.5,1.0,0.5
2034,0,414,4,0.108519546687603,0.0,0.19579185051246623,0.0,0.108519546687603,1.0,1.0,1.0,1.0
2034,0,414,6,0.108519546687603,0.0,0.19579185051246623,0.0,0.108519546687603,1.0,1.0,1.0,1.0
2034,0,414,8,0.108519546687603,0.0,0.19579185051246623,0.0,0.108519546687603,1.0,1.0,1.0,1.0
2034,0,418,2,0.03959345817565918,0.05803367495536804,0.0759927310207732,0.8,0.0239533931016922,1.0,0.5,0.5,0.25
2034,0,418,4,0.03959345817565918,0.04924499988555908,0.0760210772626923,0.6,0.03523506075143814,0.5,0.5,0.4125,0.4125
2034,0,418,6,0.08159342408180237,0.0019550621509552,0.1508540391635865,0.4,0.053704294562339785,0.6666666666666666,1.0,0.4416666666666667,0.6625
2034,0,418,8,0.08159342408180237,0.0,0.15087633165127554,0.19999999999999996,0.07535646557807922,0.5,1.0,0.425,0.85
2034,0,423,2,0.1048409640789032,0.019420325756072998,0.18942871505145178,0.7142857142857143,0.016361073404550553,1.0,0.5,0.55,0.275
2034,0,423,4,0.1048409640789032,0.003421992063522339,0.18972289707469123,0.4285714285714286,0.058938626945018766,0.75,0.75,0.5875,0.5875
2034,0,423,6,0.1048409640789032,0.0,0.1897847156062108,0.1428571428571429,0.09028661251068115,0.6666666666666666,1.0,0.5999999999999999,0.9
2034,0,423,8,0.1048409640789032,0.0,0.1897847156062108,0.0,0.1048409640789032,0.5714285714285714,1.0,0.5714285714285714,1.0
2034,0,424,2,0.11441987752914429,0.007240712642669678,0.2051906316119911,0.8,0.019140492379665374,1.0,0.5,0.4,0.2
2034,0,424,4,0.11441987752914429,0.003146648406982422,0.2052777578271914,0.6,0.03181461840867996,0.5,0.5,0.425,0.425
2034,0,424,6,0.11441987752914429,0.003894597291946411,0.20526188860757963,0.4,0.04743251800537109,0.6666666666666666,1.0,0.37499999999999994,0.5625
2034,0,424,8,0.11441987752914429,0.0,0.20534428689989329,0.19999999999999996,0.0988744854927063,0.5,1.0,0.45,0.9
2034,0,428,2,0.02868272364139557,0.02006547898054123,0.055734107664430155,0.8,0.009001672640442849,1.0,0.5,0.425,0.2125
2034,0,428,4,0.09494756162166595,1.2934207916259766e-05,0.17342831466464315,0.6,0.022632424533367158,0.75,0.75,0.3,0.3
2034,0,428,6,0.09494756162166595,0.0009389966726303101,0.17341437574878185,0.4,0.04174390286207199,0.6666666666666666,1.0,0.3833333333333333,0.575
2034,0,428,8,0.09494756162166595,0.0,0.1734285091809226,0.19999999999999996,0.08010784313082694,0.5,1.0,0.41875,0.8375
2034,0,429,2,0.11370301246643066,0.01582653820514679,0.2038544226405538,0.5,0.02518867701292038,1.0,0.5,1.0,0.5
2034,0,429,4,0.11370301246643066,0.0,0.2041891082158816,0.0,0.11370301246643066,1.0,1.0,1.0,1.0
2034,0,429,6,0.11370301246643066,0.0,0.2041891082158816,0.0,0.11370301246643066,1.0,1.0,1.0,1.0
2034,0,429,8,0.11370301246643066,0.0,0.2041891082158816,0.0,0.11370301246643066,1.0,1.0,1.0,1.0
2034,0,441,2,0.06991922855377197,0.045018136501312256,0.1302986126104237,0.5,0.0542776420712471,1.0,0.5,1.0,0.5
2034,0,441,4,0.1259492039680481,0.0,0.22372093434442758,0.0,0.1259492039680481,1.0,1.0,1.0,1.0
2034,0,441,6,0.1259492039680481,0.0,0.22372093434442758,0.0,0.1259492039680481,1.0,1.0,1.0,1.0
2034,0,441,8,0.1259492039680481,0.0,0.22372093434442758,0.0,0.1259492039680481,1.0,1.0,1.0,1.0
2034,0,454,2,0.0008254870772361755,0.0016487613320350647,0.0016496101737127396,0.5,0.01997927948832512,1.0,0.5,1.0,0.5
2034,0,454,4,0.11174871772527695,0.0,0.2010323303163747,0.0,0.11174871772527695,1.0,1.0,1.0,1.0
2034,0,454,6,0.11174871772527695,0.0,0.2010323303163747,0.0,0.11174871772527695,1.0,1.0,1.0,1.0
2034,0,454,8,0.11174871772527695,0.0,0.2010323303163747,0.0,0.11174871772527695,1.0,1.0,1.0,1.0
2034,0,458,2,0.017285488545894623,0.015601746737957,0.0339744053360553,0.7142857142857143,0.015822868421673776,1.0,0.5,0.675,0.3375
2034,0,458,4,0.1347561627626419,0.0014297962188720703,0.23746644017649304,0.4285714285714286,0.018284399062395096,0.75,0.75,0.525,0.525
2034,0,458,6,0.1347561627626419,0.0,0.2375068180895687,0.1428571428571429,0.09393262565135956,0.6666666666666666,1.0,0.5666666666666667,0.85
2034,0,458,8,0.1347561627626419,0.0,0.2375068180895687,0.0,0.1347561627626419,0.5714285714285714,1.0,0.5714285714285714,1.0
2034,0,470,2,0.013072766363620758,0.004736199975013733,0.02580656412073766,0.875,0.002349736541509628,1.0,0.5,0.2,0.1
2034,0,470,4,0.012138336896896362,0.009673215448856354,0.023982719980397745,0.75,0.011068552732467651,0.75,0.75,0.2875,0.2875
2034,0,470,6,0.13822661340236664,0.0005176067352294922,0.24286538221403403,0.625,0.018868456408381463,0.6666666666666666,1.0,0.2416666666666666,0.3625
2034,0,470,8,0.13822661340236664,0.0016503408551216125,0.24283190791186837,0.5,0.035015996918082236,0.5,1.0,0.23125,0.4625
2034,0,472,2,0.0036635473370552063,0.009828269481658936,0.007300085008847157,0.7142857142857143,0.004653376713395119,1.0,0.5,0.5,0.25
2034,0,472,4,0.10366079956293106,0.001520596444606781,0.1878221537093473,0.4285714285714286,0.030946382880210878,0.75,0.75,0.5375,0.5375
2034,0,472,6,0.10366079956293106,0.0,0.1878490195610509,0.1428571428571429,0.0704540602862835,0.6666666666666666,1.0,0.5666666666666667,0.85
2034,0,472,8,0.10366079956293106,0.0,0.1878490195610509,0.0,0.10366079956293106,0.5714285714285714,1.0,0.5714285714285714,1.0
2034,0,473,2,0.013473019003868103,0.0027665793895721436,0.02658683926522525,0.7142857142857143,0.017723909765481948,1.0,0.5,0.575,0.2875
2034,0,473,4,0.03189975023269653,0.0027665793895721436,0.06182192536872263,0.4285714285714286,0.03355007618665695,0.5,0.5,0.575,0.575
2034,0,473,6,0.09246870875358582,0.0,0.16928394930246518,0.1428571428571429,0.07653432488441467,0.6666666666666666,1.0,0.5666666666666665,0.85
2034,0,473,8,0.09246870875358582,0.0,0.16928394930246518,0.0,0.09246870875358582,0.5714285714285714,1.0,0.5714285714285714,1.0
2034,0,479,2,0.020448334515094757,0.025105290114879608,0.04005648757356783,0.5,0.046076050773262975,1.0,0.5,1.0,0.5
2034,0,479,4,0.08932521939277649,0.0,0.1640010123745581,0.0,0.08932521939277649,1.0,1.0,1.0,1.0
2034,0,479,6,0.08932521939277649,0.0,0.1640010123745581,0.0,0.08932521939277649,1.0,1.0,1.0,1.0
2034,0,479,8,0.08932521939277649,0.0,0.1640010123745581,0.0,0.08932521939277649,1.0,1.0,1.0,1.0
2034,0,482,2,0.08888745307922363,0.003949344158172607,0.16321005817321327,0.8,0.017243774235248567,1.0,0.5,0.375,0.1875
2034,0,482,4,0.08888745307922363,0.0027229785919189453,0.16322650303811756,0.6,0.03691373467445373,0.75,0.75,0.4,0.4
2034,0,482,6,0.08888745307922363,0.0013224482536315918,0.1632452379917555,0.4,0.051939018070697784,0.6666666666666666,1.0,0.3833333333333333,0.575
2034,0,482,8,0.08888745307922363,0.0,0.16326288419957852,0.19999999999999996,0.06606665253639221,0.5,1.0,0.40625,0.8125
2034,0,488,2,0.002315312623977661,0.011255443096160889,0.004619807187994315,0.8,0.008737438917160034,1.0,0.5,0.45,0.225
2034,0,488,4,0.002315312623977661,0.005642592906951904,0.004619868110851635,0.6,0.015130069851875306,1.0,1.0,0.45,0.45
2034,0,488,6,0.002315312623977661,0.0009391307830810547,0.004619918637105251,0.4,0.019548872113227846,0.6666666666666666,1.0,0.3416666666666667,0.5125
2034,0,488,8,0.002315312623977661,0.0,0.004619928668786604,0.19999999999999996,0.009963312745094299,0.5,1.0,0.425,0.85
2034,0,492,2,0.056790098547935486,0.02510739117860794,0.10732805141184008,0.875,0.007396979629993439,1.0,0.5,0.35,0.175
2034,0,492,4,0.056790098547935486,0.006728455424308777,0.10743748097210046,0.75,0.009900614991784096,0.75,0.75,0.25,0.25
2034,0,492,6,0.056790098547935486,0.003721088171005249,0.10745502341531638,0.625,0.021069519966840745,0.5,0.75,0.26666666666666666,0.4
2034,0,492,8,0.056790098547935486,0.0020120739936828613,0.10746494778652525,0.5,0.026709239184856414,0.375,0.75,0.25,0.5
2034,0,496,2,0.0278036929666996,0.020226269960403442,0.0540729225265476,0.8461538461538461,0.005683004483580589,1.0,0.5,0.25,0.125
2034,0,496,4,0.035597532987594604,0.022488705813884735,0.06869348999279849,0.6923076923076923,0.02430837955325842,0.75,0.75,0.325,0.325
2034,0,496,6,0.035597532987594604,0.022245682775974274,0.06869408992321227,0.5384615384615384,0.03139250800013542,0.5,0.75,0.3166666666666666,0.475
2034,0,496,8,0.09606757760047913,0.0011760443449020386,0.17527690178368613,0.3846153846153846,0.06628006007522344,0.5,1.0,0.325,0.65
2034,0,501,2,0.03533041477203369,0.025532230734825134,0.06818857671633217,0.5,0.05495780110359192,1.0,0.5,1.0,0.5
2034,0,501,4,0.1344161182641983,0.0,0.23697850568250417,0.0,0.1344161182641983,1.0,1.0,1.0,1.0
2034,0,501,6,0.1344161182641983,0.0,0.23697850568250417,0.0,0.1344161182641983,1.0,1.0,1.0,1.0
2034,0,501,8,0.1344161182641983,0.0,0.23697850568250417,0.0,0.1344161182641983,1.0,1.0,1.0,1.0
2034,0,517,2,0.02213248610496521,0.011735305190086365,0.04329535956563753,0.8,0.008992691710591316,1.0,0.5,0.425,0.2125
2034,0,517,4,0.0033236294984817505,0.014332406222820282,0.006624920046357668,0.6,0.03209277577698231,0.75,0.75,0.4125,0.4125
2034,0,517,6,0.130391925573349,0.000481627881526947,0.23068933074192335,0.4,0.054522555321455,0.6666666666666666,1.0,0.4083333333333333,0.6125
2034,0,517,8,0.130391925573349,0.0,0.2307021531619886,0.19999999999999996,0.0832494206726551,0.5,1.0,0.425,0.85
2034,0,519,2,0.012449800968170166,0.021366119384765625,0.02458681796657621,0.5,0.052359238266944885,1.0,0.5,1.0,0.5
2034,0,519,4,0.12598517537117004,0.0,0.22377768042930096,0.0,0.12598517537117004,1.0,1.0,1.0,1.0
2034,0,519,6,0.12598517537117004,0.0,0.22377768042930096,0.0,0.12598517537117004,1.0,1.0,1.0,1.0
2034,0,519,8,0.12598517537117004,0.0,0.22377768042930096,0.0,0.12598517537117004,1.0,1.0,1.0,1.0
2034,0,520,2,0.11094813793897629,0.009616382420063019,0.19954244970261223,0.5,0.03405390717089176,1.0,0.5,1.0,0.5
2034,0,520,4,0.11094813793897629,0.0,0.19973594473060918,0.0,0.11094813793897629,1.0,1.0,1.0,1.0
2034,0,520,6,0.11094813793897629,0.0,0.19973594473060918,0.0,0.11094813793897629,1.0,1.0,1.0,1.0
2034,0,520,8,0.11094813793897629,0.0,0.19973594473060918,0.0,0.11094813793897629,1.0,1.0,1.0,1.0
2034,0,524,2,0.13234110176563263,0.008428648114204407,0.23351577742816343,0.8571428571428572,0.020849055051803587,1.0,0.5,0.275,0.1375
2034,0,524,4,0.13234110176563263,0.003927990794181824,0.23364008421121665,0.7142857142857143,0.03200146481394768,0.75,0.75,0.275,0.275
2034,0,524,6,0.13234110176563263,0.005161181092262268,0.23360612260519859,0.5714285714285714,0.06313381344079971,0.6666666666666666,1.0,0.29999999999999993,0.45
2034,0,524,8,0.13234110176563263,2.1204352378845215e-05,0.2337471872756081,0.4285714285714286,0.07986780032515525,0.5,1.0,0.26875,0.5375
2034,0,530,2,0.040064990520477295,0.04449361562728882,0.07690529317650459,0.5,0.045167621970176694,1.0,0.5,1.0,0.5
2034,0,530,4,0.003469526767730713,0.0,0.0069150615443328576,0.0,0.003469526767730713,1.0,1.0,1.0,1.0
2034,0,530,6,0.003469526767730713,0.0,0.0069150615443328576,0.0,0.003469526767730713,1.0,1.0,1.0,1.0
2034,0,530,8,0.003469526767730713,0.0,0.0069150615443328576,0.0,0.003469526767730713,1.0,1.0,1.0,1.0
2034,0,531,2,0.03209874778985977,0.011085256934165955,0.06217924681238245,0.8,0.005324114859104156,1.0,0.5,0.275,0.1375
2034,0,531,4,0.09778741747140884,0.0014497414231300354,0.17813061273895267,0.6,0.028305352106690405,0.75,0.75,0.375,0.375
2034,0,531,6,0.09778741747140884,0.0009257495403289795,0.17813894617889667,0.4,0.03160392194986343,0.6666666666666666,1.0,0.37499999999999994,0.5625
2034,0,531,8,0.09778741747140884,0.0,0.17815364963218056,0.19999999999999996,0.0739183884114027,0.5,1.0,0.41875,0.8375
2034,0,537,2,0.04139402508735657,0.04019048810005188,0.07936523902866255,0.7142857142857143,0.018312975764274597,1.0,0.5,0.6,0.3
2034,0,537,4,0.0746181309223175,0.009035050868988037,0.13878589797049867,0.4285714285714286,0.04710383415222168,1.0,1.0,0.525,0.525
2034,0,537,6,0.0746181309223175,0.0,0.13887376133934135,0.1428571428571429,0.060316342115402224,0.6666666666666666,1.0,0.5833333333333333,0.875
2034,0,537,8,0.0746181309223175,0.0,0.13887376133934135,0.0,0.0746181309223175,0.5714285714285714,1.0,0.5714285714285714,1.0
2034,0,542,2,0.06321804225444794,0.026587948203086853,0.11872548284024097,0.875,0.018586625158786774,1.0,0.5,0.275,0.1375
2034,0,542,4,0.06767547130584717,0.026587948203086853,0.12655250959845674,0.75,0.022609952837228775,0.5,0.5,0.225,0.225
2034,0,542,6,0.06687843799591064,0.03278154879808426,0.12510638005571523,0.625,0.030375517159700393,0.5,0.75,0.2666666666666667,0.4
2034,0,542,8,0.06892004609107971,0.03278154879808426,0.12867148631410938,0.5,0.05043833702802658,0.375,0.75,0.2375,0.475
2034,0,550,2,0.0003190338611602783,0.01491139829158783,0.0006378611426252248,0.7142857142857143,0.014284111186861992,1.0,0.5,0.675,0.3375
2034,0,550,4,0.08374574780464172,0.004189714789390564,0.15449846873365194,0.4285714285714286,0.030257179588079452,0.75,0.75,0.5875,0.5875
2034,0,550,6,0.08374574780464172,0.0,0.1545486992208027,0.1428571428571429,0.0728990875184536,0.6666666666666666,1.0,0.5833333333333333,0.875
2034,0,550,8,0.08374574780464172,0.0,0.1545486992208027,0.0,0.08374574780464172,0.5714285714285714,1.0,0.5714285714285714,1.0
2034,0,564,2,0.06164497137069702,0.00579187273979187,0.11609177757955186,0.8461538461538461,0.005748161673545837,1.0,0.5,0.3,0.15
2034,0,564,4,0.06164497137069702,0.014097124338150024,0.11603470851785222,0.6923076923076923,0.01214507520198822,0.75,0.75,0.375,0.375
2034,0,564,6,0.06164497137069702,0.0006171762943267822,0.1161268834644775,0.5384615384615384,0.029164130985736846,0.6666666666666666,1.0,0.32499999999999996,0.4875
2034,0,564,8,0.06164497137069702,0.001781851053237915,0.11611901203827493,0.3846153846153846,0.03113665133714676,0.5,1.0,0.3125,0.625
2034,0,574,2,0.04059242457151413,0.019645318388938904,0.07795697392282189,0.8,0.01494634672999382,1.0,0.5,0.45,0.225
2034,0,574,4,0.039750777184963226,0.019645318388938904,0.07640359175599529,0.6,0.032228590175509456,0.5,0.5,0.4,0.4
2034,0,574,6,0.15643922239542007,0.0022237300872802734,0.2704717530304594,0.4,0.08270833902060985,0.5,0.75,0.4333333333333333,0.65
2034,0,574,8,0.15643922239542007,0.0,0.27055329733866285,0.19999999999999996,0.08770144432783127,0.5,1.0,0.4,0.8
2034,0,579,2,0.11295519769191742,0.01178567111492157,0.20273707578556857,0.7142857142857143,0.004247993975877762,1.0,0.5,0.575,0.2875
2034,0,579,4,0.11295519769191742,0.0017165765166282654,0.20294705260129933,0.4285714285714286,0.049948762729763986,1.0,1.0,0.625,0.625
2034,0,579,6,0.11295519769191742,0.0,0.20298247032075967,0.1428571428571429,0.08196359016001224,0.6666666666666666,1.0,0.575,0.8625
2034,0,579,8,0.11295519769191742,0.0,0.20298247032075967,0.0,0.11295519769191742,0.5714285714285714,1.0,0.5714285714285714,1.0
2034,0,582,2,0.12078648805618286,0.010188460350036621,0.21529996763768003,0.8,0.005985993891954422,1.0,0.5,0.375,0.1875
2034,0,582,4,0.12078648805618286,0.010791122913360596,0.2152857029306994,0.6,0.022392860800027847,0.75,0.75,0.4125,0.4125
2034,0,582,6,0.12078648805618286,0.00731736421585083,0.2153677129675235,0.4,0.04853750467300415,0.5,0.75,0.4083333333333333,0.6125
2034,0,582,8,0.12078648805618286,0.0,0.21553880126743294,0.19999999999999996,0.06313746646046639,0.5,1.0,0.3625,0.725
2034,0,585,2,0.016119249165058136,0.020277075469493866,0.03171666826405069,0.875,0.002880321443080902,1.0,0.5,0.175,0.0875
2034,0,585,4,0.018165402114391327,0.020277075469493866,0.0356694439840206,0.75,0.013788965344429017,0.5,0.5,0.225,0.225
2034,0,585,6,0.1605861559510231,0.008120402693748474,0.27641972223030875,0.625,0.023980460315942764,0.5,0.75,0.19166666666666665,0.2875
2034,0,585,8,0.1605861559510231,0.006396882236003876,0.276486550094328,0.5,0.06293833255767822,0.375,0.75,0.225,0.45
2034,0,591,2,0.01213902235031128,0.0014414489269256592,0.023986452304447625,0.8,0.006993715465068817,1.0,0.5,0.325,0.1625
2034,0,591,4,0.08025124669075012,0.0065721869468688965,0.14850586825041887,0.6,0.021944868564605712,0.75,0.75,0.35,0.35
2034,0,591,6,0.08025124669075012,0.000901639461517334,0.14856889456924469,0.4,0.025113557279109956,0.6666666666666666,1.0,0.3416666666666666,0.5125
2034,0,591,8,0.08025124669075012,0.0,0.1485788550332016,0.19999999999999996,0.06391174197196961,0.5,1.0,0.39375,0.7875
2034,0,592,2,0.09208300709724426,0.021441012620925903,0.16832639602180777,0.875,0.0022420454770326614,1.0,0.5,0.225,0.1125
2034,0,592,4,0.09208300709724426,0.01743987202644348,0.16838537051966992,0.75,0.004060544446110726,0.5,0.5,0.1875,0.1875
2034,0,592,6,0.09208300709724426,0.014733545482158661,0.16842501185832992,0.625,0.020233829319477082,0.3333333333333333,0.5,0.275,0.4125
2034,0,592,8,0.09208300709724426,0.005805283784866333,0.16855438925898797,0.5,0.0508415587246418,0.375,0.75,0.3,0.6
2034,0,594,2,0.009957104921340942,0.008038103580474854,0.01971630175174458,0.8,0.011087579280138015,1.0,0.5,0.425,0.2125
2034,0,594,4,0.13221609592437744,0.0017106831073760986,0.23350603117178004,0.6,0.014635354280471802,0.75,0.75,0.35,0.35
2034,0,594,6,0.13221609592437744,0.00252629816532135,0.23348370305800706,0.4,0.04043114483356476,0.5,0.75,0.39999999999999997,0.6
2034,0,594,8,0.13221609592437744,0.0,0.2335527579943685,0.19999999999999996,0.07833404913544655,0.5,1.0,0.4,0.8
2034,0,599,2,0.10408838093280792,0.018759071826934814,0.18821159377457994,0.5,0.04118429273366928,1.0,0.5,1.0,0.5
2034,0,599,4,0.10408838093280792,0.0,0.18855081301528973,0.0,0.10408838093280792,1.0,1.0,1.0,1.0
2034,0,599,6,0.10408838093280792,0.0,0.18855081301528973,0.0,0.10408838093280792,1.0,1.0,1.0,1.0
2034,0,599,8,0.10408838093280792,0.0,0.18855081301528973,0.0,0.10408838093280792,1.0,1.0,1.0,1.0
2035,0,2,2,0.03414452075958252,0.01965731382369995,0.06599064230835026,0.8,0.01392192840576172,1.0,0.5,0.4,0.2
2035,0,2,4,0.1267520636320114,0.0005848482251167297,0.22497180024335273,0.6,0.0209694504737854,1.0,1.0,0.3375,0.3375
2035,0,2,6,0.1267520636320114,0.001201532781124115,0.22495616749747566,0.4,0.046087044104933736,0.6666666666666666,1.0,0.39166666666666666,0.5875
2035,0,2,8,0.1267520636320114,0.0,0.2249866101392962,0.19999999999999996,0.10344388149678707,0.5,1.0,0.4,0.8
2035,0,4,2,0.09163007140159607,0.02455604076385498,0.1675235214554799,0.5,0.020943446457386015,1.0,0.5,1.0,0.5
2035,0,4,4,0.09163007140159607,0.0,0.16787751419113592,0.0,0.09163007140159607,1.0,1.0,1.0,1.0
2035,0,4,6,0.09163007140159607,0.0,0.16787751419113592,0.0,0.09163007140159607,1.0,1.0,1.0,1.0
2035,0,4,8,0.09163007140159607,0.0,0.16787751419113592,0.0,0.09163007140159607,1.0,1.0,1.0,1.0
2035,0,8,2,0.03168962150812149,0.02499234676361084,0.061384140542993786,0.8,0.019322433695197105,1.0,0.5,0.4,0.2
2035,0,8,4,0.12618429958820343,0.012691415846347809,0.22376944475871804,0.6,0.04293421413749456,0.75,0.75,0.4375,0.4375
2035,0,8,6,0.12618429958820343,0.001167014241218567,0.2240624074939305,0.4,0.06942568086087704,0.6666666666666666,1.0,0.39999999999999997,0.6
2035,0,8,8,0.12618429958820343,0.0,0.2240917399298561,0.19999999999999996,0.09414533656090499,0.5,1.0,0.39375,0.7875
2035,0,12,2,0.09725688025355339,0.010384824126958847,0.17710803054407184,0.7142857142857143,0.005997513234615326,1.0,0.5,0.55,0.275
2035,0,12,4,0.09725688025355339,0.001714468002319336,0.1772457832003827,0.4285714285714286,0.029757863841950893,0.75,0.75,0.5625,0.5625
2035,0,12,6,0.09725688025355339,0.0,0.17727276447987153,0.1428571428571429,0.07972043678164482,0.6666666666666666,1.0,0.575,0.8625
2035,0,12,8,0.09725688025355339,0.0,0.17727276447987153,0.0,0.09725688025355339,0.5714285714285714,1.0,0.5714285714285714,1.0
2035,0,21,2,0.0046443939208984375,0.06305935978889465,0.009242970641840287,0.7142857142857143,0.015885722637176514,0.5,0.25,0.5,0.25
2035,0,21,4,0.06305935978889465,0.004900157451629639,0.11860286969772968,0.4285714285714286,0.02478056252002716,0.75,0.75,0.6,0.6
2035,0,21,6,0.06305935978889465,0.0,0.11863751390405358,0.1428571428571429,0.05253797918558121,0.6666666666666666,1.0,0.5666666666666667,0.85
2035,0,21,8,0.06305935978889465,0.0,0.11863751390405358,0.0,0.06305935978889465,0.5714285714285714,1.0,0.5714285714285714,1.0
2035,0,22,2,0.02923647314310074,0.02503480762243271,0.056770556435246464,0.8,0.01453210599720478,1.0,0.5,0.45,0.225
2035,0,22,4,0.03176175802946091,0.01646379381418228,0.06153629790488615,0.6,0.02955556884407997,0.75,0.75,0.4,0.4
2035,0,22,6,0.08524688333272934,0.0012766197323799133,0.1570855923603686,0.4,0.06171813346445561,0.6666666666666666,1.0,0.3833333333333333,0.575
2035,0,22,8,0.08524688333272934,0.0,0.15710136493724114,0.19999999999999996,0.058494167402386665,0.5,1.0,0.40625,0.8125
2035,0,24,2,0.11733035743236542,0.03340984880924225,0.20925956659659123,0.5,0.03738177418708801,1.0,0.5,1.0,0.5
2035,0,24,4,0.11733035743236542,0.0,0.2100190989207374,0.0,0.11733035743236542,1.0,1.0,1.0,1.0
2035,0,24,6,0.11733035743236542,0.0,0.2100190989207374,0.0,0.11733035743236542,1.0,1.0,1.0,1.0
2035,0,24,8,0.11733035743236542,0.0,0.2100190989207374,0.0,0.11733035743236542,1.0,1.0,1.0,1.0
2035,0,26,2,0.08962945640087128,0.046035364270210266,0.1638631961810895,0.5,0.04251082241535187,1.0,0.5,1.0,0.5
2035,0,26,4,0.08962945640087128,0.0,0.16451364429321536,0.0,0.08962945640087128,1.0,1.0,1.0,1.0
2035,0,26,6,0.08962945640087128,0.0,0.16451364429321536,0.0,0.08962945640087128,1.0,1.0,1.0,1.0
2035,0,26,8,0.08962945640087128,0.0,0.16451364429321536,0.0,0.08962945640087128,1.0,1.0,1.0,1.0
2035,0,27,2,0.07781191170215607,0.02741159498691559,0.14409546891622885,0.7142857142857143,0.029285528510808945,1.0,0.5,0.55,0.275
2035,0,27,4,0.12177015841007233,0.004386693239212036,0.2169997925661067,0.4285714285714286,0.05110341608524323,0.75,0.75,0.525,0.525
2035,0,27,6,0.12177015841007233,0.0,0.2171035795472788,0.1428571428571429,0.1154971443116665,0.6666666666666666,1.0,0.5666666666666667,0.85
2035,0,27,8,0.12177015841007233,0.0,0.2171035795472788,0.0,0.12177015841007233,0.5714285714285714,1.0,0.5714285714285714,1.0
2035,0,30,2,0.014612436294555664,0.034511059522628784,0.028789155836695963,0.5,0.031268040835857394,1.0,0.5,1.0,0.5
2035,0,30,4,0.04448789358139038,0.0,0.08518603969424318,0.0,0.04448789358139038,1.0,1.0,1.0,1.0
2035,0,30,6,0.04448789358139038,0.0,0.08518603969424318,0.0,0.04448789358139038,1.0,1.0,1.0,1.0
2035,0,30,8,0.04448789358139038,0.0,0.08518603969424318,0.0,0.04448789358139038,1.0,1.0,1.0,1.0
2035,0,31,2,0.01535172387957573,0.008739419281482697,0.03023519314911302,0.5,0.03140721004456282,1.0,0.5,1.0,0.5
2035,0,31,4,0.10032033920288086,0.0,0.18234751395317694,0.0,0.10032033920288086,1.0,1.0,1.0,1.0
2035,0,31,6,0.10032033920288086,0.0,0.18234751395317694,0.0,0.10032033920288086,1.0,1.0,1.0,1.0
2035,0,31,8,0.10032033920288086,0.0,0.18234751395317694,0.0,0.10032033920288086,1.0,1.0,1.0,1.0
2035,0,38,2,0.0020947977900505066,0.005736798048019409,0.004180787144212835,0.5,0.012330256402492523,1.0,0.5,1.0,0.5
2035,0,38,4,0.14203360676765442,0.0,0.24873805101000152,0.0,0.14203360676765442,1.0,1.0,1.0,1.0
2035,0,38,6,0.14203360676765442,0.0,0.24873805101000152,0.0,0.14203360676765442,1.0,1.0,1.0,1.0
2035,0,38,8,0.14203360676765442,0.0,0.24873805101000152,0.0,0.14203360676765442,1.0,1.0,1.0,1.0
2035,0,40,2,0.024998903274536133,0.06441622972488403,0.04869662720837013,0.8,0.013772438466548919,1.0,0.5,0.35,0.175
2035,0,40,4,0.0164107084274292,0.014837414026260376,0.032283640233625475,0.6,0.027959294617176056,0.75,0.75,0.35,0.35
2035,0,40,6,0.06441622972488403,0.0020158886909484863,0.12102099612148871,0.4,0.02735738605260849,0.6666666666666666,1.0,0.3416666666666667,0.5125
2035,0,40,8,0.06441622972488403,0.0,0.12103579018432191,0.19999999999999996,0.05696907639503479,0.5,1.0,0.425,0.85
2035,0,41,2,0.015431314706802368,0.01797729730606079,0.030385162844868255,0.8,0.014266066998243333,1.0,0.5,0.375,0.1875
2035,0,41,4,0.1303919553756714,0.0012225359678268433,0.23066963076029012,0.6,0.012574728578329086,0.75,0.75,0.375,0.375
2035,0,41,6,0.1303919553756714,0.005390331149101257,0.23055806634266493,0.4,0.06777203679084778,0.5,0.75,0.4333333333333333,0.65
2035,0,41,8,0.1303919553756714,0.0,0.23070219980880396,0.19999999999999996,0.07558921724557877,0.5,1.0,0.4125,0.825
2035,0,48,2,0.019628047943115234,0.05118381977081299,0.03846046872495488,0.5,0.020144765079021455,1.0,0.5,1.0,0.5
2035,0,48,4,0.05118381977081299,0.0,0.09738319560887547,0.0,0.05118381977081299,1.0,1.0,1.0,1.0
2035,0,48,6,0.05118381977081299,0.0,0.09738319560887547,0.0,0.05118381977081299,1.0,1.0,1.0,1.0
2035,0,48,8,0.05118381977081299,0.0,0.09738319560887547,0.0,0.05118381977081299,1.0,1.0,1.0,1.0
2035,0,53,2,0.015009663999080658,0.012328404933214188,0.029569952862586953,0.7142857142857143,0.018653982877731325,1.0,0.5,0.525,0.2625
2035,0,53,4,0.12918289005756378,0.0020209401845932007,0.22875473959782594,0.4285714285714286,0.032920825853943826,1.0,1.0,0.525,0.525
2035,0,53,6,0.12918289005756378,0.0,0.2288077355670493,0.1428571428571429,0.0946117714047432,0.6666666666666666,1.0,0.5666666666666667,0.85
2035,0,53,8,0.12918289005756378,0.0,0.2288077355670493,0.0,0.12918289005756378,0.5714285714285714,1.0,0.5714285714285714,1.0
2035,0,67,2,0.014986127614974976,0.03300046920776367,0.029514847285201363,0.7142857142857143,0.028920632600784302,1.0,0.5,0.75,0.375
2035,0,67,4,0.11276936531066895,0.006630599498748779,0.2025453591825624,0.4285714285714286,0.05630321204662323,1.0,1.0,0.55,0.55
2035,0,67,6,0.11276936531066895,0.0,0.20268236855924837,0.1428571428571429,0.08539299666881561,0.6666666666666666,1.0,0.5499999999999999,0.825
2035,0,67,8,0.11276936531066895,0.0,0.20268236855924837,0.0,0.11276936531066895,0.5714285714285714,1.0,0.5714285714285714,1.0
2035,0,69,2,0.0018987059593200684,0.040667593479156494,0.003789910945620952,0.8,0.014858144521713256,0.5,0.25,0.475,0.2375
2035,0,69,4,0.02270984649658203,0.040667593479156494,0.044369357070623734,0.6,0.023626135289669038,0.5,0.5,0.35,0.35
2035,0,69,6,0.040667593479156494,0.0007880926132202148,0.07815433156495497,0.4,0.0377118319272995,0.6666666666666666,1.0,0.41666666666666663,0.625
2035,0,69,8,0.040667593479156494,0.0,0.07815674041159815,0.19999999999999996,0.041450440883636475,0.5,1.0,0.3875,0.775
2035,0,76,2,0.03835450857877731,0.02668708562850952,0.07380081176327691,0.8,0.02001839354634285,1.0,0.5,0.4,0.2
2035,0,76,4,0.027204714715480804,0.02668708562850952,0.05293000222001666,0.6,0.048206227645277974,0.5,0.5,0.4625,0.4625
2035,0,76,6,0.1494852378964424,0.0005824565887451172,0.2600710376288974,0.4,0.0524708416312933,0.5,0.75,0.3416666666666667,0.5125
2035,0,76,8,0.1494852378964424,0.0,0.26009074839447327,0.19999999999999996,0.11135655902326107,0.5,1.0,0.4125,0.825
2035,0,79,2,0.009083181619644165,0.022136002779006958,0.017999172552483067,0.8461538461538461,0.005508778989315033,1.0,0.5,0.225,0.1125
2035,0,79,4,0.08355963230133057,0.011761516332626343,0.15409029572073143,0.6923076923076923,0.016794456541538237,1.0,1.0,0.275,0.275
2035,0,79,6,0.08355963230133057,0.012038439512252808,0.1540869285232235,0.5384615384615384,0.03812180906534195,0.6666666666666666,1.0,0.3249999999999999,0.4875
2035,0,79,8,0.08355963230133057,0.002200394868850708,0.15420549476811152,0.3846153846153846,0.04045637845993042,0.5,1.0,0.29375,0.5875
2035,0,86,2,0.1367340385913849,0.006388157606124878,0.24038758806166308,0.8,0.013690586388111114,1.0,0.5,0.375,0.1875
2035,0,86,4,0.1367340385913849,0.003529280424118042,0.24047104434336006,0.6,0.04074346572160721,0.75,0.75,0.375,0.375
2035,0,86,6,0.1367340385913849,0.003387451171875,0.2404751736578573,0.4,0.0769484281539917,0.6666666666666666,1.0,0.39166666666666666,0.5875
2035,0,86,8,0.1367340385913849,0.0,0.24057349203833578,0.19999999999999996,0.08670644462108612,0.5,1.0,0.4125,0.825
2035,0,87,2,0.01801641657948494,0.010944828391075134,0.03538820914182441,0.8,0.0065693087875843045,1.0,0.5,0.4,0.2
2035,0,87,4,0.11425524204969406,0.003896191716194153,0.2049969002151242,0.6,0.02225661613047123,0.75,0.75,0.3625,0.3625
2035,0,87,6,0.11425524204969406,0.0028159134089946747,0.2050197545571833,0.4,0.04526405613869429,0.6666666666666666,1.0,0.37499999999999994,0.5625
2035,0,87,8,0.11425524204969406,0.0,0.2050791196450094,0.19999999999999996,0.07463451735675335,0.5,1.0,0.40625,0.8125
2035,0,88,2,0.0700068473815918,0.024823740124702454,0.1306355128039053,0.7142857142857143,0.018374431878328323,1.0,0.5,0.5,0.25
2035,0,88,4,0.0700068473815918,0.011005803942680359,0.13075788012414505,0.4285714285714286,0.03770015016198158,1.0,1.0,0.5625,0.5625
2035,0,88,6,0.0700068473815918,0.0,0.13085308295531975,0.1428571428571429,0.06103360578417778,0.6666666666666666,1.0,0.575,0.8625
2035,0,88,8,0.0700068473815918,0.0,0.13085308295531975,0.0,0.0700068473815918,0.5714285714285714,1.0,0.5714285714285714,1.0
2035,0,108,2,0.032540515065193176,0.043594688177108765,0.06293958801714127,0.7142857142857143,0.04324502646923065,1.0,0.5,0.7,0.35
2035,0,108,4,0.14758187532424927,0.0036802291870117188,0.2570828369654542,0.4285714285714286,0.04242626577615738,1.0,1.0,0.4625,0.4625
2035,0,108,6,0.14758187532424927,0.0,0.2572049602692618,0.1428571428571429,0.10449385941028595,0.6666666666666666,1.0,0.575,0.8625
2035,0,108,8,0.14758187532424927,0.0,0.2572049602692618,0.0,0.14758187532424927,0.5714285714285714,1.0,0.5714285714285714,1.0
2035,0,121,2,0.07938984036445618,0.01780906319618225,0.14690541380801694,0.8,0.034941890835762025,1.0,0.5,0.45,0.225
2035,0,121,4,0.07938984036445618,0.02765616774559021,0.14679423818355825,0.6,0.04986479580402374,0.5,0.5,0.4125,0.4125
2035,0,121,6,0.07938984036445618,0.0017936527729034424,0.14708189110109157,0.4,0.06923588812351227,0.5,0.75,0.41666666666666663,0.625
2035,0,121,8,0.07938984036445618,0.0,0.1471013296505555,0.19999999999999996,0.07469159662723542,0.5,1.0,0.39375,0.7875
2035,0,128,2,0.10568390041589737,0.010440856218338013,0.19097216925706886,0.8,0.02507325615733862,1.0,0.5,0.525,0.2625
2035,0,128,4,0.10568390041589737,0.0008644387125968933,0.19114895568238374,0.6,0.04971513450145722,0.75,0.75,0.4375,0.4375
2035,0,128,6,0.10568390041589737,0.001076728105545044,0.19114506991514407,0.4,0.045601724088191985,0.6666666666666666,1.0,0.35,0.525
2035,0,128,8,0.10568390041589737,0.0,0.19116476305053354,0.19999999999999996,0.09236432407051325,0.5,1.0,0.4375,0.875
2035,0,134,2,0.10119298100471497,0.014917135238647461,0.18353251986665803,0.5,0.051341009140014646,1.0,0.5,1.0,0.5
2035,0,134,4,0.10119298100471497,0.0,0.1837879150162903,0.0,0.10119298100471497,1.0,1.0,1.0,1.0
2035,0,134,6,0.10119298100471497,0.0,0.1837879150162903,0.0,0.10119298100471497,1.0,1.0,1.0,1.0
2035,0,134,8,0.10119298100471497,0.0,0.1837879150162903,0.0,0.10119298100471497,1.0,1.0,1.0,1.0
2035,0,137,2,0.01928737759590149,0.0007555335760116577,0.03784428625907196,0.7142857142857143,0.012760696560144424,1.0,0.5,0.575,0.2875
2035,0,137,4,0.12264464795589447,0.004067271947860718,0.2183949388563906,0.4285714285714286,0.04409197643399239,1.0,1.0,0.5875,0.5875
2035,0,137,6,0.12264464795589447,0.0,0.21849237544436736,0.1428571428571429,0.09420112892985344,0.6666666666666666,1.0,0.5916666666666666,0.8875
2035,0,137,8,0.12264464795589447,0.0,0.21849237544436736,0.0,0.12264464795589447,0.5714285714285714,1.0,0.5714285714285714,1.0
2035,0,146,2,0.012255661189556122,0.007602207362651825,0.024212311350740125,0.8,0.011268896237015723,1.0,0.5,0.5,0.25
2035,0,146,4,0.11559552699327469,0.00029875338077545166,0.20722913429485745,0.6,0.009052211791276932,0.75,0.75,0.4,0.4
2035,0,146,6,0.11559552699327469,8.653104305267334e-05,0.20723369298029323,0.4,0.03510996922850609,0.6666666666666666,1.0,0.375,0.5625
2035,0,146,8,0.11559552699327469,0.0,0.20723555123033682,0.19999999999999996,0.08201047740876674,0.5,1.0,0.39375,0.7875
2035,0,163,2,0.11871606111526489,0.010654807090759277,0.21199399213522077,0.8461538461538461,0.009345687925815582,1.0,0.5,0.25,0.125
2035,0,163,4,0.11871606111526489,0.004622668027877808,0.21213172415947176,0.6923076923076923,0.023143254220485687,0.75,0.75,0.325,0.325
2035,0,163,6,0.11871606111526489,0.0071704089641571045,0.2120737338648356,0.5384615384615384,0.026789070665836336,0.5,0.75,0.2749999999999999,0.4125
2035,0,163,8,0.11871606111526489,0.010650932788848877,0.21199408107854503,0.3846153846153846,0.06680525839328766,0.375,0.75,0.26875,0.5375
2035,0,169,2,0.0009942203760147095,0.0018553435802459717,0.001986462099853952,0.8,0.002663509547710419,1.0,0.5,0.375,0.1875
2035,0,169,4,0.013712972402572632,0.00019812583923339844,0.02705486861864173,0.6,0.010865975916385651,0.75,0.75,0.4125,0.4125
2035,0,169,6,0.15791645646095276,5.023181438446045e-05,0.2727578033965438,0.4,0.05903345122933388,0.6666666666666666,1.0,0.39999999999999997,0.6
2035,0,169,8,0.15791645646095276,0.0,0.2727596720468201,0.19999999999999996,0.060988202691078186,0.5,1.0,0.375,0.75
2035,0,173,2,0.007016628980636597,0.005337059497833252,0.013934956900231629,0.8,0.01561281383037567,1.0,0.5,0.55,0.275
2035,0,173,4,0.11623235046863556,0.009477481245994568,0.20805105764342627,0.6,0.024043407291173935,0.75,0.75,0.425,0.425
2035,0,173,6,0.11623235046863556,0.006383150815963745,0.20811912443968625,0.4,0.03772867545485496,0.5,0.75,0.39166666666666666,0.5875
2035,0,173,8,0.11623235046863556,0.0,0.208258344098049,0.19999999999999996,0.07518549263477325,0.5,1.0,0.38125,0.7625
2035,0,176,2,0.0924622192978859,0.008386414498090744,0.1691519954517811,0.5,0.021374500915408136,1.0,0.5,1.0,0.5
2035,0,176,4,0.0924622192978859,0.0,0.16927307446350026,0.0,0.0924622192978859,1.0,1.0,1.0,1.0
2035,0,176,6,0.0924622192978859,0.0,0.16927307446350026,0.0,0.0924622192978859,1.0,1.0,1.0,1.0
2035,0,176,8,0.0924622192978859,0.0,0.16927307446350026,0.0,0.0924622192978859,1.0,1.0,1.0,1.0
2035,0,179,2,0.02592317759990692,0.04209806025028229,0.05048023611009863,0.8,0.023320771008729934,1.0,0.5,0.45,0.225
2035,0,179,4,0.10657402873039246,0.010073617100715637,0.19243119592683325,0.6,0.02895122691988945,0.75,0.75,0.3625,0.3625
2035,0,179,6,0.10657402873039246,0.012147486209869385,0.19239193878393268,0.4,0.053632627427577975,0.5,0.75,0.3416666666666667,0.5125
2035,0,179,8,0.10657402873039246,0.0,0.1926197903861312,0.19999999999999996,0.07749752625823021,0.5,1.0,0.4,0.8
2035,0,181,2,0.015737347304821014,0.0051599591970443726,0.030984550850030927,0.8,0.0059380240738391874,1.0,0.5,0.4,0.2
2035,0,181,4,0.040581926703453064,0.011125415563583374,0.07796431509296431,0.6,0.03227378688752651,0.75,0.75,0.3625,0.3625
2035,0,181,6,0.14355231821537018,0.002381846308708191,0.2509886159547174,0.4,0.06937223225831986,0.6666666666666666,1.0,0.3833333333333333,0.575
2035,0,181,8,0.14355231821537018,0.0,0.25106384015625655,0.19999999999999996,0.10745955482125283,0.5,1.0,0.41875,0.8375
2035,0,183,2,0.013964354991912842,0.022961877286434174,0.027535162611892438,0.5,0.030420048907399178,1.0,0.5,1.0,0.5
2035,0,183,4,0.11793413013219833,0.0,0.21098582994018145,0.0,0.11793413013219833,1.0,1.0,1.0,1.0
2035,0,183,6,0.11793413013219833,0.0,0.21098582994018145,0.0,0.11793413013219833,1.0,1.0,1.0,1.0
2035,0,183,8,0.11793413013219833,0.0,0.21098582994018145,0.0,0.11793413013219833,1.0,1.0,1.0,1.0
2035,0,184,2,0.041164517402648926,0.03322264552116394,0.07896670302751409,0.5,0.04468380659818649,1.0,0.5,1.0,0.5
2035,0,184,4,0.14271971583366394,0.0,0.24978953956271535,0.0,0.14271971583366394,1.0,1.0,1.0,1.0
2035,0,184,6,0.14271971583366394,0.0,0.24978953956271535,0.0,0.14271971583366394,1.0,1.0,1.0,1.0
2035,0,184,8,0.14271971583366394,0.0,0.24978953956271535,0.0,0.14271971583366394,1.0,1.0,1.0,1.0
2035,0,189,2,0.045096367597579956,0.017551109194755554,0.08623440371756225,0.5,0.03336094990372658,1.0,0.5,1.0,0.5
2035,0,189,4,0.1479445993900299,0.0,0.25775564337972673,0.0,0.1479445993900299,1.0,1.0,1.0,1.0
2035,0,189,6,0.1479445993900299,0.0,0.25775564337972673,0.0,0.1479445993900299,1.0,1.0,1.0,1.0
2035,0,189,8,0.1479445993900299,0.0,0.25775564337972673,0.0,0.1479445993900299,1.0,1.0,1.0,1.0
2035,0,194,2,0.0010844171047210693,0.009570658206939697,0.002166462158733899,0.7142857142857143,0.010354410856962204,1.0,0.5,0.675,0.3375
2035,0,194,4,0.11061501502990723,0.0034552663564682007,0.19912720060864086,0.4285714285714286,0.05117584615945816,0.75,0.75,0.6125,0.6125
2035,0,194,6,0.11061501502990723,0.0,0.19919596535785808,0.1428571428571429,0.08105726540088654,0.6666666666666666,1.0,0.5583333333333333,0.8375
2035,0,194,8,0.11061501502990723,0.0,0.19919596535785808,0.0,0.11061501502990723,0.5714285714285714,1.0,0.5714285714285714,1.0
2035,0,203,2,0.11820890009403229,0.018090471625328064,0.21101445505750274,0.8,0.00286300890147686,1.0,0.5,0.425,0.2125
2035,0,203,4,0.11820890009403229,0.0002004280686378479,0.21142095193319105,0.6,0.015657339245080948,0.75,0.75,0.425,0.425
2035,0,203,6,0.11820890009403229,0.00035510212182998657,0.21141749319480896,0.4,0.04541868567466736,0.6666666666666666,1.0,0.38333333333333336,0.575
2035,0,203,8,0.11820890009403229,0.0,0.21142543237509895,0.19999999999999996,0.0748199164867401,0.5,1.0,0.39375,0.7875
2035,0,213,2,0.00969579815864563,0.0073626041412353516,0.019204016972430085,0.8,0.007547459192574024,1.0,0.5,0.35,0.175
2035,0,213,4,0.09377642720937729,0.0021728239953517914,0.1714407450884752,0.6,0.019827037863433362,0.75,0.75,0.4125,0.4125
2035,0,213,6,0.09377642720937729,0.00037657469511032104,0.17146721423884448,0.4,0.04308158289641142,0.6666666666666666,1.0,0.4083333333333334,0.6125
2035,0,213,8,0.09377642720937729,0.0,0.17147275234050377,0.19999999999999996,0.06491851210594177,0.5,1.0,0.4125,0.825
2035,0,224,2,0.0812976062297821,0.011695832014083862,0.1502367797455963,0.7142857142857143,0.019239282608032225,1.0,0.5,0.7,0.35
2035,0,224,4,0.0812976062297821,0.00041598081588745117,0.1503657497260075,0.4285714285714286,0.040691033005714417,0.75,0.75,0.575,0.575
2035,0,224,6,0.0812976062297821,0.0,0.15037045446395983,0.1428571428571429,0.07241710126399994,0.6666666666666666,1.0,0.6083333333333333,0.9125
2035,0,224,8,0.0812976062297821,0.0,0.15037045446395983,0.0,0.0812976062297821,0.5714285714285714,1.0,0.5714285714285714,1.0
2035,0,231,2,0.05332736670970917,0.01691526174545288,0.10116693946840138,0.7142857142857143,0.027346674352884293,1.0,0.5,0.55,0.275
2035,0,231,4,0.08715154230594635,0.016940519213676453,0.16010889082689686,0.4285714285714286,0.03827621638774872,0.75,0.75,0.5125,0.5125
2035,0,231,6,0.08715154230594635,0.0,0.16033007159441648,0.1428571428571429,0.08048333823680878,0.6666666666666666,1.0,0.5666666666666667,0.85
2035,0,231,8,0.08715154230594635,0.0,0.16033007159441648,0.0,0.08715154230594635,0.5714285714285714,1.0,0.5714285714285714,1.0
2035,0,237,2,0.12094344198703766,0.005399852991104126,0.2156623306639935,0.8,0.01320727840065956,1.0,0.5,0.35,0.175
2035,0,237,4,0.12094344198703766,0.0020208507776260376,0.2157415254397344,0.6,0.032564128190279006,0.75,0.75,0.4625,0.4625
2035,0,237,6,0.12094344198703766,0.002578139305114746,0.2157284970416579,0.4,0.05725414380431175,0.5,0.75,0.3916666666666666,0.5875
2035,0,237,8,0.12094344198703766,0.0,0.21578866061725213,0.19999999999999996,0.0638179674744606,0.5,1.0,0.38125,0.7625
2035,0,239,2,0.12763822823762894,0.009722024202346802,0.22613023379982938,0.5,0.06216718107461929,1.0,0.5,1.0,0.5
2035,0,239,4,0.12763822823762894,0.0,0.22638152031633954,0.0,0.12763822823762894,1.0,1.0,1.0,1.0
2035,0,239,6,0.12763822823762894,0.0,0.22638152031633954,0.0,0.12763822823762894,1.0,1.0,1.0,1.0
2035,0,239,8,0.12763822823762894,0.0,0.22638152031633954,0.0,0.12763822823762894,1.0,1.0,1.0,1.0
2035,0,240,2,0.16271910071372986,0.0007473081350326538,0.27986479610696574,0.5,0.062638209015131,1.0,0.5,1.0,0.5
2035,0,240,4,0.16271910071372986,0.0,0.27989408725434284,0.0,0.16271910071372986,1.0,1.0,1.0,1.0
2035,0,240,6,0.16271910071372986,0.0,0.27989408725434284,0.0,0.16271910071372986,1.0,1.0,1.0,1.0
2035,0,240,8,0.16271910071372986,0.0,0.27989408725434284,0.0,0.16271910071372986,1.0,1.0,1.0,1.0
2035,0,241,2,0.13197901844978333,0.02137473225593567,0.2325904984747636,0.8,0.010379626974463462,1.0,0.5,0.425,0.2125
2035,0,241,4,0.13197901844978333,0.010924763977527618,0.23288289269226312,0.6,0.029446565359830857,0.75,0.75,0.375,0.375
2035,0,241,6,0.13197901844978333,0.0032957494258880615,0.23309293631907865,0.4,0.06389752253890038,0.6666666666666666,1.0,0.4416666666666666,0.6625
2035,0,241,8,0.13197901844978333,0.0,0.23318279985529283,0.19999999999999996,0.10163193121552468,0.5,1.0,0.3875,0.775
2035,0,244,2,0.12943241000175476,0.005999796092510223,0.2290406034880796,0.7142857142857143,0.017497127503156663,1.0,0.5,0.55,0.275
2035,0,244,4,0.12943241000175476,0.0021828114986419678,0.22914159139272358,0.4285714285714286,0.038870994746685025,0.75,0.75,0.55,0.55
2035,0,244,6,0.12943241000175476,0.0,0.22919903635765804,0.1428571428571429,0.1111920889467001,0.6666666666666666,1.0,0.5833333333333333,0.875
2035,0,244,8,0.12943241000175476,0.0,0.22919903635765804,0.0,0.12943241000175476,0.5714285714285714,1.0,0.5714285714285714,1.0
2035,0,248,2,0.05637677013874054,0.031467363238334656,0.1065513526697226,0.5,0.056954140216112135,1.0,0.5,1.0,0.5
2035,0,248,4,0.10776452720165253,0.0,0.1945621556846179,0.0,0.10776452720165253,1.0,1.0,1.0,1.0
2035,0,248,6,0.10776452720165253,0.0,0.1945621556846179,0.0,0.10776452720165253,1.0,1.0,1.0,1.0
2035,0,248,8,0.10776452720165253,0.0,0.1945621556846179,0.0,0.10776452720165253,1.0,1.0,1.0,1.0
2035,0,252,2,0.025865495204925537,0.029944151639938354,0.05038746293849235,0.5,0.030731983855366705,1.0,0.5,1.0,0.5
2035,0,252,4,0.08552335202693939,0.0,0.15757072727591948,0.0,0.08552335202693939,1.0,1.0,1.0,1.0
2035,0,252,6,0.08552335202693939,0.0,0.15757072727591948,0.0,0.08552335202693939,1.0,1.0,1.0,1.0
2035,0,252,8,0.08552335202693939,0.0,0.15757072727591948,0.0,0.08552335202693939,1.0,1.0,1.0,1.0
2035,0,256,2,0.04910813271999359,0.040335893630981445,0.09343499052817489,0.8461538461538461,0.02188756912946701,1.0,0.5,0.375,0.1875
2035,0,256,4,0.12079426646232605,0.00915151834487915,0.2153368350030284,0.6923076923076923,0.030405279994010926,0.75,0.75,0.3125,0.3125
2035,0,256,6,0.12079426646232605,0.0010230541229248047,0.21552739713301533,0.5384615384615384,0.05165827944874764,0.6666666666666666,1.0,0.3166666666666666,0.475
2035,0,256,8,0.12079426646232605,0.0009679794311523438,0.21552867885772353,0.3846153846153846,0.07237612083554268,0.5,1.0,0.2875,0.575
2035,0,264,2,0.0961376428604126,0.024514347314834595,0.17502585410959692,0.7142857142857143,0.018530313670635224,1.0,0.5,0.575,0.2875
2035,0,264,4,0.0961376428604126,0.005924850702285767,0.17531997857118076,0.4285714285714286,0.043047235906124116,0.75,0.75,0.6125,0.6125
2035,0,264,6,0.0961376428604126,0.0,0.17541162551363126,0.1428571428571429,0.07335857152938843,0.6666666666666666,1.0,0.575,0.8625
2035,0,264,8,0.0961376428604126,0.0,0.17541162551363126,0.0,0.0961376428604126,0.5714285714285714,1.0,0.5714285714285714,1.0
2035,0,265,2,0.12107713520526886,0.01608167588710785,0.21562081718067427,0.7142857142857143,0.007442014664411545,1.0,0.5,0.525,0.2625
2035,0,265,4,0.12107713520526886,0.0035214126110076904,0.2159190279557196,0.4285714285714286,0.03972077555954456,1.0,1.0,0.5875,0.5875
2035,0,265,6,0.12107713520526886,0.0,0.21600143541077516,0.1428571428571429,0.10537585243582726,0.6666666666666666,1.0,0.6083333333333332,0.9125
2035,0,265,8,0.12107713520526886,0.0,0.21600143541077516,0.0,0.12107713520526886,0.5714285714285714,1.0,0.5714285714285714,1.0
2035,0,273,2,0.10168292373418808,0.008281655609607697,0.18445345495420423,0.7142857142857143,0.01983716245740652,1.0,0.5,0.525,0.2625
2035,0,273,4,0.10168292373418808,0.0006520748138427734,0.18458450816390276,0.4285714285714286,0.0347628029063344,0.75,0.75,0.5125,0.5125
2035,0,273,6,0.10168292373418808,0.0,0.18459562464584764,0.1428571428571429,0.08479045368731022,0.6666666666666666,1.0,0.575,0.8625
2035,0,273,8,0.10168292373418808,0.0,0.18459562464584764,0.0,0.10168292373418808,0.5714285714285714,1.0,0.5714285714285714,1.0
2035,0,277,2,0.008624143898487091,0.10417602956295013,0.017083820965095267,0.7142857142857143,0.01521250456571579,0.5,0.25,0.5,0.25
2035,0,277,4,0.03683139383792877,0.02498042583465576,0.07098146085018565,0.4285714285714286,0.05093644559383392,0.75,0.75,0.6,0.6
2035,0,277,6,0.10417602956295013,0.0,0.18869460443582464,0.1428571428571429,0.08313660882413387,0.6666666666666666,1.0,0.5833333333333333,0.875
2035,0,277,8,0.10417602956295013,0.0,0.18869460443582464,0.0,0.10417602956295013,0.5714285714285714,1.0,0.5714285714285714,1.0
2035,0,281,2,0.02858877182006836,0.03877425193786621,0.05552608701313714,0.5,0.028951969742774964,1.0,0.5,1.0,0.5
2035,0,281,4,0.02858877182006836,0.0,0.05558834123666559,0.0,0.02858877182006836,1.0,1.0,1.0,1.0
2035,0,281,6,0.02858877182006836,0.0,0.05558834123666559,0.0,0.02858877182006836,1.0,1.0,1.0,1.0
2035,0,281,8,0.02858877182006836,0.0,0.05558834123666559,0.0,0.02858877182006836,1.0,1.0,1.0,1.0
2035,0,284,2,0.02795398235321045,0.004011988639831543,0.05438165729017806,0.7142857142857143,0.01470831036567688,1.0,0.5,0.575,0.2875
2035,0,284,4,0.06727415323257446,0.0069203972816467285,0.12601188799582186,0.4285714285714286,0.03156442046165466,1.0,1.0,0.575,0.575
2035,0,284,6,0.06727415323257446,0.0,0.12606723966623493,0.1428571428571429,0.06781834065914154,0.6666666666666666,1.0,0.5999999999999999,0.9
2035,0,284,8,0.06727415323257446,0.0,0.12606723966623493,0.0,0.06727415323257446,0.5714285714285714,1.0,0.5714285714285714,1.0
2035,0,285,2,0.014612451195716858,0.019453302025794983,0.028795777602448336,0.8,0.007786662131547928,1.0,0.5,0.45,0.225
2035,0,285,4,0.10990945994853973,0.006617724895477295,0.19792065128438355,0.6,0.02230965346097946,0.75,0.75,0.375,0.375
2035,0,285,6,0.10990945994853973,0.003688439726829529,0.19797863813537772,0.4,0.04151468500494957,0.5,0.75,0.36666666666666664,0.55
2035,0,285,8,0.10990945994853973,0.0,0.1980512175355918,0.19999999999999996,0.08108981177210808,0.5,1.0,0.4,0.8
2035,0,298,2,0.08948224782943726,0.022818148136138916,0.16395119826016927,0.8,0.01401233822107315,1.0,0.5,0.275,0.1375
2035,0,298,4,0.08948224782943726,0.04044139385223389,0.1636989840322266,0.6,0.043501994013786315,0.5,0.5,0.4625,0.4625
2035,0,298,6,0.08948224782943726,0.0022556185722351074,0.16423514216230076,0.4,0.06271885633468628,0.6666666666666666,1.0,0.4333333333333333,0.65
2035,0,298,8,0.08948224782943726,0.0,0.16426563720099466,0.19999999999999996,0.07199930250644684,0.5,1.0,0.4375,0.875
2035,0,304,2,0.029537737369537354,0.0052812546491622925,0.05737184299520816,0.5,0.0448586642742157,1.0,0.5,1.0,0.5
2035,0,304,4,0.12806183099746704,0.0,0.22704753849216014,0.0,0.12806183099746704,1.0,1.0,1.0,1.0
2035,0,304,6,0.12806183099746704,0.0,0.22704753849216014,0.0,0.12806183099746704,1.0,1.0,1.0,1.0
2035,0,304,8,0.12806183099746704,0.0,0.22704753849216014,0.0,0.12806183099746704,1.0,1.0,1.0,1.0
2035,0,305,2,0.024089276790618896,0.03159052133560181,0.04700919542717339,0.8,0.011628565192222596,0.5,0.25,0.275,0.1375
2035,0,305,4,0.004512667655944824,0.005803108215332031,0.00898455434773343,0.6,0.011366796493530274,0.5,0.5,0.425,0.425
2035,0,305,6,0.010170996189117432,0.0025145411491394043,0.02013666612252217,0.4,0.015809106826782226,0.6666666666666666,1.0,0.39999999999999997,0.6
2035,0,305,8,0.010170996189117432,0.0,0.020137177225415578,0.19999999999999996,0.017356252670288085,0.5,1.0,0.36875,0.7375
2035,0,309,2,0.031993262469768524,0.04709385335445404,0.06190800030242934,0.875,0.007377132773399353,0.5,0.25,0.225,0.1125
2035,0,309,4,0.028831206262111664,0.04709385335445404,0.05596900959508651,0.75,0.013329911977052689,0.25,0.25,0.1875,0.1875
2035,0,309,6,0.02867043763399124,0.029569163918495178,0.055695408455458624,0.625,0.02193564847111702,0.3333333333333333,0.5,0.22499999999999995,0.3375
2035,0,309,8,0.10159579664468765,0.003540940582752228,0.184391611050079,0.5,0.04124190583825112,0.375,0.75,0.23125,0.4625
2035,0,314,2,0.04619300365447998,0.02729743719100952,0.0881975631605001,0.7142857142857143,0.030426600575447084,1.0,0.5,0.55,0.275
2035,0,314,4,0.015004932880401611,0.0012443959712982178,0.02956568194707573,0.4285714285714286,0.03113279342651367,0.75,0.75,0.525,0.525
2035,0,314,6,0.015004932880401611,0.0,0.02956622651639792,0.1428571428571429,0.027947165071964264,0.6666666666666666,1.0,0.575,0.8625
2035,0,314,8,0.015004932880401611,0.0,0.02956622651639792,0.0,0.015004932880401611,0.5714285714285714,1.0,0.5714285714285714,1.0
2035,0,316,2,0.12272685766220093,0.0056607723236083984,0.21848685671267926,0.8,0.007574875652790069,1.0,0.5,0.375,0.1875
2035,0,316,4,0.12272685766220093,0.012677580118179321,0.21831639467326378,0.6,0.010765790939331055,0.5,0.5,0.375,0.375
2035,0,316,6,0.12272685766220093,0.0006916522979736328,0.218606283943229,0.4,0.02641288936138153,0.6666666666666666,1.0,0.3666666666666666,0.55
2035,0,316,8,0.12272685766220093,0.0,0.2186228232176596,0.19999999999999996,0.06316461116075515,0.5,1.0,0.3875,0.775
2035,0,317,2,0.15668416023254395,0.008645623922348022,0.2705998500848494,0.8,0.004163021594285965,1.0,0.5,0.325,0.1625
2035,0,317,4,0.15668416023254395,0.009784847497940063,0.2705573678466893,0.6,0.030046699941158293,0.5,0.5,0.45,0.45
2035,0,317,6,0.15668416023254395,0.006963565945625305,0.27066242097999793,0.4,0.07401742264628411,0.3333333333333333,0.5,0.45,0.675
2035,0,317,8,0.15668416023254395,0.0,0.27091952257916907,0.19999999999999996,0.11209647059440613,0.5,1.0,0.40625,0.8125
2035,0,319,2,0.018965281546115875,0.021312691271305084,0.03720950666912485,0.5,0.02267232947051525,1.0,0.5,1.0,0.5
2035,0,319,4,0.11165060847997665,0.0,0.20087356158180475,0.0,0.11165060847997665,1.0,1.0,1.0,1.0
2035,0,319,6,0.11165060847997665,0.0,0.20087356158180475,0.0,0.11165060847997665,1.0,1.0,1.0,1.0
2035,0,319,8,0.11165060847997665,0.0,0.20087356158180475,0.0,0.11165060847997665,1.0,1.0,1.0,1.0
2035,0,320,2,0.04285073280334473,0.07451510429382324,0.0819090092563847,0.8461538461538461,0.015004996955394746,0.5,0.25,0.3,0.15
2035,0,320,4,0.05338931083679199,0.07451510429382324,0.1009547507562079,0.6923076923076923,0.03386902362108231,0.25,0.25,0.3375,0.3375
2035,0,320,6,0.006856262683868408,0.020156413316726685,0.013617241400641135,0.5384615384615384,0.024015504121780395,0.3333333333333333,0.5,0.35,0.525
2035,0,320,8,0.006856262683868408,0.002506941556930542,0.013618915829697879,0.3846153846153846,0.031056846678256988,0.5,1.0,0.35625,0.7125
2035,0,322,2,0.027080968022346497,0.017427265644073486,0.052709202642537666,0.5,0.024100644141435625,1.0,0.5,1.0,0.5
2035,0,322,4,0.07807107269763947,0.0,0.14483474174347988,0.0,0.07807107269763947,1.0,1.0,1.0,1.0
2035,0,322,6,0.07807107269763947,0.0,0.14483474174347988,0.0,0.07807107269763947,1.0,1.0,1.0,1.0
2035,0,322,8,0.07807107269763947,0.0,0.14483474174347988,0.0,0.07807107269763947,1.0,1.0,1.0,1.0
2035,0,332,2,0.007223889231681824,0.0187709778547287,0.014342190073606337,0.7142857142857143,0.009686852246522904,1.0,0.5,0.6,0.3
2035,0,332,4,0.1289621889591217,0.005924135446548462,0.2283060651119944,0.4285714285714286,0.05553442016243935,0.75,0.75,0.5125,0.5125
2035,0,332,6,0.1289621889591217,0.0,0.22846148475180025,0.1428571428571429,0.1032312799245119,0.6666666666666666,1.0,0.5833333333333333,0.875
2035,0,332,8,0.1289621889591217,0.0,0.22846148475180025,0.0,0.1289621889591217,0.5714285714285714,1.0,0.5714285714285714,1.0
2035,0,338,2,0.12307550013065338,0.002888590097427368,0.21910626585718637,0.7142857142857143,0.024677596613764764,1.0,0.5,0.65,0.325
2035,0,338,4,0.12307550013065338,0.003314666450023651,0.21909597515809665,0.4285714285714286,0.04163100086152553,0.75,0.75,0.5625,0.5625
2035,0,338,6,0.12307550013065338,0.0,0.2191758258751711,0.1428571428571429,0.10167983435094356,0.6666666666666666,1.0,0.5416666666666666,0.8125
2035,0,338,8,0.12307550013065338,0.0,0.2191758258751711,0.0,0.12307550013065338,0.5714285714285714,1.0,0.5714285714285714,1.0
2035,0,340,2,0.003955841064453125,0.029524534940719604,0.007879563541523289,0.7142857142857143,0.008043193817138672,1.0,0.5,0.45,0.225
2035,0,340,4,0.00858449935913086,0.029524534940719604,0.01701845915597721,0.4285714285714286,0.037628491222858426,0.5,0.5,0.5875,0.5875
2035,0,340,6,0.07392078638076782,0.0,0.13766524927762888,0.1428571428571429,0.06272635906934738,0.6666666666666666,1.0,0.575,0.8625
2035,0,340,8,0.07392078638076782,0.0,0.13766524927762888,0.0,0.07392078638076782,0.5714285714285714,1.0,0.5714285714285714,1.0
2035,0,348,2,0.0006311461329460144,0.1361173689365387,0.0012613707179615272,0.8,0.022575686499476433,0.5,0.25,0.5,0.25
2035,0,348,4,0.1361173689365387,0.002049572765827179,0.23955955180612945,0.6,0.02451889794319868,0.75,0.75,0.4125,0.4125
2035,0,348,6,0.1361173689365387,0.00022221356630325317,0.23961211766273455,0.4,0.04639480132609606,0.6666666666666666,1.0,0.3833333333333333,0.575
2035,0,348,8,0.1361173689365387,0.0,0.23961849833164894,0.19999999999999996,0.07694210465997457,0.5,1.0,0.4,0.8
2035,0,356,2,0.08771313726902008,0.032633960247039795,0.16084235587652404,0.7142857142857143,0.01710807830095291,1.0,0.5,0.5,0.25
2035,0,356,4,0.08771313726902008,0.0024792850017547607,0.16124758957811097,0.4285714285714286,0.033903761953115466,1.0,1.0,0.575,0.575
2035,0,356,6,0.08771313726902008,0.0,0.16127990784269863,0.1428571428571429,0.07902596220374107,0.6666666666666666,1.0,0.6166666666666665,0.925
2035,0,356,8,0.08771313726902008,0.0,0.16127990784269863,0.0,0.08771313726902008,0.5714285714285714,1.0,0.5714285714285714,1.0
2035,0,361,2,0.025701895356178284,0.0134563148021698,0.050098598696525,0.5,0.03906911015510559,1.0,0.5,1.0,0.5
2035,0,361,4,0.10396626591682434,0.0,0.18835043991218736,0.0,0.10396626591682434,1.0,1.0,1.0,1.0
2035,0,361,6,0.10396626591682434,0.0,0.18835043991218736,0.0,0.10396626591682434,1.0,1.0,1.0,1.0
2035,0,361,8,0.10396626591682434,0.0,0.18835043991218736,0.0,0.10396626591682434,1.0,1.0,1.0,1.0
2035,0,373,2,0.02239200472831726,0.028174035251140594,0.043775373742643856,0.8,0.01617068350315094,0.5,0.25,0.475,0.2375
2035,0,373,4,0.023212693631649017,0.02257481962442398,0.04534841594403552,0.6,0.023464453220367432,0.5,0.5,0.35,0.35
2035,0,373,6,0.12310899049043655,0.003607533872127533,0.2191419580780432,0.4,0.04605226032435894,0.5,0.75,0.4083333333333334,0.6125
2035,0,373,8,0.12310899049043655,0.0,0.21922892886233172,0.19999999999999996,0.07638857178390027,0.5,1.0,0.3875,0.775
2035,0,375,2,0.005327537655830383,0.11654806137084961,0.010591206470780401,0.7142857142857143,0.03675201497972012,1.0,0.5,0.625,0.3125
2035,0,375,4,0.04816809296607971,0.045565977692604065,0.09170789890853583,0.4285714285714286,0.07832251265645027,0.75,0.75,0.575,0.575
2035,0,375,6,0.11654806137084961,0.0,0.208764970184547,0.1428571428571429,0.09367503672838211,0.6666666666666666,1.0,0.5583333333333332,0.8375
2035,0,375,8,0.11654806137084961,0.0,0.208764970184547,0.0,0.11654806137084961,0.5714285714285714,1.0,0.5714285714285714,1.0
2035,0,390,2,0.06328852474689484,0.03385181725025177,0.11879524545383342,0.7142857142857143,0.044708804413676265,1.0,0.5,0.65,0.325
2035,0,390,4,0.1424628049135208,0.0026301294565200806,0.24931397801329208,0.4285714285714286,0.05566943287849426,1.0,1.0,0.5,0.5
2035,0,390,6,0.1424628049135208,0.0,0.24939596160297683,0.1428571428571429,0.11625996232032776,0.6666666666666666,1.0,0.5833333333333333,0.875
2035,0,390,8,0.1424628049135208,0.0,0.24939596160297683,0.0,0.1424628049135208,0.5714285714285714,1.0,0.5714285714285714,1.0
2035,0,393,2,0.006436571478843689,0.0004656165838241577,0.012790775863089526,0.8,0.007318883389234543,1.0,0.5,0.3,0.15
2035,0,393,4,0.006436571478843689,0.011451810598373413,0.012789866401038201,0.6,0.0135881207883358,0.5,0.5,0.375,0.375
2035,0,393,6,0.08354730904102325,0.0029689818620681763,0.15417532723115707,0.4,0.04056774079799652,0.5,0.75,0.35833333333333334,0.5375
2035,0,393,8,0.08354730904102325,0.0,0.1542107268301289,0.19999999999999996,0.049879475682973864,0.5,1.0,0.36875,0.7375
2035,0,398,2,0.11778232455253601,0.012244552373886108,0.21046794716306516,0.8461538461538461,0.00988204926252365,1.0,0.5,0.3,0.15
2035,0,398,4,0.11778232455253601,0.01592932641506195,0.2103840197462579,0.6923076923076923,0.020088138431310652,0.5,0.5,0.3375,0.3375
2035,0,398,6,0.11778232455253601,0.006506502628326416,0.210597533465,0.5384615384615384,0.030658157914876936,0.5,0.75,0.3166666666666666,0.475
2035,0,398,8,0.11778232455253601,0.001331716775894165,0.21071325687980252,0.3846153846153846,0.06934245452284812,0.5,1.0,0.33125,0.6625
2035,0,401,2,0.02815379947423935,0.017749756574630737,0.054738649516010054,0.7142857142857143,0.020022323355078697,1.0,0.5,0.575,0.2875
2035,0,401,4,0.13628148287534714,0.0010309666395187378,0.23984306417991993,0.4285714285714286,0.05001791231334209,1.0,1.0,0.5875,0.5875
2035,0,401,6,0.13628148287534714,0.0,0.23987275147789688,0.1428571428571429,0.10857392586767674,0.6666666666666666,1.0,0.5666666666666665,0.85
2035,0,401,8,0.13628148287534714,0.0,0.23987275147789688,0.0,0.13628148287534714,0.5714285714285714,1.0,0.5714285714285714,1.0
2035,0,402,2,0.11608511209487915,0.01157715916633606,0.2077688548481426,0.7142857142857143,0.020940613746643067,1.0,0.5,0.6,0.3
2035,0,402,4,0.11608511209487915,0.002894356846809387,0.20795918365326435,0.4285714285714286,0.05078962966799736,0.75,0.75,0.5875,0.5875
2035,0,402,6,0.11608511209487915,0.0,0.2080219704337579,0.1428571428571429,0.09208077751100063,0.6666666666666666,1.0,0.5583333333333333,0.8375
2035,0,402,8,0.11608511209487915,0.0,0.2080219704337579,0.0,0.11608511209487915,0.5714285714285714,1.0,0.5714285714285714,1.0
2035,0,410,2,0.02769404649734497,0.033452264964580536,0.0538452887681069,0.8,0.012699967622756958,1.0,0.5,0.525,0.2625
2035,0,410,4,0.1575109288096428,0.0015568360686302185,0.2720968092107501,0.6,0.04796071387827396,0.75,0.75,0.4625,0.4625
2035,0,410,6,0.1575109288096428,0.0012473762035369873,0.27210829757744615,0.4,0.07044046744704247,0.6666666666666666,1.0,0.39999999999999997,0.6
2035,0,410,8,0.1575109288096428,0.0,0.27215454280267287,0.19999999999999996,0.11942689456045627,0.5,1.0,0.4125,0.825
2035,0,411,2,0.06403470039367676,0.054986387491226196,0.11994205385643533,0.7142857142857143,0.022699497640132904,1.0,0.5,0.575,0.2875
2035,0,411,4,0.06183376908302307,0.01292303204536438,0.11637728006494073,0.4285714285714286,0.043471412360668184,1.0,1.0,0.525,0.525
2035,0,411,6,0.06183376908302307,0.0,0.1164660060423985,0.1428571428571429,0.06296694427728652,0.6666666666666666,1.0,0.5416666666666666,0.8125
2035,0,411,8,0.06183376908302307,0.0,0.1164660060423985,0.0,0.06183376908302307,0.5714285714285714,1.0,0.5714285714285714,1.0
2035,0,415,2,0.03216731548309326,0.10908286273479462,0.062092720852094295,0.5,0.05556140020489693,1.0,0.5,1.0,0.5
2035,0,415,4,0.10908286273479462,0.0,0.1967082287536502,0.0,0.10908286273479462,1.0,1.0,1.0,1.0
2035,0,415,6,0.10908286273479462,0.0,0.1967082287536502,0.0,0.10908286273479462,1.0,1.0,1.0,1.0
2035,0,415,8,0.10908286273479462,0.0,0.1967082287536502,0.0,0.10908286273479462,1.0,1.0,1.0,1.0
2035,0,428,2,0.009461402893066406,0.07443243265151978,0.018731329056418652,0.8,0.010332639515399932,0.5,0.25,0.425,0.2125
2035,0,428,4,0.01882702112197876,0.07443243265151978,0.036903388378179844,0.6,0.02996293306350708,0.5,0.5,0.4,0.4
2035,0,428,6,0.07443243265151978,0.012783974409103394,0.13842791324530296,0.4,0.04131443798542023,0.6666666666666666,1.0,0.4333333333333333,0.65
2035,0,428,8,0.07443243265151978,0.0,0.1385520957661953,0.19999999999999996,0.050688765943050385,0.5,1.0,0.40625,0.8125
2035,0,434,2,2.2716820240020752e-05,0.1754879727959633,4.543238873431324e-05,0.7142857142857143,0.02304244302213192,0.5,0.25,0.525,0.2625
2035,0,434,4,0.1754879727959633,0.001562654972076416,0.298509186201945,0.4285714285714286,0.057681319490075114,0.75,0.75,0.5875,0.5875
2035,0,434,6,0.1754879727959633,0.0,0.2985789337828024,0.1428571428571429,0.12756303921341897,0.6666666666666666,1.0,0.5583333333333332,0.8375
2035,0,434,8,0.1754879727959633,0.0,0.2985789337828024,0.0,0.1754879727959633,0.5714285714285714,1.0,0.5714285714285714,1.0
2035,0,440,2,0.018853962421417236,0.01921612024307251,0.03699672347772089,0.5,0.050731360912323,1.0,0.5,1.0,0.5
2035,0,440,4,0.018853962421417236,0.0,0.03701013710857785,0.0,0.018853962421417236,1.0,1.0,1.0,1.0
2035,0,440,6,0.018853962421417236,0.0,0.03701013710857785,0.0,0.018853962421417236,1.0,1.0,1.0,1.0
2035,0,440,8,0.018853962421417236,0.0,0.03701013710857785,0.0,0.018853962421417236,1.0,1.0,1.0,1.0
2035,0,441,2,0.1168316975235939,0.0037858113646507263,0.20913674126591617,0.5,0.05574959628283978,1.0,0.5,1.0,0.5
2035,0,441,4,0.1168316975235939,0.0,0.20921988117395057,0.0,0.1168316975235939,1.0,1.0,1.0,1.0
2035,0,441,6,0.1168316975235939,0.0,0.20921988117395057,0.0,0.1168316975235939,1.0,1.0,1.0,1.0
2035,0,441,8,0.1168316975235939,0.0,0.20921988117395057,0.0,0.1168316975235939,1.0,1.0,1.0,1.0
2035,0,443,2,0.005009673535823822,0.004074893891811371,0.009969200289967305,0.8,0.002542095258831978,1.0,0.5,0.375,0.1875
2035,0,443,4,0.005009673535823822,0.0025007203221321106,0.009969279032145189,0.6,0.01897459514439106,0.5,0.5,0.375,0.375
2035,0,443,6,0.10247728228569031,0.00018110871315002441,0.1859005323857741,0.4,0.04808916412293911,0.5,0.75,0.4,0.6
2035,0,443,8,0.10247728228569031,0.0,0.18590366247408058,0.19999999999999996,0.04471037052571773,0.5,1.0,0.3875,0.775
2035,0,446,2,0.11152426153421402,0.00944451242685318,0.200477269180811,0.7142857142857143,0.019966760650277138,1.0,0.5,0.675,0.3375
2035,0,446,4,0.11152426153421402,0.003436744213104248,0.20059964476895795,0.4285714285714286,0.05576377622783184,0.75,0.75,0.525,0.525
2035,0,446,6,0.11152426153421402,0.0,0.20066905490714054,0.1428571428571429,0.07868264727294445,0.6666666666666666,1.0,0.5333333333333333,0.8
2035,0,446,8,0.11152426153421402,0.0,0.20066905490714054,0.0,0.11152426153421402,0.5714285714285714,1.0,0.5714285714285714,1.0
2035,0,447,2,0.052096202969551086,0.081230029463768,0.09860149250961395,0.5,0.07221757993102074,1.0,0.5,1.0,0.5
2035,0,447,4,0.11862833797931671,0.0,0.21209607150415338,0.0,0.11862833797931671,1.0,1.0,1.0,1.0
2035,0,447,6,0.11862833797931671,0.0,0.21209607150415338,0.0,0.11862833797931671,1.0,1.0,1.0,1.0
2035,0,447,8,0.11862833797931671,0.0,0.21209607150415338,0.0,0.11862833797931671,1.0,1.0,1.0,1.0
2035,0,449,2,0.037468865513801575,0.0531279593706131,0.07208523170723634,0.5,0.0476927388459444,1.0,0.5,1.0,0.5
2035,0,449,4,0.08780118823051453,0.0,0.16142874117160588,0.0,0.08780118823051453,1.0,1.0,1.0,1.0
2035,0,449,6,0.08780118823051453,0.0,0.16142874117160588,0.0,0.08780118823051453,1.0,1.0,1.0,1.0
2035,0,449,8,0.08780118823051453,0.0,0.16142874117160588,0.0,0.08780118823051453,1.0,1.0,1.0,1.0
2035,0,454,2,0.14624722301959991,0.026399776339530945,0.2542959390830018,0.7142857142857143,0.028234221041202545,1.0,0.5,0.575,0.2875
2035,0,454,4,0.14624722301959991,0.011458560824394226,0.2547988804180738,0.4285714285714286,0.07946529239416122,0.75,0.75,0.65,0.65
2035,0,454,6,0.14624722301959991,0.0,0.25517570744352275,0.1428571428571429,0.11997970640659332,0.6666666666666666,1.0,0.5833333333333333,0.875
2035,0,454,8,0.14624722301959991,0.0,0.25517570744352275,0.0,0.14624722301959991,0.5714285714285714,1.0,0.5714285714285714,1.0
2035,0,460,2,0.11572015285491943,0.016036659479141235,0.20708574577067287,0.5,0.03801862895488739,1.0,0.5,1.0,0.5
2035,0,460,4,0.11572015285491943,0.0,0.20743580289163582,0.0,0.11572015285491943,1.0,1.0,1.0,1.0
2035,0,460,6,0.11572015285491943,0.0,0.20743580289163582,0.0,0.11572015285491943,1.0,1.0,1.0,1.0
2035,0,460,8,0.11572015285491943,0.0,0.20743580289163582,0.0,0.11572015285491943,1.0,1.0,1.0,1.0
2035,0,475,2,0.08423332870006561,0.036296382546424866,0.15492528224404803,0.7142857142857143,0.02429252415895462,1.0,0.5,0.5,0.25
2035,0,475,4,0.08423332870006561,0.002610906958580017,0.1553470076567957,0.4285714285714286,0.055615395307540894,1.0,1.0,0.6,0.6
2035,0,475,6,0.08423332870006561,0.0,0.15537860065795359,0.1428571428571429,0.0642011895775795,0.6666666666666666,1.0,0.5666666666666667,0.85
2035,0,475,8,0.08423332870006561,0.0,0.15537860065795359,0.0,0.08423332870006561,0.5714285714285714,1.0,0.5714285714285714,1.0
2035,0,476,2,0.06010037660598755,0.048429399728775024,0.11305998244610596,0.8,0.01666198521852493,1.0,0.5,0.4,0.2
2035,0,476,4,0.06603115797042847,0.0553358793258667,0.12343436661717354,0.6,0.028313590586185454,0.75,0.75,0.3125,0.3125
2035,0,476,6,0.054084062576293945,0.004171490669250488,0.10259606914902294,0.4,0.05094468593597412,0.6666666666666666,1.0,0.39999999999999997,0.6
2035,0,476,8,0.054084062576293945,0.0,0.10261812031216319,0.19999999999999996,0.04904302656650543,0.5,1.0,0.3875,0.775
2035,0,479,2,0.0014241337776184082,0.010517269372940063,0.002844174018115601,0.8,0.007575176656246185,0.5,0.25,0.375,0.1875
2035,0,479,4,0.011997222900390625,0.0014619827270507812,0.023709580213516886,0.6,0.013593384623527527,0.75,0.75,0.3625,0.3625
2035,0,479,6,0.010517269372940063,0.001719832420349121,0.02081524208430825,0.4,0.013457037508487701,0.6666666666666666,1.0,0.4416666666666666,0.6625
2035,0,479,8,0.010517269372940063,0.0,0.020815615312475326,0.19999999999999996,0.023327040672302245,0.5,1.0,0.4125,0.825
2035,0,490,2,0.006008043885231018,0.13048192858695984,0.011933630855251542,0.7142857142857143,0.044069253653287885,0.5,0.25,0.625,0.3125
2035,0,490,4,0.029976263642311096,0.026088625192642212,0.05816233414439977,0.4285714285714286,0.06593477502465248,0.5,0.5,0.6125,0.6125
2035,0,490,6,0.13048192858695984,0.0,0.23084301533250523,0.1428571428571429,0.1022450365126133,0.6666666666666666,1.0,0.5583333333333333,0.8375
2035,0,490,8,0.13048192858695984,0.0,0.23084301533250523,0.0,0.13048192858695984,0.5714285714285714,1.0,0.5714285714285714,1.0
2035,0,496,2,0.12397081404924393,0.004616215825080872,0.22048158503364587,0.8,0.013522731512784958,1.0,0.5,0.35,0.175
2035,0,496,4,0.12397081404924393,0.0010692030191421509,0.22056832560240616,0.6,0.016722002997994423,0.75,0.75,0.4375,0.4375
2035,0,496,6,0.12397081404924393,0.0020216554403305054,0.2205450876793343,0.4,0.036362404376268385,0.5,0.75,0.35,0.525
2035,0,496,8,0.12397081404924393,0.0,0.22059436508430988,0.19999999999999996,0.08350329846143723,0.5,1.0,0.39375,0.7875
2035,0,498,2,0.009374812245368958,0.09468640387058258,0.01855745608927741,0.7142857142857143,0.024375498294830322,0.5,0.25,0.575,0.2875
2035,0,498,4,0.09468640387058258,0.0033875107765197754,0.1729419011679459,0.4285714285714286,0.05397883392870426,0.75,0.75,0.6,0.6
2035,0,498,6,0.09468640387058258,0.0,0.1729927466638687,0.1428571428571429,0.08761144019663333,0.6666666666666666,1.0,0.5583333333333332,0.8375
2035,0,498,8,0.09468640387058258,0.0,0.1729927466638687,0.0,0.09468640387058258,0.5714285714285714,1.0,0.5714285714285714,1.0
2035,0,502,2,0.006042785942554474,0.006862834095954895,0.012012481423515818,0.7142857142857143,0.0044552236795425415,1.0,0.5,0.525,0.2625
2035,0,502,4,0.1114877462387085,0.0017600208520889282,0.20057447053835292,0.4285714285714286,0.053192494064569475,0.75,0.75,0.6125,0.6125
2035,0,502,6,0.1114877462387085,0.0,0.20060994215363098,0.1428571428571429,0.08809678815305233,0.6666666666666666,1.0,0.5666666666666667,0.85
2035,0,502,8,0.1114877462387085,0.0,0.20060994215363098,0.0,0.1114877462387085,0.5714285714285714,1.0,0.5714285714285714,1.0
2035,0,509,2,0.010224252939224243,0.011976279318332672,0.020239068241853925,0.8,0.003932476043701172,1.0,0.5,0.35,0.175
2035,0,509,4,0.13563222438097,0.0032717138528823853,0.23877285245582971,0.6,0.028208431601524354,0.75,0.75,0.425,0.425
2035,0,509,6,0.13563222438097,0.001750349998474121,0.23881644742044547,0.4,0.07934722974896431,0.5,0.75,0.4583333333333333,0.6875
2035,0,509,8,0.13563222438097,0.0,0.23886645952637134,0.19999999999999996,0.08715425059199333,0.5,1.0,0.4125,0.825
2035,0,520,2,0.050352320075035095,0.04380238056182861,0.09566692460827611,0.8,0.01839630901813507,1.0,0.5,0.4,0.2
2035,0,520,4,0.10702268779277802,0.0014044344425201416,0.19332600763430735,0.6,0.03984310030937195,0.75,0.75,0.3625,0.3625
2035,0,520,6,0.10702268779277802,0.0036410391330718994,0.19328400853490119,0.4,0.06196110770106315,0.6666666666666666,1.0,0.41666666666666663,0.625
2035,0,520,8,0.10702268779277802,0.0,0.193352293449674,0.19999999999999996,0.09258239120244979,0.5,1.0,0.41875,0.8375
2035,0,521,2,0.12447281181812286,0.011537209153175354,0.22110307669137239,0.8461538461538461,0.012037917226552963,1.0,0.5,0.3,0.15
2035,0,521,4,0.12447281181812286,0.0038778483867645264,0.22129338284003963,0.6923076923076923,0.024441300332546233,0.5,0.5,0.4,0.4
2035,0,521,6,0.12447281181812286,0.0005285143852233887,0.2213757860254369,0.5384615384615384,0.05124879404902458,0.5,0.75,0.36666666666666664,0.55
2035,0,521,8,0.12447281181812286,0.0020810067653656006,0.22133765142518422,0.3846153846153846,0.05640856251120567,0.375,0.75,0.30625,0.6125
2035,0,523,2,0.016050174832344055,0.019361093640327454,0.03158342193464673,0.7142857142857143,0.010033641010522842,1.0,0.5,0.475,0.2375
2035,0,523,4,0.13511717319488525,0.002229541540145874,0.23800405278949482,0.4285714285714286,0.028233185410499573,0.75,0.75,0.4125,0.4125
2035,0,523,6,0.13511717319488525,0.0,0.23806735795316414,0.1428571428571429,0.10294794291257858,0.6666666666666666,1.0,0.575,0.8625
2035,0,523,8,0.13511717319488525,0.0,0.23806735795316414,0.0,0.13511717319488525,0.5714285714285714,1.0,0.5714285714285714,1.0
2035,0,530,2,0.019736990332603455,0.036784783005714417,0.03868137084250017,0.7142857142857143,0.012809009104967118,1.0,0.5,0.525,0.2625
2035,0,530,4,0.14704862236976624,0.00732557475566864,0.25615241702702385,0.4285714285714286,0.05936315469443798,1.0,1.0,0.6125,0.6125
2035,0,530,6,0.14704862236976624,0.0,0.2563947499731414,0.1428571428571429,0.12484325021505356,0.6666666666666666,1.0,0.5666666666666667,0.85
2035,0,530,8,0.14704862236976624,0.0,0.2563947499731414,0.0,0.14704862236976624,0.5714285714285714,1.0,0.5714285714285714,1.0
2035,0,531,2,0.024559617042541504,0.056339412927627563,0.04787328861376808,0.7142857142857143,0.035126814246177675,1.0,0.5,0.625,0.3125
2035,0,531,4,0.04717153310775757,0.00900954008102417,0.09005634882327292,0.4285714285714286,0.05379711985588074,0.75,0.75,0.5375,0.5375
2035,0,531,6,0.04717153310775757,0.0,0.09009323041424476,0.1428571428571429,0.06623102128505706,0.6666666666666666,1.0,0.5833333333333333,0.875
2035,0,531,8,0.04717153310775757,0.0,0.09009323041424476,0.0,0.04717153310775757,0.5714285714285714,1.0,0.5714285714285714,1.0
2035,0,534,2,0.03613424301147461,0.06757345795631409,0.06957235473587065,0.7142857142857143,0.017701250314712525,1.0,0.5,0.525,0.2625
2035,0,534,4,0.07660454511642456,0.054904550313949585,0.14172185060801418,0.4285714285714286,0.0520148903131485,0.75,0.75,0.525,0.525
2035,0,534,6,0.014760017395019531,0.0,0.02909065619851643,0.1428571428571429,0.022428441047668456,0.6666666666666666,1.0,0.5416666666666666,0.8125
2035,0,534,8,0.014760017395019531,0.0,0.02909065619851643,0.0,0.014760017395019531,0.5714285714285714,1.0,0.5714285714285714,1.0
2035,0,541,2,0.023456819355487823,0.02061508595943451,0.04581631227161278,0.8,0.007372177019715309,1.0,0.5,0.325,0.1625
2035,0,541,4,0.11423942446708679,0.0061888545751571655,0.20492280111977812,0.6,0.02401389479637146,0.75,0.75,0.4,0.4
2035,0,541,6,0.11423942446708679,0.00029639899730682373,0.2050474062047442,0.4,0.06174856722354889,0.6666666666666666,1.0,0.4416666666666666,0.6625
2035,0,541,8,0.11423942446708679,0.0,0.20505363920635764,0.19999999999999996,0.09229571670293808,0.5,1.0,0.4,0.8
2035,0,545,2,0.10928937792778015,0.021997466683387756,0.19660826567841694,0.7142857142857143,0.025221368297934532,1.0,0.5,0.525,0.2625
2035,0,545,4,0.10928937792778015,0.00010962784290313721,0.1970418171818653,0.4285714285714286,0.05534450076520443,0.75,0.75,0.6125,0.6125
2035,0,545,6,0.10928937792778015,0.0,0.19704394561487523,0.1428571428571429,0.08613105118274689,0.6666666666666666,1.0,0.5666666666666667,0.85
2035,0,545,8,0.10928937792778015,0.0,0.19704394561487523,0.0,0.10928937792778015,0.5714285714285714,1.0,0.5714285714285714,1.0
2035,0,546,2,0.13468630611896515,0.010306566953659058,0.2371052199609434,0.8,0.018336665630340577,1.0,0.5,0.375,0.1875
2035,0,546,4,0.13468630611896515,0.004271164536476135,0.23727749887882135,0.6,0.03789015412330628,0.75,0.75,0.4625,0.4625
2035,0,546,6,0.13468630611896515,0.0021810531616210938,0.23733673247737108,0.4,0.04169405698776245,0.6666666666666666,1.0,0.38333333333333336,0.575
2035,0,546,8,0.13468630611896515,0.0,0.23739831069194922,0.19999999999999996,0.08430460020899773,0.5,1.0,0.43125,0.8625
2035,0,573,2,0.07110205292701721,0.01677042245864868,0.1326141404497137,0.7142857142857143,0.032847356796264646,1.0,0.5,0.525,0.2625
2035,0,573,4,0.08440345525741577,0.03605717420578003,0.15521608964170497,0.4285714285714286,0.06319017559289933,0.75,0.75,0.6,0.6
2035,0,573,6,0.10672789812088013,0.0,0.19287107210741514,0.1428571428571429,0.09346192926168442,0.6666666666666666,1.0,0.5499999999999999,0.825
2035,0,573,8,0.10672789812088013,0.0,0.19287107210741514,0.0,0.10672789812088013,0.5714285714285714,1.0,0.5714285714285714,1.0
2035,0,579,2,0.002780333161354065,0.004723362624645233,0.0055451757190325334,0.875,0.001774967834353447,1.0,0.5,0.2,0.1
2035,0,579,4,0.002780333161354065,0.0019950270652770996,0.005545217949433586,0.75,0.008900853618979455,0.5,0.5,0.2125,0.2125
2035,0,579,6,0.1368085741996765,0.0030301958322525024,0.24060084409921426,0.625,0.025417879968881608,0.5,0.75,0.27499999999999997,0.4125
2035,0,579,8,0.1368085741996765,0.0037676990032196045,0.24057935358669344,0.5,0.02505348399281502,0.375,0.75,0.2375,0.475
2035,0,581,2,0.003940463066101074,0.03841915726661682,0.00784876268001929,0.5,0.02669283002614975,1.0,0.5,1.0,0.5
2035,0,581,4,0.005781352519989014,0.0,0.011496241216848599,0.0,0.005781352519989014,1.0,1.0,1.0,1.0
2035,0,581,6,0.005781352519989014,0.0,0.011496241216848599,0.0,0.005781352519989014,1.0,1.0,1.0,1.0
2035,0,581,8,0.005781352519989014,0.0,0.011496241216848599,0.0,0.005781352519989014,1.0,1.0,1.0,1.0
2035,0,582,2,0.029690563678741455,0.05398768186569214,0.05757416421738571,0.5,0.04303779453039169,1.0,0.5,1.0,0.5
2035,0,582,4,0.09035870432853699,0.0,0.16574124454609007,0.0,0.09035870432853699,1.0,1.0,1.0,1.0
2035,0,582,6,0.09035870432853699,0.0,0.16574124454609007,0.0,0.09035870432853699,1.0,1.0,1.0,1.0
2035,0,582,8,0.09035870432853699,0.0,0.16574124454609007,0.0,0.09035870432853699,1.0,1.0,1.0,1.0
2035,0,584,2,0.05140388011932373,0.019943952560424805,0.09768422839660036,0.7142857142857143,0.029313336312770843,1.0,0.5,0.55,0.275
2035,0,584,4,0.05140388011932373,0.0019994378089904785,0.09777183932048462,0.4285714285714286,0.049125395715236664,0.75,0.75,0.55,0.55
2035,0,584,6,0.05140388011932373,0.0,0.0977814160501099,0.1428571428571429,0.05890317559242249,0.6666666666666666,1.0,0.5416666666666666,0.8125
2035,0,584,8,0.05140388011932373,0.0,0.0977814160501099,0.0,0.05140388011932373,0.5714285714285714,1.0,0.5714285714285714,1.0
2035,0,587,2,0.02361191064119339,0.01943047344684601,0.046113419708572786,0.7142857142857143,0.013580796867609024,1.0,0.5,0.6,0.3
2035,0,587,4,0.08996103703975677,0.004737630486488342,0.16500719455074944,0.4285714285714286,0.030398676358163356,0.75,0.75,0.5625,0.5625
2035,0,587,6,0.08996103703975677,0.0,0.1650720236460625,0.1428571428571429,0.06525997575372458,0.6666666666666666,1.0,0.5499999999999999,0.825
2035,0,587,8,0.08996103703975677,0.0,0.1650720236460625,0.0,0.08996103703975677,0.5714285714285714,1.0,0.5714285714285714,1.0
2035,0,588,2,0.03377164900302887,0.02358148992061615,0.06528525922765634,0.8,0.012649951875209809,1.0,0.5,0.25,0.125
2035,0,588,4,0.13758262991905212,0.0009930431842803955,0.24185687785684293,0.6,0.03384993076324463,1.0,1.0,0.4,0.4
2035,0,588,6,0.13758262991905212,0.003426283597946167,0.24178541742600063,0.4,0.05314078256487846,0.6666666666666666,1.0,0.3833333333333333,0.575
2035,0,588,8,0.13758262991905212,0.0,0.2418859541286108,0.19999999999999996,0.10005234852433205,0.5,1.0,0.4125,0.825
2035,0,594,2,0.007330372929573059,0.12968087196350098,0.014538295228849014,0.7142857142857143,0.021624815464019776,0.5,0.25,0.525,0.2625
2035,0,594,4,0.03777407109737396,0.01320655643939972,0.07276280998997704,0.4285714285714286,0.04322051703929901,0.75,0.75,0.5,0.5
2035,0,594,6,0.12968087196350098,0.0,0.22958850624442698,0.1428571428571429,0.10347102135419846,0.6666666666666666,1.0,0.575,0.8625
2035,0,594,8,0.12968087196350098,0.0,0.22958850624442698,0.0,0.12968087196350098,0.5714285714285714,1.0,0.5714285714285714,1.0
2035,0,595,2,0.04372444748878479,0.025975942611694336,0.08369192103157418,0.8461538461538461,0.018164798617362976,1.0,0.5,0.35,0.175
2035,0,595,4,0.049477070569992065,0.025975942611694336,0.09417059875723902,0.6923076923076923,0.023691019415855406,0.5,0.5,0.3375,0.3375
2035,0,595,6,0.05535244941711426,0.009644925594329834,0.10484495504177391,0.5384615384615384,0.03229072242975235,0.5,0.75,0.3333333333333333,0.5
2035,0,595,8,0.05535244941711426,0.0018088221549987793,0.1048885404467995,0.3846153846153846,0.039966467022895816,0.5,1.0,0.31875,0.6375
