data_seed,model_seed,node_index,explanation_seconds,ig_completeness_residual,ig_0,feature_0,ig_1,feature_1,ig_2,feature_2,ig_3,feature_3,ig_4,feature_4,ig_5,feature_5
2026,0,1,2.8908182200002557,9.876489639282227e-05,0.10325600951910019,Age (normalized),0.20636382699012756,Health score,0.0,Smoking status,0.003272758098319173,BMI risk index,0.030184218659996986,Preventive check-up adherence,0.0292473416775465,Claims in previous 12 months (normalized)
2026,0,6,4.664930070000082,3.081560134887695e-05,0.08985796570777893,Age (normalized),0.1729537397623062,Health score,0.0,Smoking status,0.053133297711610794,BMI risk index,0.08515811711549759,Preventive check-up adherence,0.06974983215332031,Claims in previous 12 months (normalized)
2026,0,9,4.667087585000445,0.00022424757480621338,0.08464808017015457,Age (normalized),0.17715391516685486,Health score,0.0,Smoking status,0.07057004421949387,BMI risk index,0.05437900498509407,Preventive check-up adherence,0.0,Claims in previous 12 months (normalized)
2026,0,29,0.22502380700007052,0.0006885714828968048,0.1170356422662735,Age (normalized),0.13026385009288788,Health score,0.0,Smoking status,0.04240323603153229,BMI risk index,0.13954786956310272,Preventive check-up adherence,0.07940016686916351,Claims in previous 12 months (normalized)
2026,0,31,0.3091241299998728,0.00022459030151367188,0.15710747241973877,Age (normalized),0.09813324362039566,Health score,0.0,Smoking status,0.016503944993019104,BMI risk index,0.13384932279586792,Preventive check-up adherence,0.0,Claims in previous 12 months (normalized)
2026,0,38,0.2526870060000874,3.284960985183716e-05,0.0974975973367691,Age (normalized),0.20913957059383392,Health score,0.0,Smoking status,0.021052423864603043,BMI risk index,0.08252038806676865,Preventive check-up adherence,0.0,Claims in previous 12 months (normalized)
2026,0,40,5.220035993000238,0.0006085224449634552,0.07295674830675125,Age (normalized),0.21302323043346405,Health score,0.0,Smoking status,0.015852350741624832,BMI risk index,0.07655294239521027,Preventive check-up adherence,0.02143603004515171,Claims in previous 12 months (normalized)
2026,0,43,1.2697558270001537,0.0002047233283519745,0.20715561509132385,Age (normalized),0.13597697019577026,Health score,0.0,Smoking status,0.0368780754506588,BMI risk index,0.11760157346725464,Preventive check-up adherence,0.08234139531850815,Claims in previous 12 months (normalized)
2026,0,45,0.7618383130002258,0.00017412006855010986,0.15143363177776337,Age (normalized),0.28730592131614685,Health score,0.23620158433914185,Smoking status,0.039959151297807693,BMI risk index,0.1531912386417389,Preventive check-up adherence,0.0,Claims in previous 12 months (normalized)
2026,0,46,0.5876220730006025,0.00024139881134033203,0.19007211923599243,Age (normalized),0.2541261613368988,Health score,0.0,Smoking status,0.04358251765370369,BMI risk index,0.06471064686775208,Preventive check-up adherence,0.0,Claims in previous 12 months (normalized)
2026,0,53,0.30664598000021215,7.090717554092407e-05,0.11452513188123703,Age (normalized),0.19562414288520813,Health score,0.0,Smoking status,0.002631461713463068,BMI risk index,0.08069721609354019,Preventive check-up adherence,0.0,Claims in previous 12 months (normalized)
2026,0,61,0.3967274440001347,0.0005536898970603943,0.046489518135786057,Age (normalized),0.2329961508512497,Health score,0.23220834136009216,Smoking status,0.07810071855783463,BMI risk index,0.12364376336336136,Preventive check-up adherence,0.0,Claims in previous 12 months (normalized)
2026,0,69,0.31816482199974416,0.0007329732179641724,0.0875176414847374,Age (normalized),0.20267978310585022,Health score,0.0,Smoking status,0.013753343373537064,BMI risk index,0.08562836050987244,Preventive check-up adherence,0.0,Claims in previous 12 months (normalized)
2026,0,72,0.6944966470000509,0.00025712698698043823,0.246490016579628,Age (normalized),0.3537127673625946,Health score,0.23054945468902588,Smoking status,0.020783914253115654,BMI risk index,0.10573455691337585,Preventive check-up adherence,0.12467166036367416,Claims in previous 12 months (normalized)
2026,0,75,0.45561118600016925,0.000209808349609375,0.13591496646404266,Age (normalized),0.12126720696687698,Health score,0.22584180533885956,Smoking status,0.04906519502401352,BMI risk index,0.1275537610054016,Preventive check-up adherence,0.03627580776810646,Claims in previous 12 months (normalized)
2026,0,76,0.24173221600085526,0.00016710162162780762,0.09684646129608154,Age (normalized),0.12394015491008759,Health score,0.19306594133377075,Smoking status,0.0841270461678505,BMI risk index,0.10860870033502579,Preventive check-up adherence,0.1655334085226059,Claims in previous 12 months (normalized)
2026,0,94,0.3427537610004947,0.0006575509905815125,0.08144740015268326,Age (normalized),0.19478091597557068,Health score,0.0,Smoking status,0.01121450774371624,BMI risk index,0.07941511273384094,Preventive check-up adherence,0.025090819224715233,Claims in previous 12 months (normalized)
2026,0,107,0.8360914490003779,0.00029963254928588867,0.13059599697589874,Age (normalized),0.2315552830696106,Health score,0.0,Smoking status,0.07134324312210083,BMI risk index,0.0608452707529068,Preventive check-up adherence,0.0,Claims in previous 12 months (normalized)
2026,0,110,0.34976242700031435,0.000571519136428833,0.05335915833711624,Age (normalized),0.15607793629169464,Health score,0.0,Smoking status,0.017925456166267395,BMI risk index,0.10818074643611908,Preventive check-up adherence,0.030683044344186783,Claims in previous 12 months (normalized)
2026,0,111,0.15891659299995808,0.00010119378566741943,0.0,Age (normalized),0.14359156787395477,Health score,0.0,Smoking status,0.0541180856525898,BMI risk index,0.08275106549263,Preventive check-up adherence,0.03393802419304848,Claims in previous 12 months (normalized)
2026,0,126,0.18172214100013662,0.00038929283618927,0.10552992671728134,Age (normalized),0.14642208814620972,Health score,0.0,Smoking status,0.05201568081974983,BMI risk index,0.0913904681801796,Preventive check-up adherence,0.03143862634897232,Claims in previous 12 months (normalized)
2026,0,129,0.15184764599962364,0.0007270164787769318,0.05109157785773277,Age (normalized),0.1442597508430481,Health score,0.0,Smoking status,0.08602011203765869,BMI risk index,0.060818374156951904,Preventive check-up adherence,0.0791241005063057,Claims in previous 12 months (normalized)
2026,0,132,0.22096446199975617,0.0003653913736343384,0.12065109610557556,Age (normalized),0.22892087697982788,Health score,0.0,Smoking status,0.04023738205432892,BMI risk index,0.06227915361523628,Preventive check-up adherence,0.0,Claims in previous 12 months (normalized)
2026,0,141,0.28319882300093013,0.0001767091453075409,0.014438632875680923,Age (normalized),0.18594081699848175,Health score,0.0,Smoking status,0.025108180940151215,BMI risk index,0.062204405665397644,Preventive check-up adherence,0.0,Claims in previous 12 months (normalized)
2026,0,143,0.2613161860008404,0.0004786550998687744,0.10725892335176468,Age (normalized),0.21535751223564148,Health score,0.0,Smoking status,0.13512106239795685,BMI risk index,0.11031921207904816,Preventive check-up adherence,0.07085263729095459,Claims in previous 12 months (normalized)
2026,0,145,0.255608114000097,3.27378511428833e-05,0.21714311838150024,Age (normalized),0.16962642967700958,Health score,0.23232071101665497,Smoking status,0.04054723680019379,BMI risk index,0.10458125919103622,Preventive check-up adherence,0.0,Claims in previous 12 months (normalized)
2026,0,155,0.32303633599894965,0.0004972442984580994,0.017513377591967583,Age (normalized),0.1789877861738205,Health score,0.0,Smoking status,0.031058281660079956,BMI risk index,0.060677360743284225,Preventive check-up adherence,0.02464156597852707,Claims in previous 12 months (normalized)
2026,0,157,0.252830497001014,8.608400821685791e-05,0.0,Age (normalized),0.28898483514785767,Health score,0.21296194195747375,Smoking status,0.12905330955982208,BMI risk index,0.10515673458576202,Preventive check-up adherence,0.03219776973128319,Claims in previous 12 months (normalized)
2026,0,159,0.23833744599960482,0.00038973987102508545,0.1249481663107872,Age (normalized),0.1997908353805542,Health score,0.0,Smoking status,0.03856142237782478,BMI risk index,0.08956653624773026,Preventive check-up adherence,0.027584392577409744,Claims in previous 12 months (normalized)
2026,0,163,0.30716230100006214,0.00019837915897369385,0.04461154341697693,Age (normalized),0.16862083971500397,Health score,0.0,Smoking status,0.01819254271686077,BMI risk index,0.08253684639930725,Preventive check-up adherence,0.0627184584736824,Claims in previous 12 months (normalized)
2026,0,166,0.3680014209994624,0.0012044906616210938,0.14750394225120544,Age (normalized),0.2762417495250702,Health score,0.22159045934677124,Smoking status,0.14864875376224518,BMI risk index,0.17401376366615295,Preventive check-up adherence,0.03814944997429848,Claims in previous 12 months (normalized)
2026,0,167,0.44538872400062246,0.00025366246700286865,0.152385413646698,Age (normalized),0.12530362606048584,Health score,0.0,Smoking status,0.05459778755903244,BMI risk index,0.14326395094394684,Preventive check-up adherence,0.03786706551909447,Claims in previous 12 months (normalized)
2026,0,168,0.316662549999819,0.0010841786861419678,0.04032144695520401,Age (normalized),0.19739240407943726,Health score,0.0,Smoking status,0.045991167426109314,BMI risk index,0.0706099420785904,Preventive check-up adherence,0.0,Claims in previous 12 months (normalized)
2026,0,173,0.2102811250006198,0.0005285739898681641,0.1646670550107956,Age (normalized),0.22572003304958344,Health score,0.0,Smoking status,0.04029358923435211,BMI risk index,0.10844756662845612,Preventive check-up adherence,0.031082794070243835,Claims in previous 12 months (normalized)
2026,0,180,0.2800962930004971,0.0005709230899810791,0.11916134506464005,Age (normalized),0.2332829087972641,Health score,0.0,Smoking status,0.006824769079685211,BMI risk index,0.0646708682179451,Preventive check-up adherence,0.0,Claims in previous 12 months (normalized)
2026,0,184,0.2165246450003906,8.331611752510071e-05,0.16152560710906982,Age (normalized),0.09595057368278503,Health score,0.0,Smoking status,0.020471462979912758,BMI risk index,0.11173160374164581,Preventive check-up adherence,0.0,Claims in previous 12 months (normalized)
2026,0,189,0.44742139899972244,0.001010805368423462,0.10729022324085236,Age (normalized),0.1627608835697174,Health score,0.0,Smoking status,0.024448564276099205,BMI risk index,0.10556883364915848,Preventive check-up adherence,0.0,Claims in previous 12 months (normalized)
2026,0,193,0.6439716959994257,0.00047124922275543213,0.09870638698339462,Age (normalized),0.20925210416316986,Health score,0.0,Smoking status,0.030174417421221733,BMI risk index,0.06809302419424057,Preventive check-up adherence,0.0,Claims in previous 12 months (normalized)
2026,0,198,0.5041003900005308,0.0005344748497009277,0.1165085881948471,Age (normalized),0.21664874255657196,Health score,0.23468004167079926,Smoking status,0.08888313919305801,BMI risk index,0.13154196739196777,Preventive check-up adherence,0.03821554407477379,Claims in previous 12 months (normalized)
2026,0,203,0.29746613899897056,0.0009376704692840576,0.08347617089748383,Age (normalized),0.2116084098815918,Health score,0.0,Smoking status,0.033278029412031174,BMI risk index,0.06942334771156311,Preventive check-up adherence,0.0,Claims in previous 12 months (normalized)
2026,0,217,0.15129186900048808,9.867548942565918e-05,0.05995902791619301,Age (normalized),0.21388517320156097,Health score,0.0,Smoking status,0.04909718036651611,BMI risk index,0.09641623497009277,Preventive check-up adherence,0.056261640042066574,Claims in previous 12 months (normalized)
2026,0,223,0.18874949099972582,0.0011063367128372192,0.06675998866558075,Age (normalized),0.21104839444160461,Health score,0.0,Smoking status,0.04692487418651581,BMI risk index,0.08873489499092102,Preventive check-up adherence,0.06486381590366364,Claims in previous 12 months (normalized)
2026,0,230,0.12539132100027928,0.00017186999320983887,0.08090270310640335,Age (normalized),0.19248047471046448,Health score,0.0,Smoking status,0.033655423671007156,BMI risk index,0.07641299068927765,Preventive check-up adherence,0.06107552722096443,Claims in previous 12 months (normalized)
2026,0,237,0.13076883999929123,0.00028639473021030426,0.1763971596956253,Age (normalized),0.11435500532388687,Health score,0.0,Smoking status,0.08235938102006912,BMI risk index,0.155142143368721,Preventive check-up adherence,0.04096345603466034,Claims in previous 12 months (normalized)
2026,0,247,0.14471549699919706,7.665157318115234e-05,0.027458522468805313,Age (normalized),0.20629732310771942,Health score,0.0,Smoking status,0.13892611861228943,BMI risk index,0.08684071898460388,Preventive check-up adherence,0.03329383209347725,Claims in previous 12 months (normalized)
2026,0,251,0.15005846900021425,0.00010238587856292725,0.08865553140640259,Age (normalized),0.1617235690355301,Health score,0.0,Smoking status,0.00022015224385540932,BMI risk index,0.0988789051771164,Preventive check-up adherence,0.03042757883667946,Claims in previous 12 months (normalized)
2026,0,254,0.13681021399952442,0.00027740001678466797,0.10853277891874313,Age (normalized),0.27477461099624634,Health score,0.22564011812210083,Smoking status,0.07736408710479736,BMI risk index,0.13636553287506104,Preventive check-up adherence,0.036791689693927765,Claims in previous 12 months (normalized)
2026,0,255,0.13903268899957766,0.00015272945165634155,0.03142432123422623,Age (normalized),0.19017446041107178,Health score,0.0,Smoking status,0.02046234719455242,BMI risk index,0.07658951729536057,Preventive check-up adherence,0.026847854256629944,Claims in previous 12 months (normalized)
2026,0,256,0.17325863299993216,0.0009231120347976685,0.12927530705928802,Age (normalized),0.24204203486442566,Health score,0.0,Smoking status,0.03794555366039276,BMI risk index,0.04311671108007431,Preventive check-up adherence,0.0,Claims in previous 12 months (normalized)
2026,0,260,0.14555821199974162,0.0009997263550758362,0.13331663608551025,Age (normalized),0.3010624647140503,Health score,0.23916836082935333,Smoking status,0.04268816486001015,BMI risk index,0.09919825196266174,Preventive check-up adherence,0.1111987754702568,Claims in previous 12 months (normalized)
2026,0,261,0.14018248899992614,0.0010672099888324738,0.003668790217489004,Age (normalized),0.16675259172916412,Health score,0.0,Smoking status,0.011249028146266937,BMI risk index,0.04975606128573418,Preventive check-up adherence,0.0,Claims in previous 12 months (normalized)
2026,0,294,0.1397460799998953,0.00026103854179382324,0.1306275874376297,Age (normalized),0.24772152304649353,Health score,0.0,Smoking status,0.038325946778059006,BMI risk index,0.06848521530628204,Preventive check-up adherence,0.0,Claims in previous 12 months (normalized)
2026,0,296,0.174935555999582,0.0004675537347793579,0.10001740604639053,Age (normalized),0.2010946273803711,Health score,0.0,Smoking status,0.010526740923523903,BMI risk index,0.0816529169678688,Preventive check-up adherence,0.0,Claims in previous 12 months (normalized)
2026,0,299,0.13532140500046808,0.0002156570553779602,0.1232868954539299,Age (normalized),0.31329694390296936,Health score,0.22695638239383698,Smoking status,0.02447875216603279,BMI risk index,0.0663730651140213,Preventive check-up adherence,0.0,Claims in previous 12 months (normalized)
2026,0,301,0.15127132499947038,1.315772533416748e-05,0.03950730338692665,Age (normalized),0.17598992586135864,Health score,0.0,Smoking status,0.012626935727894306,BMI risk index,0.05542122945189476,Preventive check-up adherence,0.029957732185721397,Claims in previous 12 months (normalized)
2026,0,305,0.19269088199962425,0.0001070946455001831,0.20224125683307648,Age (normalized),0.24934935569763184,Health score,0.0,Smoking status,0.05189753323793411,BMI risk index,0.062395256012678146,Preventive check-up adherence,0.07076472789049149,Claims in previous 12 months (normalized)
2026,0,308,0.1296779839994997,0.00035396963357925415,0.05502757802605629,Age (normalized),0.1758234053850174,Health score,0.0,Smoking status,0.08254881203174591,BMI risk index,0.11102977395057678,Preventive check-up adherence,0.0,Claims in previous 12 months (normalized)
2026,0,310,0.1504023249999591,0.0009325295686721802,0.10342831164598465,Age (normalized),0.24539877474308014,Health score,0.2406606525182724,Smoking status,0.06986279785633087,BMI risk index,0.13833309710025787,Preventive check-up adherence,0.12134985625743866,Claims in previous 12 months (normalized)
2026,0,313,0.15597917900049652,0.00021244585514068604,0.09480312466621399,Age (normalized),0.15430939197540283,Health score,0.0,Smoking status,0.05752819404006004,BMI risk index,0.07057997584342957,Preventive check-up adherence,0.0,Claims in previous 12 months (normalized)
2026,0,316,0.15774836899981892,0.0002637505531311035,0.04687536507844925,Age (normalized),0.2182377427816391,Health score,0.0,Smoking status,0.05510982498526573,BMI risk index,0.04929596185684204,Preventive check-up adherence,0.030310241505503654,Claims in previous 12 months (normalized)
2026,0,319,0.14243461699970794,9.223818778991699e-05,0.052667610347270966,Age (normalized),0.18571414053440094,Health score,0.0,Smoking status,0.012060856446623802,BMI risk index,0.04504785314202309,Preventive check-up adherence,0.0,Claims in previous 12 months (normalized)
2026,0,323,0.18695501599995623,4.817545413970947e-05,0.06591704487800598,Age (normalized),0.15864276885986328,Health score,0.0,Smoking status,0.04430973902344704,BMI risk index,0.0941227599978447,Preventive check-up adherence,0.030973443761467934,Claims in previous 12 months (normalized)
2026,0,324,0.1463557420001962,0.0005353763699531555,0.0654364749789238,Age (normalized),0.16761572659015656,Health score,0.0,Smoking status,0.05811198428273201,BMI risk index,0.09617197513580322,Preventive check-up adherence,0.0,Claims in previous 12 months (normalized)
2026,0,333,0.10774488399965776,9.894371032714844e-05,0.03574974834918976,Age (normalized),0.14975164830684662,Health score,0.0,Smoking status,0.004838672466576099,BMI risk index,0.049945343285799026,Preventive check-up adherence,0.0,Claims in previous 12 months (normalized)
2026,0,334,0.126202359000672,0.000502072274684906,0.023805594071745872,Age (normalized),0.1572527289390564,Health score,0.0,Smoking status,0.007046033162623644,BMI risk index,0.07595102488994598,Preventive check-up adherence,0.02357715182006359,Claims in previous 12 months (normalized)
2026,0,344,0.147412964999603,0.00013191252946853638,0.06969116628170013,Age (normalized),0.18230687081813812,Health score,0.0,Smoking status,0.048450734466314316,BMI risk index,0.06502831727266312,Preventive check-up adherence,0.0,Claims in previous 12 months (normalized)
2026,0,346,0.1347531400006119,0.00016966462135314941,0.1603316068649292,Age (normalized),0.17838925123214722,Health score,0.0,Smoking status,0.05671485885977745,BMI risk index,0.10572633892297745,Preventive check-up adherence,0.03642524406313896,Claims in previous 12 months (normalized)
2026,0,352,0.13097648699931597,0.0004252195358276367,0.19459961354732513,Age (normalized),0.20072361826896667,Health score,0.0,Smoking status,0.015297988429665565,BMI risk index,0.09432362765073776,Preventive check-up adherence,0.0,Claims in previous 12 months (normalized)
2026,0,353,0.16556808200039086,0.0004553794860839844,0.1717536300420761,Age (normalized),0.11004488170146942,Health score,0.22048839926719666,Smoking status,0.036103084683418274,BMI risk index,0.133182093501091,Preventive check-up adherence,0.07735986262559891,Claims in previous 12 months (normalized)
2026,0,362,0.12552058699930058,0.0002019256353378296,0.07221249490976334,Age (normalized),0.1561044454574585,Health score,0.21860307455062866,Smoking status,0.039090514183044434,BMI risk index,0.04277924820780754,Preventive check-up adherence,0.03559328243136406,Claims in previous 12 months (normalized)
2026,0,372,0.1380238300007477,0.00027494877576828003,0.08928688615560532,Age (normalized),0.19055381417274475,Health score,0.0,Smoking status,0.01737183704972267,BMI risk index,0.07716251164674759,Preventive check-up adherence,0.02972325123846531,Claims in previous 12 months (normalized)
2026,0,375,0.12772279999990133,0.0002424865961074829,0.10487434267997742,Age (normalized),0.16147100925445557,Health score,0.0,Smoking status,0.008770007640123367,BMI risk index,0.12105275690555573,Preventive check-up adherence,0.06881923973560333,Claims in previous 12 months (normalized)
2026,0,376,0.13664739799969539,8.511543273925781e-05,0.09602945297956467,Age (normalized),0.2836498022079468,Health score,0.24252727627754211,Smoking status,0.06064560264348984,BMI risk index,0.1488884836435318,Preventive check-up adherence,0.0374140702188015,Claims in previous 12 months (normalized)
2026,0,383,0.14583599700017658,0.0003076791763305664,0.07585953921079636,Age (normalized),0.23715999722480774,Health score,0.0,Smoking status,0.08224863559007645,BMI risk index,0.09170211851596832,Preventive check-up adherence,0.0,Claims in previous 12 months (normalized)
2026,0,386,0.1284674209991863,0.00020975619554519653,0.046069782227277756,Age (normalized),0.1961154043674469,Health score,0.0,Smoking status,0.003175938269123435,BMI risk index,0.0629928782582283,Preventive check-up adherence,0.0,Claims in previous 12 months (normalized)
2026,0,395,0.1536713420000524,0.0005101859569549561,0.11266886442899704,Age (normalized),0.21194306015968323,Health score,0.0,Smoking status,0.011643550358712673,BMI risk index,0.07960359007120132,Preventive check-up adherence,0.0,Claims in previous 12 months (normalized)
2026,0,396,0.14787380399957328,2.9340386390686035e-05,0.07510610669851303,Age (normalized),0.15671925246715546,Health score,0.0,Smoking status,0.07941882312297821,BMI risk index,0.09545081853866577,Preventive check-up adherence,0.03182308003306389,Claims in previous 12 months (normalized)
2026,0,400,0.11475497900028131,0.0009027421474456787,0.011989600956439972,Age (normalized),0.2018212378025055,Health score,0.0,Smoking status,0.015774359926581383,BMI risk index,0.08368342369794846,Preventive check-up adherence,0.06568519026041031,Claims in previous 12 months (normalized)
2026,0,403,0.14496398299979774,0.00019082427024841309,0.12533040344715118,Age (normalized),0.1933068335056305,Health score,0.0,Smoking status,0.06924427300691605,BMI risk index,0.1045999750494957,Preventive check-up adherence,0.0331890843808651,Claims in previous 12 months (normalized)
2026,0,406,0.12824056199951883,0.0002929121255874634,0.14871972799301147,Age (normalized),0.1440601795911789,Health score,0.0,Smoking status,0.08328080922365189,BMI risk index,0.09916182607412338,Preventive check-up adherence,0.08111660182476044,Claims in previous 12 months (normalized)
2026,0,410,0.15286873399963952,9.046494960784912e-05,0.05321371927857399,Age (normalized),0.20402000844478607,Health score,0.0,Smoking status,0.0031381668522953987,BMI risk index,0.039708685129880905,Preventive check-up adherence,0.02421279437839985,Claims in previous 12 months (normalized)
2026,0,411,0.14092415699997218,9.02414321899414e-05,0.08958529680967331,Age (normalized),0.174825981259346,Health score,0.0,Smoking status,0.04768446087837219,BMI risk index,0.06672510504722595,Preventive check-up adherence,0.0,Claims in previous 12 months (normalized)
2026,0,413,0.21437294299994392,0.00019875168800354004,0.06727908551692963,Age (normalized),0.1732359230518341,Health score,0.0,Smoking status,0.003713300684466958,BMI risk index,0.09855490177869797,Preventive check-up adherence,0.026475045830011368,Claims in previous 12 months (normalized)
2026,0,424,0.1874352300001192,7.458031177520752e-05,0.10960590094327927,Age (normalized),0.2557157278060913,Health score,0.0,Smoking status,0.10726837068796158,BMI risk index,0.09063031524419785,Preventive check-up adherence,0.02880694530904293,Claims in previous 12 months (normalized)
2026,0,426,0.2694366500008982,0.00043420493602752686,0.09917858988046646,Age (normalized),0.22671300172805786,Health score,0.0,Smoking status,0.08485745638608932,BMI risk index,0.098054900765419,Preventive check-up adherence,0.06626635044813156,Claims in previous 12 months (normalized)
2026,0,431,0.1864708030007023,0.00032135844230651855,0.16848421096801758,Age (normalized),0.23061488568782806,Health score,0.0,Smoking status,0.08201578259468079,BMI risk index,0.07916922867298126,Preventive check-up adherence,0.19545602798461914,Claims in previous 12 months (normalized)
2026,0,436,0.177911032999873,0.0001954585313796997,0.10543230921030045,Age (normalized),0.20397549867630005,Health score,0.0,Smoking status,0.03409517928957939,BMI risk index,0.061465147882699966,Preventive check-up adherence,0.032728713005781174,Claims in previous 12 months (normalized)
2026,0,439,0.23681554300037533,0.0007078014314174652,0.000625239044893533,Age (normalized),0.177714541554451,Health score,0.0,Smoking status,0.010798401199281216,BMI risk index,0.05233447998762131,Preventive check-up adherence,0.0,Claims in previous 12 months (normalized)
2026,0,441,0.16010252999967634,0.00019390881061553955,0.15244652330875397,Age (normalized),0.3227371871471405,Health score,0.24555471539497375,Smoking status,0.09155888855457306,BMI risk index,0.07277508080005646,Preventive check-up adherence,0.04122477397322655,Claims in previous 12 months (normalized)
2026,0,446,0.1574816809988988,0.0004400983452796936,0.05591670796275139,Age (normalized),0.23290148377418518,Health score,0.0,Smoking status,0.04684455692768097,BMI risk index,0.05283119156956673,Preventive check-up adherence,0.027356458827853203,Claims in previous 12 months (normalized)
2026,0,448,0.14315024799998355,0.00012896209955215454,0.08341231197118759,Age (normalized),0.2306250035762787,Health score,0.0,Smoking status,0.06327544897794724,BMI risk index,0.07305959612131119,Preventive check-up adherence,0.0,Claims in previous 12 months (normalized)
2026,0,453,0.19053205700038234,0.00015179812908172607,0.09441708773374557,Age (normalized),0.24488316476345062,Health score,0.0,Smoking status,0.016633091494441032,BMI risk index,0.04981112480163574,Preventive check-up adherence,0.029259804636240005,Claims in previous 12 months (normalized)
2026,0,456,0.149345808000362,0.0002642422914505005,0.06384897977113724,Age (normalized),0.14521993696689606,Health score,0.0,Smoking status,0.03174922987818718,BMI risk index,0.11417410522699356,Preventive check-up adherence,0.06598775833845139,Claims in previous 12 months (normalized)
2026,0,461,0.18905827599974145,3.390014171600342e-05,0.12700457870960236,Age (normalized),0.1958298683166504,Health score,0.0,Smoking status,0.034062277525663376,BMI risk index,0.07454392313957214,Preventive check-up adherence,0.034039922058582306,Claims in previous 12 months (normalized)
2026,0,464,0.12886495899874717,0.00010577589273452759,0.07697822153568268,Age (normalized),0.17513327300548553,Health score,0.0,Smoking status,0.02298904024064541,BMI risk index,0.09672614187002182,Preventive check-up adherence,0.0,Claims in previous 12 months (normalized)
2026,0,469,0.15804899300019315,0.0003574937582015991,0.11979522556066513,Age (normalized),0.19486920535564423,Health score,0.0,Smoking status,0.11088725179433823,BMI risk index,0.13122648000717163,Preventive check-up adherence,0.12188491225242615,Claims in previous 12 months (normalized)
2026,0,471,0.13233851099994354,0.0004477202892303467,0.0895252376794815,Age (normalized),0.18015526235103607,Health score,0.0,Smoking status,0.12682992219924927,BMI risk index,0.09591616690158844,Preventive check-up adherence,0.0,Claims in previous 12 months (normalized)
2026,0,478,0.14572144699923228,6.631016731262207e-05,0.028038010001182556,Age (normalized),0.19537490606307983,Health score,0.0,Smoking status,0.02996458113193512,BMI risk index,0.06702948361635208,Preventive check-up adherence,0.0,Claims in previous 12 months (normalized)
2026,0,483,0.14221024800008308,0.00018921494483947754,0.1553996056318283,Age (normalized),0.1474757194519043,Health score,0.21385742723941803,Smoking status,0.0910610556602478,BMI risk index,0.1158970445394516,Preventive check-up adherence,0.03519293665885925,Claims in previous 12 months (normalized)
2026,0,492,0.15520640700015065,0.00036882609128952026,0.02290545031428337,Age (normalized),0.16301634907722473,Health score,0.0,Smoking status,0.029536379501223564,BMI risk index,0.09643684327602386,Preventive check-up adherence,0.024662956595420837,Claims in previous 12 months (normalized)
2026,0,504,0.17980046000047878,0.00020795315504074097,0.040730103850364685,Age (normalized),0.21766409277915955,Health score,0.0,Smoking status,0.08344655483961105,BMI risk index,0.055651355534791946,Preventive check-up adherence,0.0,Claims in previous 12 months (normalized)
2026,0,513,0.12242404300013732,0.000338137149810791,0.08750612288713455,Age (normalized),0.22745807468891144,Health score,0.0,Smoking status,0.0639229267835617,BMI risk index,0.06323236227035522,Preventive check-up adherence,0.0,Claims in previous 12 months (normalized)
2026,0,514,0.12995896200027346,0.0003085508942604065,0.10261469334363937,Age (normalized),0.23229557275772095,Health score,0.0,Smoking status,0.03289483115077019,BMI risk index,0.09481318295001984,Preventive check-up adherence,0.0,Claims in previous 12 months (normalized)
2026,0,523,0.1577043399993272,5.003809928894043e-05,0.10423500090837479,Age (normalized),0.20642462372779846,Health score,0.0,Smoking status,0.04939217492938042,BMI risk index,0.09527440369129181,Preventive check-up adherence,0.03132693096995354,Claims in previous 12 months (normalized)
2026,0,524,0.1305762189995221,0.0005078762769699097,0.11128661781549454,Age (normalized),0.23559105396270752,Health score,0.0,Smoking status,0.06984209269285202,BMI risk index,0.08805403858423233,Preventive check-up adherence,0.02919105626642704,Claims in previous 12 months (normalized)
2026,0,526,0.1432408070004385,0.0003246217966079712,0.021302727982401848,Age (normalized),0.1777171939611435,Health score,0.0,Smoking status,0.045622676610946655,BMI risk index,0.1055779904127121,Preventive check-up adherence,0.025532711297273636,Claims in previous 12 months (normalized)
2026,0,534,0.14751279700067244,0.00016088411211967468,0.04359917342662811,Age (normalized),0.14454512298107147,Health score,0.2279311716556549,Smoking status,0.027847642078995705,BMI risk index,0.08934906870126724,Preventive check-up adherence,0.0,Claims in previous 12 months (normalized)
2026,0,543,0.16220062299998972,9.267032146453857e-05,0.14364516735076904,Age (normalized),0.2084079384803772,Health score,0.0,Smoking status,0.07364305108785629,BMI risk index,0.10922279953956604,Preventive check-up adherence,0.031013576313853264,Claims in previous 12 months (normalized)
2026,0,546,0.13194814499911445,0.0003575161099433899,0.09978076070547104,Age (normalized),0.20943282544612885,Health score,0.0,Smoking status,0.006647138856351376,BMI risk index,0.08245330303907394,Preventive check-up adherence,0.0,Claims in previous 12 months (normalized)
2026,0,548,0.13396476399975654,0.0002862215042114258,0.025928232818841934,Age (normalized),0.16677984595298767,Health score,0.0,Smoking status,0.10847856104373932,BMI risk index,0.10195214301347733,Preventive check-up adherence,0.06920316070318222,Claims in previous 12 months (normalized)
2026,0,553,0.13231824099966616,0.0007381737232208252,0.023931164294481277,Age (normalized),0.24215219914913177,Health score,0.22834496200084686,Smoking status,0.023914124816656113,BMI risk index,0.05177247151732445,Preventive check-up adherence,0.06763820350170135,Claims in previous 12 months (normalized)
2026,0,563,0.13454316499974084,1.0788440704345703e-05,0.11814460158348083,Age (normalized),0.10476147383451462,Health score,0.0,Smoking status,0.03771515190601349,BMI risk index,0.08621155470609665,Preventive check-up adherence,0.03524389490485191,Claims in previous 12 months (normalized)
2026,0,566,0.12046824399931211,0.00010022474452853203,0.2008938491344452,Age (normalized),0.2635737657546997,Health score,0.2293599545955658,Smoking status,0.050024714320898056,BMI risk index,0.13131116330623627,Preventive check-up adherence,0.0400516502559185,Claims in previous 12 months (normalized)
2026,0,575,0.14718972599985136,0.0001529604196548462,0.025938646867871284,Age (normalized),0.1703900843858719,Health score,0.0,Smoking status,0.04366667941212654,BMI risk index,0.029056550934910774,Preventive check-up adherence,0.0,Claims in previous 12 months (normalized)
2026,0,578,0.15678831600052945,0.0001573711633682251,0.11327031999826431,Age (normalized),0.1519155353307724,Health score,0.0,Smoking status,0.019944660365581512,BMI risk index,0.04795282334089279,Preventive check-up adherence,0.0,Claims in previous 12 months (normalized)
2026,0,583,0.11830493999968894,0.0005637034773826599,0.02471848390996456,Age (normalized),0.17483294010162354,Health score,0.0,Smoking status,0.03902324661612511,BMI risk index,0.08572522550821304,Preventive check-up adherence,0.0,Claims in previous 12 months (normalized)
2026,0,592,0.12912336099998356,0.0008497685194015503,0.15512901544570923,Age (normalized),0.20228470861911774,Health score,0.0,Smoking status,0.005924163851886988,BMI risk index,0.0713978037238121,Preventive check-up adherence,0.0,Claims in previous 12 months (normalized)
2026,0,594,0.15949315200032288,0.0002999156713485718,0.06652767211198807,Age (normalized),0.15802693367004395,Health score,0.0,Smoking status,0.0023576144594699144,BMI risk index,0.06100153550505638,Preventive check-up adherence,0.0,Claims in previous 12 months (normalized)
2026,0,597,0.1378354369999215,5.00604510307312e-05,0.12474071979522705,Age (normalized),0.21023276448249817,Health score,0.0,Smoking status,0.020398402586579323,BMI risk index,0.08251335471868515,Preventive check-up adherence,0.0,Claims in previous 12 months (normalized)
2026,0,598,0.12134579300072801,0.0001932084560394287,0.05851452052593231,Age (normalized),0.23528273403644562,Health score,0.0,Smoking status,0.02746804989874363,BMI risk index,0.03559531271457672,Preventive check-up adherence,0.025412827730178833,Claims in previous 12 months (normalized)
2027,0,3,0.1323253199998362,0.00017570704221725464,0.0,Age (normalized),0.14158137142658234,Health score,0.0,Smoking status,0.019043685868382454,BMI risk index,0.049214158207178116,Preventive check-up adherence,0.02439044415950775,Claims in previous 12 months (normalized)
2027,0,5,0.12004265399991709,6.332993507385254e-05,0.061391182243824005,Age (normalized),0.2008039802312851,Health score,0.0,Smoking status,0.07906430959701538,BMI risk index,0.08290237933397293,Preventive check-up adherence,0.0,Claims in previous 12 months (normalized)
2027,0,10,0.1779161499998736,0.0003916621208190918,0.08035952597856522,Age (normalized),0.20699167251586914,Health score,0.0,Smoking status,0.10158764570951462,BMI risk index,0.07835416495800018,Preventive check-up adherence,0.02434607408940792,Claims in previous 12 months (normalized)
2027,0,15,0.14570987000024616,0.00010089576244354248,0.11689276248216629,Age (normalized),0.2053186595439911,Health score,0.0,Smoking status,0.03891816735267639,BMI risk index,0.04467375949025154,Preventive check-up adherence,0.0,Claims in previous 12 months (normalized)
2027,0,16,0.13588446199901227,0.0002736300230026245,0.0459144301712513,Age (normalized),0.14920008182525635,Health score,0.0,Smoking status,0.04806441813707352,BMI risk index,0.093373142182827,Preventive check-up adherence,0.11948300898075104,Claims in previous 12 months (normalized)
2027,0,34,0.12938646000020526,0.0002025514841079712,0.2136073261499405,Age (normalized),0.176847442984581,Health score,0.0,Smoking status,0.05035223066806793,BMI risk index,0.10922534763813019,Preventive check-up adherence,0.0,Claims in previous 12 months (normalized)
2027,0,36,0.1320454790002259,0.00026260316371917725,0.024049537256360054,Age (normalized),0.14079736173152924,Health score,0.0,Smoking status,0.00393354007974267,BMI risk index,0.0574939027428627,Preventive check-up adherence,0.022413218393921852,Claims in previous 12 months (normalized)
2027,0,38,0.1273455450000256,0.0002577453851699829,0.21319176256656647,Age (normalized),0.2505917549133301,Health score,0.0,Smoking status,0.018916096538305283,BMI risk index,0.07208050787448883,Preventive check-up adherence,0.027000173926353455,Claims in previous 12 months (normalized)
2027,0,41,0.11701543499930267,5.899369716644287e-05,0.1570148468017578,Age (normalized),0.15212923288345337,Health score,0.0,Smoking status,0.000989964697510004,BMI risk index,0.10737596452236176,Preventive check-up adherence,0.0,Claims in previous 12 months (normalized)
2027,0,56,0.15410024799984967,0.00043271109461784363,0.019291404634714127,Age (normalized),0.16415321826934814,Health score,0.0,Smoking status,0.007473507430404425,BMI risk index,0.06243734806776047,Preventive check-up adherence,0.0,Claims in previous 12 months (normalized)
2027,0,58,0.14832221399956325,0.0003367811441421509,0.0,Age (normalized),0.16733050346374512,Health score,0.0,Smoking status,0.031319040805101395,BMI risk index,0.06581374257802963,Preventive check-up adherence,0.049017321318387985,Claims in previous 12 months (normalized)
2027,0,61,0.13319951500034222,0.00044038891792297363,0.10889416188001633,Age (normalized),0.3181992769241333,Health score,0.2116403430700302,Smoking status,0.06379114091396332,BMI risk index,0.10387209802865982,Preventive check-up adherence,0.0,Claims in previous 12 months (normalized)
2027,0,65,0.12932423799884418,0.0002130270004272461,0.14336718618869781,Age (normalized),0.1980748027563095,Health score,0.0,Smoking status,0.027632679790258408,BMI risk index,0.06843025982379913,Preventive check-up adherence,0.0,Claims in previous 12 months (normalized)
2027,0,67,0.12845287800064398,0.00045505911111831665,0.046876534819602966,Age (normalized),0.18021157383918762,Health score,0.0,Smoking status,0.02677634172141552,BMI risk index,0.06715869903564453,Preventive check-up adherence,0.0,Claims in previous 12 months (normalized)
2027,0,70,0.1430185099989103,0.0007676184177398682,0.1429426074028015,Age (normalized),0.2050640881061554,Health score,0.0,Smoking status,0.10782937705516815,BMI risk index,0.05617581307888031,Preventive check-up adherence,0.028861699625849724,Claims in previous 12 months (normalized)
2027,0,74,0.13090723700133822,0.0004320219159126282,0.06270746886730194,Age (normalized),0.2444286346435547,Health score,0.2171185314655304,Smoking status,0.06339031457901001,BMI risk index,0.12483789771795273,Preventive check-up adherence,0.05872361734509468,Claims in previous 12 months (normalized)
2027,0,75,0.13674731100127246,0.000570639967918396,0.1257348209619522,Age (normalized),0.10759492218494415,Health score,0.0,Smoking status,0.0752917155623436,BMI risk index,0.07255764305591583,Preventive check-up adherence,0.0,Claims in previous 12 months (normalized)
2027,0,76,0.16586541200013016,0.00027982890605926514,0.04041694849729538,Age (normalized),0.2069983184337616,Health score,0.0,Smoking status,0.12186693400144577,BMI risk index,0.07732433825731277,Preventive check-up adherence,0.028989767655730247,Claims in previous 12 months (normalized)
2027,0,78,0.20748502799960988,0.0007122159004211426,0.12833258509635925,Age (normalized),0.23184041678905487,Health score,0.0,Smoking status,0.01009350549429655,BMI risk index,0.0528087392449379,Preventive check-up adherence,0.0249193012714386,Claims in previous 12 months (normalized)
2027,0,88,0.18509737199929077,0.0004909634590148926,0.08150748163461685,Age (normalized),0.18824723362922668,Health score,0.0,Smoking status,0.0031896645668894053,BMI risk index,0.09400574117898941,Preventive check-up adherence,0.052376825362443924,Claims in previous 12 months (normalized)
2027,0,91,0.12592337499881978,8.954852819442749e-05,0.0838056281208992,Age (normalized),0.2157641500234604,Health score,0.21363449096679688,Smoking status,0.06351029872894287,BMI risk index,0.06043367087841034,Preventive check-up adherence,0.04846195504069328,Claims in previous 12 months (normalized)
2027,0,93,0.15612304099977337,0.00021054595708847046,0.04593079909682274,Age (normalized),0.21440450847148895,Health score,0.19940592348575592,Smoking status,0.028885385021567345,BMI risk index,0.08659840375185013,Preventive check-up adherence,0.06974805146455765,Claims in previous 12 months (normalized)
2027,0,95,0.12627078299919958,3.191828727722168e-05,0.08515116572380066,Age (normalized),0.13912703096866608,Health score,0.0,Smoking status,0.09636026620864868,BMI risk index,0.09964397549629211,Preventive check-up adherence,0.0,Claims in previous 12 months (normalized)
2027,0,96,0.16432923100092012,0.00048157572746276855,0.11958841234445572,Age (normalized),0.17903365194797516,Health score,0.0,Smoking status,0.1033208966255188,BMI risk index,0.034271322190761566,Preventive check-up adherence,0.0,Claims in previous 12 months (normalized)
2027,0,100,0.1354778909999368,0.0002565309405326843,0.04512763023376465,Age (normalized),0.1654200255870819,Health score,0.0,Smoking status,0.003956870175898075,BMI risk index,0.06218305602669716,Preventive check-up adherence,0.020847955718636513,Claims in previous 12 months (normalized)
2027,0,104,0.13717676799933542,4.197657108306885e-05,0.17741769552230835,Age (normalized),0.18908007442951202,Health score,0.0,Smoking status,0.058113355189561844,BMI risk index,0.0353512242436409,Preventive check-up adherence,0.0,Claims in previous 12 months (normalized)
2027,0,110,0.12542186100017716,0.00023179501295089722,0.17579686641693115,Age (normalized),0.2707197368144989,Health score,0.0,Smoking status,0.13921326398849487,BMI risk index,0.013381553813815117,Preventive check-up adherence,0.027281884104013443,Claims in previous 12 months (normalized)
2027,0,111,0.12392885900044348,1.6227364540100098e-05,0.054884739220142365,Age (normalized),0.16552920639514923,Health score,0.0,Smoking status,0.02731732279062271,BMI risk index,0.0712805837392807,Preventive check-up adherence,0.021878814324736595,Claims in previous 12 months (normalized)
2027,0,124,0.23431336599969654,4.51207160949707e-05,0.05426253378391266,Age (normalized),0.15328948199748993,Health score,0.0,Smoking status,0.047351088374853134,BMI risk index,0.07309290021657944,Preventive check-up adherence,0.0,Claims in previous 12 months (normalized)
2027,0,130,0.22317582599953312,0.000940181314945221,0.07130240648984909,Age (normalized),0.22921715676784515,Health score,0.0,Smoking status,0.06341107189655304,BMI risk index,0.07615799456834793,Preventive check-up adherence,0.047774504870176315,Claims in previous 12 months (normalized)
2027,0,138,0.150381202999597,4.307180643081665e-05,0.08012790232896805,Age (normalized),0.21394038200378418,Health score,0.0,Smoking status,0.054001595824956894,BMI risk index,0.06035444512963295,Preventive check-up adherence,0.024518009275197983,Claims in previous 12 months (normalized)
2027,0,149,0.14615505499932624,0.0004989802837371826,0.09881516546010971,Age (normalized),0.21704845130443573,Health score,0.22323289513587952,Smoking status,0.02532701939344406,BMI risk index,0.10322856903076172,Preventive check-up adherence,0.02812429703772068,Claims in previous 12 months (normalized)
2027,0,151,0.12319206500069413,6.604194641113281e-05,0.12299920618534088,Age (normalized),0.15657460689544678,Health score,0.0,Smoking status,0.026886969804763794,BMI risk index,0.09879855811595917,Preventive check-up adherence,0.024786273017525673,Claims in previous 12 months (normalized)
2027,0,154,0.14850735399977566,0.0008387267589569092,0.12741221487522125,Age (normalized),0.17453381419181824,Health score,0.0,Smoking status,0.038145702332258224,BMI risk index,0.09738244116306305,Preventive check-up adherence,0.055414050817489624,Claims in previous 12 months (normalized)
2027,0,156,0.12191553499997099,0.0002843514084815979,0.0,Age (normalized),0.16757868230342865,Health score,0.0,Smoking status,0.028963686898350716,BMI risk index,0.052899960428476334,Preventive check-up adherence,0.04953862354159355,Claims in previous 12 months (normalized)
2027,0,158,0.1308904400002575,0.0007694661617279053,0.10436937212944031,Age (normalized),0.21586038172245026,Health score,0.0,Smoking status,0.01348695158958435,BMI risk index,0.0587383508682251,Preventive check-up adherence,0.028482524678111076,Claims in previous 12 months (normalized)
2027,0,164,0.1729783300006602,0.00023379921913146973,0.12460123002529144,Age (normalized),0.11179827153682709,Health score,0.0,Smoking status,0.04887319356203079,BMI risk index,0.05917055532336235,Preventive check-up adherence,0.0,Claims in previous 12 months (normalized)
2027,0,165,0.12797134599986748,0.0003932751715183258,0.1800420582294464,Age (normalized),0.24846915900707245,Health score,0.20224310457706451,Smoking status,0.06611964106559753,BMI risk index,0.1463526338338852,Preventive check-up adherence,0.059098031371831894,Claims in previous 12 months (normalized)
2027,0,168,0.16090251300011005,0.000530339777469635,0.08392217010259628,Age (normalized),0.19912368059158325,Health score,0.0,Smoking status,0.04474729672074318,BMI risk index,0.08803287148475647,Preventive check-up adherence,0.02300107106566429,Claims in previous 12 months (normalized)
2027,0,171,0.13379839499975787,0.0004278123378753662,0.12441078573465347,Age (normalized),0.21765989065170288,Health score,0.0,Smoking status,0.007278944365680218,BMI risk index,0.06545490026473999,Preventive check-up adherence,0.02654219977557659,Claims in previous 12 months (normalized)
2027,0,172,0.13888115999998263,0.0006311684846878052,0.1287451833486557,Age (normalized),0.13205163180828094,Health score,0.0,Smoking status,0.1195555329322815,BMI risk index,0.06872626394033432,Preventive check-up adherence,0.0,Claims in previous 12 months (normalized)
2027,0,174,0.1330358229997728,0.0002493858337402344,0.036394909024238586,Age (normalized),0.18430203199386597,Health score,0.0,Smoking status,0.012046199291944504,BMI risk index,0.044329266995191574,Preventive check-up adherence,0.0,Claims in previous 12 months (normalized)
2027,0,175,0.13013198399949033,0.0003738701343536377,0.11764630675315857,Age (normalized),0.2220824956893921,Health score,0.0,Smoking status,0.02252700738608837,BMI risk index,0.10203482955694199,Preventive check-up adherence,0.02437034249305725,Claims in previous 12 months (normalized)
2027,0,183,0.17284297900005186,0.0002560615539550781,0.00873628444969654,Age (normalized),0.17404130101203918,Health score,0.0,Smoking status,0.038310457020998,BMI risk index,0.05654335767030716,Preventive check-up adherence,0.020930849015712738,Claims in previous 12 months (normalized)
2027,0,190,0.14890005900088,0.0003701448440551758,0.12109090387821198,Age (normalized),0.154417484998703,Health score,0.22694574296474457,Smoking status,0.10053975135087967,BMI risk index,0.11990103870630264,Preventive check-up adherence,0.0,Claims in previous 12 months (normalized)
2027,0,198,0.13997527899937268,5.30928373336792e-05,0.15574035048484802,Age (normalized),0.18220043182373047,Health score,0.0,Smoking status,0.02640332281589508,BMI risk index,0.0867079645395279,Preventive check-up adherence,0.0,Claims in previous 12 months (normalized)
2027,0,229,0.1278070389998902,9.074807167053223e-06,0.08816056698560715,Age (normalized),0.21870161592960358,Health score,0.0,Smoking status,0.05293175205588341,BMI risk index,0.05675908178091049,Preventive check-up adherence,0.05373445153236389,Claims in previous 12 months (normalized)
2027,0,231,0.1452344899998934,0.0009473487734794617,0.16799448430538177,Age (normalized),0.20163816213607788,Health score,0.2085365653038025,Smoking status,0.06114574521780014,BMI risk index,0.08783136308193207,Preventive check-up adherence,0.04421963915228844,Claims in previous 12 months (normalized)
2027,0,232,0.12164367400055198,0.0005563274025917053,0.13941504061222076,Age (normalized),0.2689809501171112,Health score,0.20180748403072357,Smoking status,0.047872863709926605,BMI risk index,0.13064420223236084,Preventive check-up adherence,0.028712591156363487,Claims in previous 12 months (normalized)
2027,0,235,0.1269730059984795,0.00012237951159477234,0.005400883033871651,Age (normalized),0.17957745492458344,Health score,0.0,Smoking status,0.05157684534788132,BMI risk index,0.0719020813703537,Preventive check-up adherence,0.0,Claims in previous 12 months (normalized)
2027,0,237,0.16507418799938023,0.0003498569130897522,0.08467418700456619,Age (normalized),0.17009960114955902,Health score,0.0,Smoking status,0.04596245661377907,BMI risk index,0.07031188160181046,Preventive check-up adherence,0.0,Claims in previous 12 months (normalized)
2027,0,249,0.12980725499983237,0.001238211989402771,0.0,Age (normalized),0.14575932919979095,Health score,0.0,Smoking status,0.027758607640862465,BMI risk index,0.03435850888490677,Preventive check-up adherence,0.023902257904410362,Claims in previous 12 months (normalized)
2027,0,253,0.1528000560001601,0.00019559264183044434,0.0,Age (normalized),0.14957860112190247,Health score,0.0,Smoking status,0.04114648327231407,BMI risk index,0.0685797855257988,Preventive check-up adherence,0.0,Claims in previous 12 months (normalized)
2027,0,254,0.13761145599983138,0.0009185671806335449,0.14676551520824432,Age (normalized),0.19581346213817596,Health score,0.218583881855011,Smoking status,0.06984120607376099,BMI risk index,0.1399686187505722,Preventive check-up adherence,0.053182464092969894,Claims in previous 12 months (normalized)
2027,0,263,0.14791742700072064,0.00046165287494659424,0.0786125510931015,Age (normalized),0.18518446385860443,Health score,0.19111783802509308,Smoking status,0.11453293263912201,BMI risk index,0.05318837612867355,Preventive check-up adherence,0.08901531249284744,Claims in previous 12 months (normalized)
2027,0,267,0.12215399499928026,0.0006343573331832886,0.10043799877166748,Age (normalized),0.19188591837882996,Health score,0.0,Smoking status,0.018609223887324333,BMI risk index,0.05825570970773697,Preventive check-up adherence,0.0,Claims in previous 12 months (normalized)
2027,0,275,0.13644242800091888,0.0002273470163345337,0.06661377847194672,Age (normalized),0.18630939722061157,Health score,0.21171215176582336,Smoking status,0.04334544762969017,BMI risk index,0.06654196977615356,Preventive check-up adherence,0.07154152542352676,Claims in previous 12 months (normalized)
2027,0,282,0.17527729499943234,0.00018300116062164307,0.1022498682141304,Age (normalized),0.24752835929393768,Health score,0.0,Smoking status,0.04942985996603966,BMI risk index,0.06265433877706528,Preventive check-up adherence,0.026331350207328796,Claims in previous 12 months (normalized)
2027,0,283,0.1490371990003041,7.550418376922607e-05,0.12493450939655304,Age (normalized),0.17539261281490326,Health score,0.0,Smoking status,0.034590091556310654,BMI risk index,0.10312103480100632,Preventive check-up adherence,0.025865335017442703,Claims in previous 12 months (normalized)
2027,0,284,0.13813174100050674,0.00022634118795394897,0.034719567745923996,Age (normalized),0.18437117338180542,Health score,0.0,Smoking status,0.05113792046904564,BMI risk index,0.0491894856095314,Preventive check-up adherence,0.0,Claims in previous 12 months (normalized)
2027,0,285,0.14880562300004385,0.0001970827579498291,0.09528297185897827,Age (normalized),0.16916333138942719,Health score,0.0,Smoking status,0.0308734979480505,BMI risk index,0.08598962426185608,Preventive check-up adherence,0.05927974730730057,Claims in previous 12 months (normalized)
2027,0,286,0.13038982700072665,0.0002044886350631714,0.08154341578483582,Age (normalized),0.18071219325065613,Health score,0.0,Smoking status,0.06230141222476959,BMI risk index,0.06378083676099777,Preventive check-up adherence,0.0,Claims in previous 12 months (normalized)
2027,0,287,0.12142104099984863,8.405745029449463e-05,0.0,Age (normalized),0.27316927909851074,Health score,0.187139093875885,Smoking status,0.07376709580421448,BMI risk index,0.1019638404250145,Preventive check-up adherence,0.05166090279817581,Claims in previous 12 months (normalized)
2027,0,288,0.15001573199970153,0.0004664584994316101,0.03850546106696129,Age (normalized),0.09470998495817184,Health score,0.0,Smoking status,0.02903410606086254,BMI risk index,0.077288918197155,Preventive check-up adherence,0.0,Claims in previous 12 months (normalized)
2027,0,292,0.15489074499964772,0.0006650090217590332,0.13355319201946259,Age (normalized),0.21278797090053558,Health score,0.0,Smoking status,0.022823769599199295,BMI risk index,0.06686092168092728,Preventive check-up adherence,0.02494032122194767,Claims in previous 12 months (normalized)
2027,0,293,0.14793430200097646,0.0001062154769897461,0.1384514421224594,Age (normalized),0.192642480134964,Health score,0.0,Smoking status,0.05008774623274803,BMI risk index,0.07678169012069702,Preventive check-up adherence,0.05903340131044388,Claims in previous 12 months (normalized)
2027,0,295,0.13093629399918427,0.0001735389232635498,0.13487941026687622,Age (normalized),0.23348943889141083,Health score,0.2194438874721527,Smoking status,0.08819128572940826,BMI risk index,0.09379682689905167,Preventive check-up adherence,0.0,Claims in previous 12 months (normalized)
2027,0,297,0.16064234300029057,0.0001220405101776123,0.14339566230773926,Age (normalized),0.10941394418478012,Health score,0.0,Smoking status,0.019414234906435013,BMI risk index,0.06585472077131271,Preventive check-up adherence,0.0,Claims in previous 12 months (normalized)
2027,0,302,0.12346854299994448,4.462897777557373e-05,0.11259544640779495,Age (normalized),0.17938746511936188,Health score,0.0,Smoking status,0.0691189095377922,BMI risk index,0.04194780811667442,Preventive check-up adherence,0.058337967842817307,Claims in previous 12 months (normalized)
2027,0,313,0.13238892200024566,0.0004247128963470459,0.0571712851524353,Age (normalized),0.22295059263706207,Health score,0.0,Smoking status,0.004059572238475084,BMI risk index,0.05047740414738655,Preventive check-up adherence,0.022001713514328003,Claims in previous 12 months (normalized)
2027,0,319,0.14082782100012992,0.00023983418941497803,0.0,Age (normalized),0.22480709850788116,Health score,0.19166460633277893,Smoking status,0.02094346284866333,BMI risk index,0.10996928066015244,Preventive check-up adherence,0.07013076543807983,Claims in previous 12 months (normalized)
2027,0,322,0.14479833000041253,0.0002545267343521118,0.13808046281337738,Age (normalized),0.2777721881866455,Health score,0.18824094533920288,Smoking status,0.015523848123848438,BMI risk index,0.09581582993268967,Preventive check-up adherence,0.0,Claims in previous 12 months (normalized)
2027,0,328,0.18028114099979575,0.000673152506351471,0.15654851496219635,Age (normalized),0.22513185441493988,Health score,0.21856363117694855,Smoking status,0.03636634722352028,BMI risk index,0.06751148402690887,Preventive check-up adherence,0.05071505904197693,Claims in previous 12 months (normalized)
2027,0,338,0.13055049200011126,0.00013390183448791504,0.05228530243039131,Age (normalized),0.24902655184268951,Health score,0.18306288123130798,Smoking status,0.011258900165557861,BMI risk index,0.11345956474542618,Preventive check-up adherence,0.025297466665506363,Claims in previous 12 months (normalized)
2027,0,347,0.15094466300070053,0.0007394403219223022,0.07269439846277237,Age (normalized),0.12796412408351898,Health score,0.0,Smoking status,0.009981345385313034,BMI risk index,0.07219185680150986,Preventive check-up adherence,0.03026953898370266,Claims in previous 12 months (normalized)
2027,0,352,0.1277906579998671,0.0009683072566986084,0.06384650617837906,Age (normalized),0.18212905526161194,Health score,0.0,Smoking status,0.00368757382966578,BMI risk index,0.07438237965106964,Preventive check-up adherence,0.022791169583797455,Claims in previous 12 months (normalized)
2027,0,366,0.18188900299992383,0.00011169910430908203,0.15489357709884644,Age (normalized),0.15044550597667694,Health score,0.0,Smoking status,0.034065041691064835,BMI risk index,0.12062042951583862,Preventive check-up adherence,0.058548059314489365,Claims in previous 12 months (normalized)
2027,0,371,0.17256612199980736,0.000589422881603241,0.1039942055940628,Age (normalized),0.21900615096092224,Health score,0.0,Smoking status,0.06383247673511505,BMI risk index,0.087436743080616,Preventive check-up adherence,0.0,Claims in previous 12 months (normalized)
2027,0,372,0.13776775799942698,0.00015854835510253906,0.10667186975479126,Age (normalized),0.17361892759799957,Health score,0.0,Smoking status,0.02471288852393627,BMI risk index,0.08931656181812286,Preventive check-up adherence,0.0,Claims in previous 12 months (normalized)
2027,0,376,0.1563972570002079,8.746981620788574e-06,0.06801442801952362,Age (normalized),0.14664381742477417,Health score,0.0,Smoking status,0.04752242565155029,BMI risk index,0.07457108795642853,Preventive check-up adherence,0.0,Claims in previous 12 months (normalized)
2027,0,377,0.1260612019996188,0.00026644766330718994,0.046400286257267,Age (normalized),0.11345507949590683,Health score,0.21591602265834808,Smoking status,0.06928789615631104,BMI risk index,0.1131376400589943,Preventive check-up adherence,0.04513084515929222,Claims in previous 12 months (normalized)
2027,0,378,0.1670819510009096,1.3232231140136719e-05,0.14046934247016907,Age (normalized),0.2744053304195404,Health score,0.1940072774887085,Smoking status,0.12403501570224762,BMI risk index,0.1012931540608406,Preventive check-up adherence,0.027184737846255302,Claims in previous 12 months (normalized)
2027,0,379,0.12276350100000855,0.0001866072416305542,0.11603603512048721,Age (normalized),0.23991699516773224,Health score,0.0,Smoking status,0.0631493479013443,BMI risk index,0.08610834926366806,Preventive check-up adherence,0.05809542536735535,Claims in previous 12 months (normalized)
2027,0,384,0.12137793399961083,9.635090827941895e-05,0.1472194641828537,Age (normalized),0.2424585074186325,Health score,0.0,Smoking status,0.057366158813238144,BMI risk index,0.052983082830905914,Preventive check-up adherence,0.0,Claims in previous 12 months (normalized)
2027,0,393,0.15887252100037585,0.0005228221416473389,0.08256787061691284,Age (normalized),0.1481446921825409,Health score,0.0,Smoking status,0.004030164331197739,BMI risk index,0.08962021768093109,Preventive check-up adherence,0.024761559441685677,Claims in previous 12 months (normalized)
2027,0,407,0.14207127500048955,0.00040387362241744995,0.0,Age (normalized),0.131708025932312,Health score,0.0,Smoking status,0.049802329391241074,BMI risk index,0.061187744140625,Preventive check-up adherence,0.0,Claims in previous 12 months (normalized)
2027,0,408,0.1433523059995423,0.00015162676572799683,0.0027885257732123137,Age (normalized),0.12814287841320038,Health score,0.0,Smoking status,0.04759381338953972,BMI risk index,0.08784103393554688,Preventive check-up adherence,0.0,Claims in previous 12 months (normalized)
2027,0,412,0.1307965639998656,0.0011337995529174805,0.17822550237178802,Age (normalized),0.2644161283969879,Health score,0.23160015046596527,Smoking status,0.055521052330732346,BMI risk index,0.10191096365451813,Preventive check-up adherence,0.0566771999001503,Claims in previous 12 months (normalized)
2027,0,419,0.12608390299919847,0.0008522868156433105,0.10073515772819519,Age (normalized),0.2644213140010834,Health score,0.0,Smoking status,0.09194963425397873,BMI risk index,0.05229494720697403,Preventive check-up adherence,0.0,Claims in previous 12 months (normalized)
2027,0,428,0.15182844100127113,4.009902477264404e-05,0.11641772091388702,Age (normalized),0.17068785429000854,Health score,0.0,Smoking status,0.01777508668601513,BMI risk index,0.05760934203863144,Preventive check-up adherence,0.0,Claims in previous 12 months (normalized)
2027,0,429,0.12723278500016022,0.0006580501794815063,0.056567076593637466,Age (normalized),0.20940670371055603,Health score,0.0,Smoking status,0.07420901209115982,BMI risk index,0.09457755833864212,Preventive check-up adherence,0.07199466228485107,Claims in previous 12 months (normalized)
2027,0,439,0.15538053899945226,0.0007125288248062134,0.08225744962692261,Age (normalized),0.18190984427928925,Health score,0.0,Smoking status,0.02933819591999054,BMI risk index,0.0642334446310997,Preventive check-up adherence,0.05894658714532852,Claims in previous 12 months (normalized)
2027,0,448,0.14279971699943417,0.00017608702182769775,0.0,Age (normalized),0.20069892704486847,Health score,0.0,Smoking status,0.11913450807332993,BMI risk index,0.03958452120423317,Preventive check-up adherence,0.049136530607938766,Claims in previous 12 months (normalized)
2027,0,449,0.13778865900076198,0.00033836811780929565,0.002907105488702655,Age (normalized),0.16251146793365479,Health score,0.0,Smoking status,0.051999710500240326,BMI risk index,0.04141555726528168,Preventive check-up adherence,0.0,Claims in previous 12 months (normalized)
2027,0,459,0.12923500400029297,0.00017683953046798706,0.056705743074417114,Age (normalized),0.20869512856006622,Health score,0.0,Smoking status,0.033844489604234695,BMI risk index,0.03823668137192726,Preventive check-up adherence,0.022762620821595192,Claims in previous 12 months (normalized)
2027,0,462,0.12439147599889111,0.00035318732261657715,0.0,Age (normalized),0.19906435906887054,Health score,0.0,Smoking status,0.08197849988937378,BMI risk index,0.06089945510029793,Preventive check-up adherence,0.023531688377261162,Claims in previous 12 months (normalized)
2027,0,468,0.1547695119998025,0.0005228817462921143,0.05921958386898041,Age (normalized),0.1644623577594757,Health score,0.0,Smoking status,0.04229285940527916,BMI risk index,0.07688279449939728,Preventive check-up adherence,0.054564058780670166,Claims in previous 12 months (normalized)
2027,0,474,0.120169287999488,0.0009481757879257202,0.09921290725469589,Age (normalized),0.23060639202594757,Health score,0.0,Smoking status,0.05098612233996391,BMI risk index,0.0473751462996006,Preventive check-up adherence,0.0,Claims in previous 12 months (normalized)
2027,0,477,0.12446779800029617,0.00030735135078430176,0.0924396961927414,Age (normalized),0.24150609970092773,Health score,0.1858321726322174,Smoking status,0.036540839821100235,BMI risk index,0.11878132820129395,Preventive check-up adherence,0.10968977957963943,Claims in previous 12 months (normalized)
2027,0,478,0.15130196799964324,7.369369268417358e-05,0.1093580573797226,Age (normalized),0.23931941390037537,Health score,0.0,Smoking status,0.07161732763051987,BMI risk index,0.04950748383998871,Preventive check-up adherence,0.02379046194255352,Claims in previous 12 months (normalized)
2027,0,480,0.14992323400019814,1.558661460876465e-05,0.03389430418610573,Age (normalized),0.13605397939682007,Health score,0.0,Smoking status,0.004360085353255272,BMI risk index,0.04827834293246269,Preventive check-up adherence,0.0283524002879858,Claims in previous 12 months (normalized)
2027,0,482,0.1274044119991231,0.00028751790523529053,0.12629558145999908,Age (normalized),0.2056104838848114,Health score,0.0,Smoking status,0.041307367384433746,BMI risk index,0.07087750732898712,Preventive check-up adherence,0.02485932596027851,Claims in previous 12 months (normalized)
2027,0,484,0.12412266000137606,0.0004940852522850037,0.06544104963541031,Age (normalized),0.19795922935009003,Health score,0.0,Smoking status,0.02349352464079857,BMI risk index,0.04847336560487747,Preventive check-up adherence,0.0,Claims in previous 12 months (normalized)
2027,0,492,0.127477959999851,0.0003149239346385002,0.17083032429218292,Age (normalized),0.28327178955078125,Health score,0.2283669263124466,Smoking status,0.0593160055577755,BMI risk index,0.07823143154382706,Preventive check-up adherence,0.0,Claims in previous 12 months (normalized)
2027,0,507,0.14324892399963574,0.00014415383338928223,0.07212792336940765,Age (normalized),0.24958795309066772,Health score,0.20907777547836304,Smoking status,0.036043889820575714,BMI risk index,0.07699806988239288,Preventive check-up adherence,0.0,Claims in previous 12 months (normalized)
2027,0,511,0.1254238940000505,0.0010356754064559937,0.057111140340566635,Age (normalized),0.14111723005771637,Health score,0.20815257728099823,Smoking status,0.07005611807107925,BMI risk index,0.028858600184321404,Preventive check-up adherence,0.10315537452697754,Claims in previous 12 months (normalized)
2027,0,512,0.15707564199965418,0.000444948673248291,0.017710555344820023,Age (normalized),0.18656213581562042,Health score,0.0,Smoking status,0.0905584841966629,BMI risk index,0.0633506178855896,Preventive check-up adherence,0.026669466868042946,Claims in previous 12 months (normalized)
2027,0,519,0.13624776500000735,0.0007931739091873169,0.0849880650639534,Age (normalized),0.20735065639019012,Health score,0.0,Smoking status,0.06674211472272873,BMI risk index,0.08218124508857727,Preventive check-up adherence,0.024900831282138824,Claims in previous 12 months (normalized)
2027,0,525,0.13206125699980475,5.18113374710083e-05,0.0603937990963459,Age (normalized),0.16650666296482086,Health score,0.0,Smoking status,0.06251023709774017,BMI risk index,0.0703984722495079,Preventive check-up adherence,0.0,Claims in previous 12 months (normalized)
2027,0,531,0.14249607900001138,5.418062210083008e-05,0.05851057544350624,Age (normalized),0.12621848285198212,Health score,0.22484947741031647,Smoking status,0.017903300002217293,BMI risk index,0.06636162847280502,Preventive check-up adherence,0.07384031265974045,Claims in previous 12 months (normalized)
2027,0,534,0.11976569800026482,4.6133995056152344e-05,0.11860086023807526,Age (normalized),0.1965884566307068,Health score,0.0,Smoking status,0.04194342717528343,BMI risk index,0.10255720466375351,Preventive check-up adherence,0.05533970147371292,Claims in previous 12 months (normalized)
2027,0,537,0.15503850700042676,0.00017122924327850342,0.13028231263160706,Age (normalized),0.19657664000988007,Health score,0.0,Smoking status,0.04759872704744339,BMI risk index,0.08398797363042831,Preventive check-up adherence,0.0,Claims in previous 12 months (normalized)
2027,0,544,0.13605753499996354,0.00023788213729858398,0.10636139661073685,Age (normalized),0.18588928878307343,Health score,0.0,Smoking status,0.04056296870112419,BMI risk index,0.08264307677745819,Preventive check-up adherence,0.0,Claims in previous 12 months (normalized)
2027,0,548,0.15789691600002698,4.1231513023376465e-05,0.09919377416372299,Age (normalized),0.17303432524204254,Health score,0.24304912984371185,Smoking status,0.07359462976455688,BMI risk index,0.1154249906539917,Preventive check-up adherence,0.0,Claims in previous 12 months (normalized)
2027,0,549,0.13999468800011527,8.291006088256836e-05,0.07131976634263992,Age (normalized),0.17090289294719696,Health score,0.0,Smoking status,0.05385918542742729,BMI risk index,0.043440476059913635,Preventive check-up adherence,0.025031447410583496,Claims in previous 12 months (normalized)
2027,0,580,0.12201646300036373,0.0004333704710006714,0.14413879811763763,Age (normalized),0.20258662104606628,Health score,0.0,Smoking status,0.02836197428405285,BMI risk index,0.07648447901010513,Preventive check-up adherence,0.0,Claims in previous 12 months (normalized)
2027,0,582,0.1415302100003828,0.00024674832820892334,0.043158531188964844,Age (normalized),0.19469815492630005,Health score,0.0,Smoking status,0.028024187311530113,BMI risk index,0.07041675597429276,Preventive check-up adherence,0.023146038874983788,Claims in previous 12 months (normalized)
2027,0,586,0.1259004339999592,0.0009597241878509521,0.18552029132843018,Age (normalized),0.1424802839756012,Health score,0.19566749036312103,Smoking status,0.05711882561445236,BMI risk index,0.04890161752700806,Preventive check-up adherence,0.09101831167936325,Claims in previous 12 months (normalized)
2027,0,587,0.12422683400018286,1.9602477550506592e-05,0.015792889520525932,Age (normalized),0.18285053968429565,Health score,0.0,Smoking status,0.04897423833608627,BMI risk index,0.07138264924287796,Preventive check-up adherence,0.0,Claims in previous 12 months (normalized)
2027,0,591,0.14961751300052128,0.00047966837882995605,0.09399658441543579,Age (normalized),0.21007023751735687,Health score,0.0,Smoking status,0.08826500177383423,BMI risk index,0.033705487847328186,Preventive check-up adherence,0.0,Claims in previous 12 months (normalized)
2028,0,1,0.12480773999959638,0.000691637396812439,0.15058793127536774,Age (normalized),0.2714478671550751,Health score,0.0,Smoking status,0.06453579664230347,BMI risk index,0.06950075924396515,Preventive check-up adherence,0.05846240743994713,Claims in previous 12 months (normalized)
2028,0,4,0.11817498899927159,0.0009917020797729492,0.03491823002696037,Age (normalized),0.19878165423870087,Health score,0.0,Smoking status,0.01797284185886383,BMI risk index,0.06627544015645981,Preventive check-up adherence,0.0,Claims in previous 12 months (normalized)
2028,0,11,0.13014791300065554,0.0005166679620742798,0.1041070818901062,Age (normalized),0.2065235674381256,Health score,0.0,Smoking status,0.055409353226423264,BMI risk index,0.08430018275976181,Preventive check-up adherence,0.02771483175456524,Claims in previous 12 months (normalized)
2028,0,14,0.14494702899992262,0.00016748905181884766,0.11437736451625824,Age (normalized),0.24929994344711304,Health score,0.20085184276103973,Smoking status,0.09135016053915024,BMI risk index,0.051944416016340256,Preventive check-up adherence,0.09926394373178482,Claims in previous 12 months (normalized)
2028,0,16,0.14127295699927345,0.00016473233699798584,0.07069601863622665,Age (normalized),0.1921168863773346,Health score,0.0,Smoking status,0.06769382208585739,BMI risk index,0.07981979101896286,Preventive check-up adherence,0.02742772363126278,Claims in previous 12 months (normalized)
2028,0,23,0.16126756599987857,0.0003328174352645874,0.03591062128543854,Age (normalized),0.17920099198818207,Health score,0.0,Smoking status,0.067873515188694,BMI risk index,0.08187977969646454,Preventive check-up adherence,0.02632780745625496,Claims in previous 12 months (normalized)
2028,0,27,0.13165979299992614,0.00013938546180725098,0.1797327697277069,Age (normalized),0.2562703490257263,Health score,0.0,Smoking status,0.04435208812355995,BMI risk index,0.07829001545906067,Preventive check-up adherence,0.02696736715734005,Claims in previous 12 months (normalized)
2028,0,32,0.12103068099895609,0.0005797296762466431,0.022705519571900368,Age (normalized),0.2818858027458191,Health score,0.1927662342786789,Smoking status,0.02896701730787754,BMI risk index,0.057618219405412674,Preventive check-up adherence,0.033416882157325745,Claims in previous 12 months (normalized)
2028,0,37,0.13545334300033574,0.00016996264457702637,0.07730558514595032,Age (normalized),0.09734854102134705,Health score,0.0,Smoking status,0.0637914165854454,BMI risk index,0.04739546403288841,Preventive check-up adherence,0.0,Claims in previous 12 months (normalized)
2028,0,39,0.11789677999968262,0.0012089237570762634,0.22900961339473724,Age (normalized),0.3323887884616852,Health score,0.19641393423080444,Smoking status,0.013258148916065693,BMI risk index,0.09293508529663086,Preventive check-up adherence,0.0,Claims in previous 12 months (normalized)
2028,0,45,0.12358274399957736,0.0005661323666572571,0.04221176728606224,Age (normalized),0.20781639218330383,Health score,0.0,Smoking status,0.07343871891498566,BMI risk index,0.06279470026493073,Preventive check-up adherence,0.0,Claims in previous 12 months (normalized)
2028,0,70,0.14402150600017194,0.00045467913150787354,0.05497809872031212,Age (normalized),0.19649235904216766,Health score,0.0,Smoking status,0.0028908236417919397,BMI risk index,0.038135915994644165,Preventive check-up adherence,0.0,Claims in previous 12 months (normalized)
2028,0,71,0.15877948300021671,0.00013168156147003174,0.12722709774971008,Age (normalized),0.2520918846130371,Health score,0.0,Smoking status,0.11463622748851776,BMI risk index,0.096501424908638,Preventive check-up adherence,0.0,Claims in previous 12 months (normalized)
2028,0,72,0.15026743599992187,5.066394805908203e-06,0.11700209230184555,Age (normalized),0.2165440320968628,Health score,0.0,Smoking status,0.0270761139690876,BMI risk index,0.08216298371553421,Preventive check-up adherence,0.06264307349920273,Claims in previous 12 months (normalized)
2028,0,73,0.13647348299946316,0.00022027641534805298,0.055019035935401917,Age (normalized),0.34620752930641174,Health score,0.2009839564561844,Smoking status,0.1088157519698143,BMI risk index,0.06863831728696823,Preventive check-up adherence,0.035878945142030716,Claims in previous 12 months (normalized)
2028,0,82,0.1377584609990663,0.00040156394243240356,0.06307482719421387,Age (normalized),0.20190849900245667,Health score,0.0,Smoking status,0.005681254435330629,BMI risk index,0.07135836780071259,Preventive check-up adherence,0.02212940715253353,Claims in previous 12 months (normalized)
2028,0,84,0.12356147399987094,0.00022149085998535156,0.0934530720114708,Age (normalized),0.10702864825725555,Health score,0.0,Smoking status,0.007882515899837017,BMI risk index,0.06164863705635071,Preventive check-up adherence,0.06582535058259964,Claims in previous 12 months (normalized)
2028,0,86,0.13329908099967724,0.0009145438671112061,0.09573673456907272,Age (normalized),0.21980203688144684,Health score,0.0,Smoking status,0.028167758136987686,BMI risk index,0.07340753823518753,Preventive check-up adherence,0.0,Claims in previous 12 months (normalized)
2028,0,87,0.1323730260000957,0.0004835575819015503,0.05729764327406883,Age (normalized),0.21304255723953247,Health score,0.0,Smoking status,0.01056189276278019,BMI risk index,0.08733758330345154,Preventive check-up adherence,0.05341148376464844,Claims in previous 12 months (normalized)
2028,0,88,0.14413387500007957,0.00023251771926879883,0.10429026931524277,Age (normalized),0.3089004456996918,Health score,0.17892244458198547,Smoking status,0.06481326371431351,BMI risk index,0.09818816184997559,Preventive check-up adherence,0.0,Claims in previous 12 months (normalized)
2028,0,98,0.1679378730004828,0.00018186122179031372,0.00019849187810905278,Age (normalized),0.24512752890586853,Health score,0.0,Smoking status,0.0781998410820961,BMI risk index,0.08547727763652802,Preventive check-up adherence,0.021770428866147995,Claims in previous 12 months (normalized)
2028,0,99,0.12068422100037424,0.0004935115575790405,0.14427657425403595,Age (normalized),0.15022362768650055,Health score,0.0,Smoking status,0.06401030719280243,BMI risk index,0.0889316126704216,Preventive check-up adherence,0.06433696299791336,Claims in previous 12 months (normalized)
2028,0,101,0.13083482399906643,0.0005317926406860352,0.13133874535560608,Age (normalized),0.23763377964496613,Health score,0.0,Smoking status,0.07829177379608154,BMI risk index,0.09925245493650436,Preventive check-up adherence,0.028931496664881706,Claims in previous 12 months (normalized)
2028,0,102,0.1389441840001382,0.00013679265975952148,0.08713088929653168,Age (normalized),0.16811394691467285,Health score,0.0,Smoking status,0.025081271305680275,BMI risk index,0.07830659300088882,Preventive check-up adherence,0.0,Claims in previous 12 months (normalized)
2028,0,123,0.12221996199968999,0.0005716830492019653,0.10433759540319443,Age (normalized),0.1804904192686081,Health score,0.2143072932958603,Smoking status,0.10463224351406097,BMI risk index,0.038249421864748,Preventive check-up adherence,0.07228832691907883,Claims in previous 12 months (normalized)
2028,0,124,0.1257591470002808,2.3663043975830078e-05,0.0990476906299591,Age (normalized),0.19980047643184662,Health score,0.0,Smoking status,0.036930035799741745,BMI risk index,0.06803154945373535,Preventive check-up adherence,0.02792954258620739,Claims in previous 12 months (normalized)
2028,0,131,0.1614538409994566,0.0006863400340080261,0.04734788462519646,Age (normalized),0.22528642416000366,Health score,0.0,Smoking status,0.047872234135866165,BMI risk index,0.05451076105237007,Preventive check-up adherence,0.025814658030867577,Claims in previous 12 months (normalized)
2028,0,135,0.146672724000382,0.0007439106702804565,0.08325789868831635,Age (normalized),0.17787058651447296,Health score,0.0,Smoking status,0.06936615705490112,BMI risk index,0.07288817316293716,Preventive check-up adherence,0.028656592592597008,Claims in previous 12 months (normalized)
2028,0,139,0.1421746850001,0.0006545856595039368,0.046026356518268585,Age (normalized),0.34772512316703796,Health score,0.21280065178871155,Smoking status,0.10294662415981293,BMI risk index,0.08958996087312698,Preventive check-up adherence,0.07291709631681442,Claims in previous 12 months (normalized)
2028,0,142,0.11821798999972088,0.000544235110282898,0.047868285328149796,Age (normalized),0.1595095992088318,Health score,0.0,Smoking status,0.006235440727323294,BMI risk index,0.08490440994501114,Preventive check-up adherence,0.025579938665032387,Claims in previous 12 months (normalized)
2028,0,145,0.12759710199952679,8.735060691833496e-05,0.11905395239591599,Age (normalized),0.2348124086856842,Health score,0.0,Smoking status,0.13164037466049194,BMI risk index,0.08348531275987625,Preventive check-up adherence,0.03272588178515434,Claims in previous 12 months (normalized)
2028,0,155,0.14033790200028307,0.0012584999203681946,0.06949449330568314,Age (normalized),0.2554248571395874,Health score,0.0,Smoking status,0.062454428523778915,BMI risk index,0.07292307913303375,Preventive check-up adherence,0.0,Claims in previous 12 months (normalized)
2028,0,160,0.12371487299969885,0.0002092793583869934,0.0703354999423027,Age (normalized),0.06367229670286179,Health score,0.0,Smoking status,0.04470333829522133,BMI risk index,0.06441815942525864,Preventive check-up adherence,0.03475188836455345,Claims in previous 12 months (normalized)
2028,0,161,0.13358861000051547,0.00018702447414398193,0.005769433453679085,Age (normalized),0.20494017004966736,Health score,0.0,Smoking status,0.06101442128419876,BMI risk index,0.04776507988572121,Preventive check-up adherence,0.024307547137141228,Claims in previous 12 months (normalized)
2028,0,163,0.18054811699948914,0.00039546191692352295,0.07950866222381592,Age (normalized),0.19871638715267181,Health score,0.0,Smoking status,0.029809709638357162,BMI risk index,0.05122166499495506,Preventive check-up adherence,0.0,Claims in previous 12 months (normalized)
2028,0,171,0.12071131099946797,0.00024205446243286133,0.12024252116680145,Age (normalized),0.14953164756298065,Health score,0.0,Smoking status,0.03989525884389877,BMI risk index,0.054181646555662155,Preventive check-up adherence,0.0,Claims in previous 12 months (normalized)
2028,0,173,0.14642300099967542,0.0008065104484558105,0.09580488502979279,Age (normalized),0.22638505697250366,Health score,0.0,Smoking status,0.01611049845814705,BMI risk index,0.03115643374621868,Preventive check-up adherence,0.0,Claims in previous 12 months (normalized)
2028,0,177,0.12669872600054077,0.00048750266432762146,0.1050066128373146,Age (normalized),0.11906002461910248,Health score,0.0,Smoking status,0.06461510807275772,BMI risk index,0.07057811319828033,Preventive check-up adherence,0.03577252849936485,Claims in previous 12 months (normalized)
2028,0,181,0.12161353900046379,0.00017622113227844238,0.09119369834661484,Age (normalized),0.232801154255867,Health score,0.0,Smoking status,0.0118089709430933,BMI risk index,0.0676509365439415,Preventive check-up adherence,0.023642655462026596,Claims in previous 12 months (normalized)
2028,0,182,0.1298604189996695,0.00030499696731567383,0.04395380988717079,Age (normalized),0.20051825046539307,Health score,0.0,Smoking status,0.03259580209851265,BMI risk index,0.06766927987337112,Preventive check-up adherence,0.0,Claims in previous 12 months (normalized)
2028,0,190,0.12567522100016504,0.0005672872066497803,0.20969246327877045,Age (normalized),0.2837904095649719,Health score,0.0,Smoking status,0.0890483632683754,BMI risk index,0.10868025571107864,Preventive check-up adherence,0.028657598420977592,Claims in previous 12 months (normalized)
2028,0,204,0.21523281499958102,0.0002785027027130127,0.10359365493059158,Age (normalized),0.23350197076797485,Health score,0.0,Smoking status,0.0035180780105292797,BMI risk index,0.054422806948423386,Preventive check-up adherence,0.0,Claims in previous 12 months (normalized)
2028,0,220,0.1397826169986729,0.0002890080213546753,0.05991602689027786,Age (normalized),0.20863965153694153,Health score,0.0,Smoking status,0.009153238497674465,BMI risk index,0.0678015872836113,Preventive check-up adherence,0.05012498050928116,Claims in previous 12 months (normalized)
2028,0,223,0.14074984699891502,3.3952295780181885e-05,0.07047984004020691,Age (normalized),0.21633638441562653,Health score,0.0,Smoking status,0.01976325735449791,BMI risk index,0.07022757828235626,Preventive check-up adherence,0.0,Claims in previous 12 months (normalized)
2028,0,224,0.1380936390005445,0.0008154287934303284,0.04489266127347946,Age (normalized),0.23010264337062836,Health score,0.0,Smoking status,0.015955638140439987,BMI risk index,0.03173449635505676,Preventive check-up adherence,0.0,Claims in previous 12 months (normalized)
2028,0,243,0.1370217789999515,3.3080577850341797e-06,0.09601734578609467,Age (normalized),0.17170970141887665,Health score,0.0,Smoking status,0.0464877150952816,BMI risk index,0.03626495599746704,Preventive check-up adherence,0.031015602871775627,Claims in previous 12 months (normalized)
2028,0,244,0.12858859300013137,0.00025388598442077637,0.12533383071422577,Age (normalized),0.23019935190677643,Health score,0.0,Smoking status,0.08784417062997818,BMI risk index,0.05574040487408638,Preventive check-up adherence,0.1021059975028038,Claims in previous 12 months (normalized)
2028,0,255,0.14372084099977656,0.0004651471972465515,0.1684703528881073,Age (normalized),0.33024951815605164,Health score,0.2074451446533203,Smoking status,0.03548639267683029,BMI risk index,0.04710058122873306,Preventive check-up adherence,0.03482985123991966,Claims in previous 12 months (normalized)
2028,0,259,0.19555624700024055,0.00026558712124824524,0.06948691606521606,Age (normalized),0.21996687352657318,Health score,0.0,Smoking status,0.0014032769249752164,BMI risk index,0.06212490051984787,Preventive check-up adherence,0.0,Claims in previous 12 months (normalized)
2028,0,265,0.23205708600016806,0.000424802303314209,0.13399316370487213,Age (normalized),0.2400335967540741,Health score,0.0,Smoking status,0.027070650830864906,BMI risk index,0.08306229114532471,Preventive check-up adherence,0.0,Claims in previous 12 months (normalized)
2028,0,267,0.14969464400110155,4.628300666809082e-05,0.0,Age (normalized),0.1649775207042694,Health score,0.0,Smoking status,0.007511521689593792,BMI risk index,0.0610293410718441,Preventive check-up adherence,0.0,Claims in previous 12 months (normalized)
2028,0,274,0.14911556700008077,0.0004289299249649048,0.0637894719839096,Age (normalized),0.2887953221797943,Health score,0.17478840053081512,Smoking status,0.0647089034318924,BMI risk index,0.09564775228500366,Preventive check-up adherence,0.0,Claims in previous 12 months (normalized)
2028,0,275,0.13188166299914883,0.0003873482346534729,0.17262853682041168,Age (normalized),0.310780793428421,Health score,0.1984776258468628,Smoking status,0.002835105638951063,BMI risk index,0.0618000328540802,Preventive check-up adherence,0.0348358117043972,Claims in previous 12 months (normalized)
2028,0,277,0.14161606499965274,0.00019054114818572998,0.05713706836104393,Age (normalized),0.20415127277374268,Health score,0.0,Smoking status,0.05011774227023125,BMI risk index,0.0786469578742981,Preventive check-up adherence,0.05940687656402588,Claims in previous 12 months (normalized)
2028,0,278,0.18182216599961976,0.0001407414674758911,0.06212237477302551,Age (normalized),0.20322519540786743,Health score,0.0,Smoking status,0.01436644233763218,BMI risk index,0.08158425986766815,Preventive check-up adherence,0.05204641819000244,Claims in previous 12 months (normalized)
2028,0,282,0.13237277700045524,7.908046245574951e-05,0.1405356377363205,Age (normalized),0.28372880816459656,Health score,0.0,Smoking status,0.09012366086244583,BMI risk index,0.08762811869382858,Preventive check-up adherence,0.02689058519899845,Claims in previous 12 months (normalized)
2028,0,283,0.14092236299984506,0.0013187304139137268,0.11600810289382935,Age (normalized),0.2626386880874634,Health score,0.0,Smoking status,0.06872610747814178,BMI risk index,0.06411739438772202,Preventive check-up adherence,0.0,Claims in previous 12 months (normalized)
2028,0,302,0.11799368999982107,0.00021614134311676025,0.04462876543402672,Age (normalized),0.1304505169391632,Health score,0.0,Smoking status,0.004179408308118582,BMI risk index,0.07753744721412659,Preventive check-up adherence,0.026760945096611977,Claims in previous 12 months (normalized)
2028,0,309,0.1268135610007448,0.000377655029296875,0.04022175818681717,Age (normalized),0.2675876319408417,Health score,0.16639548540115356,Smoking status,0.03328157961368561,BMI risk index,0.08834418654441833,Preventive check-up adherence,0.0,Claims in previous 12 months (normalized)
2028,0,314,0.14571746599995095,0.0005828216671943665,0.07482056319713593,Age (normalized),0.1724376678466797,Health score,0.0,Smoking status,0.041457753628492355,BMI risk index,0.09153532236814499,Preventive check-up adherence,0.0,Claims in previous 12 months (normalized)
2028,0,320,0.126876407999589,7.803738117218018e-05,0.09670424461364746,Age (normalized),0.13653212785720825,Health score,0.0,Smoking status,0.010914352722465992,BMI risk index,0.040603332221508026,Preventive check-up adherence,0.0,Claims in previous 12 months (normalized)
2028,0,326,0.16693430099985562,0.00017599761486053467,0.04954347014427185,Age (normalized),0.17898571491241455,Health score,0.0,Smoking status,0.06596095114946365,BMI risk index,0.09858642518520355,Preventive check-up adherence,0.027663100510835648,Claims in previous 12 months (normalized)
2028,0,329,0.140824314999918,0.000841144472360611,0.03141222521662712,Age (normalized),0.2181287705898285,Health score,0.0,Smoking status,0.017520571127533913,BMI risk index,0.07200626283884048,Preventive check-up adherence,0.0,Claims in previous 12 months (normalized)
2028,0,331,0.1201308039990181,0.00011114776134490967,0.09021759033203125,Age (normalized),0.14709146320819855,Health score,0.0,Smoking status,0.02019616588950157,BMI risk index,0.04075894504785538,Preventive check-up adherence,0.0,Claims in previous 12 months (normalized)
2028,0,334,0.1378573719994165,0.0002875328063964844,0.056734051555395126,Age (normalized),0.06857035309076309,Health score,0.0,Smoking status,0.05873169004917145,BMI risk index,0.05674804002046585,Preventive check-up adherence,0.0,Claims in previous 12 months (normalized)
2028,0,340,0.12496315299995331,0.0006280168890953064,0.140111044049263,Age (normalized),0.16930051147937775,Health score,0.0,Smoking status,0.04513629153370857,BMI risk index,0.07047976553440094,Preventive check-up adherence,0.11217719316482544,Claims in previous 12 months (normalized)
2028,0,342,0.12356190700029401,0.00020599365234375,0.09802953898906708,Age (normalized),0.24280910193920135,Health score,0.18610462546348572,Smoking status,7.691492646699771e-05,BMI risk index,0.094905786216259,Preventive check-up adherence,0.03177478164434433,Claims in previous 12 months (normalized)
2028,0,343,0.12536716500017064,0.000771835446357727,0.0776703879237175,Age (normalized),0.209022656083107,Health score,0.0,Smoking status,0.027693811804056168,BMI risk index,0.03344205021858215,Preventive check-up adherence,0.05867787078022957,Claims in previous 12 months (normalized)
2028,0,347,0.1511857549994602,0.0002936646342277527,0.1012943685054779,Age (normalized),0.21859419345855713,Health score,0.0,Smoking status,0.007988890632987022,BMI risk index,0.06123846769332886,Preventive check-up adherence,0.0,Claims in previous 12 months (normalized)
2028,0,354,0.1609456690002844,0.0004323422908782959,0.08644752204418182,Age (normalized),0.1823454052209854,Health score,0.0,Smoking status,0.06332210451364517,BMI risk index,0.06089268997311592,Preventive check-up adherence,0.0,Claims in previous 12 months (normalized)
2028,0,355,0.1391829099993629,5.103647708892822e-05,0.031523991376161575,Age (normalized),0.2131483107805252,Health score,0.0,Smoking status,0.0409126840531826,BMI risk index,0.0534537099301815,Preventive check-up adherence,0.0,Claims in previous 12 months (normalized)
2028,0,362,0.11447303200020542,4.3705105781555176e-05,0.10631442815065384,Age (normalized),0.10231491178274155,Health score,0.0,Smoking status,0.03817195072770119,BMI risk index,0.09266698360443115,Preventive check-up adherence,0.02829887345433235,Claims in previous 12 months (normalized)
2028,0,365,0.14561815700017178,0.00016771256923675537,0.08865268528461456,Age (normalized),0.23793746531009674,Health score,0.0,Smoking status,0.01341341994702816,BMI risk index,0.07396875321865082,Preventive check-up adherence,0.023152999579906464,Claims in previous 12 months (normalized)
2028,0,371,0.12483065299966256,0.0002049654722213745,0.14086203277111053,Age (normalized),0.20362690091133118,Health score,0.0,Smoking status,0.04089322313666344,BMI risk index,0.07133267819881439,Preventive check-up adherence,0.029175808653235435,Claims in previous 12 months (normalized)
2028,0,372,0.11500105699906271,4.8220157623291016e-05,0.06964273005723953,Age (normalized),0.17215780913829803,Health score,0.0,Smoking status,0.03832237794995308,BMI risk index,0.098520927131176,Preventive check-up adherence,0.0,Claims in previous 12 months (normalized)
2028,0,377,0.15518235099989397,0.00037194788455963135,0.12970970571041107,Age (normalized),0.17085927724838257,Health score,0.0,Smoking status,0.01061935257166624,BMI risk index,0.04548170417547226,Preventive check-up adherence,0.028471345081925392,Claims in previous 12 months (normalized)
2028,0,384,0.14499500800047826,0.0005059689283370972,0.13999025523662567,Age (normalized),0.236835777759552,Health score,0.0,Smoking status,0.029780054464936256,BMI risk index,0.0957765206694603,Preventive check-up adherence,0.027657831087708473,Claims in previous 12 months (normalized)
2028,0,403,0.12477465600022697,0.00013376027345657349,0.057686999440193176,Age (normalized),0.19146418571472168,Health score,0.0,Smoking status,0.02022630348801613,BMI risk index,0.07110528647899628,Preventive check-up adherence,0.023287026211619377,Claims in previous 12 months (normalized)
2028,0,412,0.1453797089998261,0.00028631091117858887,0.22266890108585358,Age (normalized),0.3242202699184418,Health score,0.20294879376888275,Smoking status,0.018658962100744247,BMI risk index,0.08228939026594162,Preventive check-up adherence,0.03453253209590912,Claims in previous 12 months (normalized)
2028,0,416,0.1259187279993057,0.00011223554611206055,0.06968957185745239,Age (normalized),0.23618656396865845,Health score,0.0,Smoking status,0.01543361134827137,BMI risk index,0.06617928296327591,Preventive check-up adherence,0.02234191820025444,Claims in previous 12 months (normalized)
2028,0,419,0.11987141299960058,0.000596802681684494,0.046325210481882095,Age (normalized),0.2014661282300949,Health score,0.0,Smoking status,0.006116513628512621,BMI risk index,0.05929632484912872,Preventive check-up adherence,0.0,Claims in previous 12 months (normalized)
2028,0,427,0.13958913700025732,0.0002948343753814697,0.13686726987361908,Age (normalized),0.15459370613098145,Health score,0.0,Smoking status,0.03538808971643448,BMI risk index,0.06557534635066986,Preventive check-up adherence,0.06685016304254532,Claims in previous 12 months (normalized)
2028,0,431,0.13428811799985851,7.189810276031494e-05,0.13129942119121552,Age (normalized),0.21127565205097198,Health score,0.0,Smoking status,0.009713292121887207,BMI risk index,0.07528895139694214,Preventive check-up adherence,0.0545172281563282,Claims in previous 12 months (normalized)
2028,0,436,0.16142551100074343,0.0004801154136657715,0.03716277331113815,Age (normalized),0.24010194838047028,Health score,0.0,Smoking status,0.05288513004779816,BMI risk index,0.03700308874249458,Preventive check-up adherence,0.0,Claims in previous 12 months (normalized)
2028,0,438,0.13159086700034095,0.0006449893116950989,0.04244709759950638,Age (normalized),0.20866408944129944,Health score,0.0,Smoking status,0.006819568574428558,BMI risk index,0.08448967337608337,Preventive check-up adherence,0.042739298194646835,Claims in previous 12 months (normalized)
2028,0,440,0.12431556299998192,0.0005551725625991821,0.15480796992778778,Age (normalized),0.23038432002067566,Health score,0.2226673662662506,Smoking status,0.10290655493736267,BMI risk index,0.07692745327949524,Preventive check-up adherence,0.03964955732226372,Claims in previous 12 months (normalized)
2028,0,442,0.1197203729998364,0.0007747262716293335,0.09793420881032944,Age (normalized),0.21687017381191254,Health score,0.0,Smoking status,0.05814943090081215,BMI risk index,0.10189477354288101,Preventive check-up adherence,0.029029250144958496,Claims in previous 12 months (normalized)
2028,0,443,0.1335678799996458,0.00038309767842292786,0.027042845264077187,Age (normalized),0.20306695997714996,Health score,0.0,Smoking status,0.011602379381656647,BMI risk index,0.05826301872730255,Preventive check-up adherence,0.019184578210115433,Claims in previous 12 months (normalized)
2028,0,446,0.12535498700071912,0.00021320581436157227,0.10606127232313156,Age (normalized),0.14257363975048065,Health score,0.0,Smoking status,0.05067341774702072,BMI risk index,0.04125155135989189,Preventive check-up adherence,0.0,Claims in previous 12 months (normalized)
2028,0,447,0.12977754099938466,0.0002819448709487915,0.06984524428844452,Age (normalized),0.1418861299753189,Health score,0.0,Smoking status,0.012276740744709969,BMI risk index,0.09352001547813416,Preventive check-up adherence,0.0,Claims in previous 12 months (normalized)
2028,0,448,0.13914119400033087,0.0005142241716384888,0.04072073474526405,Age (normalized),0.17968019843101501,Health score,0.0,Smoking status,0.07366584986448288,BMI risk index,0.09588343650102615,Preventive check-up adherence,0.025551561266183853,Claims in previous 12 months (normalized)
2028,0,455,0.14927890100079821,0.001295529305934906,0.013706251978874207,Age (normalized),0.21715641021728516,Health score,0.0,Smoking status,0.043555572628974915,BMI risk index,0.023113448172807693,Preventive check-up adherence,0.0,Claims in previous 12 months (normalized)
2028,0,458,0.12421141499999067,0.0009608268737792969,0.059721801429986954,Age (normalized),0.20408156514167786,Health score,0.0,Smoking status,0.012228898704051971,BMI risk index,0.07502565532922745,Preventive check-up adherence,0.0,Claims in previous 12 months (normalized)
2028,0,462,0.13249475000156963,0.00019513070583343506,0.06688416004180908,Age (normalized),0.31061503291130066,Health score,0.1847963184118271,Smoking status,0.05195143446326256,BMI risk index,0.08503291010856628,Preventive check-up adherence,0.03136578947305679,Claims in previous 12 months (normalized)
2028,0,463,0.13981085200066445,0.000170096755027771,0.027584180235862732,Age (normalized),0.28576019406318665,Health score,0.17940998077392578,Smoking status,0.04083825275301933,BMI risk index,0.09228730201721191,Preventive check-up adherence,0.029891883954405785,Claims in previous 12 months (normalized)
2028,0,465,0.12476717600020493,0.00047203898429870605,0.18179747462272644,Age (normalized),0.2976647615432739,Health score,0.21967801451683044,Smoking status,0.07685276120901108,BMI risk index,0.04707331955432892,Preventive check-up adherence,0.07546743750572205,Claims in previous 12 months (normalized)
2028,0,469,0.12075889500010817,0.00041227787733078003,0.11755120754241943,Age (normalized),0.2548137307167053,Health score,0.0,Smoking status,0.01096706185489893,BMI risk index,0.05621916428208351,Preventive check-up adherence,0.0,Claims in previous 12 months (normalized)
2028,0,475,0.15957911500026967,0.0001741647720336914,0.010968534275889397,Age (normalized),0.1767546385526657,Health score,0.0,Smoking status,0.024948542937636375,BMI risk index,0.044159941375255585,Preventive check-up adherence,0.028384342789649963,Claims in previous 12 months (normalized)
2028,0,489,0.15213071600010153,7.036328315734863e-05,0.05111958459019661,Age (normalized),0.27128666639328003,Health score,0.0,Smoking status,0.05928373709321022,BMI risk index,0.07370175421237946,Preventive check-up adherence,0.13206957280635834,Claims in previous 12 months (normalized)
2028,0,496,0.13797190000059345,3.756582736968994e-05,0.0937475711107254,Age (normalized),0.2969004511833191,Health score,0.1846904754638672,Smoking status,0.001260824385099113,BMI risk index,0.07724233716726303,Preventive check-up adherence,0.03118918649852276,Claims in previous 12 months (normalized)
2028,0,499,0.12136788000043452,0.000760495662689209,0.05622383952140808,Age (normalized),0.20702987909317017,Health score,0.0,Smoking status,0.048010822385549545,BMI risk index,0.038833137601614,Preventive check-up adherence,0.0,Claims in previous 12 months (normalized)
2028,0,502,0.13762324799972703,0.00032092630863189697,0.08137065172195435,Age (normalized),0.21650487184524536,Health score,0.0,Smoking status,0.041647300124168396,BMI risk index,0.06976401805877686,Preventive check-up adherence,0.02698594145476818,Claims in previous 12 months (normalized)
2028,0,507,0.13514241599932575,0.00010582990944385529,0.0,Age (normalized),0.16128309071063995,Health score,0.20227137207984924,Smoking status,0.06872404366731644,BMI risk index,0.08008219301700592,Preventive check-up adherence,0.10223980247974396,Claims in previous 12 months (normalized)
2028,0,510,0.12507436000032612,0.00048676133155822754,0.1077432930469513,Age (normalized),0.22786550223827362,Health score,0.0,Smoking status,0.021466972306370735,BMI risk index,0.05506051331758499,Preventive check-up adherence,0.02675269916653633,Claims in previous 12 months (normalized)
2028,0,525,0.12664394500006892,0.0006350651383399963,0.0609002448618412,Age (normalized),0.28935712575912476,Health score,0.0,Smoking status,0.07889315485954285,BMI risk index,0.043515753000974655,Preventive check-up adherence,0.05380240082740784,Claims in previous 12 months (normalized)
2028,0,532,0.18773832600072637,0.0006423741579055786,0.061237405985593796,Age (normalized),0.23498934507369995,Health score,0.0,Smoking status,0.04904600605368614,BMI risk index,0.058529652655124664,Preventive check-up adherence,0.058633048087358475,Claims in previous 12 months (normalized)
2028,0,536,0.13575235000007524,7.960200309753418e-05,0.040877148509025574,Age (normalized),0.19404520094394684,Health score,0.0,Smoking status,0.02016669698059559,BMI risk index,0.05643545463681221,Preventive check-up adherence,0.0,Claims in previous 12 months (normalized)
2028,0,538,0.1285670970000865,7.112324237823486e-05,0.1296277493238449,Age (normalized),0.1596125066280365,Health score,0.20796047151088715,Smoking status,0.13803179562091827,BMI risk index,0.08772969245910645,Preventive check-up adherence,0.03626133129000664,Claims in previous 12 months (normalized)
2028,0,544,0.13032150700018974,8.463859558105469e-06,0.0,Age (normalized),0.20037351548671722,Health score,0.0,Smoking status,0.036868736147880554,BMI risk index,0.0461730882525444,Preventive check-up adherence,0.0,Claims in previous 12 months (normalized)
2028,0,545,0.14657287900081428,0.0004963129758834839,0.08483722805976868,Age (normalized),0.20830290019512177,Health score,0.0,Smoking status,0.0021933370735496283,BMI risk index,0.07624325156211853,Preventive check-up adherence,0.0,Claims in previous 12 months (normalized)
2028,0,546,0.12209992299995065,0.00018456578254699707,0.11504034698009491,Age (normalized),0.11813271045684814,Health score,0.0,Smoking status,0.004401859361678362,BMI risk index,0.06764165312051773,Preventive check-up adherence,0.0,Claims in previous 12 months (normalized)
2028,0,553,0.12798745000054623,0.0004265010356903076,0.11767914146184921,Age (normalized),0.1733701378107071,Health score,0.0,Smoking status,0.015037705190479755,BMI risk index,0.06687379628419876,Preventive check-up adherence,0.0,Claims in previous 12 months (normalized)
2028,0,556,0.14493778799896972,7.60108232498169e-05,0.06063844636082649,Age (normalized),0.1572786271572113,Health score,0.0,Smoking status,0.02411651611328125,BMI risk index,0.07854020595550537,Preventive check-up adherence,0.02890697680413723,Claims in previous 12 months (normalized)
2028,0,574,0.14575164600046264,0.00027273595333099365,0.09328983724117279,Age (normalized),0.1982370764017105,Health score,0.0,Smoking status,0.07213990390300751,BMI risk index,0.0728435292840004,Preventive check-up adherence,0.0301829781383276,Claims in previous 12 months (normalized)
2028,0,582,0.13737983299961343,0.0004060715436935425,0.08393578231334686,Age (normalized),0.13767853379249573,Health score,0.0,Smoking status,0.05157502740621567,BMI risk index,0.04919562116265297,Preventive check-up adherence,0.0,Claims in previous 12 months (normalized)
2028,0,583,0.1161022710002726,2.3439526557922363e-05,0.09005847573280334,Age (normalized),0.2605285048484802,Health score,0.0,Smoking status,0.04255843907594681,BMI risk index,0.04911123588681221,Preventive check-up adherence,0.0,Claims in previous 12 months (normalized)
2028,0,588,0.13492115999997623,0.0004674643278121948,0.09450646489858627,Age (normalized),0.2065121978521347,Health score,0.0,Smoking status,0.014232780784368515,BMI risk index,0.09027531743049622,Preventive check-up adherence,0.0,Claims in previous 12 months (normalized)
2028,0,593,0.1239256379994913,0.0006542056798934937,0.09358933568000793,Age (normalized),0.21118195354938507,Health score,0.0,Smoking status,0.06092359125614166,BMI risk index,0.08709423243999481,Preventive check-up adherence,0.025970032438635826,Claims in previous 12 months (normalized)
2028,0,595,0.13223118199948658,0.0005684979259967804,0.12995868921279907,Age (normalized),0.1623343527317047,Health score,0.0,Smoking status,0.06579604744911194,BMI risk index,0.05588012561202049,Preventive check-up adherence,0.07370107620954514,Claims in previous 12 months (normalized)
2028,0,599,0.14521808900008182,0.0005851984024047852,0.11730757355690002,Age (normalized),0.21309927105903625,Health score,0.0,Smoking status,0.014213953167200089,BMI risk index,0.08781441301107407,Preventive check-up adherence,0.02436607889831066,Claims in previous 12 months (normalized)
2029,0,0,0.14864167199993972,0.00047144293785095215,0.10337188094854355,Age (normalized),0.17478510737419128,Health score,0.21773169934749603,Smoking status,0.06199157238006592,BMI risk index,0.07057236135005951,Preventive check-up adherence,0.0658310130238533,Claims in previous 12 months (normalized)
2029,0,13,0.12264804400092544,4.476308822631836e-05,0.12316902726888657,Age (normalized),0.247408926486969,Health score,0.0,Smoking status,0.07479098439216614,BMI risk index,0.030407940968871117,Preventive check-up adherence,0.0647866502404213,Claims in previous 12 months (normalized)
2029,0,29,0.1644863660003466,0.00039346516132354736,0.0932784155011177,Age (normalized),0.20815534889698029,Health score,0.0,Smoking status,0.07929735630750656,BMI risk index,0.0964585691690445,Preventive check-up adherence,0.02777821756899357,Claims in previous 12 months (normalized)
2029,0,31,0.1616399829999864,1.3969838619232178e-05,0.046000827103853226,Age (normalized),0.14937305450439453,Health score,0.0,Smoking status,0.0007971397135406733,BMI risk index,0.09331879764795303,Preventive check-up adherence,0.021961769089102745,Claims in previous 12 months (normalized)
2029,0,33,0.13500341099916113,1.087784767150879e-06,0.0943845734000206,Age (normalized),0.21021689474582672,Health score,0.0,Smoking status,0.021906530484557152,BMI risk index,0.08923709392547607,Preventive check-up adherence,0.0,Claims in previous 12 months (normalized)
2029,0,38,0.1303682130001107,0.0006939619779586792,0.0683414414525032,Age (normalized),0.2196168601512909,Health score,0.21803265810012817,Smoking status,0.06702061742544174,BMI risk index,0.09025786072015762,Preventive check-up adherence,0.06434117257595062,Claims in previous 12 months (normalized)
2029,0,40,0.11826216400004341,0.00036861002445220947,0.19836388528347015,Age (normalized),0.21730783581733704,Health score,0.0,Smoking status,0.08594883978366852,BMI risk index,0.16860027611255646,Preventive check-up adherence,0.033395372331142426,Claims in previous 12 months (normalized)
2029,0,52,0.15365171400026156,0.000586383044719696,0.007982142269611359,Age (normalized),0.20423507690429688,Health score,0.0,Smoking status,0.016912078484892845,BMI risk index,0.06083355471491814,Preventive check-up adherence,0.048923250287771225,Claims in previous 12 months (normalized)
2029,0,56,0.13064473800022824,0.00018808245658874512,0.07473171502351761,Age (normalized),0.2504537105560303,Health score,0.0,Smoking status,0.08055444061756134,BMI risk index,0.06285436451435089,Preventive check-up adherence,0.0,Claims in previous 12 months (normalized)
2029,0,58,0.15027365900004952,0.0002534538507461548,0.15418201684951782,Age (normalized),0.22640489041805267,Health score,0.0,Smoking status,0.024555867537856102,BMI risk index,0.07894140481948853,Preventive check-up adherence,0.0,Claims in previous 12 months (normalized)
2029,0,62,0.1478532159999304,9.436905384063721e-05,0.19847309589385986,Age (normalized),0.3060029447078705,Health score,0.19462516903877258,Smoking status,0.012987310066819191,BMI risk index,0.06838195770978928,Preventive check-up adherence,0.0,Claims in previous 12 months (normalized)
2029,0,63,0.14675983599954634,0.00023927539587020874,0.09036477655172348,Age (normalized),0.18724510073661804,Health score,0.0,Smoking status,0.010018868371844292,BMI risk index,0.06515859812498093,Preventive check-up adherence,0.0,Claims in previous 12 months (normalized)
2029,0,66,0.11671472000034555,0.00024731457233428955,0.021972741931676865,Age (normalized),0.16683679819107056,Health score,0.0,Smoking status,0.043976791203022,BMI risk index,0.09364298731088638,Preventive check-up adherence,0.024042446166276932,Claims in previous 12 months (normalized)
2029,0,68,0.12664254100036487,0.00046716630458831787,0.08861308544874191,Age (normalized),0.163442000746727,Health score,0.0,Smoking status,0.0034092911519110203,BMI risk index,0.09789089858531952,Preventive check-up adherence,0.026093190535902977,Claims in previous 12 months (normalized)
2029,0,70,0.12423975999990944,0.00013709068298339844,0.041869256645441055,Age (normalized),0.09826750308275223,Health score,0.0,Smoking status,0.07615765184164047,BMI risk index,0.0706808865070343,Preventive check-up adherence,0.0,Claims in previous 12 months (normalized)
2029,0,72,0.14360087099976226,0.0005083605647087097,0.043970201164484024,Age (normalized),0.14100484549999237,Health score,0.0,Smoking status,0.028539201244711876,BMI risk index,0.11918381601572037,Preventive check-up adherence,0.0,Claims in previous 12 months (normalized)
2029,0,74,0.13565946699964115,0.0002916008234024048,0.06105373799800873,Age (normalized),0.2296944111585617,Health score,0.203962504863739,Smoking status,0.014605361968278885,BMI risk index,0.14192041754722595,Preventive check-up adherence,0.063995860517025,Claims in previous 12 months (normalized)
2029,0,85,0.1527957250000327,0.00032266974449157715,0.13857083022594452,Age (normalized),0.2285064160823822,Health score,0.0,Smoking status,0.05501887574791908,BMI risk index,0.10203395038843155,Preventive check-up adherence,0.0,Claims in previous 12 months (normalized)
2029,0,97,0.12967472699983773,0.00020193308591842651,0.10601016879081726,Age (normalized),0.2796196937561035,Health score,0.20362234115600586,Smoking status,0.04742661491036415,BMI risk index,0.07374801486730576,Preventive check-up adherence,0.0,Claims in previous 12 months (normalized)
2029,0,100,0.13378629500039096,0.00020983070135116577,0.04872628673911095,Age (normalized),0.1923438310623169,Health score,0.0,Smoking status,0.015001007355749607,BMI risk index,0.09729297459125519,Preventive check-up adherence,0.0,Claims in previous 12 months (normalized)
2029,0,103,0.14643332599916903,9.149312973022461e-06,0.16412201523780823,Age (normalized),0.2211785465478897,Health score,0.0,Smoking status,0.07115849107503891,BMI risk index,0.07398026436567307,Preventive check-up adherence,0.0,Claims in previous 12 months (normalized)
2029,0,107,0.12891788399974757,0.0004221796989440918,0.09548412263393402,Age (normalized),0.1382085680961609,Health score,0.0,Smoking status,0.007079962641000748,BMI risk index,0.08135846257209778,Preventive check-up adherence,0.09483685344457626,Claims in previous 12 months (normalized)
2029,0,108,0.16891991600095935,0.0006663650274276733,0.13732534646987915,Age (normalized),0.21277229487895966,Health score,0.0,Smoking status,0.06518010795116425,BMI risk index,0.09238768368959427,Preventive check-up adherence,0.029554137960076332,Claims in previous 12 months (normalized)
2029,0,110,0.16242765600054554,0.0012837052345275879,0.10072717070579529,Age (normalized),0.12367253750562668,Health score,0.18693555891513824,Smoking status,0.0796162560582161,BMI risk index,0.10588810592889786,Preventive check-up adherence,0.11163126677274704,Claims in previous 12 months (normalized)
2029,0,121,0.16256738399897586,0.00109139084815979,0.20303207635879517,Age (normalized),0.14082808792591095,Health score,0.1964103728532791,Smoking status,0.03280310332775116,BMI risk index,0.08567780256271362,Preventive check-up adherence,0.08676618337631226,Claims in previous 12 months (normalized)
2029,0,125,0.14061498000046413,0.00044224411249160767,0.08937181532382965,Age (normalized),0.2573273479938507,Health score,0.22423475980758667,Smoking status,0.06664688885211945,BMI risk index,0.04608777165412903,Preventive check-up adherence,0.06793992966413498,Claims in previous 12 months (normalized)
2029,0,127,0.13635705700016842,0.0004192367196083069,0.0854896754026413,Age (normalized),0.16983608901500702,Health score,0.0,Smoking status,0.07857160270214081,BMI risk index,0.09407887607812881,Preventive check-up adherence,0.10425779223442078,Claims in previous 12 months (normalized)
2029,0,131,0.1298052510001071,4.076957702636719e-05,0.08640001714229584,Age (normalized),0.1623893827199936,Health score,0.0,Smoking status,0.04221750795841217,BMI risk index,0.13210269808769226,Preventive check-up adherence,0.0643058717250824,Claims in previous 12 months (normalized)
2029,0,136,0.14811123399977077,0.0002793222665786743,0.07590708136558533,Age (normalized),0.17570506036281586,Health score,0.0,Smoking status,0.05429237708449364,BMI risk index,0.07202823460102081,Preventive check-up adherence,0.0,Claims in previous 12 months (normalized)
2029,0,140,0.13803369700053736,0.0003383159637451172,0.13130205869674683,Age (normalized),0.20185057818889618,Health score,0.0,Smoking status,0.006220453884452581,BMI risk index,0.07306909561157227,Preventive check-up adherence,0.06035587936639786,Claims in previous 12 months (normalized)
2029,0,145,0.1620350450002661,0.0007985085248947144,0.09009138494729996,Age (normalized),0.16750243306159973,Health score,0.0,Smoking status,0.03327825665473938,BMI risk index,0.1137879267334938,Preventive check-up adherence,0.02936704456806183,Claims in previous 12 months (normalized)
2029,0,150,0.17213008900034765,4.786252975463867e-05,0.0,Age (normalized),0.23863188922405243,Health score,0.18531154096126556,Smoking status,0.021946478635072708,BMI risk index,0.1323944330215454,Preventive check-up adherence,0.05737471207976341,Claims in previous 12 months (normalized)
2029,0,151,0.13118462199963687,0.0006712004542350769,0.09230338037014008,Age (normalized),0.2349606454372406,Health score,0.21958079934120178,Smoking status,0.03262689709663391,BMI risk index,0.11927889287471771,Preventive check-up adherence,0.12031444162130356,Claims in previous 12 months (normalized)
2029,0,154,0.13709546900008718,0.0002857819199562073,0.07195212692022324,Age (normalized),0.23456349968910217,Health score,0.0,Smoking status,0.06940103322267532,BMI risk index,0.11112549155950546,Preventive check-up adherence,0.052768804132938385,Claims in previous 12 months (normalized)
2029,0,168,0.14129730700005894,3.293156623840332e-06,0.20497925579547882,Age (normalized),0.21957263350486755,Health score,0.0,Smoking status,0.028658756986260414,BMI risk index,0.12013569474220276,Preventive check-up adherence,0.06400083750486374,Claims in previous 12 months (normalized)
2029,0,171,0.12018263099889737,0.00012040883302688599,0.13924480974674225,Age (normalized),0.17155782878398895,Health score,0.0,Smoking status,0.006337833125144243,BMI risk index,0.13293492794036865,Preventive check-up adherence,0.06450413912534714,Claims in previous 12 months (normalized)
2029,0,176,0.15325397200012958,2.7768313884735107e-05,0.0832073837518692,Age (normalized),0.14579957723617554,Health score,0.0,Smoking status,0.0007870470872148871,BMI risk index,0.08324149250984192,Preventive check-up adherence,0.0,Claims in previous 12 months (normalized)
2029,0,181,0.12977359799970145,0.00014525651931762695,0.11078064143657684,Age (normalized),0.18048053979873657,Health score,0.0,Smoking status,0.0255126953125,BMI risk index,0.06046096235513687,Preventive check-up adherence,0.0,Claims in previous 12 months (normalized)
2029,0,190,0.1744183399996473,0.0001514926552772522,0.09620057046413422,Age (normalized),0.19565322995185852,Health score,0.0,Smoking status,0.034079235047101974,BMI risk index,0.07537484914064407,Preventive check-up adherence,0.0,Claims in previous 12 months (normalized)
2029,0,192,0.1337968900006672,0.0001591891050338745,0.1382083296775818,Age (normalized),0.26861336827278137,Health score,0.2214057594537735,Smoking status,0.05027299374341965,BMI risk index,0.16793236136436462,Preventive check-up adherence,0.0737299844622612,Claims in previous 12 months (normalized)
2029,0,193,0.12337266099984845,0.00034346431493759155,0.09391243755817413,Age (normalized),0.22722019255161285,Health score,0.0,Smoking status,0.005798215977847576,BMI risk index,0.07223799079656601,Preventive check-up adherence,0.021686922758817673,Claims in previous 12 months (normalized)
2029,0,194,0.12941884299925732,0.00020906329154968262,0.09343463182449341,Age (normalized),0.2068803608417511,Health score,0.0,Smoking status,0.037049319595098495,BMI risk index,0.04591015726327896,Preventive check-up adherence,0.0,Claims in previous 12 months (normalized)
2029,0,196,0.11694194600022456,0.0003111809492111206,0.09626717120409012,Age (normalized),0.15143828094005585,Health score,0.0,Smoking status,0.06549516320228577,BMI risk index,0.07571009546518326,Preventive check-up adherence,0.03207758814096451,Claims in previous 12 months (normalized)
2029,0,199,0.12358413099991594,0.00033877789974212646,0.09769926965236664,Age (normalized),0.14977498352527618,Health score,0.0,Smoking status,0.017439523711800575,BMI risk index,0.12232387065887451,Preventive check-up adherence,0.026356661692261696,Claims in previous 12 months (normalized)
2029,0,203,0.161717473999488,0.00020722299814224243,0.07508311420679092,Age (normalized),0.17596036195755005,Health score,0.0,Smoking status,0.0230551864951849,BMI risk index,0.08797317743301392,Preventive check-up adherence,0.025734836235642433,Claims in previous 12 months (normalized)
2029,0,211,0.1485287049999897,0.00031469017267227173,0.0,Age (normalized),0.18384946882724762,Health score,0.0,Smoking status,0.05549473315477371,BMI risk index,0.07288281619548798,Preventive check-up adherence,0.0,Claims in previous 12 months (normalized)
2029,0,214,0.12070916999891779,4.827976226806641e-06,0.01804524101316929,Age (normalized),0.09883620589971542,Health score,0.0,Smoking status,0.006947651039808989,BMI risk index,0.06486935913562775,Preventive check-up adherence,0.0,Claims in previous 12 months (normalized)
2029,0,215,0.12033484499988845,0.0006125122308731079,0.06356097012758255,Age (normalized),0.1776125729084015,Health score,0.0,Smoking status,0.03897445648908615,BMI risk index,0.10111580044031143,Preventive check-up adherence,0.02600635401904583,Claims in previous 12 months (normalized)
2029,0,230,0.12804291600059514,3.176368772983551e-05,0.15389662981033325,Age (normalized),0.14436334371566772,Health score,0.0,Smoking status,0.08600451797246933,BMI risk index,0.14140579104423523,Preventive check-up adherence,0.06957673281431198,Claims in previous 12 months (normalized)
2029,0,232,0.13303455899949768,0.00016178935766220093,0.1348889172077179,Age (normalized),0.30045855045318604,Health score,0.21067149937152863,Smoking status,0.09654838591814041,BMI risk index,0.06651157140731812,Preventive check-up adherence,0.032412610948085785,Claims in previous 12 months (normalized)
2029,0,235,0.13073994600017613,0.0001255422830581665,0.10272575169801712,Age (normalized),0.17479386925697327,Health score,0.0,Smoking status,0.02896643802523613,BMI risk index,0.09784584492444992,Preventive check-up adherence,0.032081808894872665,Claims in previous 12 months (normalized)
2029,0,240,0.120589729999665,0.0004893448203802109,0.09226997196674347,Age (normalized),0.23999708890914917,Health score,0.1939799189567566,Smoking status,0.08594033867120743,BMI risk index,0.10708177089691162,Preventive check-up adherence,0.0863172709941864,Claims in previous 12 months (normalized)
2029,0,249,0.14175437199992302,0.00020554661750793457,0.05647504702210426,Age (normalized),0.303900808095932,Health score,0.19479498267173767,Smoking status,0.08961860090494156,BMI risk index,0.1109006255865097,Preventive check-up adherence,0.032319050282239914,Claims in previous 12 months (normalized)
2029,0,250,0.16271446400060086,0.0005742982029914856,0.02324298582971096,Age (normalized),0.19439713656902313,Health score,0.0,Smoking status,0.018371671438217163,BMI risk index,0.06374271959066391,Preventive check-up adherence,0.02099241316318512,Claims in previous 12 months (normalized)
2029,0,257,0.1358042320007371,4.550814628601074e-05,0.12972168624401093,Age (normalized),0.20665013790130615,Health score,0.0,Smoking status,0.021169273182749748,BMI risk index,0.12508180737495422,Preventive check-up adherence,0.026986658573150635,Claims in previous 12 months (normalized)
2029,0,263,0.13606462799998553,0.00012121349573135376,0.23471947014331818,Age (normalized),0.23127126693725586,Health score,0.201581671833992,Smoking status,0.005278116557747126,BMI risk index,0.12922848761081696,Preventive check-up adherence,0.06254728883504868,Claims in previous 12 months (normalized)
2029,0,264,0.1363800250001077,0.0006040185689926147,0.05451299995183945,Age (normalized),0.22470253705978394,Health score,0.0,Smoking status,0.04911564290523529,BMI risk index,0.056990113109350204,Preventive check-up adherence,0.0,Claims in previous 12 months (normalized)
2029,0,266,0.124792002000504,0.00021514296531677246,0.012806368991732597,Age (normalized),0.15529586374759674,Health score,0.0,Smoking status,0.024456894025206566,BMI risk index,0.10236836224794388,Preventive check-up adherence,0.02364429086446762,Claims in previous 12 months (normalized)
2029,0,273,0.1271559230008279,2.790987491607666e-05,0.17027071118354797,Age (normalized),0.204682856798172,Health score,0.0,Smoking status,0.008814172819256783,BMI risk index,0.10664383322000504,Preventive check-up adherence,0.0,Claims in previous 12 months (normalized)
2029,0,280,0.17175864199907664,0.00044186413288116455,0.12424587458372116,Age (normalized),0.10297743231058121,Health score,0.0,Smoking status,0.013743163086473942,BMI risk index,0.125883087515831,Preventive check-up adherence,0.0,Claims in previous 12 months (normalized)
2029,0,293,0.1706471090001287,0.00040318816900253296,0.06063579395413399,Age (normalized),0.18632292747497559,Health score,0.0,Smoking status,0.0023947935551404953,BMI risk index,0.04696757346391678,Preventive check-up adherence,0.0,Claims in previous 12 months (normalized)
2029,0,294,0.1246972420003658,2.908799797296524e-05,0.1465587317943573,Age (normalized),0.3058321475982666,Health score,0.1983935385942459,Smoking status,0.04538218677043915,BMI risk index,0.11985224485397339,Preventive check-up adherence,0.06560354679822922,Claims in previous 12 months (normalized)
2029,0,298,0.14082688899907225,0.00030306726694107056,0.04906857758760452,Age (normalized),0.1835528314113617,Health score,0.0,Smoking status,0.018070949241518974,BMI risk index,0.08991936594247818,Preventive check-up adherence,0.0,Claims in previous 12 months (normalized)
2029,0,305,0.14810298899919871,7.846672087907791e-05,0.1723482757806778,Age (normalized),0.1079254001379013,Health score,0.0,Smoking status,0.07001905143260956,BMI risk index,0.14385204017162323,Preventive check-up adherence,0.07038789242506027,Claims in previous 12 months (normalized)
2029,0,306,0.1688816889991358,0.00010253489017486572,0.05215693265199661,Age (normalized),0.17585112154483795,Health score,0.0,Smoking status,0.009640936739742756,BMI risk index,0.07585409283638,Preventive check-up adherence,0.0,Claims in previous 12 months (normalized)
2029,0,314,0.14968583600057173,0.00033223628997802734,0.22269009053707123,Age (normalized),0.2703574299812317,Health score,0.20721161365509033,Smoking status,0.06795903295278549,BMI risk index,0.13614186644554138,Preventive check-up adherence,0.03392426669597626,Claims in previous 12 months (normalized)
2029,0,319,0.1642108020005253,3.2633543014526367e-06,0.18950828909873962,Age (normalized),0.15882143378257751,Health score,0.0,Smoking status,0.14071208238601685,BMI risk index,0.17651960253715515,Preventive check-up adherence,0.03673625364899635,Claims in previous 12 months (normalized)
2029,0,320,0.13194527900031972,0.000734284520149231,0.17032524943351746,Age (normalized),0.25119709968566895,Health score,0.21240855753421783,Smoking status,0.04572433605790138,BMI risk index,0.11638212949037552,Preventive check-up adherence,0.03350447863340378,Claims in previous 12 months (normalized)
2029,0,324,0.14880991199879645,0.00020933151245117188,0.04354935511946678,Age (normalized),0.15571533143520355,Health score,0.0,Smoking status,0.06395895779132843,BMI risk index,0.09899196028709412,Preventive check-up adherence,0.0,Claims in previous 12 months (normalized)
2029,0,330,0.1263408149998213,0.0005343407392501831,0.1929452121257782,Age (normalized),0.23823869228363037,Health score,0.0,Smoking status,0.012710745446383953,BMI risk index,0.06438564509153366,Preventive check-up adherence,0.0,Claims in previous 12 months (normalized)
2029,0,334,0.12784208399989438,0.0007697194814682007,0.1035100445151329,Age (normalized),0.08341742306947708,Health score,0.0,Smoking status,0.019885163754224777,BMI risk index,0.040542151778936386,Preventive check-up adherence,0.10323058813810349,Claims in previous 12 months (normalized)
2029,0,341,0.149513742999261,2.3484230041503906e-05,0.10454447567462921,Age (normalized),0.1490623950958252,Health score,0.0,Smoking status,0.04259546101093292,BMI risk index,0.1287044733762741,Preventive check-up adherence,0.03085530363023281,Claims in previous 12 months (normalized)
2029,0,344,0.1469010580003669,0.0003717094659805298,0.05125200375914574,Age (normalized),0.1298375427722931,Health score,0.0,Smoking status,0.025829844176769257,BMI risk index,0.11261137574911118,Preventive check-up adherence,0.0,Claims in previous 12 months (normalized)
2029,0,345,0.17740695199972834,0.0006559491157531738,0.04317276179790497,Age (normalized),0.21557049453258514,Health score,0.0,Smoking status,0.05524343624711037,BMI risk index,0.03756626695394516,Preventive check-up adherence,0.028489360585808754,Claims in previous 12 months (normalized)
2029,0,346,0.12884952399963367,0.00012145936489105225,0.12673760950565338,Age (normalized),0.13283106684684753,Health score,0.0,Smoking status,0.05647654831409454,BMI risk index,0.13777825236320496,Preventive check-up adherence,0.031183961778879166,Claims in previous 12 months (normalized)
2029,0,350,0.14344458599953214,0.00020302832126617432,0.022517433390021324,Age (normalized),0.1618363857269287,Health score,0.0,Smoking status,0.005643291398882866,BMI risk index,0.09591943025588989,Preventive check-up adherence,0.05513687804341316,Claims in previous 12 months (normalized)
2029,0,351,0.1313919040003384,0.0004342421889305115,0.1052352711558342,Age (normalized),0.21776819229125977,Health score,0.0,Smoking status,0.028851568698883057,BMI risk index,0.08409552276134491,Preventive check-up adherence,0.025147367268800735,Claims in previous 12 months (normalized)
2029,0,353,0.14341664100084017,0.0004945993423461914,0.1768796294927597,Age (normalized),0.07277603447437286,Health score,0.0,Smoking status,0.011729471385478973,BMI risk index,0.09807839244604111,Preventive check-up adherence,0.03384629264473915,Claims in previous 12 months (normalized)
2029,0,370,0.1440300539998134,0.00035762786865234375,0.039014849811792374,Age (normalized),0.24473516643047333,Health score,0.0,Smoking status,0.027282685041427612,BMI risk index,0.06560603529214859,Preventive check-up adherence,0.02400950714945793,Claims in previous 12 months (normalized)
2029,0,374,0.15878599799998483,0.00021630525588989258,0.11486378312110901,Age (normalized),0.23746447265148163,Health score,0.0,Smoking status,0.058755021542310715,BMI risk index,0.046765297651290894,Preventive check-up adherence,0.0,Claims in previous 12 months (normalized)
2029,0,378,0.18059497900048882,0.0002361685037612915,0.0628582090139389,Age (normalized),0.09789729118347168,Health score,0.0,Smoking status,0.04059279337525368,BMI risk index,0.12897774577140808,Preventive check-up adherence,0.0,Claims in previous 12 months (normalized)
2029,0,382,0.1386249660008616,0.0004005357623100281,0.03621073067188263,Age (normalized),0.15773621201515198,Health score,0.0,Smoking status,0.031192822381854057,BMI risk index,0.10050002485513687,Preventive check-up adherence,0.02460220456123352,Claims in previous 12 months (normalized)
2029,0,397,0.16049645799921564,3.121793270111084e-05,0.08249621838331223,Age (normalized),0.18658563494682312,Health score,0.0,Smoking status,0.08616860955953598,BMI risk index,0.06731022149324417,Preventive check-up adherence,0.09376150369644165,Claims in previous 12 months (normalized)
2029,0,402,0.12360353599979135,9.581446647644043e-06,0.11108871549367905,Age (normalized),0.22009295225143433,Health score,0.1994129717350006,Smoking status,0.038833681493997574,BMI risk index,0.07638786733150482,Preventive check-up adherence,0.062288928776979446,Claims in previous 12 months (normalized)
2029,0,415,0.12466282899913494,0.00016213208436965942,0.04968665912747383,Age (normalized),0.17026713490486145,Health score,0.0,Smoking status,0.040063537657260895,BMI risk index,0.07929158955812454,Preventive check-up adherence,0.025499437004327774,Claims in previous 12 months (normalized)
2029,0,422,1.3807100590001937,6.529688835144043e-05,0.11605454236268997,Age (normalized),0.2265728861093521,Health score,0.0,Smoking status,0.006206989288330078,BMI risk index,0.06554301083087921,Preventive check-up adherence,0.024985680356621742,Claims in previous 12 months (normalized)
2029,0,427,0.7093578630001502,0.00029825419187545776,0.05761268734931946,Age (normalized),0.20534192025661469,Health score,0.0,Smoking status,0.02142024226486683,BMI risk index,0.08795522898435593,Preventive check-up adherence,0.0,Claims in previous 12 months (normalized)
2029,0,433,0.1595210239993321,0.00028580427169799805,0.02011580392718315,Age (normalized),0.199033722281456,Health score,0.0,Smoking status,0.018880445510149002,BMI risk index,0.07811839878559113,Preventive check-up adherence,0.02114022895693779,Claims in previous 12 months (normalized)
2029,0,434,0.16873767099968973,0.00012257695198059082,0.18012352287769318,Age (normalized),0.19889165461063385,Health score,0.0,Smoking status,0.044789306819438934,BMI risk index,0.053038325160741806,Preventive check-up adherence,0.0,Claims in previous 12 months (normalized)
2029,0,437,0.2105505039999116,0.00047197937965393066,0.0995207205414772,Age (normalized),0.20646558701992035,Health score,0.0,Smoking status,1.1575146345421672e-05,BMI risk index,0.09052513539791107,Preventive check-up adherence,0.044958729296922684,Claims in previous 12 months (normalized)
2029,0,439,0.3420938199997181,6.276369094848633e-05,0.08034372329711914,Age (normalized),0.19428375363349915,Health score,0.0,Smoking status,0.0368337444961071,BMI risk index,0.09528843313455582,Preventive check-up adherence,0.02887723781168461,Claims in previous 12 months (normalized)
2029,0,440,0.16322456499983673,0.00010861456394195557,0.06308483332395554,Age (normalized),0.19571790099143982,Health score,0.0,Smoking status,0.062051501125097275,BMI risk index,0.0819019228219986,Preventive check-up adherence,0.026812110096216202,Claims in previous 12 months (normalized)
2029,0,442,0.24566752800001268,2.734363079071045e-06,0.0775645300745964,Age (normalized),0.18973444402217865,Health score,0.0,Smoking status,0.007505321409553289,BMI risk index,0.06817623972892761,Preventive check-up adherence,0.024149181321263313,Claims in previous 12 months (normalized)
2029,0,444,0.21414643499974773,0.0002765655517578125,0.08731145411729813,Age (normalized),0.22177082300186157,Health score,0.0,Smoking status,0.07851342856884003,BMI risk index,0.04799653962254524,Preventive check-up adherence,0.033537834882736206,Claims in previous 12 months (normalized)
2029,0,448,0.14911991200006014,0.0005446746945381165,0.1339256912469864,Age (normalized),0.053937386721372604,Health score,0.0,Smoking status,0.05146949738264084,BMI risk index,0.0987071767449379,Preventive check-up adherence,0.03515985608100891,Claims in previous 12 months (normalized)
2029,0,456,0.18420351399981882,0.0010557770729064941,0.1276293396949768,Age (normalized),0.08388974517583847,Health score,0.18381406366825104,Smoking status,0.07579678297042847,BMI risk index,0.07907810062170029,Preventive check-up adherence,0.08173851668834686,Claims in previous 12 months (normalized)
2029,0,457,0.1878085660000579,0.0002855956554412842,0.054522592574357986,Age (normalized),0.16877929866313934,Health score,0.0,Smoking status,0.02023443579673767,BMI risk index,0.07871175557374954,Preventive check-up adherence,0.0259878970682621,Claims in previous 12 months (normalized)
2029,0,462,0.23974168799941253,4.725158214569092e-05,0.09397220611572266,Age (normalized),0.2074556201696396,Health score,0.0,Smoking status,0.03263513371348381,BMI risk index,0.0953875258564949,Preventive check-up adherence,0.0,Claims in previous 12 months (normalized)
2029,0,463,0.2500957660004133,0.0003762170672416687,0.10551027953624725,Age (normalized),0.2260001301765442,Health score,0.0,Smoking status,0.024459457024931908,BMI risk index,0.09961032122373581,Preventive check-up adherence,0.023776797577738762,Claims in previous 12 months (normalized)
2029,0,466,0.45152817700090964,5.097687244415283e-05,0.15632274746894836,Age (normalized),0.14652054011821747,Health score,0.0,Smoking status,0.028705419972538948,BMI risk index,0.12141686677932739,Preventive check-up adherence,0.0,Claims in previous 12 months (normalized)
2029,0,468,0.2958797890014466,0.0002552717924118042,0.07676191627979279,Age (normalized),0.16097590327262878,Health score,0.0,Smoking status,0.030655821785330772,BMI risk index,0.12011599540710449,Preventive check-up adherence,0.0,Claims in previous 12 months (normalized)
2029,0,472,0.22601362000114023,8.191168308258057e-05,0.11687759310007095,Age (normalized),0.1867683380842209,Health score,0.0,Smoking status,0.060750994831323624,BMI risk index,0.13435682654380798,Preventive check-up adherence,0.03040156699717045,Claims in previous 12 months (normalized)
2029,0,475,0.1805147159993794,0.00015388429164886475,0.02829480543732643,Age (normalized),0.14657191932201385,Health score,0.0,Smoking status,0.07179033756256104,BMI risk index,0.12452468276023865,Preventive check-up adherence,0.0,Claims in previous 12 months (normalized)
2029,0,477,0.37280505699982314,0.00034168362617492676,0.08605475723743439,Age (normalized),0.15558558702468872,Health score,0.0,Smoking status,0.03574160113930702,BMI risk index,0.07884067296981812,Preventive check-up adherence,0.0,Claims in previous 12 months (normalized)
2029,0,482,0.3065750020004998,0.0005839578807353973,0.1414780616760254,Age (normalized),0.2276729792356491,Health score,0.19927188754081726,Smoking status,0.025541169568896294,BMI risk index,0.050660088658332825,Preventive check-up adherence,0.05887135490775108,Claims in previous 12 months (normalized)
2029,0,496,0.20516769799996837,0.000300772488117218,0.14429029822349548,Age (normalized),0.08437177538871765,Health score,0.0,Smoking status,0.04896045848727226,BMI risk index,0.14422433078289032,Preventive check-up adherence,0.03329068422317505,Claims in previous 12 months (normalized)
2029,0,499,0.2861988700005895,0.00024824589490890503,0.08892437070608139,Age (normalized),0.17327609658241272,Health score,0.21150489151477814,Smoking status,0.0602770633995533,BMI risk index,0.12681041657924652,Preventive check-up adherence,0.0,Claims in previous 12 months (normalized)
2029,0,508,0.1757297890007976,0.0005388408899307251,0.07753472775220871,Age (normalized),0.17028595507144928,Health score,0.0,Smoking status,0.1062023937702179,BMI risk index,0.13954995572566986,Preventive check-up adherence,0.029086021706461906,Claims in previous 12 months (normalized)
2029,0,514,0.3627052929996353,0.0002634376287460327,0.17138396203517914,Age (normalized),0.12821422517299652,Health score,0.0,Smoking status,0.023222582414746284,BMI risk index,0.14671412110328674,Preventive check-up adherence,0.0,Claims in previous 12 months (normalized)
2029,0,518,0.1869615529994917,0.00017765909433364868,0.0465291365981102,Age (normalized),0.1675100177526474,Health score,0.0,Smoking status,0.00022564029495697469,BMI risk index,0.07727450132369995,Preventive check-up adherence,0.0,Claims in previous 12 months (normalized)
2029,0,524,0.25111981899954117,0.00016161799430847168,0.05187377333641052,Age (normalized),0.19944891333580017,Health score,0.0,Smoking status,0.10076449811458588,BMI risk index,0.0767625942826271,Preventive check-up adherence,0.0,Claims in previous 12 months (normalized)
2029,0,527,0.16896492799969565,0.00011926889419555664,0.12233586609363556,Age (normalized),0.1867935061454773,Health score,0.0,Smoking status,0.022430414333939552,BMI risk index,0.08926765620708466,Preventive check-up adherence,0.0,Claims in previous 12 months (normalized)
2029,0,534,0.26526803799970367,0.0008256621658802032,0.013011730276048183,Age (normalized),0.18697500228881836,Health score,0.0,Smoking status,0.0024712090380489826,BMI risk index,0.05434514209628105,Preventive check-up adherence,0.02020278200507164,Claims in previous 12 months (normalized)
2029,0,536,0.13710641100078647,0.00015340745449066162,0.030395761132240295,Age (normalized),0.1968214511871338,Health score,0.0,Smoking status,0.07450637966394424,BMI risk index,0.10349290072917938,Preventive check-up adherence,0.02458413876593113,Claims in previous 12 months (normalized)
2029,0,557,0.1169935739999346,0.000382840633392334,0.19768168032169342,Age (normalized),0.1986692100763321,Health score,0.0,Smoking status,0.039644207805395126,BMI risk index,0.062390800565481186,Preventive check-up adherence,0.03259314224123955,Claims in previous 12 months (normalized)
2029,0,560,0.14559803700012708,0.00015582889318466187,0.14979422092437744,Age (normalized),0.29826924204826355,Health score,0.23462139070034027,Smoking status,0.10685291141271591,BMI risk index,0.1662859320640564,Preventive check-up adherence,0.0,Claims in previous 12 months (normalized)
2029,0,588,0.16717805400003272,0.00015111267566680908,0.11539378762245178,Age (normalized),0.22812309861183167,Health score,0.0,Smoking status,0.005921235773712397,BMI risk index,0.040127743035554886,Preventive check-up adherence,0.0,Claims in previous 12 months (normalized)
2029,0,595,0.12429056800010585,0.00021461397409439087,0.07816344499588013,Age (normalized),0.22074837982654572,Health score,0.0,Smoking status,0.05533424764871597,BMI risk index,0.0879698097705841,Preventive check-up adherence,0.023843249306082726,Claims in previous 12 months (normalized)
2029,0,597,0.14339961000041512,0.00024725496768951416,0.09853867441415787,Age (normalized),0.22837166488170624,Health score,0.0,Smoking status,0.05389860272407532,BMI risk index,0.07388845831155777,Preventive check-up adherence,0.026836885139346123,Claims in previous 12 months (normalized)
2029,0,599,0.21585844500077656,6.541237235069275e-05,0.0,Age (normalized),0.19351524114608765,Health score,0.0,Smoking status,0.00843023881316185,BMI risk index,0.06449252367019653,Preventive check-up adherence,0.04074385389685631,Claims in previous 12 months (normalized)
2030,0,1,0.3206699389993446,0.000261843204498291,0.1477939486503601,Age (normalized),0.28294840455055237,Health score,0.23171459138393402,Smoking status,0.05246679112315178,BMI risk index,0.10394824296236038,Preventive check-up adherence,0.06920316070318222,Claims in previous 12 months (normalized)
2030,0,2,1.18019065199951,0.0005768314003944397,0.02062857151031494,Age (normalized),0.18302203714847565,Health score,0.0,Smoking status,0.017175622284412384,BMI risk index,0.053540509194135666,Preventive check-up adherence,0.018685374408960342,Claims in previous 12 months (normalized)
2030,0,4,0.42726613600007113,0.00033092498779296875,0.07929407060146332,Age (normalized),0.19309629499912262,Health score,0.0,Smoking status,0.10126399248838425,BMI risk index,0.068782277405262,Preventive check-up adherence,0.0,Claims in previous 12 months (normalized)
2030,0,13,0.3891556540002057,0.00015032291412353516,0.1705750674009323,Age (normalized),0.20315608382225037,Health score,0.2196940928697586,Smoking status,0.04702237620949745,BMI risk index,0.06649645417928696,Preventive check-up adherence,0.03338610753417015,Claims in previous 12 months (normalized)
2030,0,18,0.19756566299929545,0.00010132789611816406,0.06047358736395836,Age (normalized),0.2688310444355011,Health score,0.21711398661136627,Smoking status,0.09140460938215256,BMI risk index,0.08194807916879654,Preventive check-up adherence,0.0,Claims in previous 12 months (normalized)
2030,0,19,0.22468200300045282,0.00045481324195861816,0.1535874903202057,Age (normalized),0.1800050139427185,Health score,0.0,Smoking status,0.04034063220024109,BMI risk index,0.10347220301628113,Preventive check-up adherence,0.0,Claims in previous 12 months (normalized)
2030,0,23,0.17545177499960118,0.0005058646202087402,0.08287546783685684,Age (normalized),0.2089763581752777,Health score,0.0,Smoking status,0.09338527917861938,BMI risk index,0.08175943791866302,Preventive check-up adherence,0.0,Claims in previous 12 months (normalized)
2030,0,26,0.12544295199950284,3.719329833984375e-05,0.0531272292137146,Age (normalized),0.19513322412967682,Health score,0.0,Smoking status,0.03916408121585846,BMI risk index,0.08927007764577866,Preventive check-up adherence,0.055780865252017975,Claims in previous 12 months (normalized)
2030,0,28,0.14728841699979967,0.00020384788513183594,0.08119746297597885,Age (normalized),0.24912916123867035,Health score,0.2013726830482483,Smoking status,0.07639888674020767,BMI risk index,0.06444040685892105,Preventive check-up adherence,0.10765390843153,Claims in previous 12 months (normalized)
2030,0,36,0.12299745499967685,0.00024643540382385254,0.06528238952159882,Age (normalized),0.1445567011833191,Health score,0.0,Smoking status,0.02320517785847187,BMI risk index,0.10352963954210281,Preventive check-up adherence,0.025371035560965538,Claims in previous 12 months (normalized)
2030,0,46,0.17490265899959923,0.00042088329792022705,0.03557179123163223,Age (normalized),0.20984144508838654,Health score,0.0,Smoking status,0.014260091818869114,BMI risk index,0.05953831598162651,Preventive check-up adherence,0.0,Claims in previous 12 months (normalized)
2030,0,49,0.2203376630004641,1.4692544937133789e-05,0.16277454793453217,Age (normalized),0.16592051088809967,Health score,0.21315698325634003,Smoking status,0.021558737382292747,BMI risk index,0.10676369816064835,Preventive check-up adherence,0.08857449889183044,Claims in previous 12 months (normalized)
2030,0,53,0.2950304779997168,0.00011310726404190063,0.10286702960729599,Age (normalized),0.24880792200565338,Health score,0.21213972568511963,Smoking status,0.05826690047979355,BMI risk index,0.11352252215147018,Preventive check-up adherence,0.0,Claims in previous 12 months (normalized)
2030,0,56,0.18566652900062763,0.0005136877298355103,0.09850780665874481,Age (normalized),0.19300958514213562,Health score,0.0,Smoking status,0.035302598029375076,BMI risk index,0.05091790482401848,Preventive check-up adherence,0.056417811661958694,Claims in previous 12 months (normalized)
2030,0,59,2.7251284669991946,3.2141804695129395e-05,0.14652743935585022,Age (normalized),0.18794897198677063,Health score,0.0,Smoking status,0.08716579526662827,BMI risk index,0.13063636422157288,Preventive check-up adherence,0.0629688948392868,Claims in previous 12 months (normalized)
2030,0,67,0.47760693400050513,0.0005291886627674103,0.0,Age (normalized),0.19145460426807404,Health score,0.0,Smoking status,0.03696958348155022,BMI risk index,0.04067099466919899,Preventive check-up adherence,0.0,Claims in previous 12 months (normalized)
2030,0,69,0.2284670390008614,0.0007196143269538879,0.08688980340957642,Age (normalized),0.21448589861392975,Health score,0.0,Smoking status,0.03663977235555649,BMI risk index,0.08602448552846909,Preventive check-up adherence,0.0,Claims in previous 12 months (normalized)
2030,0,73,0.33287955400010105,0.000446125864982605,0.06341487914323807,Age (normalized),0.19770148396492004,Health score,0.0,Smoking status,0.05515042319893837,BMI risk index,0.08659707754850388,Preventive check-up adherence,0.043506842106580734,Claims in previous 12 months (normalized)
2030,0,74,0.2560103280002295,0.00023698806762695312,0.18505646288394928,Age (normalized),0.20386746525764465,Health score,0.0,Smoking status,0.0835571438074112,BMI risk index,0.07015258073806763,Preventive check-up adherence,0.0,Claims in previous 12 months (normalized)
2030,0,93,0.2908655360006378,0.000525984913110733,0.03128610923886299,Age (normalized),0.18721994757652283,Health score,0.0,Smoking status,0.005394697654992342,BMI risk index,0.04670945182442665,Preventive check-up adherence,0.01730411686003208,Claims in previous 12 months (normalized)
2030,0,94,0.16205953899952874,1.5169382095336914e-05,0.0759148895740509,Age (normalized),0.15566106140613556,Health score,0.0,Smoking status,0.09655626863241196,BMI risk index,0.07267124205827713,Preventive check-up adherence,0.0,Claims in previous 12 months (normalized)
2030,0,101,0.33854011000039463,0.0005338042974472046,0.11199752986431122,Age (normalized),0.19442032277584076,Health score,0.0,Smoking status,0.009780473075807095,BMI risk index,0.09503564983606339,Preventive check-up adherence,0.051100410521030426,Claims in previous 12 months (normalized)
2030,0,102,0.24816198400003486,1.5109777450561523e-05,0.11906009912490845,Age (normalized),0.17068076133728027,Health score,0.0,Smoking status,0.04900781810283661,BMI risk index,0.0527581088244915,Preventive check-up adherence,0.06773959845304489,Claims in previous 12 months (normalized)
2030,0,113,0.27331312599926605,0.00019994378089904785,0.04505157098174095,Age (normalized),0.18399329483509064,Health score,0.0,Smoking status,0.04891321063041687,BMI risk index,0.07909221947193146,Preventive check-up adherence,0.019608814269304276,Claims in previous 12 months (normalized)
2030,0,130,0.28287856399947486,8.985400199890137e-06,0.08282867819070816,Age (normalized),0.10388728976249695,Health score,0.0,Smoking status,0.04020102322101593,BMI risk index,0.07903581112623215,Preventive check-up adherence,0.0,Claims in previous 12 months (normalized)
2030,0,131,0.4496478279997973,0.0006062835454940796,0.04588856175541878,Age (normalized),0.18916985392570496,Health score,0.0,Smoking status,0.0247053075581789,BMI risk index,0.08046624064445496,Preventive check-up adherence,0.047242630273103714,Claims in previous 12 months (normalized)
2030,0,134,0.5030694329998369,0.0006338693201541901,0.1442268043756485,Age (normalized),0.2771475911140442,Health score,0.21322159469127655,Smoking status,0.14529842138290405,BMI risk index,0.14190638065338135,Preventive check-up adherence,0.09000963717699051,Claims in previous 12 months (normalized)
2030,0,147,0.3275105260008786,0.0003257468342781067,0.04588383808732033,Age (normalized),0.27699241042137146,Health score,0.22739744186401367,Smoking status,0.008659941144287586,BMI risk index,0.0738900825381279,Preventive check-up adherence,0.02941211871802807,Claims in previous 12 months (normalized)
2030,0,165,0.21898881700053607,4.682689905166626e-06,0.08893812447786331,Age (normalized),0.2617478370666504,Health score,0.21670226752758026,Smoking status,0.048928096890449524,BMI risk index,0.0638073980808258,Preventive check-up adherence,0.02952229045331478,Claims in previous 12 months (normalized)
2030,0,167,0.26092482400053996,0.00044789910316467285,0.09532912820577621,Age (normalized),0.2754495441913605,Health score,0.21918843686580658,Smoking status,0.08089963346719742,BMI risk index,0.10191386193037033,Preventive check-up adherence,0.0,Claims in previous 12 months (normalized)
2030,0,176,0.27644861599947035,6.0051679611206055e-05,0.07799459993839264,Age (normalized),0.15469375252723694,Health score,0.0,Smoking status,0.06554463505744934,BMI risk index,0.06850709766149521,Preventive check-up adherence,0.0,Claims in previous 12 months (normalized)
2030,0,179,0.3771984049999446,0.00018378347158432007,0.0037237924989312887,Age (normalized),0.1756589561700821,Health score,0.0,Smoking status,0.049328409135341644,BMI risk index,0.08756396919488907,Preventive check-up adherence,0.041049614548683167,Claims in previous 12 months (normalized)
2030,0,185,0.2135947289998512,0.0002490133047103882,0.23443782329559326,Age (normalized),0.2479432225227356,Health score,0.0,Smoking status,0.03673554211854935,BMI risk index,0.045109979808330536,Preventive check-up adherence,0.025509396567940712,Claims in previous 12 months (normalized)
2030,0,189,0.2577608900010091,0.0006256327033042908,0.04224645346403122,Age (normalized),0.19997382164001465,Health score,0.0,Smoking status,0.070285864174366,BMI risk index,0.07286251336336136,Preventive check-up adherence,0.0,Claims in previous 12 months (normalized)
2030,0,194,0.1742308740003864,0.0001834481954574585,0.04851794242858887,Age (normalized),0.23091688752174377,Health score,0.0,Smoking status,0.0346706286072731,BMI risk index,0.06008009985089302,Preventive check-up adherence,0.02135138399899006,Claims in previous 12 months (normalized)
2030,0,197,0.25090357400040375,0.0005254298448562622,0.12081563472747803,Age (normalized),0.23454159498214722,Health score,0.0,Smoking status,0.0009537781006656587,BMI risk index,0.04378294199705124,Preventive check-up adherence,0.020142247900366783,Claims in previous 12 months (normalized)
2030,0,203,0.1910241669993411,0.0006240010261535645,0.0,Age (normalized),0.20492346584796906,Health score,0.20863968133926392,Smoking status,0.022609038278460503,BMI risk index,0.09184277802705765,Preventive check-up adherence,0.02522815763950348,Claims in previous 12 months (normalized)
2030,0,205,0.20815710199985915,0.0003600791096687317,0.036634866148233414,Age (normalized),0.19266782701015472,Health score,0.0,Smoking status,0.034456297755241394,BMI risk index,0.05848732218146324,Preventive check-up adherence,0.0,Claims in previous 12 months (normalized)
2030,0,207,0.20550520099914138,0.00039114058017730713,0.13509202003479004,Age (normalized),0.15289485454559326,Health score,0.0,Smoking status,0.10283202677965164,BMI risk index,0.09343966096639633,Preventive check-up adherence,0.0,Claims in previous 12 months (normalized)
2030,0,208,0.2768613609996464,0.0005243904888629913,0.0944547951221466,Age (normalized),0.31571251153945923,Health score,0.21950989961624146,Smoking status,0.07133235037326813,BMI risk index,0.05363382026553154,Preventive check-up adherence,0.05597888305783272,Claims in previous 12 months (normalized)
2030,0,212,0.3187350560001505,0.00033517181873321533,0.12010303884744644,Age (normalized),0.13035202026367188,Health score,0.19657489657402039,Smoking status,0.10532551258802414,BMI risk index,0.07662571221590042,Preventive check-up adherence,0.05543076992034912,Claims in previous 12 months (normalized)
2030,0,222,0.2515018530002635,0.0003667473793029785,0.11448930203914642,Age (normalized),0.2421737164258957,Health score,0.22970150411128998,Smoking status,0.04948369041085243,BMI risk index,0.1409893035888672,Preventive check-up adherence,0.030994927510619164,Claims in previous 12 months (normalized)
2030,0,229,0.13354454499949497,0.0007194280624389648,0.055985867977142334,Age (normalized),0.30437660217285156,Health score,0.21746735274791718,Smoking status,0.05095082148909569,BMI risk index,0.06781262159347534,Preventive check-up adherence,0.0,Claims in previous 12 months (normalized)
2030,0,235,0.13078298100026586,0.0004932284355163574,0.0,Age (normalized),0.1460111439228058,Health score,0.0,Smoking status,0.0031139010097831488,BMI risk index,0.06789714097976685,Preventive check-up adherence,0.0,Claims in previous 12 months (normalized)
2030,0,239,0.25899727500018344,0.0003316253423690796,0.07521175593137741,Age (normalized),0.19399258494377136,Health score,0.0,Smoking status,0.05663861706852913,BMI risk index,0.07747752964496613,Preventive check-up adherence,0.0,Claims in previous 12 months (normalized)
2030,0,240,0.21579070499956288,0.00033881328999996185,0.12068034708499908,Age (normalized),0.19625155627727509,Health score,0.22575876116752625,Smoking status,0.09966062009334564,BMI risk index,0.1170368492603302,Preventive check-up adherence,0.0,Claims in previous 12 months (normalized)
2030,0,245,0.15438215299946023,0.00034871697425842285,0.19883406162261963,Age (normalized),0.11995702981948853,Health score,0.0,Smoking status,0.009619135409593582,BMI risk index,0.1211107149720192,Preventive check-up adherence,0.07691370695829391,Claims in previous 12 months (normalized)
2030,0,251,0.16725290900012624,0.00010320544242858887,0.14437824487686157,Age (normalized),0.15918679535388947,Health score,0.0,Smoking status,0.08176880329847336,BMI risk index,0.08453352749347687,Preventive check-up adherence,0.03240272030234337,Claims in previous 12 months (normalized)
2030,0,254,0.18337919900022825,4.158914089202881e-05,0.13795669376850128,Age (normalized),0.18657712638378143,Health score,0.0,Smoking status,0.04164827615022659,BMI risk index,0.03231656551361084,Preventive check-up adherence,0.026693908497691154,Claims in previous 12 months (normalized)
2030,0,256,0.366175647000091,0.0007923617959022522,0.0,Age (normalized),0.19518236815929413,Health score,0.0,Smoking status,0.02159242331981659,BMI risk index,0.049155138432979584,Preventive check-up adherence,0.015827639028429985,Claims in previous 12 months (normalized)
2030,0,260,0.2881413609993615,0.0004715919494628906,0.045756518840789795,Age (normalized),0.24077482521533966,Health score,0.0,Smoking status,0.03160148859024048,BMI risk index,0.06416346877813339,Preventive check-up adherence,0.041725073009729385,Claims in previous 12 months (normalized)
2030,0,263,0.1563158779990772,0.00013571977615356445,0.07673080265522003,Age (normalized),0.2029983103275299,Health score,0.0,Smoking status,0.027432149276137352,BMI risk index,0.07613537460565567,Preventive check-up adherence,0.01886027492582798,Claims in previous 12 months (normalized)
2030,0,280,0.1430910410008437,0.0003987997770309448,0.0,Age (normalized),0.18479017913341522,Health score,0.0,Smoking status,0.011357570067048073,BMI risk index,0.07869914919137955,Preventive check-up adherence,0.01900087110698223,Claims in previous 12 months (normalized)
2030,0,281,0.19104468600016844,0.0005763620138168335,0.10868891328573227,Age (normalized),0.271947979927063,Health score,0.22361937165260315,Smoking status,0.04049541428685188,BMI risk index,0.1025136336684227,Preventive check-up adherence,0.06190343573689461,Claims in previous 12 months (normalized)
2030,0,283,0.13679109900022013,0.0006556808948516846,0.08132259547710419,Age (normalized),0.16927507519721985,Health score,0.0,Smoking status,0.0024854326620697975,BMI risk index,0.06913351267576218,Preventive check-up adherence,0.0,Claims in previous 12 months (normalized)
2030,0,286,0.14911740500065207,0.0004202350974082947,0.0168340764939785,Age (normalized),0.1626402884721756,Health score,0.0,Smoking status,0.041780974715948105,BMI risk index,0.06808752566576004,Preventive check-up adherence,0.0,Claims in previous 12 months (normalized)
2030,0,287,0.13407094899957883,3.488361835479736e-05,0.046502552926540375,Age (normalized),0.18835635483264923,Health score,0.0,Smoking status,0.00045994564425200224,BMI risk index,0.08115992695093155,Preventive check-up adherence,0.018452636897563934,Claims in previous 12 months (normalized)
2030,0,295,0.1346317409997937,0.00028011947870254517,0.07835055887699127,Age (normalized),0.20302200317382812,Health score,0.0,Smoking status,0.031821589916944504,BMI risk index,0.07203289121389389,Preventive check-up adherence,0.02189701609313488,Claims in previous 12 months (normalized)
2030,0,296,0.12480265800058987,0.00018184632062911987,0.01188382413238287,Age (normalized),0.1883673220872879,Health score,0.0,Smoking status,0.04603717103600502,BMI risk index,0.08376888930797577,Preventive check-up adherence,0.0,Claims in previous 12 months (normalized)
2030,0,300,0.13067158099966036,5.4717063903808594e-05,0.12885819375514984,Age (normalized),0.18853294849395752,Health score,0.0,Smoking status,0.038872379809617996,BMI risk index,0.058396290987730026,Preventive check-up adherence,0.0,Claims in previous 12 months (normalized)
2030,0,301,0.16365829500045947,1.3500452041625977e-05,0.08715371787548065,Age (normalized),0.19875973463058472,Health score,0.0,Smoking status,0.04254043847322464,BMI risk index,0.06641354411840439,Preventive check-up adherence,0.021119752898812294,Claims in previous 12 months (normalized)
2030,0,307,0.16730582299987873,1.3202428817749023e-05,0.0,Age (normalized),0.2161196768283844,Health score,0.0,Smoking status,0.10813332349061966,BMI risk index,0.07036774605512619,Preventive check-up adherence,0.06021963432431221,Claims in previous 12 months (normalized)
2030,0,308,0.13740347900056804,0.0003273487091064453,0.02347305230796337,Age (normalized),0.18466587364673615,Health score,0.0,Smoking status,0.10940373688936234,BMI risk index,0.08983263373374939,Preventive check-up adherence,0.025300035253167152,Claims in previous 12 months (normalized)
2030,0,312,0.15293122900038725,0.0009744465351104736,0.04645316302776337,Age (normalized),0.08799972385168076,Health score,0.0,Smoking status,0.006999090779572725,BMI risk index,0.08824160695075989,Preventive check-up adherence,0.0,Claims in previous 12 months (normalized)
2030,0,318,0.13534412700028042,5.961954593658447e-05,0.07546447962522507,Age (normalized),0.18179048597812653,Health score,0.0,Smoking status,0.02622493915259838,BMI risk index,0.0631328597664833,Preventive check-up adherence,0.0,Claims in previous 12 months (normalized)
2030,0,319,0.1590061910010263,0.00032816082239151,0.0763888731598854,Age (normalized),0.22053061425685883,Health score,0.0,Smoking status,0.027184968814253807,BMI risk index,0.05888248607516289,Preventive check-up adherence,0.0,Claims in previous 12 months (normalized)
2030,0,320,0.14379283299967938,0.00013078749179840088,0.07482442259788513,Age (normalized),0.17769834399223328,Health score,0.0,Smoking status,0.04767141118645668,BMI risk index,0.07337289303541183,Preventive check-up adherence,0.01950131356716156,Claims in previous 12 months (normalized)
2030,0,322,0.18124829799944564,0.00016705691814422607,0.14254456758499146,Age (normalized),0.18430645763874054,Health score,0.0,Smoking status,0.01579635590314865,BMI risk index,0.07671769708395004,Preventive check-up adherence,0.022760877385735512,Claims in previous 12 months (normalized)
2030,0,330,0.16130139599954418,0.00010342150926589966,0.1948687881231308,Age (normalized),0.1723596453666687,Health score,0.0,Smoking status,0.01598247140645981,BMI risk index,0.11689217388629913,Preventive check-up adherence,0.06068623065948486,Claims in previous 12 months (normalized)
2030,0,332,0.22703629300031025,4.111975431442261e-05,0.03159313276410103,Age (normalized),0.2096671760082245,Health score,0.0,Smoking status,0.0069043817929923534,BMI risk index,0.04700862988829613,Preventive check-up adherence,0.022193482145667076,Claims in previous 12 months (normalized)
2030,0,339,0.27969963800023834,7.886812090873718e-05,0.07818594574928284,Age (normalized),0.19495072960853577,Health score,0.23097261786460876,Smoking status,0.024146713316440582,BMI risk index,0.10477013140916824,Preventive check-up adherence,0.0,Claims in previous 12 months (normalized)
2030,0,352,0.2417338129998825,0.00046677514910697937,0.0,Age (normalized),0.16819335520267487,Health score,0.0,Smoking status,0.0293071661144495,BMI risk index,0.06602536886930466,Preventive check-up adherence,0.0,Claims in previous 12 months (normalized)
2030,0,354,0.1504810180003915,0.00047966837882995605,0.22136716544628143,Age (normalized),0.243954136967659,Health score,0.0,Smoking status,0.013569763861596584,BMI risk index,0.07781674712896347,Preventive check-up adherence,0.023448172956705093,Claims in previous 12 months (normalized)
2030,0,367,0.1348047960009353,0.0005927830934524536,0.05964609980583191,Age (normalized),0.2070240080356598,Health score,0.0,Smoking status,0.054106734693050385,BMI risk index,0.06734497845172882,Preventive check-up adherence,0.0,Claims in previous 12 months (normalized)
2030,0,374,0.15916282099988166,2.1366402506828308e-05,0.11822029948234558,Age (normalized),0.10589853674173355,Health score,0.0,Smoking status,0.04485660791397095,BMI risk index,0.12656185030937195,Preventive check-up adherence,0.07125105708837509,Claims in previous 12 months (normalized)
2030,0,385,0.13433453300149267,0.0003448314964771271,0.1499677300453186,Age (normalized),0.15612712502479553,Health score,0.0,Smoking status,0.07050351798534393,BMI risk index,0.12106578797101974,Preventive check-up adherence,0.07075079530477524,Claims in previous 12 months (normalized)
2030,0,387,0.15702220200000738,0.00044627487659454346,0.16003629565238953,Age (normalized),0.20267699658870697,Health score,0.0,Smoking status,0.0035077366046607494,BMI risk index,0.06792860478162766,Preventive check-up adherence,0.0,Claims in previous 12 months (normalized)
2030,0,393,0.14038260399956926,0.0003034919500350952,0.1596117615699768,Age (normalized),0.19003824889659882,Health score,0.0,Smoking status,0.0642714574933052,BMI risk index,0.08335938304662704,Preventive check-up adherence,0.02654862217605114,Claims in previous 12 months (normalized)
2030,0,397,0.18477246499969624,0.00021155178546905518,0.017505206167697906,Age (normalized),0.17083705961704254,Health score,0.0,Smoking status,0.062196243554353714,BMI risk index,0.09012119472026825,Preventive check-up adherence,0.05883093550801277,Claims in previous 12 months (normalized)
2030,0,410,0.1315147840005011,7.927417755126953e-05,0.13503193855285645,Age (normalized),0.16185340285301208,Health score,0.0,Smoking status,0.039209119975566864,BMI risk index,0.0875837504863739,Preventive check-up adherence,0.033713020384311676,Claims in previous 12 months (normalized)
2030,0,412,0.2389690870004415,0.0012616217136383057,0.20562216639518738,Age (normalized),0.16438516974449158,Health score,0.17765706777572632,Smoking status,0.09355361759662628,BMI risk index,0.06400188058614731,Preventive check-up adherence,0.10183387249708176,Claims in previous 12 months (normalized)
2030,0,413,0.14802765600143175,0.0007042735815048218,0.16196639835834503,Age (normalized),0.18659208714962006,Health score,0.0,Smoking status,0.05311606824398041,BMI risk index,0.07495839893817902,Preventive check-up adherence,0.0,Claims in previous 12 months (normalized)
2030,0,416,0.15777120599977934,0.0005142688751220703,0.1713334023952484,Age (normalized),0.14549018442630768,Health score,0.0,Smoking status,0.02750610001385212,BMI risk index,0.08980462700128555,Preventive check-up adherence,0.03225167095661163,Claims in previous 12 months (normalized)
2030,0,421,0.14650188900031935,0.00022308528423309326,0.08925497531890869,Age (normalized),0.18980473279953003,Health score,0.0,Smoking status,0.07505999505519867,BMI risk index,0.0810951292514801,Preventive check-up adherence,0.0,Claims in previous 12 months (normalized)
2030,0,422,0.19677888200021698,0.0004537925124168396,0.09302938729524612,Age (normalized),0.21117261052131653,Health score,0.0,Smoking status,0.03807341679930687,BMI risk index,0.06372276693582535,Preventive check-up adherence,0.020401177927851677,Claims in previous 12 months (normalized)
2030,0,427,0.14012269800059585,0.0002021193504333496,0.08019314706325531,Age (normalized),0.17320287227630615,Health score,0.0,Smoking status,0.01574143022298813,BMI risk index,0.1025826632976532,Preventive check-up adherence,0.026476949453353882,Claims in previous 12 months (normalized)
2030,0,429,0.14792495100027736,0.0002208501100540161,0.0688248947262764,Age (normalized),0.227516770362854,Health score,0.21172229945659637,Smoking status,0.019986990839242935,BMI risk index,0.09325442463159561,Preventive check-up adherence,0.0,Claims in previous 12 months (normalized)
2030,0,430,0.1626446220006983,0.00021054595708847046,0.047697968780994415,Age (normalized),0.18837769329547882,Health score,0.0,Smoking status,0.05454563722014427,BMI risk index,0.05818561092019081,Preventive check-up adherence,0.020758580416440964,Claims in previous 12 months (normalized)
2030,0,436,0.16851026800031832,7.651746273040771e-06,0.0,Age (normalized),0.171524778008461,Health score,0.0,Smoking status,0.023220153525471687,BMI risk index,0.057689182460308075,Preventive check-up adherence,0.02095971815288067,Claims in previous 12 months (normalized)
2030,0,444,0.1392910810009198,0.0003359392285346985,0.04964815452694893,Age (normalized),0.18145887553691864,Health score,0.0,Smoking status,0.015759700909256935,BMI risk index,0.05722026526927948,Preventive check-up adherence,0.02279488556087017,Claims in previous 12 months (normalized)
2030,0,447,0.17871138600094127,8.554011583328247e-05,0.08502824604511261,Age (normalized),0.17868906259536743,Health score,0.0,Smoking status,0.028223378583788872,BMI risk index,0.07654459774494171,Preventive check-up adherence,0.0,Claims in previous 12 months (normalized)
2030,0,448,0.13700883900037297,0.00010530650615692139,0.07296054810285568,Age (normalized),0.19774229824543,Health score,0.0,Smoking status,0.034553539007902145,BMI risk index,0.08210262656211853,Preventive check-up adherence,0.022119004279375076,Claims in previous 12 months (normalized)
2030,0,456,0.1408808409996709,0.0007078796625137329,0.06812315434217453,Age (normalized),0.31396597623825073,Health score,0.2052173614501953,Smoking status,0.009241092018783092,BMI risk index,0.10634133964776993,Preventive check-up adherence,0.08253214508295059,Claims in previous 12 months (normalized)
2030,0,462,0.2973814189999757,2.1219253540039062e-05,0.04534420743584633,Age (normalized),0.20757567882537842,Health score,0.0,Smoking status,0.0074694836512207985,BMI risk index,0.07606470584869385,Preventive check-up adherence,0.04793009161949158,Claims in previous 12 months (normalized)
2030,0,467,0.40794063999965147,0.0011159926652908325,0.05739117041230202,Age (normalized),0.1939716339111328,Health score,0.0,Smoking status,0.020286066457629204,BMI risk index,0.06290919333696365,Preventive check-up adherence,0.02018011175096035,Claims in previous 12 months (normalized)
2030,0,472,0.28818112699991616,0.00018772482872009277,0.09036756306886673,Age (normalized),0.22213155031204224,Health score,0.0,Smoking status,0.01928042061626911,BMI risk index,0.08909166604280472,Preventive check-up adherence,0.09267871826887131,Claims in previous 12 months (normalized)
2030,0,473,0.26060710699948686,8.685886859893799e-05,0.17498008906841278,Age (normalized),0.24515315890312195,Health score,0.0,Smoking status,0.01747751049697399,BMI risk index,0.0557851567864418,Preventive check-up adherence,0.05071612074971199,Claims in previous 12 months (normalized)
2030,0,479,0.12081518400009372,0.0007644817233085632,0.0827564224600792,Age (normalized),0.2556230127811432,Health score,0.0,Smoking status,0.04301561415195465,BMI risk index,0.040361303836107254,Preventive check-up adherence,0.044477302581071854,Claims in previous 12 months (normalized)
2030,0,496,0.15914713600068353,0.0005190074443817139,0.031344808638095856,Age (normalized),0.17438548803329468,Health score,0.0,Smoking status,0.05510465428233147,BMI risk index,0.042663656175136566,Preventive check-up adherence,0.0,Claims in previous 12 months (normalized)
2030,0,500,0.21267128699946625,0.00029987096786499023,0.0,Age (normalized),0.19862136244773865,Health score,0.21536290645599365,Smoking status,0.059746187180280685,BMI risk index,0.06778079271316528,Preventive check-up adherence,0.02853444777429104,Claims in previous 12 months (normalized)
2030,0,504,0.15708010499929514,0.0004139021039009094,0.03725772723555565,Age (normalized),0.16999156773090363,Health score,0.0,Smoking status,0.032076116651296616,BMI risk index,0.08000458776950836,Preventive check-up adherence,0.0,Claims in previous 12 months (normalized)
2030,0,510,0.17127966099997138,0.00012486428022384644,0.05314582586288452,Age (normalized),0.22395896911621094,Health score,0.0,Smoking status,0.04106665030121803,BMI risk index,0.03757782280445099,Preventive check-up adherence,0.02081145904958248,Claims in previous 12 months (normalized)
2030,0,525,0.15763414100001683,0.0006196759641170502,0.1576610505580902,Age (normalized),0.12097010761499405,Health score,0.0,Smoking status,0.0147490119561553,BMI risk index,0.11720398813486099,Preventive check-up adherence,0.0321865938603878,Claims in previous 12 months (normalized)
2030,0,532,0.14179790299931483,0.0005440562963485718,0.10183895379304886,Age (normalized),0.21140417456626892,Health score,0.0,Smoking status,0.0024064057506620884,BMI risk index,0.07128894329071045,Preventive check-up adherence,0.0,Claims in previous 12 months (normalized)
2030,0,536,0.13879253100003552,0.00010608881711959839,0.0,Age (normalized),0.16864067316055298,Health score,0.0,Smoking status,0.04112116992473602,BMI risk index,0.0459953173995018,Preventive check-up adherence,0.0,Claims in previous 12 months (normalized)
2030,0,540,0.22661506999975245,0.0002506524324417114,0.061182886362075806,Age (normalized),0.19313718378543854,Health score,0.0,Smoking status,0.04544132202863693,BMI risk index,0.10227001458406448,Preventive check-up adherence,0.07888415455818176,Claims in previous 12 months (normalized)
2030,0,552,0.18960501399942586,0.0003123283386230469,0.0912119671702385,Age (normalized),0.21116623282432556,Health score,0.0,Smoking status,0.02070847526192665,BMI risk index,0.06024663522839546,Preventive check-up adherence,0.02151932381093502,Claims in previous 12 months (normalized)
2030,0,557,0.18746404600005917,1.3902783393859863e-05,0.19334334135055542,Age (normalized),0.2532666325569153,Health score,0.0,Smoking status,0.004884364549070597,BMI risk index,0.03675416111946106,Preventive check-up adherence,0.022317489609122276,Claims in previous 12 months (normalized)
2030,0,558,0.29341753400058224,0.00030681490898132324,0.14852304756641388,Age (normalized),0.17209771275520325,Health score,0.0,Smoking status,0.006590045057237148,BMI risk index,0.09424479305744171,Preventive check-up adherence,0.0,Claims in previous 12 months (normalized)
2030,0,560,0.32226609100052883,0.0004335939884185791,0.12809890508651733,Age (normalized),0.20633988082408905,Health score,0.0,Smoking status,0.12650705873966217,BMI risk index,0.11039774864912033,Preventive check-up adherence,0.028517326340079308,Claims in previous 12 months (normalized)
2030,0,562,0.21054995600024995,0.00012558698654174805,0.1493312567472458,Age (normalized),0.19129511713981628,Health score,0.0,Smoking status,0.056000884622335434,BMI risk index,0.10597878694534302,Preventive check-up adherence,0.05756505951285362,Claims in previous 12 months (normalized)
2030,0,564,0.16380324100009602,0.0006396174430847168,0.10661431401968002,Age (normalized),0.18590442836284637,Health score,0.0,Smoking status,0.033193036913871765,BMI risk index,0.06504863500595093,Preventive check-up adherence,0.0,Claims in previous 12 months (normalized)
2030,0,566,0.17450333700071496,0.00014093518257141113,0.11766063421964645,Age (normalized),0.25756651163101196,Health score,0.0,Smoking status,0.04407031461596489,BMI risk index,0.07289297133684158,Preventive check-up adherence,0.05174204334616661,Claims in previous 12 months (normalized)
2030,0,568,0.15236899299998186,6.879866123199463e-05,0.11174502223730087,Age (normalized),0.171147421002388,Health score,0.0,Smoking status,0.07104382663965225,BMI risk index,0.08981930464506149,Preventive check-up adherence,0.0,Claims in previous 12 months (normalized)
2030,0,572,0.14940687400030583,0.0001389235258102417,0.10258965194225311,Age (normalized),0.18834735453128815,Health score,0.0,Smoking status,0.04492904990911484,BMI risk index,0.06488735228776932,Preventive check-up adherence,0.0,Claims in previous 12 months (normalized)
2030,0,574,0.17899332499928278,0.0010283887386322021,0.16725321114063263,Age (normalized),0.18299999833106995,Health score,0.21766281127929688,Smoking status,0.08348803967237473,BMI risk index,0.07322576642036438,Preventive check-up adherence,0.0,Claims in previous 12 months (normalized)
2030,0,577,0.20588013399992633,7.881224155426025e-05,0.08836387097835541,Age (normalized),0.1557425856590271,Health score,0.0,Smoking status,0.06922662258148193,BMI risk index,0.07602161914110184,Preventive check-up adherence,0.0,Claims in previous 12 months (normalized)
2030,0,579,0.1402443659999335,1.1801719665527344e-05,0.08655201643705368,Age (normalized),0.21065206825733185,Health score,0.0,Smoking status,0.02200671285390854,BMI risk index,0.049024831503629684,Preventive check-up adherence,0.01993527077138424,Claims in previous 12 months (normalized)
2030,0,580,0.16524186399965402,0.00030731409788131714,0.15210826694965363,Age (normalized),0.23091404139995575,Health score,0.23056194186210632,Smoking status,0.07048751413822174,BMI risk index,0.11260735243558884,Preventive check-up adherence,0.03506660833954811,Claims in previous 12 months (normalized)
2030,0,596,0.1988402449997011,8.13603401184082e-06,0.10866668075323105,Age (normalized),0.20128139853477478,Health score,0.0,Smoking status,0.03743652254343033,BMI risk index,0.06757412850856781,Preventive check-up adherence,0.0,Claims in previous 12 months (normalized)
2031,0,1,0.14568938399952458,0.00010858476161956787,0.08923522382974625,Age (normalized),0.1484745293855667,Health score,0.0,Smoking status,0.04380664974451065,BMI risk index,0.055338501930236816,Preventive check-up adherence,0.0,Claims in previous 12 months (normalized)
2031,0,9,0.2203730830015047,0.00023296475410461426,0.017783964052796364,Age (normalized),0.1490202248096466,Health score,0.0,Smoking status,0.006536155939102173,BMI risk index,0.05422587692737579,Preventive check-up adherence,0.0,Claims in previous 12 months (normalized)
2031,0,11,0.16348716599895852,2.9489398002624512e-05,0.13014765083789825,Age (normalized),0.09481121599674225,Health score,0.0,Smoking status,0.05315237119793892,BMI risk index,0.11220275610685349,Preventive check-up adherence,0.026956990361213684,Claims in previous 12 months (normalized)
2031,0,16,0.14134893100072077,0.00013718008995056152,0.0,Age (normalized),0.1273716688156128,Health score,0.0,Smoking status,0.04473956301808357,BMI risk index,0.04781115800142288,Preventive check-up adherence,0.018676085397601128,Claims in previous 12 months (normalized)
2031,0,22,0.13817250600004627,0.0006211623549461365,0.0,Age (normalized),0.11362221091985703,Health score,0.0,Smoking status,0.04739885777235031,BMI risk index,0.09206070005893707,Preventive check-up adherence,0.09041581302881241,Claims in previous 12 months (normalized)
2031,0,28,0.14411819700126216,0.0002916604280471802,0.036562155932188034,Age (normalized),0.1660699099302292,Health score,0.0,Smoking status,0.020890869200229645,BMI risk index,0.057105474174022675,Preventive check-up adherence,0.015100737102329731,Claims in previous 12 months (normalized)
2031,0,29,0.20899316300074133,0.0001484006643295288,0.14310228824615479,Age (normalized),0.19566620886325836,Health score,0.0,Smoking status,0.058416351675987244,BMI risk index,0.0780983716249466,Preventive check-up adherence,0.0,Claims in previous 12 months (normalized)
2031,0,33,0.22312650900039444,0.00035962462425231934,0.04626057296991348,Age (normalized),0.17079660296440125,Health score,0.0,Smoking status,0.02380322478711605,BMI risk index,0.03959156945347786,Preventive check-up adherence,0.0,Claims in previous 12 months (normalized)
2031,0,36,0.13633297399974253,9.597092866897583e-05,0.10065709054470062,Age (normalized),0.14808396995067596,Health score,0.0,Smoking status,0.028363781049847603,BMI risk index,0.06650710105895996,Preventive check-up adherence,0.0,Claims in previous 12 months (normalized)
2031,0,37,0.27083437599958415,0.0006049275398254395,0.08974143117666245,Age (normalized),0.12836018204689026,Health score,0.2174118459224701,Smoking status,0.015805717557668686,BMI risk index,0.09030473232269287,Preventive check-up adherence,0.0,Claims in previous 12 months (normalized)
2031,0,40,0.17182001800119906,8.597970008850098e-05,0.0,Age (normalized),0.1711443066596985,Health score,0.18987500667572021,Smoking status,0.0129824448376894,BMI risk index,0.07034996151924133,Preventive check-up adherence,0.02251228503882885,Claims in previous 12 months (normalized)
2031,0,46,0.42046383200067794,0.00017933547496795654,0.04246736317873001,Age (normalized),0.1664656400680542,Health score,0.0,Smoking status,0.13506600260734558,BMI risk index,0.06992180645465851,Preventive check-up adherence,0.05480049178004265,Claims in previous 12 months (normalized)
2031,0,53,0.3766736719990149,0.0006001889705657959,0.08765742182731628,Age (normalized),0.1577313244342804,Health score,0.0,Smoking status,0.029626378789544106,BMI risk index,0.08551167696714401,Preventive check-up adherence,0.01855042576789856,Claims in previous 12 months (normalized)
2031,0,66,0.3266196039994611,0.0003248155117034912,0.06824985146522522,Age (normalized),0.27168017625808716,Health score,0.20513220131397247,Smoking status,0.10022037476301193,BMI risk index,0.10000623762607574,Preventive check-up adherence,0.024476349353790283,Claims in previous 12 months (normalized)
2031,0,70,0.14897686799940857,0.0004946514964103699,0.020081540569663048,Age (normalized),0.09950745850801468,Health score,0.0,Smoking status,0.0017738278256729245,BMI risk index,0.07670582085847855,Preventive check-up adherence,0.016319015994668007,Claims in previous 12 months (normalized)
2031,0,82,0.18802163299915264,0.00018087588250637054,0.14353786408901215,Age (normalized),0.2981739342212677,Health score,0.226110577583313,Smoking status,0.17224769294261932,BMI risk index,0.1482759416103363,Preventive check-up adherence,0.028794992715120316,Claims in previous 12 months (normalized)
2031,0,84,0.16135185300117882,0.00020068883895874023,0.08945022523403168,Age (normalized),0.19103677570819855,Health score,0.0,Smoking status,0.06558147817850113,BMI risk index,0.04830683022737503,Preventive check-up adherence,0.0,Claims in previous 12 months (normalized)
2031,0,85,0.14497275100075058,0.00036644935607910156,0.06982168555259705,Age (normalized),0.13486716151237488,Health score,0.0,Smoking status,0.04737941548228264,BMI risk index,0.06855492293834686,Preventive check-up adherence,0.020094133913517,Claims in previous 12 months (normalized)
2031,0,86,0.14965644799940492,0.0006205961108207703,0.09442190080881119,Age (normalized),0.17436638474464417,Health score,0.0,Smoking status,0.013744962401688099,BMI risk index,0.06967231631278992,Preventive check-up adherence,0.016258036717772484,Claims in previous 12 months (normalized)
2031,0,88,0.21989100799964945,5.56260347366333e-05,0.04746174439787865,Age (normalized),0.13611659407615662,Health score,0.0,Smoking status,0.04024346172809601,BMI risk index,0.07452297955751419,Preventive check-up adherence,0.0,Claims in previous 12 months (normalized)
2031,0,92,0.1329510189998473,2.065720036625862e-05,0.10798879712820053,Age (normalized),0.16964159905910492,Health score,0.0,Smoking status,0.08788774162530899,BMI risk index,0.09299253672361374,Preventive check-up adherence,0.09552105516195297,Claims in previous 12 months (normalized)
2031,0,96,0.1784823680000045,0.00014959275722503662,0.07955489307641983,Age (normalized),0.1538962423801422,Health score,0.0,Smoking status,0.014571014791727066,BMI risk index,0.05910039320588112,Preventive check-up adherence,0.0,Claims in previous 12 months (normalized)
2031,0,106,0.14770528500048385,0.0004937872290611267,0.09001161903142929,Age (normalized),0.2717016041278839,Health score,0.2209431231021881,Smoking status,0.04483341798186302,BMI risk index,0.0704910084605217,Preventive check-up adherence,0.07348517328500748,Claims in previous 12 months (normalized)
2031,0,116,0.14667233799991664,2.6673078536987305e-05,0.031012197956442833,Age (normalized),0.13991482555866241,Health score,0.0,Smoking status,0.023159878328442574,BMI risk index,0.06975426524877548,Preventive check-up adherence,0.015611769631505013,Claims in previous 12 months (normalized)
2031,0,117,0.12625865900008648,0.0003210827708244324,0.1652573049068451,Age (normalized),0.2890845537185669,Health score,0.23657265305519104,Smoking status,0.08328239619731903,BMI risk index,0.07884533703327179,Preventive check-up adherence,0.0,Claims in previous 12 months (normalized)
2031,0,121,0.1390636899996025,0.00035165250301361084,0.0835873931646347,Age (normalized),0.160300612449646,Health score,0.0,Smoking status,0.017201419919729233,BMI risk index,0.08170711249113083,Preventive check-up adherence,0.02442292496562004,Claims in previous 12 months (normalized)
2031,0,135,0.1340090149997195,0.0004536062479019165,0.061127979308366776,Age (normalized),0.32266417145729065,Health score,0.21284152567386627,Smoking status,0.12092210352420807,BMI risk index,0.06128048151731491,Preventive check-up adherence,0.06963030993938446,Claims in previous 12 months (normalized)
2031,0,141,0.13800076900042768,0.00042700767517089844,0.12533128261566162,Age (normalized),0.17308573424816132,Health score,0.19407086074352264,Smoking status,0.10096066445112228,BMI risk index,0.022443832829594612,Preventive check-up adherence,0.06734932959079742,Claims in previous 12 months (normalized)
2031,0,154,0.14622303300075146,0.0001554638147354126,0.1018335223197937,Age (normalized),0.16326844692230225,Health score,0.0,Smoking status,0.019556207582354546,BMI risk index,0.07017933577299118,Preventive check-up adherence,0.0,Claims in previous 12 months (normalized)
2031,0,156,0.13847153099959542,0.00035503506660461426,0.0479118786752224,Age (normalized),0.16109880805015564,Health score,0.0,Smoking status,0.02150356024503708,BMI risk index,0.045472752302885056,Preventive check-up adherence,0.0,Claims in previous 12 months (normalized)
2031,0,162,0.14882753100027912,0.00044670701026916504,0.0936407744884491,Age (normalized),0.14077509939670563,Health score,0.0,Smoking status,0.04733456298708916,BMI risk index,0.07810961455106735,Preventive check-up adherence,0.02611645497381687,Claims in previous 12 months (normalized)
2031,0,163,0.12489121600083308,1.4379620552062988e-05,0.04251838102936745,Age (normalized),0.1510324627161026,Health score,0.0,Smoking status,0.03470635414123535,BMI risk index,0.03542950004339218,Preventive check-up adherence,0.0,Claims in previous 12 months (normalized)
2031,0,166,0.1321831490004115,0.0008859559893608093,0.13443860411643982,Age (normalized),0.2945006489753723,Health score,0.20828594267368317,Smoking status,0.0834832563996315,BMI risk index,0.01672220230102539,Preventive check-up adherence,0.0695304200053215,Claims in previous 12 months (normalized)
2031,0,167,0.13902460200097266,0.00014287419617176056,0.07567868381738663,Age (normalized),0.26068630814552307,Health score,0.2367728054523468,Smoking status,0.10180220007896423,BMI risk index,0.1301293522119522,Preventive check-up adherence,0.059274833649396896,Claims in previous 12 months (normalized)
2031,0,168,0.13070233199960057,0.0006216317415237427,0.018850551918148994,Age (normalized),0.16245794296264648,Health score,0.0,Smoking status,0.02796853519976139,BMI risk index,0.06170356646180153,Preventive check-up adherence,0.0,Claims in previous 12 months (normalized)
2031,0,172,0.1629928470001687,0.0006396770477294922,0.15082308650016785,Age (normalized),0.20685246586799622,Health score,0.0,Smoking status,0.08294603228569031,BMI risk index,0.058272555470466614,Preventive check-up adherence,0.0,Claims in previous 12 months (normalized)
2031,0,174,0.1332125389999419,0.0002518128603696823,0.11745188385248184,Age (normalized),0.27495667338371277,Health score,0.22554846107959747,Smoking status,0.11216992139816284,BMI risk index,0.09810896962881088,Preventive check-up adherence,0.054313309490680695,Claims in previous 12 months (normalized)
2031,0,181,0.15356203600003937,0.000324055552482605,0.032965175807476044,Age (normalized),0.15356457233428955,Health score,0.0,Smoking status,0.0025068370159715414,BMI risk index,0.050528254359960556,Preventive check-up adherence,0.016471808776259422,Claims in previous 12 months (normalized)
2031,0,187,0.12854557700120495,0.00016741454601287842,0.10984102636575699,Age (normalized),0.18126779794692993,Health score,0.0,Smoking status,0.10488894581794739,BMI risk index,0.05527596175670624,Preventive check-up adherence,0.05484000965952873,Claims in previous 12 months (normalized)
2031,0,190,0.12152343099933205,0.0001605115830898285,0.08040080964565277,Age (normalized),0.20444944500923157,Health score,0.21604488790035248,Smoking status,0.07438269257545471,BMI risk index,0.10514307022094727,Preventive check-up adherence,0.052609633654356,Claims in previous 12 months (normalized)
2031,0,193,0.1471936670004652,0.000258028507232666,0.11074021458625793,Age (normalized),0.21086591482162476,Health score,0.0,Smoking status,0.045902494341135025,BMI risk index,0.04495493322610855,Preventive check-up adherence,0.020840052515268326,Claims in previous 12 months (normalized)
2031,0,203,0.1256692759998259,0.0001970827579498291,0.09597401320934296,Age (normalized),0.14989981055259705,Health score,0.0,Smoking status,0.007902311161160469,BMI risk index,0.06336025148630142,Preventive check-up adherence,0.01805250160396099,Claims in previous 12 months (normalized)
2031,0,207,0.177855408999676,0.00017207488417625427,0.056730981916189194,Age (normalized),0.2371574491262436,Health score,0.23828473687171936,Smoking status,0.06867977231740952,BMI risk index,0.1352083534002304,Preventive check-up adherence,0.06263341754674911,Claims in previous 12 months (normalized)
2031,0,216,0.13774710200050322,0.00011320412158966064,0.1713058203458786,Age (normalized),0.23850570619106293,Health score,0.226555734872818,Smoking status,0.13286437094211578,BMI risk index,0.10873020440340042,Preventive check-up adherence,0.02806195430457592,Claims in previous 12 months (normalized)
2031,0,217,0.1632091869996657,3.11434268951416e-05,0.11692194640636444,Age (normalized),0.25024351477622986,Health score,0.0,Smoking status,0.08686606585979462,BMI risk index,0.07718266546726227,Preventive check-up adherence,0.023442288860678673,Claims in previous 12 months (normalized)
2031,0,220,0.12725561499973992,0.00019317865371704102,0.09240254759788513,Age (normalized),0.15926291048526764,Health score,0.0,Smoking status,0.013879053294658661,BMI risk index,0.08012892305850983,Preventive check-up adherence,0.017679324373602867,Claims in previous 12 months (normalized)
2031,0,222,0.16749894699933066,0.0004417598247528076,0.04113856330513954,Age (normalized),0.16262194514274597,Health score,0.0,Smoking status,0.01617824286222458,BMI risk index,0.041450418531894684,Preventive check-up adherence,0.0,Claims in previous 12 months (normalized)
2031,0,223,0.14757738200023596,0.0006438717246055603,0.0224287286400795,Age (normalized),0.13746295869350433,Health score,0.0,Smoking status,0.021773207932710648,BMI risk index,0.06664185971021652,Preventive check-up adherence,0.0,Claims in previous 12 months (normalized)
2031,0,230,0.18676344600044104,0.00036422908306121826,0.02789127081632614,Age (normalized),0.12087307870388031,Health score,0.0,Smoking status,0.027298767119646072,BMI risk index,0.05507946014404297,Preventive check-up adherence,0.0,Claims in previous 12 months (normalized)
2031,0,231,0.15817906699885498,0.00034102797508239746,0.010256551206111908,Age (normalized),0.1509159952402115,Health score,0.0,Smoking status,0.04046933725476265,BMI risk index,0.06126765161752701,Preventive check-up adherence,0.036046888679265976,Claims in previous 12 months (normalized)
2031,0,236,0.17569500699937635,3.6932528018951416e-05,0.021475521847605705,Age (normalized),0.12725071609020233,Health score,0.0,Smoking status,0.02661006525158882,BMI risk index,0.036617979407310486,Preventive check-up adherence,0.016873836517333984,Claims in previous 12 months (normalized)
2031,0,237,0.13608738299990364,0.0007009059190750122,0.12076087296009064,Age (normalized),0.18020574748516083,Health score,0.0,Smoking status,0.09277007728815079,BMI risk index,0.07884553074836731,Preventive check-up adherence,0.05413835123181343,Claims in previous 12 months (normalized)
2031,0,242,0.13424818000021332,8.852779865264893e-05,0.18819817900657654,Age (normalized),0.08189409226179123,Health score,0.0,Smoking status,0.02863687090575695,BMI risk index,0.07879576832056046,Preventive check-up adherence,0.0,Claims in previous 12 months (normalized)
2031,0,255,0.13598139500027173,5.0283968448638916e-05,0.08850783854722977,Age (normalized),0.17453022301197052,Health score,0.0,Smoking status,0.001055672881193459,BMI risk index,0.05043301731348038,Preventive check-up adherence,0.0,Claims in previous 12 months (normalized)
2031,0,257,0.13545211800010293,0.00021676719188690186,0.09231650829315186,Age (normalized),0.23446567356586456,Health score,0.19015361368656158,Smoking status,0.03966040909290314,BMI risk index,0.08130509406328201,Preventive check-up adherence,0.0,Claims in previous 12 months (normalized)
2031,0,268,0.17093287900115683,2.9206275939941406e-05,0.04175194352865219,Age (normalized),0.14402851462364197,Health score,0.0,Smoking status,0.006417878437787294,BMI risk index,0.03424585983157158,Preventive check-up adherence,0.0,Claims in previous 12 months (normalized)
2031,0,272,0.13152714200077753,0.0005925744771957397,0.07555750012397766,Age (normalized),0.2513502538204193,Health score,0.2300233393907547,Smoking status,0.07900232076644897,BMI risk index,0.06725484877824783,Preventive check-up adherence,0.0,Claims in previous 12 months (normalized)
2031,0,275,0.12264962199969887,9.015202522277832e-07,0.08810769021511078,Age (normalized),0.1895570456981659,Health score,0.0,Smoking status,0.01319554727524519,BMI risk index,0.04673483967781067,Preventive check-up adherence,0.0,Claims in previous 12 months (normalized)
2031,0,280,0.12969587199950183,0.00020694732666015625,0.07789783179759979,Age (normalized),0.21857678890228271,Health score,0.22379454970359802,Smoking status,0.09691447764635086,BMI risk index,0.07917547225952148,Preventive check-up adherence,0.0,Claims in previous 12 months (normalized)
2031,0,296,0.12342495700067957,7.302314043045044e-05,0.1553284227848053,Age (normalized),0.12887625396251678,Health score,0.0,Smoking status,0.04539760947227478,BMI risk index,0.07969610393047333,Preventive check-up adherence,0.059119679033756256,Claims in previous 12 months (normalized)
2031,0,298,0.1440221120010392,0.0004876554012298584,0.03944964334368706,Age (normalized),0.14954873919487,Health score,0.0,Smoking status,0.03630133345723152,BMI risk index,0.06942524015903473,Preventive check-up adherence,0.0,Claims in previous 12 months (normalized)
2031,0,312,0.12700572500034468,1.6480684280395508e-05,0.1140458732843399,Age (normalized),0.16361172497272491,Health score,0.0,Smoking status,0.012897077016532421,BMI risk index,0.09000928699970245,Preventive check-up adherence,0.043086614459753036,Claims in previous 12 months (normalized)
2031,0,314,0.17708344899983786,5.218386650085449e-05,0.19569991528987885,Age (normalized),0.2745533287525177,Health score,0.21287623047828674,Smoking status,0.14000128209590912,BMI risk index,0.12146759033203125,Preventive check-up adherence,0.05471257120370865,Claims in previous 12 months (normalized)
2031,0,329,0.12879913200049486,0.00022921711206436157,0.002941364422440529,Age (normalized),0.13697467744350433,Health score,0.0,Smoking status,0.001728747272863984,BMI risk index,0.04264732077717781,Preventive check-up adherence,0.0,Claims in previous 12 months (normalized)
2031,0,330,0.12937639199935802,0.0003840923309326172,0.0574423186480999,Age (normalized),0.2032988965511322,Health score,0.0,Smoking status,0.07422690093517303,BMI risk index,0.020495405420660973,Preventive check-up adherence,0.0,Claims in previous 12 months (normalized)
2031,0,335,0.14365553200059367,0.00015722215175628662,0.06880130618810654,Age (normalized),0.12850825488567352,Health score,0.0,Smoking status,0.008232255466282368,BMI risk index,0.08163513988256454,Preventive check-up adherence,0.018298201262950897,Claims in previous 12 months (normalized)
2031,0,336,0.13165455800026393,0.0005584061145782471,0.055283281952142715,Age (normalized),0.15136250853538513,Health score,0.0,Smoking status,0.002730708569288254,BMI risk index,0.06086317077279091,Preventive check-up adherence,0.0,Claims in previous 12 months (normalized)
2031,0,338,0.14926049699988653,0.0009132325649261475,0.04138876870274544,Age (normalized),0.17620757222175598,Health score,0.0,Smoking status,0.05220029875636101,BMI risk index,0.04750283062458038,Preventive check-up adherence,0.0,Claims in previous 12 months (normalized)
2031,0,342,0.12473234099979891,2.3543834686279297e-05,0.08968851715326309,Age (normalized),0.2640761733055115,Health score,0.20273452997207642,Smoking status,0.00033358795917592943,BMI risk index,0.0877821147441864,Preventive check-up adherence,0.025969643145799637,Claims in previous 12 months (normalized)
2031,0,344,0.1705327549998401,0.0004065781831741333,0.1692550927400589,Age (normalized),0.2991706430912018,Health score,0.22805526852607727,Smoking status,0.036637648940086365,BMI risk index,0.11224368214607239,Preventive check-up adherence,0.028779570013284683,Claims in previous 12 months (normalized)
2031,0,345,0.1283008520003932,0.0001496449112892151,0.06348323076963425,Age (normalized),0.22805288434028625,Health score,0.23428648710250854,Smoking status,0.14263063669204712,BMI risk index,0.12346795946359634,Preventive check-up adherence,0.0,Claims in previous 12 months (normalized)
2031,0,347,0.13365688599969872,0.00011686235666275024,0.021901633590459824,Age (normalized),0.11609318107366562,Health score,0.0,Smoking status,0.034433767199516296,BMI risk index,0.07072422653436661,Preventive check-up adherence,0.03608861565589905,Claims in previous 12 months (normalized)
2031,0,352,0.14714776300024823,0.00033318251371383667,0.1235046237707138,Age (normalized),0.06945572793483734,Health score,0.2260618954896927,Smoking status,0.0021371692419052124,BMI risk index,0.15566974878311157,Preventive check-up adherence,0.030322078615427017,Claims in previous 12 months (normalized)
2031,0,354,0.1307671280010254,0.0002738386392593384,0.08000772446393967,Age (normalized),0.14000123739242554,Health score,0.0,Smoking status,0.012782786972820759,BMI risk index,0.062338441610336304,Preventive check-up adherence,0.023081036284565926,Claims in previous 12 months (normalized)
2031,0,355,0.1266187710007216,2.9221177101135254e-05,0.0475044846534729,Age (normalized),0.13306967914104462,Health score,0.0,Smoking status,0.007101637311279774,BMI risk index,0.053932640701532364,Preventive check-up adherence,0.0,Claims in previous 12 months (normalized)
2031,0,356,0.13902918700023292,0.00023159384727478027,0.07945653051137924,Age (normalized),0.09177015721797943,Health score,0.0,Smoking status,0.0026383264921605587,BMI risk index,0.07652855664491653,Preventive check-up adherence,0.0,Claims in previous 12 months (normalized)
2031,0,360,0.13206933499986917,0.0007001161575317383,0.14815065264701843,Age (normalized),0.16314366459846497,Health score,0.0,Smoking status,0.02341097965836525,BMI risk index,0.10625176876783371,Preventive check-up adherence,0.0,Claims in previous 12 months (normalized)
2031,0,361,0.16358368700002757,0.000712275505065918,0.04200301691889763,Age (normalized),0.30319148302078247,Health score,0.222431480884552,Smoking status,0.12191039323806763,BMI risk index,0.06282965838909149,Preventive check-up adherence,0.02984454110264778,Claims in previous 12 months (normalized)
2031,0,364,0.1312588800001322,3.409385681152344e-05,0.0,Age (normalized),0.12826627492904663,Health score,0.0,Smoking status,0.013426417484879494,BMI risk index,0.049060795456171036,Preventive check-up adherence,0.0,Claims in previous 12 months (normalized)
2031,0,365,0.14967587200044363,0.00019791722297668457,0.07978558540344238,Age (normalized),0.15756718814373016,Health score,0.0,Smoking status,0.0033036298118531704,BMI risk index,0.042725007981061935,Preventive check-up adherence,0.04084682837128639,Claims in previous 12 months (normalized)
2031,0,371,0.12427296900023066,0.00012336671352386475,0.14294984936714172,Age (normalized),0.2548665702342987,Health score,0.0,Smoking status,0.13527068495750427,BMI risk index,0.11819927394390106,Preventive check-up adherence,0.05230579897761345,Claims in previous 12 months (normalized)
2031,0,375,0.131825509999544,8.52346420288086e-05,0.11761592328548431,Age (normalized),0.1945383995771408,Health score,0.2089845985174179,Smoking status,0.04020698368549347,BMI risk index,0.08761977404356003,Preventive check-up adherence,0.0761483758687973,Claims in previous 12 months (normalized)
2031,0,380,0.15281760899961228,0.0003720521926879883,0.05565282329916954,Age (normalized),0.169118270277977,Health score,0.0,Smoking status,0.001477670157328248,BMI risk index,0.042180776596069336,Preventive check-up adherence,0.014562982134521008,Claims in previous 12 months (normalized)
2031,0,385,0.13102186900050583,0.0003377571702003479,0.0069894748739898205,Age (normalized),0.1433650702238083,Health score,0.0,Smoking status,0.027242673560976982,BMI risk index,0.06256207823753357,Preventive check-up adherence,0.034497711807489395,Claims in previous 12 months (normalized)
2031,0,391,0.15617124700111162,0.0003097951412200928,0.0655137374997139,Age (normalized),0.16177096962928772,Health score,0.0,Smoking status,0.023857712745666504,BMI risk index,0.05726644769310951,Preventive check-up adherence,0.03720204159617424,Claims in previous 12 months (normalized)
2031,0,404,0.13261370100008207,9.748339653015137e-05,0.11956241726875305,Age (normalized),0.15763385593891144,Health score,0.21574215590953827,Smoking status,0.0026552099734544754,BMI risk index,0.07002586126327515,Preventive check-up adherence,0.07542500644922256,Claims in previous 12 months (normalized)
2031,0,408,0.15011872200011567,0.0003076791763305664,0.04289466142654419,Age (normalized),0.14825156331062317,Health score,0.0,Smoking status,0.021781304851174355,BMI risk index,0.07615648955106735,Preventive check-up adherence,0.0,Claims in previous 12 months (normalized)
2031,0,410,0.12931773599939334,0.00032973289489746094,0.09829240292310715,Age (normalized),0.14684569835662842,Health score,0.21270518004894257,Smoking status,0.049017395824193954,BMI risk index,0.12862130999565125,Preventive check-up adherence,0.053840529173612595,Claims in previous 12 months (normalized)
2031,0,412,0.1534238619997268,0.00010313838720321655,0.03695273399353027,Age (normalized),0.16012872755527496,Health score,0.0,Smoking status,0.05073004215955734,BMI risk index,0.06527244299650192,Preventive check-up adherence,0.0,Claims in previous 12 months (normalized)
2031,0,417,0.12906598300014593,0.0005738139152526855,0.06125736981630325,Age (normalized),0.1918794959783554,Health score,0.0,Smoking status,0.0334729328751564,BMI risk index,0.03054269589483738,Preventive check-up adherence,0.0,Claims in previous 12 months (normalized)
2031,0,419,0.1334073250000074,0.00035693496465682983,0.0,Age (normalized),0.10398611426353455,Health score,0.0,Smoking status,0.0007333392859436572,BMI risk index,0.06339562684297562,Preventive check-up adherence,0.0,Claims in previous 12 months (normalized)
2031,0,420,0.1609309529994789,7.452070713043213e-05,0.10817433148622513,Age (normalized),0.18819370865821838,Health score,0.0,Smoking status,0.03860802575945854,BMI risk index,0.06480079889297485,Preventive check-up adherence,0.021660497412085533,Claims in previous 12 months (normalized)
2031,0,421,0.13238669299971662,0.000741131603717804,0.05064310505986214,Age (normalized),0.15943525731563568,Health score,0.21444004774093628,Smoking status,0.13130813837051392,BMI risk index,0.1008051261305809,Preventive check-up adherence,0.05023800954222679,Claims in previous 12 months (normalized)
2031,0,422,0.14515207600106805,0.00018534064292907715,0.13077765703201294,Age (normalized),0.18884658813476562,Health score,0.0,Smoking status,0.0469994880259037,BMI risk index,0.030256330966949463,Preventive check-up adherence,0.0,Claims in previous 12 months (normalized)
2031,0,423,0.12147943599939026,0.0006905347108840942,0.08625414222478867,Age (normalized),0.21570947766304016,Health score,0.0,Smoking status,0.09071478992700577,BMI risk index,0.06171107664704323,Preventive check-up adherence,0.026378942653536797,Claims in previous 12 months (normalized)
2031,0,431,0.1605187429995567,0.00039780139923095703,0.021089930087327957,Age (normalized),0.15441153943538666,Health score,0.0,Smoking status,0.035231977701187134,BMI risk index,0.05260589346289635,Preventive check-up adherence,0.048513613641262054,Claims in previous 12 months (normalized)
2031,0,443,0.1239261249993433,0.0011091381311416626,0.08172815293073654,Age (normalized),0.19227612018585205,Health score,0.0,Smoking status,0.02952602505683899,BMI risk index,0.06124836578965187,Preventive check-up adherence,0.0,Claims in previous 12 months (normalized)
2031,0,446,0.12796483199963404,0.00020813941955566406,0.009323571808636189,Age (normalized),0.11533170938491821,Health score,0.0,Smoking status,0.06700750440359116,BMI risk index,0.06955374032258987,Preventive check-up adherence,0.02220255322754383,Claims in previous 12 months (normalized)
2031,0,448,0.16867118400023173,0.00022254884243011475,0.05028987303376198,Age (normalized),0.17695780098438263,Health score,0.0,Smoking status,0.012726332992315292,BMI risk index,0.03593689203262329,Preventive check-up adherence,0.015945982187986374,Claims in previous 12 months (normalized)
2031,0,449,0.12854650799908995,0.00022400915622711182,0.0691094696521759,Age (normalized),0.2520608603954315,Health score,0.22287124395370483,Smoking status,0.10503952205181122,BMI risk index,0.11732970178127289,Preventive check-up adherence,0.027857670560479164,Claims in previous 12 months (normalized)
2031,0,451,0.13916684899959364,0.00048013031482696533,0.07184720039367676,Age (normalized),0.115071140229702,Health score,0.0,Smoking status,0.05668921396136284,BMI risk index,0.08475858718156815,Preventive check-up adherence,0.0,Claims in previous 12 months (normalized)
2031,0,463,0.13450982500035025,7.797777652740479e-05,0.09917769581079483,Age (normalized),0.16313864290714264,Health score,0.0,Smoking status,0.0397249199450016,BMI risk index,0.04539547488093376,Preventive check-up adherence,0.0,Claims in previous 12 months (normalized)
2031,0,482,0.12004744300065795,0.00039189308881759644,0.012274389155209064,Age (normalized),0.16314534842967987,Health score,0.0,Smoking status,0.02740105241537094,BMI risk index,0.05497342348098755,Preventive check-up adherence,0.0,Claims in previous 12 months (normalized)
2031,0,496,0.1541064599996389,0.0003999769687652588,0.12514905631542206,Age (normalized),0.18394874036312103,Health score,0.0,Smoking status,0.02900032512843609,BMI risk index,0.05501397326588631,Preventive check-up adherence,0.0,Claims in previous 12 months (normalized)
2031,0,517,0.12585625999963668,0.0001914575695991516,0.04437906667590141,Age (normalized),0.08072857558727264,Health score,0.0,Smoking status,0.07518947124481201,BMI risk index,0.09476762264966965,Preventive check-up adherence,0.057820387184619904,Claims in previous 12 months (normalized)
2031,0,519,0.15246429800026817,0.0007370784878730774,0.11086311936378479,Age (normalized),0.26948848366737366,Health score,0.22932584583759308,Smoking status,0.08275864273309708,BMI risk index,0.07237210869789124,Preventive check-up adherence,0.0,Claims in previous 12 months (normalized)
2031,0,521,0.13078937800037238,0.0003618299961090088,0.21610452234745026,Age (normalized),0.17136342823505402,Health score,0.22143268585205078,Smoking status,0.030426237732172012,BMI risk index,0.07922906428575516,Preventive check-up adherence,0.0,Claims in previous 12 months (normalized)
2031,0,532,0.14122298199981742,0.00013405084609985352,0.10436385124921799,Age (normalized),0.16309614479541779,Health score,0.0,Smoking status,0.03585387021303177,BMI risk index,0.05586150288581848,Preventive check-up adherence,0.0,Claims in previous 12 months (normalized)
2031,0,540,0.1293458260006446,0.0004415065050125122,0.036038607358932495,Age (normalized),0.13641777634620667,Health score,0.0,Smoking status,0.024863801896572113,BMI risk index,0.0663541853427887,Preventive check-up adherence,0.0,Claims in previous 12 months (normalized)
2031,0,542,0.13674982199972874,3.306567668914795e-05,0.16972215473651886,Age (normalized),0.26808810234069824,Health score,0.0,Smoking status,0.07409073412418365,BMI risk index,0.06330036371946335,Preventive check-up adherence,0.04917201027274132,Claims in previous 12 months (normalized)
2031,0,543,0.13397057600013795,0.00027370452880859375,0.14842429757118225,Age (normalized),0.19119949638843536,Health score,0.0,Smoking status,0.03957308828830719,BMI risk index,0.0832514688372612,Preventive check-up adherence,0.023725809529423714,Claims in previous 12 months (normalized)
2031,0,545,0.13709014899995964,0.00018377602100372314,0.038326527923345566,Age (normalized),0.13753047585487366,Health score,0.0,Smoking status,0.006853812374174595,BMI risk index,0.05858699232339859,Preventive check-up adherence,0.03462645411491394,Claims in previous 12 months (normalized)
2031,0,555,0.16979748100038705,0.00019831955432891846,0.09196760505437851,Age (normalized),0.16105245053768158,Health score,0.0,Smoking status,0.006260054651647806,BMI risk index,0.04426552727818489,Preventive check-up adherence,0.0,Claims in previous 12 months (normalized)
2031,0,556,0.12181681299989577,0.0008302927017211914,0.0740337148308754,Age (normalized),0.1616884171962738,Health score,0.0,Smoking status,0.06369136273860931,BMI risk index,0.08466801792383194,Preventive check-up adherence,0.0,Claims in previous 12 months (normalized)
2031,0,558,0.13821031699990272,0.0004048198461532593,0.04367552697658539,Age (normalized),0.1661527007818222,Health score,0.0,Smoking status,0.029295682907104492,BMI risk index,0.041111577302217484,Preventive check-up adherence,0.0,Claims in previous 12 months (normalized)
2031,0,560,0.1219812590006768,0.00023359060287475586,0.12443912029266357,Age (normalized),0.21236707270145416,Health score,0.0,Smoking status,0.18677955865859985,BMI risk index,0.04857722669839859,Preventive check-up adherence,0.0,Claims in previous 12 months (normalized)
2031,0,592,0.12804047600002377,0.0003062039613723755,0.03173269331455231,Age (normalized),0.14684711396694183,Health score,0.0,Smoking status,0.04308720678091049,BMI risk index,0.06842682510614395,Preventive check-up adherence,0.020456817001104355,Claims in previous 12 months (normalized)
2031,0,594,0.14604912899994815,9.319186210632324e-05,0.07170411944389343,Age (normalized),0.1636858582496643,Health score,0.0,Smoking status,0.013194000348448753,BMI risk index,0.07600729167461395,Preventive check-up adherence,0.01788899302482605,Claims in previous 12 months (normalized)
2031,0,598,0.14504981600020983,0.000131264328956604,0.0630505383014679,Age (normalized),0.08900357782840729,Health score,0.0,Smoking status,0.01636136695742607,BMI risk index,0.07627268880605698,Preventive check-up adherence,0.0,Claims in previous 12 months (normalized)
2031,0,599,0.17184277799970005,9.198486804962158e-05,0.05794509872794151,Age (normalized),0.17822811007499695,Health score,0.0,Smoking status,0.016750244423747063,BMI risk index,0.0409604050219059,Preventive check-up adherence,0.019130203872919083,Claims in previous 12 months (normalized)
2032,0,2,0.11556167100116,0.0002295374870300293,0.1175108328461647,Age (normalized),0.16672396659851074,Health score,0.1911645382642746,Smoking status,0.15390965342521667,BMI risk index,0.10727360099554062,Preventive check-up adherence,0.05478822812438011,Claims in previous 12 months (normalized)
2032,0,3,0.13330462300018553,0.0003424137830734253,0.1951616108417511,Age (normalized),0.20708489418029785,Health score,0.0,Smoking status,0.02625914290547371,BMI risk index,0.11505258083343506,Preventive check-up adherence,0.05831359699368477,Claims in previous 12 months (normalized)
2032,0,5,0.1457542360003572,0.000762108713388443,0.0,Age (normalized),0.17420239746570587,Health score,0.0,Smoking status,0.010252034291625023,BMI risk index,0.04634641110897064,Preventive check-up adherence,0.0,Claims in previous 12 months (normalized)
2032,0,7,0.14207108900063758,0.00022698938846588135,0.06539172679185867,Age (normalized),0.17776164412498474,Health score,0.0,Smoking status,0.026593022048473358,BMI risk index,0.07752766460180283,Preventive check-up adherence,0.025352871045470238,Claims in previous 12 months (normalized)
2032,0,8,0.17068122099954053,0.00041360408067703247,0.18732847273349762,Age (normalized),0.3641608953475952,Health score,0.20650623738765717,Smoking status,0.13454915583133698,BMI risk index,0.08810486644506454,Preventive check-up adherence,0.0,Claims in previous 12 months (normalized)
2032,0,20,0.1463654109993513,0.0001684725284576416,0.12873342633247375,Age (normalized),0.22285409271717072,Health score,0.0,Smoking status,0.14449840784072876,BMI risk index,0.091262586414814,Preventive check-up adherence,0.03496342524886131,Claims in previous 12 months (normalized)
2032,0,22,0.1306573589999971,2.641230821609497e-05,0.06977592408657074,Age (normalized),0.10514283925294876,Health score,0.0,Smoking status,0.02813003584742546,BMI risk index,0.07355523109436035,Preventive check-up adherence,0.10010405629873276,Claims in previous 12 months (normalized)
2032,0,25,0.1299252249991696,0.00020734965801239014,0.07962906360626221,Age (normalized),0.1919924020767212,Health score,0.0,Smoking status,0.06564012914896011,BMI risk index,0.09052880853414536,Preventive check-up adherence,0.02414890192449093,Claims in previous 12 months (normalized)
2032,0,31,0.1214673300000868,0.000552251935005188,0.08876139670610428,Age (normalized),0.21079783141613007,Health score,0.0,Smoking status,0.06815332174301147,BMI risk index,0.0686473548412323,Preventive check-up adherence,0.027103224769234657,Claims in previous 12 months (normalized)
2032,0,33,0.15094214900000225,0.0007126033306121826,0.03294214606285095,Age (normalized),0.13972695171833038,Health score,0.0,Smoking status,0.01568908430635929,BMI risk index,0.09277985990047455,Preventive check-up adherence,0.050832267850637436,Claims in previous 12 months (normalized)
2032,0,40,0.12381633099903411,3.1128525733947754e-05,0.03641952946782112,Age (normalized),0.18801075220108032,Health score,0.0,Smoking status,0.060230594128370285,BMI risk index,0.051340699195861816,Preventive check-up adherence,0.0,Claims in previous 12 months (normalized)
2032,0,42,0.1626320969999142,9.5367431640625e-05,0.031272564083337784,Age (normalized),0.16655078530311584,Health score,0.0,Smoking status,0.04595833271741867,BMI risk index,0.08982662111520767,Preventive check-up adherence,0.025361880660057068,Claims in previous 12 months (normalized)
2032,0,48,0.1523006309989796,0.0010177940130233765,0.12391531467437744,Age (normalized),0.1879705786705017,Health score,0.0,Smoking status,0.05224503204226494,BMI risk index,0.08195623755455017,Preventive check-up adherence,0.02631497196853161,Claims in previous 12 months (normalized)
2032,0,50,0.14306179500090366,4.155933856964111e-05,0.0,Age (normalized),0.19990859925746918,Health score,0.0,Smoking status,0.02451888471841812,BMI risk index,0.0437156967818737,Preventive check-up adherence,0.022505855187773705,Claims in previous 12 months (normalized)
2032,0,58,0.13379120100125874,0.0003953501582145691,0.04156441241502762,Age (normalized),0.16867606341838837,Health score,0.21775245666503906,Smoking status,0.12315662950277328,BMI risk index,0.11717025935649872,Preventive check-up adherence,0.035000912845134735,Claims in previous 12 months (normalized)
2032,0,67,0.1293374639999456,0.00044052302837371826,0.07352400571107864,Age (normalized),0.17125669121742249,Health score,0.0,Smoking status,0.02585943043231964,BMI risk index,0.09704350680112839,Preventive check-up adherence,0.023585986346006393,Claims in previous 12 months (normalized)
2032,0,69,0.14118003999919893,8.124113082885742e-05,0.04930572956800461,Age (normalized),0.18889322876930237,Health score,0.0,Smoking status,0.0406651496887207,BMI risk index,0.07016558200120926,Preventive check-up adherence,0.05196061357855797,Claims in previous 12 months (normalized)
2032,0,71,0.1316013429996019,0.0006023496389389038,0.03708859160542488,Age (normalized),0.12481650710105896,Health score,0.0,Smoking status,0.010027061216533184,BMI risk index,0.07551421225070953,Preventive check-up adherence,0.02562541700899601,Claims in previous 12 months (normalized)
2032,0,73,0.16299147300014738,5.377829074859619e-05,0.042687296867370605,Age (normalized),0.18442390859127045,Health score,0.0,Smoking status,0.008602289482951164,BMI risk index,0.06372100859880447,Preventive check-up adherence,0.0,Claims in previous 12 months (normalized)
2032,0,76,0.15233536599953368,0.0006728917360305786,0.0380212739109993,Age (normalized),0.17859375476837158,Health score,0.0,Smoking status,0.039644014090299606,BMI risk index,0.0644403025507927,Preventive check-up adherence,0.02583286166191101,Claims in previous 12 months (normalized)
2032,0,80,0.13545957600035763,0.00012955069541931152,0.0955110490322113,Age (normalized),0.1976844221353531,Health score,0.0,Smoking status,0.020299317315220833,BMI risk index,0.06830834597349167,Preventive check-up adherence,0.0,Claims in previous 12 months (normalized)
2032,0,81,0.13499885499913944,0.0007270276546478271,0.05694616213440895,Age (normalized),0.17429161071777344,Health score,0.0,Smoking status,0.009540991857647896,BMI risk index,0.04251842200756073,Preventive check-up adherence,0.0,Claims in previous 12 months (normalized)
2032,0,82,0.12837603699972533,0.0005377531051635742,0.0,Age (normalized),0.2003636360168457,Health score,0.0,Smoking status,0.0518924854695797,BMI risk index,0.05972151458263397,Preventive check-up adherence,0.020671658217906952,Claims in previous 12 months (normalized)
2032,0,83,0.14812538800015318,0.0005230158567428589,0.11393207311630249,Age (normalized),0.16074702143669128,Health score,0.0,Smoking status,0.005693354643881321,BMI risk index,0.06719909608364105,Preventive check-up adherence,0.0,Claims in previous 12 months (normalized)
2032,0,84,0.8689042040005006,0.000596165657043457,0.08725282549858093,Age (normalized),0.11694710701704025,Health score,0.0,Smoking status,0.06291233748197556,BMI risk index,0.11850545555353165,Preventive check-up adherence,0.0990261510014534,Claims in previous 12 months (normalized)
2032,0,89,3.031122919000154,0.00025475025177001953,0.03054295852780342,Age (normalized),0.20158855617046356,Health score,0.0,Smoking status,0.008685392327606678,BMI risk index,0.04180588200688362,Preventive check-up adherence,0.0,Claims in previous 12 months (normalized)
2032,0,95,0.19170069099982356,0.00046572834253311157,0.013388356193900108,Age (normalized),0.17950467765331268,Health score,0.0,Smoking status,0.013047649525105953,BMI risk index,0.04947156086564064,Preventive check-up adherence,0.02347107045352459,Claims in previous 12 months (normalized)
2032,0,104,0.17512898899985885,0.00034965574741363525,0.04392605274915695,Age (normalized),0.27238157391548157,Health score,0.17977257072925568,Smoking status,0.009660589508712292,BMI risk index,0.05981919541954994,Preventive check-up adherence,0.08180709183216095,Claims in previous 12 months (normalized)
2032,0,122,0.13810214499972062,0.000439569354057312,0.0956936925649643,Age (normalized),0.22674813866615295,Health score,0.0,Smoking status,0.06036878004670143,BMI risk index,0.03523801267147064,Preventive check-up adherence,0.0,Claims in previous 12 months (normalized)
2032,0,131,0.20429408000018157,5.696341395378113e-05,0.0971941128373146,Age (normalized),0.09955565631389618,Health score,0.0,Smoking status,0.04561953991651535,BMI risk index,0.10963582992553711,Preventive check-up adherence,0.031891535967588425,Claims in previous 12 months (normalized)
2032,0,132,0.7857883930000753,0.0005942061543464661,0.0773545354604721,Age (normalized),0.1992684304714203,Health score,0.0,Smoking status,0.0533929280936718,BMI risk index,0.06906916946172714,Preventive check-up adherence,0.0,Claims in previous 12 months (normalized)
2032,0,135,3.218911844000104,6.03795051574707e-05,0.04872211813926697,Age (normalized),0.2274215966463089,Health score,0.0,Smoking status,0.024288412183523178,BMI risk index,0.06537976115942001,Preventive check-up adherence,0.043627526611089706,Claims in previous 12 months (normalized)
2032,0,141,0.3084502510000675,6.252527236938477e-05,0.07622304558753967,Age (normalized),0.1820107251405716,Health score,0.0,Smoking status,0.05466353893280029,BMI risk index,0.058035340160131454,Preventive check-up adherence,0.0,Claims in previous 12 months (normalized)
2032,0,144,1.6504954369993357,0.0004477165639400482,0.10684890300035477,Age (normalized),0.22944532334804535,Health score,0.20694148540496826,Smoking status,0.018483905121684074,BMI risk index,0.043488964438438416,Preventive check-up adherence,0.032954614609479904,Claims in previous 12 months (normalized)
2032,0,148,0.34351834899916867,0.00012171268463134766,0.06022966653108597,Age (normalized),0.2054784893989563,Health score,0.0,Smoking status,0.05229644477367401,BMI risk index,0.04483901336789131,Preventive check-up adherence,0.0,Claims in previous 12 months (normalized)
2032,0,151,0.19843194899931405,0.0001481771469116211,0.005937259644269943,Age (normalized),0.13527166843414307,Health score,0.0,Smoking status,0.0184597410261631,BMI risk index,0.062223151326179504,Preventive check-up adherence,0.025337889790534973,Claims in previous 12 months (normalized)
2032,0,157,0.1714306960002432,0.0005250126123428345,0.1657988578081131,Age (normalized),0.24355173110961914,Health score,0.20533452928066254,Smoking status,0.06686895340681076,BMI risk index,0.13080836832523346,Preventive check-up adherence,0.0,Claims in previous 12 months (normalized)
2032,0,173,0.1646868939997148,0.0004974007606506348,0.073511503636837,Age (normalized),0.15465809404850006,Health score,0.0,Smoking status,0.006222134456038475,BMI risk index,0.08595886081457138,Preventive check-up adherence,0.02328539825975895,Claims in previous 12 months (normalized)
2032,0,177,0.13339974099926621,2.975761890411377e-05,0.005218526814132929,Age (normalized),0.16157767176628113,Health score,0.0,Smoking status,0.040769901126623154,BMI risk index,0.05864781513810158,Preventive check-up adherence,0.0,Claims in previous 12 months (normalized)
2032,0,179,0.15730468299989298,0.00033451616764068604,0.0835215225815773,Age (normalized),0.19593270123004913,Health score,0.0,Smoking status,0.0303515437990427,BMI risk index,0.06805502623319626,Preventive check-up adherence,0.0,Claims in previous 12 months (normalized)
2032,0,184,0.11169785999936721,0.0006327927112579346,0.05960574001073837,Age (normalized),0.1609390825033188,Health score,0.0,Smoking status,0.03410894423723221,BMI risk index,0.06927479058504105,Preventive check-up adherence,0.02621457539498806,Claims in previous 12 months (normalized)
2032,0,185,0.2013420449993646,0.00019690394401550293,0.062113601714372635,Age (normalized),0.2793824076652527,Health score,0.19179080426692963,Smoking status,0.050294458866119385,BMI risk index,0.11549663543701172,Preventive check-up adherence,0.05920564755797386,Claims in previous 12 months (normalized)
2032,0,189,0.19571425300000556,0.0004106462001800537,0.11284789443016052,Age (normalized),0.11868854612112045,Health score,0.0,Smoking status,0.036498166620731354,BMI risk index,0.09441564232110977,Preventive check-up adherence,0.0,Claims in previous 12 months (normalized)
2032,0,193,0.20000061799964897,0.000938117504119873,0.06453166157007217,Age (normalized),0.20118877291679382,Health score,0.0,Smoking status,0.033207669854164124,BMI risk index,0.06705690920352936,Preventive check-up adherence,0.025479987263679504,Claims in previous 12 months (normalized)
2032,0,197,0.2124283330003891,0.00023418664932250977,0.07387340068817139,Age (normalized),0.0758051723241806,Health score,0.0,Smoking status,0.00019922976207453758,BMI risk index,0.061653297394514084,Preventive check-up adherence,0.05774843320250511,Claims in previous 12 months (normalized)
2032,0,200,0.1829872760008584,0.0005023106932640076,0.035942625254392624,Age (normalized),0.17259854078292847,Health score,0.0,Smoking status,0.04236776754260063,BMI risk index,0.08000901341438293,Preventive check-up adherence,0.02369488775730133,Claims in previous 12 months (normalized)
2032,0,202,0.21614469200085296,0.0007559582591056824,0.1891944259405136,Age (normalized),0.09647542983293533,Health score,0.0,Smoking status,0.10463497787714005,BMI risk index,0.08466413617134094,Preventive check-up adherence,0.03553088381886482,Claims in previous 12 months (normalized)
2032,0,205,0.25956326899995474,0.000128135085105896,0.08710499107837677,Age (normalized),0.17240062355995178,Health score,0.0,Smoking status,0.018513372167944908,BMI risk index,0.09183904528617859,Preventive check-up adherence,0.023629706352949142,Claims in previous 12 months (normalized)
2032,0,224,0.2100066559996776,0.00032705068588256836,0.04495943710207939,Age (normalized),0.1664002388715744,Health score,0.0,Smoking status,0.03639715909957886,BMI risk index,0.06518959999084473,Preventive check-up adherence,0.07606422901153564,Claims in previous 12 months (normalized)
2032,0,231,0.2122904469997593,0.0003118664026260376,0.08632005006074905,Age (normalized),0.17572245001792908,Health score,0.0,Smoking status,0.03561944141983986,BMI risk index,0.08320211619138718,Preventive check-up adherence,0.0,Claims in previous 12 months (normalized)
2032,0,232,0.35223014399980457,0.0003530234098434448,0.00896372925490141,Age (normalized),0.17866151034832,Health score,0.0,Smoking status,0.04258749261498451,BMI risk index,0.054584797471761703,Preventive check-up adherence,0.052399106323719025,Claims in previous 12 months (normalized)
2032,0,239,0.21198635499968077,0.00017811357975006104,0.06467432528734207,Age (normalized),0.13459336757659912,Health score,0.0,Smoking status,0.04763670265674591,BMI risk index,0.09602970629930496,Preventive check-up adherence,0.0,Claims in previous 12 months (normalized)
2032,0,249,0.20505373100058932,0.00021660327911376953,0.11606311798095703,Age (normalized),0.2447071075439453,Health score,0.19228821992874146,Smoking status,0.0012512155808508396,BMI risk index,0.10103179514408112,Preventive check-up adherence,0.1072159931063652,Claims in previous 12 months (normalized)
2032,0,250,0.2721541380005874,0.0002464801073074341,0.058219216763973236,Age (normalized),0.2106601893901825,Health score,0.0,Smoking status,0.020433710888028145,BMI risk index,0.06448204815387726,Preventive check-up adherence,0.021026020869612694,Claims in previous 12 months (normalized)
2032,0,251,0.2659715629997663,0.0013486221432685852,0.0,Age (normalized),0.1837007701396942,Health score,0.0,Smoking status,0.00802666787058115,BMI risk index,0.034478165209293365,Preventive check-up adherence,0.022358477115631104,Claims in previous 12 months (normalized)
2032,0,256,0.25292400999933307,0.00020529329776763916,0.058777354657649994,Age (normalized),0.19224591553211212,Health score,0.0,Smoking status,0.026628322899341583,BMI risk index,0.04284501075744629,Preventive check-up adherence,0.02659965492784977,Claims in previous 12 months (normalized)
2032,0,257,0.34255243000006885,0.00022659450769424438,0.00763695640489459,Age (normalized),0.19360454380512238,Health score,0.0,Smoking status,0.01022717822343111,BMI risk index,0.048171266913414,Preventive check-up adherence,0.019814496859908104,Claims in previous 12 months (normalized)
2032,0,265,0.3094998440001291,0.00059528648853302,0.09863851964473724,Age (normalized),0.2171800434589386,Health score,0.2090957760810852,Smoking status,0.1578122079372406,BMI risk index,0.12882393598556519,Preventive check-up adherence,0.06301914900541306,Claims in previous 12 months (normalized)
2032,0,266,0.2984222740005862,0.001191169023513794,0.12365710735321045,Age (normalized),0.2780107855796814,Health score,0.0,Smoking status,0.11131258308887482,BMI risk index,0.07152558118104935,Preventive check-up adherence,0.027904773131012917,Claims in previous 12 months (normalized)
2032,0,268,0.17447165900102846,0.0003194734454154968,0.04914090409874916,Age (normalized),0.16398942470550537,Health score,0.0,Smoking status,0.024094827473163605,BMI risk index,0.09499439597129822,Preventive check-up adherence,0.05021394044160843,Claims in previous 12 months (normalized)
2032,0,279,0.20225859000038326,0.00023640692234039307,0.07941299676895142,Age (normalized),0.16765263676643372,Health score,0.0,Smoking status,0.029737534001469612,BMI risk index,0.07324253022670746,Preventive check-up adherence,0.057000160217285156,Claims in previous 12 months (normalized)
2032,0,284,0.2296893810007532,0.0005433261394500732,0.052236538380384445,Age (normalized),0.2044970989227295,Health score,0.0,Smoking status,0.07540465146303177,BMI risk index,0.08466009795665741,Preventive check-up adherence,0.0,Claims in previous 12 months (normalized)
2032,0,286,0.20269089700013865,0.0010113269090652466,0.06844037026166916,Age (normalized),0.18786345422267914,Health score,0.0,Smoking status,0.03944027051329613,BMI risk index,0.08418061584234238,Preventive check-up adherence,0.0,Claims in previous 12 months (normalized)
2032,0,292,0.1317878430008932,0.00022539496421813965,0.1208966001868248,Age (normalized),0.1916206032037735,Health score,0.0,Smoking status,0.034011110663414,BMI risk index,0.07687431573867798,Preventive check-up adherence,0.0,Claims in previous 12 months (normalized)
2032,0,295,0.1750391049999962,0.0004663392901420593,0.03101666457951069,Age (normalized),0.19189323484897614,Health score,0.0,Smoking status,0.05013597756624222,BMI risk index,0.06272657960653305,Preventive check-up adherence,0.0,Claims in previous 12 months (normalized)
2032,0,303,0.2427891079996698,0.00020830705761909485,0.11179846525192261,Age (normalized),0.1283053755760193,Health score,0.0,Smoking status,0.06729894131422043,BMI risk index,0.04456936940550804,Preventive check-up adherence,0.03446447476744652,Claims in previous 12 months (normalized)
2032,0,310,0.16855170899998484,0.0004947036504745483,0.04779462516307831,Age (normalized),0.17540322244167328,Health score,0.0,Smoking status,0.0048141577281057835,BMI risk index,0.06517034769058228,Preventive check-up adherence,0.023711496964097023,Claims in previous 12 months (normalized)
2032,0,312,0.1983675059991583,3.987550735473633e-05,0.09645888209342957,Age (normalized),0.1977885514497757,Health score,0.0,Smoking status,0.0025437860749661922,BMI risk index,0.02557847462594509,Preventive check-up adherence,0.02523784339427948,Claims in previous 12 months (normalized)
2032,0,320,0.17332350600008795,0.00019828975200653076,0.0,Age (normalized),0.1187971904873848,Health score,0.0,Smoking status,0.008944282308220863,BMI risk index,0.04725463688373566,Preventive check-up adherence,0.02344946376979351,Claims in previous 12 months (normalized)
2032,0,323,0.1995645080005488,7.400289177894592e-05,0.08708227425813675,Age (normalized),0.12976959347724915,Health score,0.0,Smoking status,0.036109473556280136,BMI risk index,0.05106411874294281,Preventive check-up adherence,0.064923495054245,Claims in previous 12 months (normalized)
2032,0,325,0.19674767299966334,0.0005650222301483154,0.08284471929073334,Age (normalized),0.18266379833221436,Health score,0.0,Smoking status,0.00980735756456852,BMI risk index,0.07299961149692535,Preventive check-up adherence,0.024157796055078506,Claims in previous 12 months (normalized)
2032,0,328,0.20537337500081776,0.0004912987351417542,0.0,Age (normalized),0.21241700649261475,Health score,0.0,Smoking status,0.04237075522542,BMI risk index,0.04793441668152809,Preventive check-up adherence,0.04367252066731453,Claims in previous 12 months (normalized)
2032,0,334,0.24169301899928541,0.00018511712551116943,0.04046517238020897,Age (normalized),0.1426873356103897,Health score,0.0,Smoking status,0.034197621047496796,BMI risk index,0.08398184180259705,Preventive check-up adherence,0.0,Claims in previous 12 months (normalized)
2032,0,336,0.16522858799999085,0.0004712045192718506,0.06449641287326813,Age (normalized),0.16209059953689575,Health score,0.0,Smoking status,0.005325635429471731,BMI risk index,0.08038964867591858,Preventive check-up adherence,0.0,Claims in previous 12 months (normalized)
2032,0,345,0.17405645700091554,0.0008843541145324707,0.004272495396435261,Age (normalized),0.10460887849330902,Health score,0.1820434182882309,Smoking status,0.058098696172237396,BMI risk index,0.065761998295784,Preventive check-up adherence,0.07494404166936874,Claims in previous 12 months (normalized)
2032,0,347,0.1907667860004949,5.9738755226135254e-05,0.11748620122671127,Age (normalized),0.24540258944034576,Health score,0.0,Smoking status,0.02657439187169075,BMI risk index,0.0474986769258976,Preventive check-up adherence,0.0,Claims in previous 12 months (normalized)
2032,0,354,0.24025672900006612,0.0013787150382995605,0.15908114612102509,Age (normalized),0.1974494755268097,Health score,0.0,Smoking status,0.017908940091729164,BMI risk index,0.12592639029026031,Preventive check-up adherence,0.031892478466033936,Claims in previous 12 months (normalized)
2032,0,361,0.20575099600046087,3.4831464290618896e-05,0.02921091578900814,Age (normalized),0.18886682391166687,Health score,0.0,Smoking status,0.03564529865980148,BMI risk index,0.051053717732429504,Preventive check-up adherence,0.022618765011429787,Claims in previous 12 months (normalized)
2032,0,382,0.18916928600083338,0.0005140155553817749,0.04271650314331055,Age (normalized),0.2035353183746338,Health score,0.0,Smoking status,0.03187467157840729,BMI risk index,0.05416412279009819,Preventive check-up adherence,0.052892446517944336,Claims in previous 12 months (normalized)
2032,0,386,0.2245189630002642,0.0005619674921035767,0.1917327344417572,Age (normalized),0.2427668571472168,Health score,0.0,Smoking status,0.027895715087652206,BMI risk index,0.04676246643066406,Preventive check-up adherence,0.0,Claims in previous 12 months (normalized)
2032,0,390,0.18964894500004448,0.0004105567932128906,0.14315059781074524,Age (normalized),0.23940108716487885,Health score,0.0,Smoking status,0.04947078227996826,BMI risk index,0.06385809928178787,Preventive check-up adherence,0.05121713504195213,Claims in previous 12 months (normalized)
2032,0,398,0.17774705500050914,0.00031260401010513306,0.06292304396629333,Age (normalized),0.22104980051517487,Health score,0.0,Smoking status,0.025149362161755562,BMI risk index,0.048039548099040985,Preventive check-up adherence,0.022771520540118217,Claims in previous 12 months (normalized)
2032,0,407,0.22272863000034704,0.0002489537000656128,0.05793733522295952,Age (normalized),0.1744951754808426,Health score,0.0,Smoking status,0.04532892256975174,BMI risk index,0.06061460077762604,Preventive check-up adherence,0.0,Claims in previous 12 months (normalized)
2032,0,409,0.1859269630003837,0.0003377869725227356,0.0,Age (normalized),0.23980256915092468,Health score,0.2081230729818344,Smoking status,0.0365605466067791,BMI risk index,0.08088449388742447,Preventive check-up adherence,0.03360206261277199,Claims in previous 12 months (normalized)
2032,0,410,0.23558533000050375,0.00035853311419487,0.14099903404712677,Age (normalized),0.32930096983909607,Health score,0.21115918457508087,Smoking status,0.035170216113328934,BMI risk index,0.057840097695589066,Preventive check-up adherence,0.033073581755161285,Claims in previous 12 months (normalized)
2032,0,412,0.14812956399964605,0.00038596242666244507,0.057678818702697754,Age (normalized),0.09603274613618851,Health score,0.0,Smoking status,0.110307976603508,BMI risk index,0.13390767574310303,Preventive check-up adherence,0.07189559936523438,Claims in previous 12 months (normalized)
2032,0,417,0.14662766000037664,0.0002951771020889282,0.08700783550739288,Age (normalized),0.23294860124588013,Health score,0.0,Smoking status,0.07918810844421387,BMI risk index,0.05918022245168686,Preventive check-up adherence,0.028787760064005852,Claims in previous 12 months (normalized)
2032,0,419,0.12181969900029799,0.0009096488356590271,0.04826152324676514,Age (normalized),0.18016637861728668,Health score,0.0,Smoking status,0.02121349424123764,BMI risk index,0.053620729595422745,Preventive check-up adherence,0.0,Claims in previous 12 months (normalized)
2032,0,426,0.1412742590000562,7.295608520507812e-05,0.033015213906764984,Age (normalized),0.16628095507621765,Health score,0.0,Smoking status,0.04159582406282425,BMI risk index,0.04891546443104744,Preventive check-up adherence,0.0,Claims in previous 12 months (normalized)
2032,0,430,0.12476084599893511,0.0002021193504333496,0.06201188638806343,Age (normalized),0.22183595597743988,Health score,0.17969411611557007,Smoking status,0.001843552803620696,BMI risk index,0.10986854881048203,Preventive check-up adherence,0.02885669842362404,Claims in previous 12 months (normalized)
2032,0,434,0.17565560600087338,2.9087066650390625e-05,0.09457269310951233,Age (normalized),0.18655073642730713,Health score,0.0,Smoking status,0.020654426887631416,BMI risk index,0.07447303831577301,Preventive check-up adherence,0.024958275258541107,Claims in previous 12 months (normalized)
2032,0,437,0.13547628700052883,1.4141201972961426e-05,0.048861175775527954,Age (normalized),0.18783512711524963,Health score,0.0,Smoking status,0.0647004172205925,BMI risk index,0.09355010837316513,Preventive check-up adherence,0.05518248677253723,Claims in previous 12 months (normalized)
2032,0,443,0.15110137600004236,0.00023652613162994385,0.12479379028081894,Age (normalized),0.19718676805496216,Health score,0.0,Smoking status,0.03520963340997696,BMI risk index,0.07662703096866608,Preventive check-up adherence,0.024347025901079178,Claims in previous 12 months (normalized)
2032,0,449,0.1331153989995073,0.0003719627857208252,0.1600268930196762,Age (normalized),0.32834261655807495,Health score,0.19865034520626068,Smoking status,0.07134799659252167,BMI risk index,0.04813581705093384,Preventive check-up adherence,0.10776188224554062,Claims in previous 12 months (normalized)
2032,0,470,0.14466165600060776,2.232193946838379e-05,0.04415867105126381,Age (normalized),0.19574400782585144,Health score,0.0,Smoking status,0.03886711969971657,BMI risk index,0.08650995045900345,Preventive check-up adherence,0.05062469467520714,Claims in previous 12 months (normalized)
2032,0,472,0.14889607100121793,0.00043004751205444336,0.050101835280656815,Age (normalized),0.19680653512477875,Health score,0.0,Smoking status,0.014377469196915627,BMI risk index,0.07971903681755066,Preventive check-up adherence,0.044274862855672836,Claims in previous 12 months (normalized)
2032,0,475,0.1582360479997078,0.0008772462606430054,0.0,Age (normalized),0.17363032698631287,Health score,0.0,Smoking status,0.06324922293424606,BMI risk index,0.07103125751018524,Preventive check-up adherence,0.0,Claims in previous 12 months (normalized)
2032,0,480,0.14559409100002085,0.0006419122219085693,0.0602949820458889,Age (normalized),0.20732057094573975,Health score,0.0,Smoking status,0.000417614501202479,BMI risk index,0.05609074980020523,Preventive check-up adherence,0.0,Claims in previous 12 months (normalized)
2032,0,488,0.15330043799895066,0.00029055774211883545,0.03160025551915169,Age (normalized),0.26146143674850464,Health score,0.16350604593753815,Smoking status,0.028214655816555023,BMI risk index,0.08173178881406784,Preventive check-up adherence,0.02614826336503029,Claims in previous 12 months (normalized)
2032,0,492,0.1838903300003949,8.43629240989685e-05,0.052070796489715576,Age (normalized),0.1974206268787384,Health score,0.0,Smoking status,0.06056748703122139,BMI risk index,0.07587000727653503,Preventive check-up adherence,0.0,Claims in previous 12 months (normalized)
2032,0,498,0.1599883580001915,0.000406116247177124,0.11054381728172302,Age (normalized),0.19286449253559113,Health score,0.0,Smoking status,0.0688827782869339,BMI risk index,0.10145793110132217,Preventive check-up adherence,0.0,Claims in previous 12 months (normalized)
2032,0,509,0.161281381999288,0.00039142370223999023,0.07093819975852966,Age (normalized),0.10414604097604752,Health score,0.0,Smoking status,0.06187327951192856,BMI risk index,0.11513052880764008,Preventive check-up adherence,0.0,Claims in previous 12 months (normalized)
2032,0,514,0.16335870100010652,0.0001959875226020813,0.0,Age (normalized),0.14603081345558167,Health score,0.20943832397460938,Smoking status,0.12266747653484344,BMI risk index,0.03997474163770676,Preventive check-up adherence,0.0,Claims in previous 12 months (normalized)
2032,0,518,0.1313158700004351,0.000496402382850647,0.05120484530925751,Age (normalized),0.21244384348392487,Health score,0.0,Smoking status,0.03463086858391762,BMI risk index,0.039124686270952225,Preventive check-up adherence,0.057247795164585114,Claims in previous 12 months (normalized)
2032,0,528,0.15647098899989942,3.106892108917236e-05,0.062103599309921265,Age (normalized),0.23181545734405518,Health score,0.0,Smoking status,0.05627379193902016,BMI risk index,0.07144444435834885,Preventive check-up adherence,0.025038395076990128,Claims in previous 12 months (normalized)
2032,0,529,0.15343729100004566,0.0003649294376373291,0.08340153843164444,Age (normalized),0.17732340097427368,Health score,0.0,Smoking status,0.04041316360235214,BMI risk index,0.056136354804039,Preventive check-up adherence,0.02677491307258606,Claims in previous 12 months (normalized)
2032,0,531,0.1503805949996604,0.00024145841598510742,0.04892024025321007,Age (normalized),0.12851732969284058,Health score,0.0,Smoking status,0.009215693920850754,BMI risk index,0.08355892449617386,Preventive check-up adherence,0.05813833698630333,Claims in previous 12 months (normalized)
2032,0,534,0.1235159729994848,0.00017127394676208496,0.14924846589565277,Age (normalized),0.33537086844444275,Health score,0.21713685989379883,Smoking status,0.03921312466263771,BMI risk index,0.11532305926084518,Preventive check-up adherence,0.12337058782577515,Claims in previous 12 months (normalized)
2032,0,536,0.14377439599957142,6.684660911560059e-05,0.07937175035476685,Age (normalized),0.20849697291851044,Health score,0.0,Smoking status,0.012678409926593304,BMI risk index,0.04468422010540962,Preventive check-up adherence,0.0,Claims in previous 12 months (normalized)
2032,0,542,0.1626182410009278,1.8902122974395752e-05,0.010317938402295113,Age (normalized),0.1847883015871048,Health score,0.0,Smoking status,0.02225949428975582,BMI risk index,0.05485218018293381,Preventive check-up adherence,0.021038534119725227,Claims in previous 12 months (normalized)
2032,0,552,0.15466865399957896,0.0005621612071990967,0.05052503943443298,Age (normalized),0.1656804233789444,Health score,0.0,Smoking status,0.015545223839581013,BMI risk index,0.06541939079761505,Preventive check-up adherence,0.023821866139769554,Claims in previous 12 months (normalized)
2032,0,560,0.13784622399998625,0.0003097355365753174,0.053861524909734726,Age (normalized),0.29779621958732605,Health score,0.186369851231575,Smoking status,0.09368420392274857,BMI risk index,0.09187240898609161,Preventive check-up adherence,0.0,Claims in previous 12 months (normalized)
2032,0,561,0.15365829399979702,0.0005681440234184265,0.03558226302266121,Age (normalized),0.16791127622127533,Health score,0.0,Smoking status,0.0005181277520023286,BMI risk index,0.06810875236988068,Preventive check-up adherence,0.0,Claims in previous 12 months (normalized)
2032,0,562,0.13916821499969956,9.50545072555542e-05,0.0854341983795166,Age (normalized),0.18953168392181396,Health score,0.0,Smoking status,0.003150123870000243,BMI risk index,0.05185934528708458,Preventive check-up adherence,0.023360049352049828,Claims in previous 12 months (normalized)
2032,0,577,0.1546059439997407,0.00019471347332000732,0.08783591538667679,Age (normalized),0.12546028196811676,Health score,0.0,Smoking status,0.000511671882122755,BMI risk index,0.07065153867006302,Preventive check-up adherence,0.026792515069246292,Claims in previous 12 months (normalized)
2032,0,578,0.13703923899993242,0.000448375940322876,0.16866162419319153,Age (normalized),0.3705298602581024,Health score,0.22175975143909454,Smoking status,0.13172820210456848,BMI risk index,0.11543761193752289,Preventive check-up adherence,0.0,Claims in previous 12 months (normalized)
2032,0,585,0.16024792399912258,0.00010938942432403564,0.11257766932249069,Age (normalized),0.20163428783416748,Health score,0.0,Smoking status,0.0326751172542572,BMI risk index,0.06641778349876404,Preventive check-up adherence,0.06496099382638931,Claims in previous 12 months (normalized)
2032,0,591,0.2674608960005571,0.00010453164577484131,0.12926308810710907,Age (normalized),0.1325875222682953,Health score,0.21988266706466675,Smoking status,0.08259066939353943,BMI risk index,0.12834368646144867,Preventive check-up adherence,0.033496301621198654,Claims in previous 12 months (normalized)
2032,0,595,13.706659640999533,0.00016811490058898926,0.1653890162706375,Age (normalized),0.2695210874080658,Health score,0.2054879069328308,Smoking status,0.040257710963487625,BMI risk index,0.09341143071651459,Preventive check-up adherence,0.0,Claims in previous 12 months (normalized)
2032,0,597,5.401270912000655,0.00011146068572998047,0.11584603786468506,Age (normalized),0.33693060278892517,Health score,0.20627295970916748,Smoking status,0.041003696620464325,BMI risk index,0.06535424292087555,Preventive check-up adherence,0.06065328046679497,Claims in previous 12 months (normalized)
2033,0,0,0.19810462799978268,0.00022912025451660156,0.019575942307710648,Age (normalized),0.15220551192760468,Health score,0.0,Smoking status,0.06729768216609955,BMI risk index,0.06637125462293625,Preventive check-up adherence,0.025650514289736748,Claims in previous 12 months (normalized)
2033,0,2,0.21408126400001493,2.475455403327942e-06,0.11420731246471405,Age (normalized),0.07933035492897034,Health score,0.0,Smoking status,0.06645076721906662,BMI risk index,0.11821083724498749,Preventive check-up adherence,0.0856102779507637,Claims in previous 12 months (normalized)
2033,0,13,0.230677910999475,0.00037135183811187744,0.09679155051708221,Age (normalized),0.26181668043136597,Health score,0.2151479572057724,Smoking status,0.04802187904715538,BMI risk index,0.10817330330610275,Preventive check-up adherence,0.07275597006082535,Claims in previous 12 months (normalized)
2033,0,15,0.16720840600009979,9.188055992126465e-05,0.143805593252182,Age (normalized),0.13070005178451538,Health score,0.0,Smoking status,0.11218568682670593,BMI risk index,0.11629176139831543,Preventive check-up adherence,0.0,Claims in previous 12 months (normalized)
2033,0,19,0.17263169799934985,0.0002743452787399292,0.1525372415781021,Age (normalized),0.28394001722335815,Health score,0.24793876707553864,Smoking status,0.026760222390294075,BMI risk index,0.08818414807319641,Preventive check-up adherence,0.04334297031164169,Claims in previous 12 months (normalized)
2033,0,20,0.19978186400021514,0.00041259825229644775,0.10460004210472107,Age (normalized),0.16818931698799133,Health score,0.0,Smoking status,0.021081356331706047,BMI risk index,0.07190866768360138,Preventive check-up adherence,0.0,Claims in previous 12 months (normalized)
2033,0,21,0.32724756600055116,0.00020451843738555908,0.09802376478910446,Age (normalized),0.17940539121627808,Health score,0.0,Smoking status,0.03466416150331497,BMI risk index,0.08825401216745377,Preventive check-up adherence,0.057363707572221756,Claims in previous 12 months (normalized)
2033,0,27,0.4174590499997066,0.00013171136379241943,0.07243658602237701,Age (normalized),0.10875899344682693,Health score,0.0,Smoking status,0.034873951226472855,BMI risk index,0.07249630242586136,Preventive check-up adherence,0.0,Claims in previous 12 months (normalized)
2033,0,30,0.16896747600094386,0.00019457191228866577,0.15911652147769928,Age (normalized),0.17964988946914673,Health score,0.21000446379184723,Smoking status,0.008873477578163147,BMI risk index,0.08786337822675705,Preventive check-up adherence,0.07425450533628464,Claims in previous 12 months (normalized)
2033,0,40,0.14158289799979684,0.0007681176066398621,0.12271494418382645,Age (normalized),0.2525065541267395,Health score,0.22181381285190582,Smoking status,0.042878974229097366,BMI risk index,0.09853683412075043,Preventive check-up adherence,0.0,Claims in previous 12 months (normalized)
2033,0,42,0.1288222829989536,3.375113010406494e-05,0.0985817238688469,Age (normalized),0.14200752973556519,Health score,0.0,Smoking status,0.01451790239661932,BMI risk index,0.09022630006074905,Preventive check-up adherence,0.11865571141242981,Claims in previous 12 months (normalized)
2033,0,44,0.15727996899931895,0.00039765238761901855,0.01942644640803337,Age (normalized),0.19420740008354187,Health score,0.210063174366951,Smoking status,0.01849086582660675,BMI risk index,0.10440190881490707,Preventive check-up adherence,0.06945722550153732,Claims in previous 12 months (normalized)
2033,0,48,0.15491719800047576,0.00017572194337844849,0.1847091168165207,Age (normalized),0.12182071059942245,Health score,0.0,Smoking status,0.09728341549634933,BMI risk index,0.08154826611280441,Preventive check-up adherence,0.0,Claims in previous 12 months (normalized)
2033,0,53,0.1395113839998885,6.891041994094849e-05,0.037074726074934006,Age (normalized),0.10769321769475937,Health score,0.0,Smoking status,0.0014038441004231572,BMI risk index,0.07343561947345734,Preventive check-up adherence,0.0,Claims in previous 12 months (normalized)
2033,0,57,0.1334467130009216,0.0007013082504272461,0.09172622114419937,Age (normalized),0.18932072818279266,Health score,0.0,Smoking status,0.05596146360039711,BMI risk index,0.07965774089097977,Preventive check-up adherence,0.022145455703139305,Claims in previous 12 months (normalized)
2033,0,58,0.16437820300052408,0.00015397369861602783,0.16391213238239288,Age (normalized),0.17377682030200958,Health score,0.0,Smoking status,0.06869704276323318,BMI risk index,0.08083536475896835,Preventive check-up adherence,0.03379970043897629,Claims in previous 12 months (normalized)
2033,0,70,0.13245916399955604,0.00028915051370859146,0.18052951991558075,Age (normalized),0.27702227234840393,Health score,0.20510618388652802,Smoking status,0.07911473512649536,BMI risk index,0.0844278484582901,Preventive check-up adherence,0.0720498263835907,Claims in previous 12 months (normalized)
2033,0,72,0.15052013300010003,0.00042282044887542725,0.11886441707611084,Age (normalized),0.09554678946733475,Health score,0.0,Smoking status,0.02111065201461315,BMI risk index,0.09051000326871872,Preventive check-up adherence,0.0,Claims in previous 12 months (normalized)
2033,0,74,0.1594916390004073,0.0006796568632125854,0.21343906223773956,Age (normalized),0.22558337450027466,Health score,0.0,Smoking status,0.08251862972974777,BMI risk index,0.08086193352937698,Preventive check-up adherence,0.0,Claims in previous 12 months (normalized)
2033,0,78,0.15664628200011066,0.0006114393472671509,0.09049954265356064,Age (normalized),0.14073914289474487,Health score,0.0,Smoking status,0.038600146770477295,BMI risk index,0.11310762166976929,Preventive check-up adherence,0.0748126283288002,Claims in previous 12 months (normalized)
2033,0,81,0.16866881999976613,0.0002337247133255005,0.11772643029689789,Age (normalized),0.20802642405033112,Health score,0.0,Smoking status,0.04604554548859596,BMI risk index,0.07990238070487976,Preventive check-up adherence,0.052788760513067245,Claims in previous 12 months (normalized)
2033,0,85,0.28783016500074154,0.00023378431797027588,0.024833185598254204,Age (normalized),0.13104656338691711,Health score,0.0,Smoking status,0.04170455038547516,BMI risk index,0.09185411036014557,Preventive check-up adherence,0.0984036922454834,Claims in previous 12 months (normalized)
2033,0,99,0.16244412699961686,0.0005206838250160217,0.023862294852733612,Age (normalized),0.15438659489154816,Health score,0.0,Smoking status,0.016542773693799973,BMI risk index,0.05410158261656761,Preventive check-up adherence,0.0,Claims in previous 12 months (normalized)
2033,0,109,0.1623290999996243,0.000625908374786377,0.13126742839813232,Age (normalized),0.17811831831932068,Health score,0.0,Smoking status,0.07285347580909729,BMI risk index,0.09917289018630981,Preventive check-up adherence,0.02860538475215435,Claims in previous 12 months (normalized)
2033,0,111,0.17319083199981833,0.00014124810695648193,0.12158586084842682,Age (normalized),0.16355770826339722,Health score,0.0,Smoking status,0.08000550419092178,BMI risk index,0.06519777327775955,Preventive check-up adherence,0.03433352708816528,Claims in previous 12 months (normalized)
2033,0,127,0.16281605899985152,0.0002731829881668091,0.07440776377916336,Age (normalized),0.14295217394828796,Health score,0.0,Smoking status,0.0260488111525774,BMI risk index,0.06687527894973755,Preventive check-up adherence,0.0,Claims in previous 12 months (normalized)
2033,0,133,0.20975754800019786,0.0002951100468635559,0.09093576669692993,Age (normalized),0.18590281903743744,Health score,0.0,Smoking status,0.020224450156092644,BMI risk index,0.05917949602007866,Preventive check-up adherence,0.021633503958582878,Claims in previous 12 months (normalized)
2033,0,135,0.21638563299893576,0.0004686415195465088,0.05038952827453613,Age (normalized),0.1668597310781479,Health score,0.0,Smoking status,0.04814435541629791,BMI risk index,0.03891823813319206,Preventive check-up adherence,0.0,Claims in previous 12 months (normalized)
2033,0,136,0.15993788599917025,0.00012323260307312012,0.040130365639925,Age (normalized),0.16710153222084045,Health score,0.0,Smoking status,0.03890024498105049,BMI risk index,0.05990144610404968,Preventive check-up adherence,0.02272650972008705,Claims in previous 12 months (normalized)
2033,0,145,0.16346936900026776,0.0006355643272399902,0.20934048295021057,Age (normalized),0.2231416553258896,Health score,0.0,Smoking status,0.09065819531679153,BMI risk index,0.07200262695550919,Preventive check-up adherence,0.0,Claims in previous 12 months (normalized)
2033,0,155,0.13382229000035295,0.00013850629329681396,0.051000259816646576,Age (normalized),0.1060592457652092,Health score,0.0,Smoking status,0.014476840384304523,BMI risk index,0.0785360112786293,Preventive check-up adherence,0.0,Claims in previous 12 months (normalized)
2033,0,165,0.1406763940003657,1.5541911125183105e-05,0.10225681215524673,Age (normalized),0.1986510157585144,Health score,0.0,Smoking status,0.035812195390462875,BMI risk index,0.06308269500732422,Preventive check-up adherence,0.047996312379837036,Claims in previous 12 months (normalized)
2033,0,166,0.13823130600030709,0.00011039525270462036,0.04917068034410477,Age (normalized),0.1466073840856552,Health score,0.0,Smoking status,0.012917187064886093,BMI risk index,0.05535673350095749,Preventive check-up adherence,0.02331589162349701,Claims in previous 12 months (normalized)
2033,0,168,0.16296919900014473,0.0008405148983001709,0.17357328534126282,Age (normalized),0.1639419049024582,Health score,0.0,Smoking status,0.08420153707265854,BMI risk index,0.07000921666622162,Preventive check-up adherence,0.07916455715894699,Claims in previous 12 months (normalized)
2033,0,170,0.12980940000124974,9.341537952423096e-05,0.14107327163219452,Age (normalized),0.16551317274570465,Health score,0.0,Smoking status,0.010375723242759705,BMI risk index,0.08218485116958618,Preventive check-up adherence,0.0,Claims in previous 12 months (normalized)
2033,0,182,0.1512741090000418,0.00044930726289749146,0.0706472098827362,Age (normalized),0.16694781184196472,Health score,0.0,Smoking status,0.007685667835175991,BMI risk index,0.05251311510801315,Preventive check-up adherence,0.0,Claims in previous 12 months (normalized)
2033,0,183,0.13993083400055184,0.00031936168670654297,0.026407573372125626,Age (normalized),0.16675640642642975,Health score,0.23199106752872467,Smoking status,0.0678289458155632,BMI risk index,0.06200224161148071,Preventive check-up adherence,0.03954501822590828,Claims in previous 12 months (normalized)
2033,0,199,0.15845092499876046,0.0001589059829711914,0.036459919065237045,Age (normalized),0.14977440237998962,Health score,0.0,Smoking status,0.031855735927820206,BMI risk index,0.06033927947282791,Preventive check-up adherence,0.0,Claims in previous 12 months (normalized)
2033,0,201,0.12713292500029638,0.00024916231632232666,0.08683346211910248,Age (normalized),0.14511635899543762,Health score,0.0,Smoking status,0.043578676879405975,BMI risk index,0.09800697863101959,Preventive check-up adherence,0.05623176693916321,Claims in previous 12 months (normalized)
2033,0,219,0.1281280089988286,0.0005132555961608887,0.1177598163485527,Age (normalized),0.22883804142475128,Health score,0.0,Smoking status,0.0986330658197403,BMI risk index,0.050915174186229706,Preventive check-up adherence,0.030116885900497437,Claims in previous 12 months (normalized)
2033,0,221,0.16871276900019438,0.0001379549503326416,0.14204947650432587,Age (normalized),0.1884368509054184,Health score,0.0,Smoking status,0.13765071332454681,BMI risk index,0.08280358463525772,Preventive check-up adherence,0.0378199927508831,Claims in previous 12 months (normalized)
2033,0,222,0.1506272850001551,7.051974534988403e-05,0.017788417637348175,Age (normalized),0.19269421696662903,Health score,0.2364543378353119,Smoking status,0.11590640246868134,BMI risk index,0.10590004175901413,Preventive check-up adherence,0.0,Claims in previous 12 months (normalized)
2033,0,226,0.16068865400120558,0.00016359984874725342,0.09765741974115372,Age (normalized),0.16787809133529663,Health score,0.0,Smoking status,0.06700722128152847,BMI risk index,0.04381558671593666,Preventive check-up adherence,0.0,Claims in previous 12 months (normalized)
2033,0,239,0.15114658399943437,0.00044038891792297363,0.0968642458319664,Age (normalized),0.16416850686073303,Health score,0.0,Smoking status,0.006946382112801075,BMI risk index,0.08886738121509552,Preventive check-up adherence,0.05223594978451729,Claims in previous 12 months (normalized)
2033,0,257,0.14148591499997565,0.00045530498027801514,0.1514420509338379,Age (normalized),0.17449644207954407,Health score,0.0,Smoking status,0.035935621708631516,BMI risk index,0.0859464555978775,Preventive check-up adherence,0.0,Claims in previous 12 months (normalized)
2033,0,258,0.1290036760001385,0.00044386088848114014,0.20338746905326843,Age (normalized),0.19309164583683014,Health score,0.0,Smoking status,0.034073878079652786,BMI risk index,0.06862958520650864,Preventive check-up adherence,0.0,Claims in previous 12 months (normalized)
2033,0,262,0.14730893000069045,0.0002743452787399292,0.14280350506305695,Age (normalized),0.16414622962474823,Health score,0.0,Smoking status,0.10613753646612167,BMI risk index,0.029336582869291306,Preventive check-up adherence,0.0,Claims in previous 12 months (normalized)
2033,0,267,0.13021549799941567,0.00014588236808776855,0.1300743818283081,Age (normalized),0.3154597878456116,Health score,0.21010370552539825,Smoking status,0.03839346021413803,BMI risk index,0.05860446020960808,Preventive check-up adherence,0.07118446379899979,Claims in previous 12 months (normalized)
2033,0,271,0.14366778299972793,8.203089237213135e-05,0.09872327744960785,Age (normalized),0.14770188927650452,Health score,0.0,Smoking status,0.015270236879587173,BMI risk index,0.05304801091551781,Preventive check-up adherence,0.0,Claims in previous 12 months (normalized)
2033,0,277,0.17445066500022222,0.000537678599357605,0.10221879184246063,Age (normalized),0.21460841596126556,Health score,0.0,Smoking status,0.05182234197854996,BMI risk index,0.09532621502876282,Preventive check-up adherence,0.09502631425857544,Claims in previous 12 months (normalized)
2033,0,278,0.1440725909997127,0.00043602287769317627,0.09786123037338257,Age (normalized),0.18901516497135162,Health score,0.0,Smoking status,0.06825634092092514,BMI risk index,0.08220391720533371,Preventive check-up adherence,0.0,Claims in previous 12 months (normalized)
2033,0,283,0.12759283900049923,5.067884922027588e-05,0.0,Age (normalized),0.10362058132886887,Health score,0.0,Smoking status,0.037763215601444244,BMI risk index,0.05988312512636185,Preventive check-up adherence,0.05229547247290611,Claims in previous 12 months (normalized)
2033,0,291,0.13675728700036416,0.00010262429714202881,0.04067840054631233,Age (normalized),0.13778090476989746,Health score,0.0,Smoking status,0.030176274478435516,BMI risk index,0.07392044365406036,Preventive check-up adherence,0.0,Claims in previous 12 months (normalized)
2033,0,292,0.1400129219991868,0.0002522021532058716,0.1198430210351944,Age (normalized),0.06569065153598785,Health score,0.0,Smoking status,0.048053570091724396,BMI risk index,0.11113961786031723,Preventive check-up adherence,0.0,Claims in previous 12 months (normalized)
2033,0,307,0.1426257759994769,0.00027264654636383057,0.12746697664260864,Age (normalized),0.20510265231132507,Health score,0.0,Smoking status,0.02500571496784687,BMI risk index,0.07188542932271957,Preventive check-up adherence,0.02521425485610962,Claims in previous 12 months (normalized)
2033,0,322,0.13587488800021674,0.0007845312356948853,0.01711226813495159,Age (normalized),0.1449592113494873,Health score,0.0,Smoking status,0.011054562404751778,BMI risk index,0.050514765083789825,Preventive check-up adherence,0.018689589574933052,Claims in previous 12 months (normalized)
2033,0,323,0.1615963650001504,2.70158052444458e-05,0.14632074534893036,Age (normalized),0.23320749402046204,Health score,0.0,Smoking status,0.11718352884054184,BMI risk index,0.0740891769528389,Preventive check-up adherence,0.0,Claims in previous 12 months (normalized)
2033,0,331,0.16455420700003742,0.00010328739881515503,0.05701996013522148,Age (normalized),0.15528720617294312,Health score,0.0,Smoking status,0.0036722971126437187,BMI risk index,0.051458895206451416,Preventive check-up adherence,0.0,Claims in previous 12 months (normalized)
2033,0,344,0.1331052629993792,0.0002769157290458679,0.027068808674812317,Age (normalized),0.14851313829421997,Health score,0.0,Smoking status,0.0033726640976965427,BMI risk index,0.029256075620651245,Preventive check-up adherence,0.0,Claims in previous 12 months (normalized)
2033,0,348,0.13273988500077394,9.551644325256348e-05,0.0016997773200273514,Age (normalized),0.10983026772737503,Health score,0.0,Smoking status,0.031372345983982086,BMI risk index,0.03482168912887573,Preventive check-up adherence,0.0,Claims in previous 12 months (normalized)
2033,0,357,0.13888376599970798,0.0003761574625968933,0.06595295667648315,Age (normalized),0.14328724145889282,Health score,0.0,Smoking status,0.0037854283582419157,BMI risk index,0.04866909235715866,Preventive check-up adherence,0.0,Claims in previous 12 months (normalized)
2033,0,363,0.14290563599934103,0.0003115460276603699,0.073704294860363,Age (normalized),0.1513373702764511,Health score,0.0,Smoking status,0.00807205867022276,BMI risk index,0.06697656214237213,Preventive check-up adherence,0.0,Claims in previous 12 months (normalized)
2033,0,368,0.11941997200028709,0.00035099685192108154,0.037453386932611465,Age (normalized),0.1608106791973114,Health score,0.0,Smoking status,0.020731883123517036,BMI risk index,0.051416877657175064,Preventive check-up adherence,0.0,Claims in previous 12 months (normalized)
2033,0,369,0.15874671600067813,0.00010206550359725952,0.06157226860523224,Age (normalized),0.22594884037971497,Health score,0.21528032422065735,Smoking status,0.06489092856645584,BMI risk index,0.12048565596342087,Preventive check-up adherence,0.14589260518550873,Claims in previous 12 months (normalized)
2033,0,380,0.1390879999999015,0.0003242194652557373,0.1227319985628128,Age (normalized),0.1535082757472992,Health score,0.0,Smoking status,0.025568563491106033,BMI risk index,0.05805361270904541,Preventive check-up adherence,0.06877455860376358,Claims in previous 12 months (normalized)
2033,0,381,0.1468713080002999,0.0003922581672668457,0.09320627897977829,Age (normalized),0.15822777152061462,Health score,0.21363075077533722,Smoking status,0.08566221594810486,BMI risk index,0.07184857875108719,Preventive check-up adherence,0.0,Claims in previous 12 months (normalized)
2033,0,383,0.12290807800036418,0.00021813064813613892,0.1075969785451889,Age (normalized),0.2798883318901062,Health score,0.20694607496261597,Smoking status,0.0802309587597847,BMI risk index,0.12476686388254166,Preventive check-up adherence,0.07480616867542267,Claims in previous 12 months (normalized)
2033,0,384,0.1444812190002267,0.00032292306423187256,0.2058703750371933,Age (normalized),0.1999519169330597,Health score,0.0,Smoking status,0.001254384289495647,BMI risk index,0.03635234385728836,Preventive check-up adherence,0.029119223356246948,Claims in previous 12 months (normalized)
2033,0,385,0.1516054300000178,0.00042495131492614746,0.11353248357772827,Age (normalized),0.2798682153224945,Health score,0.19699527323246002,Smoking status,0.031268417835235596,BMI risk index,0.06597334891557693,Preventive check-up adherence,0.03305663913488388,Claims in previous 12 months (normalized)
2033,0,391,0.12809111300066434,0.00045208632946014404,0.08894626796245575,Age (normalized),0.08801873028278351,Health score,0.0,Smoking status,0.04995022714138031,BMI risk index,0.10734548419713974,Preventive check-up adherence,0.07708149403333664,Claims in previous 12 months (normalized)
2033,0,393,0.14316198699998495,0.0004667900502681732,0.12786762416362762,Age (normalized),0.19013996422290802,Health score,0.21198420226573944,Smoking status,0.033314049243927,BMI risk index,0.13340666890144348,Preventive check-up adherence,0.07588957995176315,Claims in previous 12 months (normalized)
2033,0,397,0.15260101500007295,8.597970008850098e-06,0.17315401136875153,Age (normalized),0.19539879262447357,Health score,0.0,Smoking status,0.02894817478954792,BMI risk index,0.06753139197826385,Preventive check-up adherence,0.0,Claims in previous 12 months (normalized)
2033,0,401,0.1527492280001752,0.00021901726722717285,0.12651905417442322,Age (normalized),0.17771631479263306,Health score,0.20600606501102448,Smoking status,0.058067888021469116,BMI risk index,0.10159195214509964,Preventive check-up adherence,0.11065255850553513,Claims in previous 12 months (normalized)
2033,0,402,0.12051456900007906,0.00016707181930541992,0.029436921700835228,Age (normalized),0.14519186317920685,Health score,0.0,Smoking status,0.010189683176577091,BMI risk index,0.057400837540626526,Preventive check-up adherence,0.0,Claims in previous 12 months (normalized)
2033,0,414,0.14631333200031804,9.310990571975708e-05,0.09824922680854797,Age (normalized),0.16115038096904755,Health score,0.0,Smoking status,0.12327629327774048,BMI risk index,0.10061395913362503,Preventive check-up adherence,0.07986235618591309,Claims in previous 12 months (normalized)
2033,0,416,0.13207227400016563,0.000772424042224884,0.058570973575115204,Age (normalized),0.16525313258171082,Health score,0.0,Smoking status,0.04257111996412277,BMI risk index,0.06808730959892273,Preventive check-up adherence,0.0,Claims in previous 12 months (normalized)
2033,0,418,0.127161143000194,0.0003590807318687439,0.0025659326929599047,Age (normalized),0.16751481592655182,Health score,0.0,Smoking status,0.07811839133501053,BMI risk index,0.04633380472660065,Preventive check-up adherence,0.02436016872525215,Claims in previous 12 months (normalized)
2033,0,422,0.12053257299976394,0.0007858574390411377,0.03863154351711273,Age (normalized),0.17035086452960968,Health score,0.0,Smoking status,0.05001715570688248,BMI risk index,0.07321322709321976,Preventive check-up adherence,0.05252807214856148,Claims in previous 12 months (normalized)
2033,0,423,0.16797974900055124,0.00017036497592926025,0.04613933339715004,Age (normalized),0.24560736119747162,Health score,0.21282339096069336,Smoking status,0.0122359748929739,BMI risk index,0.11848698556423187,Preventive check-up adherence,0.07325736433267593,Claims in previous 12 months (normalized)
2033,0,424,0.13403361700056848,0.0003422200679779053,0.11186376959085464,Age (normalized),0.17228573560714722,Health score,0.0,Smoking status,0.0493411161005497,BMI risk index,0.05889147147536278,Preventive check-up adherence,0.030446892604231834,Claims in previous 12 months (normalized)
2033,0,431,0.13699440700020205,0.00029650330543518066,0.0,Age (normalized),0.15497055649757385,Health score,0.0,Smoking status,0.030451921746134758,BMI risk index,0.04733476787805557,Preventive check-up adherence,0.0,Claims in previous 12 months (normalized)
2033,0,435,0.12023002200021438,0.0001684427261352539,0.13207946717739105,Age (normalized),0.14014574885368347,Health score,0.0,Smoking status,0.007808816619217396,BMI risk index,0.06999897956848145,Preventive check-up adherence,0.0,Claims in previous 12 months (normalized)
2033,0,438,0.13263623200055008,0.0004218071699142456,0.028597842901945114,Age (normalized),0.17215672135353088,Health score,0.0,Smoking status,0.0922558531165123,BMI risk index,0.058761052787303925,Preventive check-up adherence,0.030874282121658325,Claims in previous 12 months (normalized)
2033,0,440,0.14471537900044495,0.0004076659679412842,0.033253636211156845,Age (normalized),0.1561291217803955,Health score,0.0,Smoking status,0.0968049019575119,BMI risk index,0.07428429275751114,Preventive check-up adherence,0.0,Claims in previous 12 months (normalized)
2033,0,442,0.1296534459997929,0.0006921738386154175,0.10497269779443741,Age (normalized),0.17070254683494568,Health score,0.22158269584178925,Smoking status,0.11644835770130157,BMI risk index,0.13553239405155182,Preventive check-up adherence,0.039666175842285156,Claims in previous 12 months (normalized)
2033,0,443,0.16142501099966466,0.00036175549030303955,0.050630275160074234,Age (normalized),0.20753753185272217,Health score,0.0,Smoking status,0.11049996316432953,BMI risk index,0.08019589632749557,Preventive check-up adherence,0.06493081897497177,Claims in previous 12 months (normalized)
2033,0,445,0.13782066400108306,0.00036203861236572266,0.05674562230706215,Age (normalized),0.10660601407289505,Health score,0.0,Smoking status,0.04309391230344772,BMI risk index,0.07996450364589691,Preventive check-up adherence,0.0,Claims in previous 12 months (normalized)
2033,0,447,0.1283297540003332,3.159046173095703e-06,0.0742107704281807,Age (normalized),0.13869906961917877,Health score,0.0,Smoking status,0.043858837336301804,BMI risk index,0.08423935621976852,Preventive check-up adherence,0.07577109336853027,Claims in previous 12 months (normalized)
2033,0,453,0.1398072100000718,0.00018946826457977295,0.1889314204454422,Age (normalized),0.21296067535877228,Health score,0.0,Smoking status,0.07364106923341751,BMI risk index,0.07384556531906128,Preventive check-up adherence,0.0,Claims in previous 12 months (normalized)
2033,0,454,0.13743745800002216,0.00037257373332977295,0.0623164139688015,Age (normalized),0.1706322431564331,Health score,0.0,Smoking status,0.05133712664246559,BMI risk index,0.03607543930411339,Preventive check-up adherence,0.0,Claims in previous 12 months (normalized)
2033,0,457,0.14126880000094388,0.00024887174367904663,0.04384893923997879,Age (normalized),0.14811380207538605,Health score,0.0,Smoking status,0.00305539695546031,BMI risk index,0.046964503824710846,Preventive check-up adherence,0.0,Claims in previous 12 months (normalized)
2033,0,461,0.12091237799995724,0.0006242096424102783,0.05948131904006004,Age (normalized),0.20861507952213287,Health score,0.2096792608499527,Smoking status,0.16170912981033325,BMI risk index,0.10573861747980118,Preventive check-up adherence,0.03679175302386284,Claims in previous 12 months (normalized)
2033,0,462,0.12966108500040718,0.0006156712770462036,0.1207091435790062,Age (normalized),0.12546895444393158,Health score,0.0,Smoking status,0.05173375830054283,BMI risk index,0.07482164353132248,Preventive check-up adherence,0.035384587943553925,Claims in previous 12 months (normalized)
2033,0,464,0.14409124699977838,0.00017052888870239258,0.07590153068304062,Age (normalized),0.2018573135137558,Health score,0.0,Smoking status,0.08349602669477463,BMI risk index,0.078050896525383,Preventive check-up adherence,0.0,Claims in previous 12 months (normalized)
2033,0,469,0.133077413999672,0.0002203434705734253,0.07894953340291977,Age (normalized),0.17344476282596588,Health score,0.0,Smoking status,0.004627875983715057,BMI risk index,0.05168644338846207,Preventive check-up adherence,0.050082337111234665,Claims in previous 12 months (normalized)
2033,0,480,0.11704114000076515,9.986013174057007e-05,0.049004003405570984,Age (normalized),0.1542622148990631,Health score,0.0,Smoking status,0.027365315705537796,BMI risk index,0.03355131670832634,Preventive check-up adherence,0.0,Claims in previous 12 months (normalized)
2033,0,482,0.1502668730008736,4.633516073226929e-05,0.02736169658601284,Age (normalized),0.13892321288585663,Health score,0.0,Smoking status,0.0456736795604229,BMI risk index,0.07552880793809891,Preventive check-up adherence,0.04996827244758606,Claims in previous 12 months (normalized)
2033,0,484,0.1207547109997904,1.315772533416748e-05,0.11390490084886551,Age (normalized),0.32596269249916077,Health score,0.21427637338638306,Smoking status,0.08101237565279007,BMI risk index,0.05060537904500961,Preventive check-up adherence,0.035912055522203445,Claims in previous 12 months (normalized)
2033,0,500,0.13873691900062113,0.0005840808153152466,0.06599727272987366,Age (normalized),0.13991516828536987,Health score,0.0,Smoking status,0.02189963310956955,BMI risk index,0.0651526153087616,Preventive check-up adherence,0.0,Claims in previous 12 months (normalized)
2033,0,503,0.12134925000009389,0.00035681575536727905,0.05647317320108414,Age (normalized),0.17232424020767212,Health score,0.0,Smoking status,0.015583171509206295,BMI risk index,0.058038510382175446,Preventive check-up adherence,0.02143397182226181,Claims in previous 12 months (normalized)
2033,0,513,0.15496072699988872,0.000875912606716156,0.01738068461418152,Age (normalized),0.15713833272457123,Health score,0.0,Smoking status,0.016239264979958534,BMI risk index,0.05045076087117195,Preventive check-up adherence,0.039997946470975876,Claims in previous 12 months (normalized)
2033,0,514,0.1413075270002082,0.00027736276388168335,0.11334991455078125,Age (normalized),0.1074683666229248,Health score,0.0,Smoking status,0.05785323306918144,BMI risk index,0.0614946112036705,Preventive check-up adherence,0.03779817372560501,Claims in previous 12 months (normalized)
2033,0,526,0.13579656800084194,0.0003599599003791809,0.12417455017566681,Age (normalized),0.15588456392288208,Health score,0.2108856588602066,Smoking status,0.08672835677862167,BMI risk index,0.04671281948685646,Preventive check-up adherence,0.0,Claims in previous 12 months (normalized)
2033,0,527,0.1418443180000395,2.5130808353424072e-05,0.0997161716222763,Age (normalized),0.19045639038085938,Health score,0.0,Smoking status,0.045624326914548874,BMI risk index,0.05365758761763573,Preventive check-up adherence,0.0,Claims in previous 12 months (normalized)
2033,0,538,0.12580049200005305,0.000126764178276062,0.03175412118434906,Age (normalized),0.14545783400535583,Health score,0.0,Smoking status,0.1097014844417572,BMI risk index,0.05186435207724571,Preventive check-up adherence,0.0,Claims in previous 12 months (normalized)
2033,0,539,0.1325843590002478,0.0009142830967903137,0.09714999794960022,Age (normalized),0.1708071082830429,Health score,0.0,Smoking status,0.00973772443830967,BMI risk index,0.06378185749053955,Preventive check-up adherence,0.0,Claims in previous 12 months (normalized)
2033,0,540,0.13659052999992127,4.836916923522949e-05,0.16765443980693817,Age (normalized),0.1278587281703949,Health score,0.16684266924858093,Smoking status,0.10085237771272659,BMI risk index,0.09317053109407425,Preventive check-up adherence,0.12407536804676056,Claims in previous 12 months (normalized)
2033,0,546,0.1703752829998848,0.000547945499420166,0.051691971719264984,Age (normalized),0.15386728942394257,Health score,0.0,Smoking status,0.054146330803632736,BMI risk index,0.05419076234102249,Preventive check-up adherence,0.0,Claims in previous 12 months (normalized)
2033,0,548,0.14046680499996,0.00021317601203918457,0.12113024294376373,Age (normalized),0.18836672604084015,Health score,0.0,Smoking status,0.011658655479550362,BMI risk index,0.05196177214384079,Preventive check-up adherence,0.021994277834892273,Claims in previous 12 months (normalized)
2033,0,556,0.1382581690004372,0.0002247840166091919,0.1593637317419052,Age (normalized),0.20799247920513153,Health score,0.0,Smoking status,0.08462639153003693,BMI risk index,0.09333737194538116,Preventive check-up adherence,0.0,Claims in previous 12 months (normalized)
2033,0,557,0.1413816410004074,0.0004428178071975708,0.11725938320159912,Age (normalized),0.15341594815254211,Health score,0.0,Smoking status,0.17409655451774597,BMI risk index,0.10649951547384262,Preventive check-up adherence,0.0,Claims in previous 12 months (normalized)
2033,0,560,0.16310263499963185,0.00011740624904632568,0.0,Age (normalized),0.15440644323825836,Health score,0.0,Smoking status,0.007771624252200127,BMI risk index,0.04072122275829315,Preventive check-up adherence,0.018050264567136765,Claims in previous 12 months (normalized)
2033,0,561,0.1547165590009172,0.00012543797492980957,0.07238760590553284,Age (normalized),0.2042277604341507,Health score,0.0,Smoking status,0.06431078910827637,BMI risk index,0.04259372875094414,Preventive check-up adherence,0.02235070802271366,Claims in previous 12 months (normalized)
2033,0,564,0.14032718199996452,0.0010793358087539673,0.15104562044143677,Age (normalized),0.16192592680454254,Health score,0.2073741853237152,Smoking status,0.08593332022428513,BMI risk index,0.08960670232772827,Preventive check-up adherence,0.03746240958571434,Claims in previous 12 months (normalized)
2033,0,567,0.1729862679994767,5.543231964111328e-05,0.011454461142420769,Age (normalized),0.12839461863040924,Health score,0.0,Smoking status,0.03568078950047493,BMI risk index,0.0651504397392273,Preventive check-up adherence,0.023808281868696213,Claims in previous 12 months (normalized)
2033,0,568,0.1301404609994279,0.00011071562767028809,0.17547424137592316,Age (normalized),0.2483527511358261,Health score,0.1774483472108841,Smoking status,0.15502995252609253,BMI risk index,0.11552771180868149,Preventive check-up adherence,0.13580988347530365,Claims in previous 12 months (normalized)
2033,0,573,0.16570844599937118,2.5063753128051758e-05,0.12296362966299057,Age (normalized),0.10774634033441544,Health score,0.0,Smoking status,0.022731183096766472,BMI risk index,0.05520680919289589,Preventive check-up adherence,0.03454730287194252,Claims in previous 12 months (normalized)
2033,0,584,0.1635070080001242,1.2934207916259766e-05,0.10518638044595718,Age (normalized),0.20018942654132843,Health score,0.23072223365306854,Smoking status,0.026679884642362595,BMI risk index,0.025705447420477867,Preventive check-up adherence,0.03946346417069435,Claims in previous 12 months (normalized)
2033,0,586,0.12938946599933843,9.529292583465576e-05,0.05881383642554283,Age (normalized),0.1659223437309265,Health score,0.0,Smoking status,0.02648264914751053,BMI risk index,0.054657019674777985,Preventive check-up adherence,0.0,Claims in previous 12 months (normalized)
2033,0,589,0.16217900599986024,0.00017259269952774048,0.029983103275299072,Age (normalized),0.18716628849506378,Health score,0.0,Smoking status,0.037453483790159225,BMI risk index,0.08554554730653763,Preventive check-up adherence,0.07663414627313614,Claims in previous 12 months (normalized)
2034,0,4,0.1464280170002894,0.0001856386661529541,0.037129826843738556,Age (normalized),0.2071113884449005,Health score,0.0,Smoking status,0.05825917050242424,BMI risk index,0.10366997867822647,Preventive check-up adherence,0.0,Claims in previous 12 months (normalized)
2034,0,6,0.15689786300026753,0.0006532967090606689,0.14931948482990265,Age (normalized),0.23698370158672333,Health score,0.0,Smoking status,0.06283245980739594,BMI risk index,0.0852474495768547,Preventive check-up adherence,0.0,Claims in previous 12 months (normalized)
2034,0,7,0.149608817000626,0.00014300644397735596,0.13426975905895233,Age (normalized),0.24646300077438354,Health score,0.0,Smoking status,0.08266004174947739,BMI risk index,0.10249548405408859,Preventive check-up adherence,0.0,Claims in previous 12 months (normalized)
2034,0,8,0.13970567400065192,0.0010634511709213257,0.08452000468969345,Age (normalized),0.24855650961399078,Health score,0.0,Smoking status,0.009242958389222622,BMI risk index,0.05773323401808739,Preventive check-up adherence,0.02409248799085617,Claims in previous 12 months (normalized)
2034,0,10,0.13719520299946453,0.001028984785079956,0.09187540411949158,Age (normalized),0.23191393911838531,Health score,0.0,Smoking status,0.05616215988993645,BMI risk index,0.09146470576524734,Preventive check-up adherence,0.06007225438952446,Claims in previous 12 months (normalized)
2034,0,11,0.13003457499962678,4.9680471420288086e-05,0.011349967680871487,Age (normalized),0.20127417147159576,Health score,0.19533641636371613,Smoking status,0.051900457590818405,BMI risk index,0.05859896540641785,Preventive check-up adherence,0.0,Claims in previous 12 months (normalized)
2034,0,14,0.17029138399993826,9.21785831451416e-05,0.09095744788646698,Age (normalized),0.1509697288274765,Health score,0.0,Smoking status,0.006135847419500351,BMI risk index,0.09452836215496063,Preventive check-up adherence,0.028542904183268547,Claims in previous 12 months (normalized)
2034,0,15,0.1350858400010111,0.0002211201936006546,0.14568014442920685,Age (normalized),0.24032264947891235,Health score,0.2245885133743286,Smoking status,0.02274520881474018,BMI risk index,0.13582201302051544,Preventive check-up adherence,0.0,Claims in previous 12 months (normalized)
2034,0,17,0.12411570200038113,0.0002695322036743164,0.1331498920917511,Age (normalized),0.2026793658733368,Health score,0.0,Smoking status,0.02257121168076992,BMI risk index,0.0801776573061943,Preventive check-up adherence,0.0,Claims in previous 12 months (normalized)
2034,0,23,0.15421565599990572,0.0006500780582427979,0.05783635005354881,Age (normalized),0.20843683183193207,Health score,0.0,Smoking status,0.013035495765507221,BMI risk index,0.0814507007598877,Preventive check-up adherence,0.04585130140185356,Claims in previous 12 months (normalized)
2034,0,36,0.14299099700019724,0.0006752535700798035,0.08590716123580933,Age (normalized),0.19460013508796692,Health score,0.0,Smoking status,0.025031741708517075,BMI risk index,0.08940477669239044,Preventive check-up adherence,0.0,Claims in previous 12 months (normalized)
2034,0,37,0.14171310199981235,0.00022382289171218872,0.06641345471143723,Age (normalized),0.2088349163532257,Health score,0.0,Smoking status,0.03260573744773865,BMI risk index,0.09595037251710892,Preventive check-up adherence,0.021782144904136658,Claims in previous 12 months (normalized)
2034,0,39,0.15120334699895466,0.0001330152153968811,0.08652731031179428,Age (normalized),0.1737375557422638,Health score,0.0,Smoking status,0.01937498152256012,BMI risk index,0.08336560428142548,Preventive check-up adherence,0.0,Claims in previous 12 months (normalized)
2034,0,43,0.16450146799979848,0.0002140924334526062,0.05813821777701378,Age (normalized),0.1620965600013733,Health score,0.0,Smoking status,0.10188735276460648,BMI risk index,0.1446654051542282,Preventive check-up adherence,0.10336309671401978,Claims in previous 12 months (normalized)
2034,0,52,0.11937148299966793,6.870925426483154e-05,0.022052394226193428,Age (normalized),0.2744561731815338,Health score,0.19058699905872345,Smoking status,0.07370457798242569,BMI risk index,0.09284599125385284,Preventive check-up adherence,0.0,Claims in previous 12 months (normalized)
2034,0,53,0.13946300099905784,0.0014561787247657776,0.017980225384235382,Age (normalized),0.19146689772605896,Health score,0.0,Smoking status,0.031553685665130615,BMI risk index,0.09499024599790573,Preventive check-up adherence,0.0,Claims in previous 12 months (normalized)
2034,0,54,0.13843922699925315,4.8354268074035645e-05,0.03789125010371208,Age (normalized),0.18358752131462097,Health score,0.0,Smoking status,0.0017646714113652706,BMI risk index,0.0864819660782814,Preventive check-up adherence,0.0,Claims in previous 12 months (normalized)
2034,0,57,0.18633692100047483,2.399832010269165e-05,0.137042835354805,Age (normalized),0.24909867346286774,Health score,0.0,Smoking status,0.04740186035633087,BMI risk index,0.10093977302312851,Preventive check-up adherence,0.0,Claims in previous 12 months (normalized)
2034,0,59,0.14552879700022459,0.0005402490496635437,0.17797595262527466,Age (normalized),0.17430774867534637,Health score,0.0,Smoking status,0.09597096592187881,BMI risk index,0.1315395087003708,Preventive check-up adherence,0.03423231840133667,Claims in previous 12 months (normalized)
2034,0,62,0.1413283589990897,0.0003492981195449829,0.06467732787132263,Age (normalized),0.20937442779541016,Health score,0.0,Smoking status,0.04357655346393585,BMI risk index,0.06424843519926071,Preventive check-up adherence,0.0,Claims in previous 12 months (normalized)
2034,0,70,0.13800432900006854,0.000886969268321991,0.013513844460248947,Age (normalized),0.2274235486984253,Health score,0.0,Smoking status,0.04580989480018616,BMI risk index,0.08122754096984863,Preventive check-up adherence,0.022869518026709557,Claims in previous 12 months (normalized)
2034,0,78,0.14378573700105335,0.0015660673379898071,0.05511641129851341,Age (normalized),0.21439293026924133,Health score,0.0,Smoking status,0.01360818650573492,BMI risk index,0.0759182721376419,Preventive check-up adherence,0.0,Claims in previous 12 months (normalized)
2034,0,80,0.12934665600005246,0.0007736682891845703,0.11683893948793411,Age (normalized),0.26160693168640137,Health score,0.0,Smoking status,0.11495090276002884,BMI risk index,0.10586480796337128,Preventive check-up adherence,0.029674336314201355,Claims in previous 12 months (normalized)
2034,0,93,0.1622797410009298,0.0007106810808181763,0.10037088394165039,Age (normalized),0.23154141008853912,Health score,0.0,Smoking status,0.035882022231817245,BMI risk index,0.11445776373147964,Preventive check-up adherence,0.0548495352268219,Claims in previous 12 months (normalized)
2034,0,97,0.13820823499918333,0.00037681683897972107,0.017779584974050522,Age (normalized),0.24389874935150146,Health score,0.2167748063802719,Smoking status,0.09588698297739029,BMI risk index,0.14359645545482635,Preventive check-up adherence,0.06424495577812195,Claims in previous 12 months (normalized)
2034,0,103,0.16550978800023586,0.0003634914755821228,0.08136743307113647,Age (normalized),0.31759658455848694,Health score,0.21250249445438385,Smoking status,0.14134825766086578,BMI risk index,0.1390167772769928,Preventive check-up adherence,0.10253170132637024,Claims in previous 12 months (normalized)
2034,0,112,0.14855107099901943,0.0005397051572799683,0.06501679122447968,Age (normalized),0.21860693395137787,Health score,0.0,Smoking status,0.024476490914821625,BMI risk index,0.08476902544498444,Preventive check-up adherence,0.0,Claims in previous 12 months (normalized)
2034,0,118,0.16631577799944353,0.0009110867977142334,0.12194182723760605,Age (normalized),0.23950983583927155,Health score,0.0,Smoking status,0.04811912402510643,BMI risk index,0.14627286791801453,Preventive check-up adherence,0.14357025921344757,Claims in previous 12 months (normalized)
2034,0,119,0.13363636299982318,4.4658780097961426e-05,0.12094200402498245,Age (normalized),0.22666288912296295,Health score,0.0,Smoking status,0.08356965333223343,BMI risk index,0.11078079789876938,Preventive check-up adherence,0.0,Claims in previous 12 months (normalized)
2034,0,121,0.14063863300088997,0.0002518370747566223,0.017872804775834084,Age (normalized),0.17919546365737915,Health score,0.0,Smoking status,0.024826152250170708,BMI risk index,0.05588744953274727,Preventive check-up adherence,0.0,Claims in previous 12 months (normalized)
2034,0,136,0.1514802570000029,0.0008077472448348999,0.012520532123744488,Age (normalized),0.23147961497306824,Health score,0.0,Smoking status,0.06039796024560928,BMI risk index,0.06182107329368591,Preventive check-up adherence,0.0,Claims in previous 12 months (normalized)
2034,0,141,0.14076479199957248,0.0002572685480117798,0.15237340331077576,Age (normalized),0.21921169757843018,Health score,0.0,Smoking status,0.04327133670449257,BMI risk index,0.10818397253751755,Preventive check-up adherence,0.0,Claims in previous 12 months (normalized)
2034,0,152,0.12355685600050492,0.0005693286657333374,0.03260800987482071,Age (normalized),0.1954522579908371,Health score,0.0,Smoking status,0.00391820864751935,BMI risk index,0.0803065150976181,Preventive check-up adherence,0.0,Claims in previous 12 months (normalized)
2034,0,154,0.1265945079994708,0.0004495382308959961,0.09811273962259293,Age (normalized),0.2593989372253418,Health score,0.0,Smoking status,0.08851869404315948,BMI risk index,0.08444327116012573,Preventive check-up adherence,0.027731601148843765,Claims in previous 12 months (normalized)
2034,0,156,0.18105642599948624,0.00022410601377487183,0.018972069025039673,Age (normalized),0.21124441921710968,Health score,0.0,Smoking status,0.059707336127758026,BMI risk index,0.07868734747171402,Preventive check-up adherence,0.0,Claims in previous 12 months (normalized)
2034,0,162,0.14640691700060415,0.0002229064702987671,0.02001950331032276,Age (normalized),0.1955728828907013,Health score,0.0,Smoking status,0.02840239182114601,BMI risk index,0.08504888415336609,Preventive check-up adherence,0.0,Claims in previous 12 months (normalized)
2034,0,171,0.1365979089996472,0.0010981932282447815,0.05185994878411293,Age (normalized),0.18642780184745789,Health score,0.0,Smoking status,0.004366038367152214,BMI risk index,0.06778799742460251,Preventive check-up adherence,0.0,Claims in previous 12 months (normalized)
2034,0,175,0.1959042380003666,0.0001535564661026001,0.07799725234508514,Age (normalized),0.18097029626369476,Health score,0.0,Smoking status,0.0521656759083271,BMI risk index,0.12168636173009872,Preventive check-up adherence,0.0,Claims in previous 12 months (normalized)
2034,0,177,0.2283715809999194,0.00044820457696914673,0.040122225880622864,Age (normalized),0.22389136254787445,Health score,0.0,Smoking status,0.015049904584884644,BMI risk index,0.08326347172260284,Preventive check-up adherence,0.043948378413915634,Claims in previous 12 months (normalized)
2034,0,178,0.21723882100013725,0.0005065053701400757,0.1059463769197464,Age (normalized),0.2253715693950653,Health score,0.0,Smoking status,0.018512219190597534,BMI risk index,0.0708988830447197,Preventive check-up adherence,0.0,Claims in previous 12 months (normalized)
2034,0,186,0.1581500460006282,9.044259786605835e-05,0.027738867327570915,Age (normalized),0.1684456616640091,Health score,0.0,Smoking status,0.00399645185098052,BMI risk index,0.0911562442779541,Preventive check-up adherence,0.0,Claims in previous 12 months (normalized)
2034,0,196,0.14445736899961048,4.2065978050231934e-05,0.09241530299186707,Age (normalized),0.17806674540042877,Health score,0.0,Smoking status,0.016502443701028824,BMI risk index,0.07737020403146744,Preventive check-up adherence,0.030998138710856438,Claims in previous 12 months (normalized)
2034,0,197,0.1958074359999955,0.000133514404296875,0.0589027963578701,Age (normalized),0.18805447220802307,Health score,0.0,Smoking status,0.07136529684066772,BMI risk index,0.10426726192235947,Preventive check-up adherence,0.02693239226937294,Claims in previous 12 months (normalized)
2034,0,200,0.13073816500036628,0.0007121562957763672,0.017521951347589493,Age (normalized),0.2162003368139267,Health score,0.0,Smoking status,0.026477348059415817,BMI risk index,0.07880338281393051,Preventive check-up adherence,0.08075523376464844,Claims in previous 12 months (normalized)
2034,0,202,0.13304775200049335,0.0001461505889892578,0.12928546965122223,Age (normalized),0.18833042681217194,Health score,0.0,Smoking status,0.0806182250380516,BMI risk index,0.13933952152729034,Preventive check-up adherence,0.10835517197847366,Claims in previous 12 months (normalized)
2034,0,203,0.14066056299998309,0.0009559020400047302,0.13552485406398773,Age (normalized),0.24960258603096008,Health score,0.19573795795440674,Smoking status,0.05037932097911835,BMI risk index,0.06756328791379929,Preventive check-up adherence,0.06397860497236252,Claims in previous 12 months (normalized)
2034,0,208,0.1528197089992318,0.00011134892702102661,0.16254822909832,Age (normalized),0.21930210292339325,Health score,0.0,Smoking status,0.07398853451013565,BMI risk index,0.09492133557796478,Preventive check-up adherence,0.0314442403614521,Claims in previous 12 months (normalized)
2034,0,223,0.14807698699951288,0.0003398135304450989,0.0584951750934124,Age (normalized),0.21223634481430054,Health score,0.0,Smoking status,0.040261123329401016,BMI risk index,0.08656097203493118,Preventive check-up adherence,0.0,Claims in previous 12 months (normalized)
2034,0,224,0.1337871109999469,0.00022946298122406006,0.04790588095784187,Age (normalized),0.22363105416297913,Health score,0.21407030522823334,Smoking status,0.10692077875137329,BMI risk index,0.09811555594205856,Preventive check-up adherence,0.09326460212469101,Claims in previous 12 months (normalized)
2034,0,227,0.18521501800023543,0.00022393465042114258,0.10983283072710037,Age (normalized),0.2792624533176422,Health score,0.2008422315120697,Smoking status,0.0193694606423378,BMI risk index,0.09861292690038681,Preventive check-up adherence,0.03242577239871025,Claims in previous 12 months (normalized)
2034,0,233,0.12373162400035653,0.0002862885594367981,0.0629679411649704,Age (normalized),0.2254357784986496,Health score,0.0,Smoking status,0.012558931484818459,BMI risk index,0.0909893736243248,Preventive check-up adherence,0.021765580400824547,Claims in previous 12 months (normalized)
2034,0,236,0.15169121500002802,0.0002559870481491089,0.07339950650930405,Age (normalized),0.25568443536758423,Health score,0.0,Smoking status,0.022387603297829628,BMI risk index,0.04521029070019722,Preventive check-up adherence,0.02351805754005909,Claims in previous 12 months (normalized)
2034,0,237,0.14944286400077544,0.0007359832525253296,0.1738705039024353,Age (normalized),0.24252015352249146,Health score,0.0,Smoking status,0.06569592654705048,BMI risk index,0.10353897511959076,Preventive check-up adherence,0.0,Claims in previous 12 months (normalized)
2034,0,242,0.14930822299993451,0.0004014819860458374,0.17663785815238953,Age (normalized),0.2629545032978058,Health score,0.0,Smoking status,0.013988177292048931,BMI risk index,0.08146155625581741,Preventive check-up adherence,0.0592782087624073,Claims in previous 12 months (normalized)
2034,0,247,0.175666103000367,0.00012387055903673172,0.2208845019340515,Age (normalized),0.1464763581752777,Health score,0.0,Smoking status,0.06876005977392197,BMI risk index,0.12409108877182007,Preventive check-up adherence,0.07203329354524612,Claims in previous 12 months (normalized)
2034,0,248,0.1450125230003323,0.00018230080604553223,0.0,Age (normalized),0.16036131978034973,Health score,0.0,Smoking status,0.06591769307851791,BMI risk index,0.07784521579742432,Preventive check-up adherence,0.028096625581383705,Claims in previous 12 months (normalized)
2034,0,254,0.162870708999435,0.0004128068685531616,0.0977632999420166,Age (normalized),0.22608251869678497,Health score,0.20111405849456787,Smoking status,0.08745662122964859,BMI risk index,0.09519597142934799,Preventive check-up adherence,0.12617747485637665,Claims in previous 12 months (normalized)
2034,0,258,0.12982612599989807,0.0002187788486480713,0.12241145223379135,Age (normalized),0.2264295369386673,Health score,0.0,Smoking status,0.026302307844161987,BMI risk index,0.07967541366815567,Preventive check-up adherence,0.02841753326356411,Claims in previous 12 months (normalized)
2034,0,259,0.12455205699916405,0.0010135695338249207,0.04092763736844063,Age (normalized),0.1727481484413147,Health score,0.0,Smoking status,0.007147978991270065,BMI risk index,0.08995185047388077,Preventive check-up adherence,0.0,Claims in previous 12 months (normalized)
2034,0,262,0.15738225299992337,0.0005071535706520081,0.09573592245578766,Age (normalized),0.21882057189941406,Health score,0.0,Smoking status,0.006276014260947704,BMI risk index,0.07612445950508118,Preventive check-up adherence,0.0,Claims in previous 12 months (normalized)
2034,0,271,0.13633082600063062,0.0003809835761785507,0.00801343284547329,Age (normalized),0.15719804167747498,Health score,0.23293109238147736,Smoking status,0.014819231815636158,BMI risk index,0.1202225461602211,Preventive check-up adherence,0.0,Claims in previous 12 months (normalized)
2034,0,273,0.14557764700020925,0.0011827051639556885,0.0,Age (normalized),0.19189198315143585,Health score,0.0,Smoking status,0.012144211679697037,BMI risk index,0.0768355280160904,Preventive check-up adherence,0.02172677405178547,Claims in previous 12 months (normalized)
2034,0,285,0.13804034399981902,0.0007682740688323975,0.14097338914871216,Age (normalized),0.2524157762527466,Health score,0.0,Smoking status,0.03672005236148834,BMI risk index,0.07558665424585342,Preventive check-up adherence,0.0,Claims in previous 12 months (normalized)
2034,0,290,0.15704795200053923,0.0003506690263748169,0.04870498552918434,Age (normalized),0.12614557147026062,Health score,0.0,Smoking status,0.06619488447904587,BMI risk index,0.12819309532642365,Preventive check-up adherence,0.06739450246095657,Claims in previous 12 months (normalized)
2034,0,299,0.1357312889995228,0.0003424510359764099,0.016304606571793556,Age (normalized),0.2094203233718872,Health score,0.0,Smoking status,0.0807422548532486,BMI risk index,0.0874437540769577,Preventive check-up adherence,0.02468843013048172,Claims in previous 12 months (normalized)
2034,0,302,0.11629860000084591,0.0001987367868423462,0.15920375287532806,Age (normalized),0.3426743745803833,Health score,0.22869659960269928,Smoking status,0.01954842545092106,BMI risk index,0.09862121939659119,Preventive check-up adherence,0.0789254903793335,Claims in previous 12 months (normalized)
2034,0,306,0.15916924299926904,0.00033618509769439697,0.07334161549806595,Age (normalized),0.18493002653121948,Health score,0.0,Smoking status,0.009265951812267303,BMI risk index,0.08089592307806015,Preventive check-up adherence,0.0,Claims in previous 12 months (normalized)
2034,0,308,0.1265212819998851,0.00034011900424957275,0.11315520107746124,Age (normalized),0.24258150160312653,Health score,0.0,Smoking status,0.013598166406154633,BMI risk index,0.05231187492609024,Preventive check-up adherence,0.0,Claims in previous 12 months (normalized)
2034,0,314,0.14264927899967006,0.0006642267107963562,0.14183638989925385,Age (normalized),0.35441455245018005,Health score,0.21229106187820435,Smoking status,0.06600189208984375,BMI risk index,0.13239756226539612,Preventive check-up adherence,0.034107234328985214,Claims in previous 12 months (normalized)
2034,0,321,0.14233276300001307,0.00014238059520721436,0.1576940268278122,Age (normalized),0.2473314106464386,Health score,0.0,Smoking status,0.015525766648352146,BMI risk index,0.09276428073644638,Preventive check-up adherence,0.02712324820458889,Claims in previous 12 months (normalized)
2034,0,330,0.16171543800010113,0.0003728121519088745,0.1757780760526657,Age (normalized),0.15138304233551025,Health score,0.0,Smoking status,0.030400000512599945,BMI risk index,0.12176644802093506,Preventive check-up adherence,0.030207375064492226,Claims in previous 12 months (normalized)
2034,0,335,0.1310195849991942,9.208917617797852e-06,0.1612502932548523,Age (normalized),0.2889358699321747,Health score,0.0,Smoking status,0.04663912206888199,BMI risk index,0.110520139336586,Preventive check-up adherence,0.10108784586191177,Claims in previous 12 months (normalized)
2034,0,356,0.13056706499901338,7.925927639007568e-05,0.030309922993183136,Age (normalized),0.1399594098329544,Health score,0.0,Smoking status,0.00729668652638793,BMI risk index,0.09912671893835068,Preventive check-up adherence,0.05998427793383598,Claims in previous 12 months (normalized)
2034,0,363,0.15409136099970056,0.0007353276014328003,0.09217381477355957,Age (normalized),0.3278493285179138,Health score,0.19228146970272064,Smoking status,0.10871850699186325,BMI risk index,0.04874427989125252,Preventive check-up adherence,0.03360237553715706,Claims in previous 12 months (normalized)
2034,0,368,0.14161767199948372,0.0004023611545562744,0.07756762951612473,Age (normalized),0.19275175034999847,Health score,0.0,Smoking status,0.03452390432357788,BMI risk index,0.050740741193294525,Preventive check-up adherence,0.028184402734041214,Claims in previous 12 months (normalized)
2034,0,382,0.14327659100035817,5.362182855606079e-05,0.19598662853240967,Age (normalized),0.13096506893634796,Health score,0.0,Smoking status,0.04774199426174164,BMI risk index,0.11209271103143692,Preventive check-up adherence,0.07497095316648483,Claims in previous 12 months (normalized)
2034,0,383,0.14254849799999647,0.0003250688314437866,0.09264304488897324,Age (normalized),0.2120644599199295,Health score,0.0,Smoking status,0.05840368941426277,BMI risk index,0.1472768783569336,Preventive check-up adherence,0.1341221034526825,Claims in previous 12 months (normalized)
2034,0,389,0.1569069400002263,0.00013674795627593994,0.0281792264431715,Age (normalized),0.13293641805648804,Health score,0.0,Smoking status,0.0911865085363388,BMI risk index,0.07328370213508606,Preventive check-up adherence,0.02951226197183132,Claims in previous 12 months (normalized)
2034,0,392,0.13778264299980947,0.0006822645664215088,0.01630481705069542,Age (normalized),0.16734598577022552,Health score,0.0,Smoking status,0.07206179946660995,BMI risk index,0.046943243592977524,Preventive check-up adherence,0.0,Claims in previous 12 months (normalized)
2034,0,394,0.13532882800063817,0.0003207400441169739,0.050252340734004974,Age (normalized),0.21159863471984863,Health score,0.0,Smoking status,0.06820995360612869,BMI risk index,0.07395731657743454,Preventive check-up adherence,0.0,Claims in previous 12 months (normalized)
2034,0,397,0.13372017499932554,0.0008187368512153625,0.02018357254564762,Age (normalized),0.23724856972694397,Health score,0.0,Smoking status,0.08160161226987839,BMI risk index,0.0567556768655777,Preventive check-up adherence,0.024716349318623543,Claims in previous 12 months (normalized)
2034,0,400,0.15648275399962586,0.0010357871651649475,0.03429068997502327,Age (normalized),0.19066227972507477,Health score,0.0,Smoking status,0.03900797292590141,BMI risk index,0.091936394572258,Preventive check-up adherence,0.0,Claims in previous 12 months (normalized)
2034,0,402,0.13535471700015478,0.00012065470218658447,0.13524790108203888,Age (normalized),0.2035219818353653,Health score,0.0,Smoking status,0.03842950612306595,BMI risk index,0.09386540204286575,Preventive check-up adherence,0.032298535108566284,Claims in previous 12 months (normalized)
2034,0,403,0.15860839700053475,0.001041404902935028,0.016083119437098503,Age (normalized),0.15543276071548462,Health score,0.0,Smoking status,0.0040735602378845215,BMI risk index,0.08772849291563034,Preventive check-up adherence,0.0,Claims in previous 12 months (normalized)
2034,0,414,0.13928559999931167,0.0003919675946235657,0.08251219242811203,Age (normalized),0.23221586644649506,Health score,0.0,Smoking status,0.0018065067706629634,BMI risk index,0.054976895451545715,Preventive check-up adherence,0.023533523082733154,Claims in previous 12 months (normalized)
2034,0,418,0.13627150200045435,0.00017733871936798096,0.08413445949554443,Age (normalized),0.12957249581813812,Health score,0.0,Smoking status,0.021118858829140663,BMI risk index,0.10515189915895462,Preventive check-up adherence,0.13239119946956635,Claims in previous 12 months (normalized)
2034,0,423,0.13092313400011335,0.0008063763380050659,0.1046953797340393,Age (normalized),0.153124138712883,Health score,0.0,Smoking status,0.11940903961658478,BMI risk index,0.13662631809711456,Preventive check-up adherence,0.033788036555051804,Claims in previous 12 months (normalized)
2034,0,424,0.14662870699976338,0.0006802752614021301,0.1152801439166069,Age (normalized),0.2820099890232086,Health score,0.2120891809463501,Smoking status,0.03837801143527031,BMI risk index,0.058062054216861725,Preventive check-up adherence,0.03681048005819321,Claims in previous 12 months (normalized)
2034,0,428,0.13475221899989265,1.7836689949035645e-05,0.06790389120578766,Age (normalized),0.21890540421009064,Health score,0.0,Smoking status,0.013039235025644302,BMI risk index,0.05138456076383591,Preventive check-up adherence,0.0,Claims in previous 12 months (normalized)
2034,0,429,0.12755960599952232,0.00025735795497894287,0.003901299089193344,Age (normalized),0.2250254601240158,Health score,0.0,Smoking status,0.08079522848129272,BMI risk index,0.04110647365450859,Preventive check-up adherence,0.028153110295534134,Claims in previous 12 months (normalized)
2034,0,441,0.14506665699991572,0.0006698966026306152,0.14196106791496277,Age (normalized),0.2368505448102951,Health score,0.0,Smoking status,0.04888277128338814,BMI risk index,0.0916050374507904,Preventive check-up adherence,0.0,Claims in previous 12 months (normalized)
2034,0,454,0.1536078629997064,0.00046478956937789917,0.07254067063331604,Age (normalized),0.2223503142595291,Health score,0.0,Smoking status,0.02701086364686489,BMI risk index,0.07239945232868195,Preventive check-up adherence,0.0,Claims in previous 12 months (normalized)
2034,0,458,0.13892971400036913,7.708370685577393e-05,0.07286065816879272,Age (normalized),0.19947609305381775,Health score,0.0,Smoking status,0.02667403593659401,BMI risk index,0.08363384753465652,Preventive check-up adherence,0.02265067957341671,Claims in previous 12 months (normalized)
2034,0,470,0.128056110000216,3.580749034881592e-05,0.08979533612728119,Age (normalized),0.20276682078838348,Health score,0.0,Smoking status,0.01058979332447052,BMI risk index,0.05064351484179497,Preventive check-up adherence,0.0,Claims in previous 12 months (normalized)
2034,0,472,0.1396018390005338,0.0005535110831260681,0.06380295753479004,Age (normalized),0.17205551266670227,Health score,0.0,Smoking status,0.01730918139219284,BMI risk index,0.1040058359503746,Preventive check-up adherence,0.0,Claims in previous 12 months (normalized)
2034,0,473,0.1373107860008531,8.717179298400879e-05,0.012900738045573235,Age (normalized),0.17604930698871613,Health score,0.0,Smoking status,0.08883030712604523,BMI risk index,0.045943696051836014,Preventive check-up adherence,0.028455793857574463,Claims in previous 12 months (normalized)
2034,0,479,0.17513917999986006,0.0009479150176048279,0.06559716165065765,Age (normalized),0.22790205478668213,Health score,0.0,Smoking status,0.017678016796708107,BMI risk index,0.09108693897724152,Preventive check-up adherence,0.023639649152755737,Claims in previous 12 months (normalized)
2034,0,482,0.20202140000037616,0.00035703927278518677,0.12565924227237701,Age (normalized),0.17439396679401398,Health score,0.0,Smoking status,0.06840845197439194,BMI risk index,0.06288552284240723,Preventive check-up adherence,0.07415849715471268,Claims in previous 12 months (normalized)
2034,0,488,0.13380720799978008,0.0003140270709991455,0.09373965114355087,Age (normalized),0.14750945568084717,Health score,0.2000194936990738,Smoking status,0.021400153636932373,BMI risk index,0.031966544687747955,Preventive check-up adherence,0.0,Claims in previous 12 months (normalized)
2034,0,492,0.13237007500083564,0.00015969574451446533,0.016757363453507423,Age (normalized),0.19709014892578125,Health score,0.0,Smoking status,0.020214509218931198,BMI risk index,0.045411575585603714,Preventive check-up adherence,0.0,Claims in previous 12 months (normalized)
2034,0,496,0.1636698520005666,0.0013110041618347168,0.022322729229927063,Age (normalized),0.2098626345396042,Health score,0.0,Smoking status,0.07364340871572495,BMI risk index,0.10861756652593613,Preventive check-up adherence,0.022219499573111534,Claims in previous 12 months (normalized)
2034,0,501,0.13762713400046778,0.00013190507888793945,0.12109943479299545,Age (normalized),0.2360038310289383,Health score,0.0,Smoking status,0.05775092542171478,BMI risk index,0.04969272017478943,Preventive check-up adherence,0.03313932940363884,Claims in previous 12 months (normalized)
2034,0,517,0.1294931060001545,0.0001047179102897644,0.08367669582366943,Age (normalized),0.21950764954090118,Health score,0.0,Smoking status,0.014792577363550663,BMI risk index,0.047043368220329285,Preventive check-up adherence,0.024746771901845932,Claims in previous 12 months (normalized)
2034,0,519,0.13745408700015105,0.00037545710802078247,0.06917549669742584,Age (normalized),0.22520585358142853,Health score,0.21440643072128296,Smoking status,0.006326455622911453,BMI risk index,0.10122732818126678,Preventive check-up adherence,0.03314554691314697,Claims in previous 12 months (normalized)
2034,0,520,0.1938769569997021,0.0007228106260299683,0.07303690910339355,Age (normalized),0.2396182119846344,Health score,0.0,Smoking status,0.04768190160393715,BMI risk index,0.0587470717728138,Preventive check-up adherence,0.0,Claims in previous 12 months (normalized)
2034,0,524,0.14106795199950284,0.000454634428024292,0.1064104437828064,Age (normalized),0.18014700710773468,Health score,0.0,Smoking status,0.0910768061876297,BMI risk index,0.1048448383808136,Preventive check-up adherence,0.0,Claims in previous 12 months (normalized)
2034,0,530,0.1296512069993696,0.0004203319549560547,0.24009369313716888,Age (normalized),0.22676903009414673,Health score,0.20900064706802368,Smoking status,0.06698104739189148,BMI risk index,0.10785678029060364,Preventive check-up adherence,0.07036178559064865,Claims in previous 12 months (normalized)
2034,0,531,0.1375484319996758,0.0005175471305847168,0.09272990375757217,Age (normalized),0.1978398710489273,Health score,0.0,Smoking status,0.003151732962578535,BMI risk index,0.10507377982139587,Preventive check-up adherence,0.023468172177672386,Claims in previous 12 months (normalized)
2034,0,537,0.13969023600020591,0.0006052404642105103,0.21374404430389404,Age (normalized),0.3054352104663849,Health score,0.22074781358242035,Smoking status,0.020880570635199547,BMI risk index,0.06632599979639053,Preventive check-up adherence,0.07127620279788971,Claims in previous 12 months (normalized)
2034,0,542,0.12517055899934348,0.00041288137435913086,0.1126277819275856,Age (normalized),0.2360219955444336,Health score,0.0,Smoking status,0.021660583093762398,BMI risk index,0.06892222911119461,Preventive check-up adherence,0.0,Claims in previous 12 months (normalized)
2034,0,550,0.12465356800021254,0.00010065734386444092,0.010108117945492268,Age (normalized),0.18194624781608582,Health score,0.0,Smoking status,0.055993933230638504,BMI risk index,0.11209078133106232,Preventive check-up adherence,0.05525389313697815,Claims in previous 12 months (normalized)
2034,0,564,0.16310756399980164,0.0009792819619178772,0.19905850291252136,Age (normalized),0.33738973736763,Health score,0.20860353112220764,Smoking status,0.08701436966657639,BMI risk index,0.13532711565494537,Preventive check-up adherence,0.0,Claims in previous 12 months (normalized)
2034,0,574,0.1275649159997556,3.727525472640991e-05,0.1434868425130844,Age (normalized),0.2131962776184082,Health score,0.0,Smoking status,0.03739705681800842,BMI risk index,0.09037508070468903,Preventive check-up adherence,0.0,Claims in previous 12 months (normalized)
2034,0,579,0.1392542970006616,0.0011012852191925049,0.0630313903093338,Age (normalized),0.2250133901834488,Health score,0.0,Smoking status,0.029669074341654778,BMI risk index,0.08992255479097366,Preventive check-up adherence,0.04980657994747162,Claims in previous 12 months (normalized)
2034,0,582,0.15146635499968397,0.00040856003761291504,0.1461413949728012,Age (normalized),0.19070574641227722,Health score,0.0,Smoking status,0.005311941262334585,BMI risk index,0.11156447976827621,Preventive check-up adherence,0.02595539763569832,Claims in previous 12 months (normalized)
2034,0,585,0.14249932900020212,0.00029159337282180786,0.06722231954336166,Age (normalized),0.2070041447877884,Health score,0.0,Smoking status,0.06303098052740097,BMI risk index,0.06337512284517288,Preventive check-up adherence,0.02559906244277954,Claims in previous 12 months (normalized)
2034,0,591,0.13272163500005263,3.6988407373428345e-05,0.18614941835403442,Age (normalized),0.19019052386283875,Health score,0.0,Smoking status,0.07206253707408905,BMI risk index,0.15258249640464783,Preventive check-up adherence,0.1486942619085312,Claims in previous 12 months (normalized)
2034,0,592,0.1226246500009438,5.157291889190674e-05,0.01565936766564846,Age (normalized),0.21503375470638275,Health score,0.0,Smoking status,0.048288311809301376,BMI risk index,0.09876102954149246,Preventive check-up adherence,0.08208634704351425,Claims in previous 12 months (normalized)
2034,0,594,0.17038010400119674,0.0003194063901901245,0.07154147326946259,Age (normalized),0.24844737350940704,Health score,0.0,Smoking status,0.03484731912612915,BMI risk index,0.05367061868309975,Preventive check-up adherence,0.08303962647914886,Claims in previous 12 months (normalized)
2034,0,599,0.133403398000155,8.48919153213501e-05,0.08442695438861847,Age (normalized),0.1242280900478363,Health score,0.0,Smoking status,0.028222398832440376,BMI risk index,0.08528918772935867,Preventive check-up adherence,0.03334430605173111,Claims in previous 12 months (normalized)
2035,0,2,0.14111979199969937,0.00017760694026947021,0.09934819489717484,Age (normalized),0.23718515038490295,Health score,0.0,Smoking status,0.03776513412594795,BMI risk index,0.03888203203678131,Preventive check-up adherence,0.0,Claims in previous 12 months (normalized)
2035,0,4,0.13995374899968738,0.00010356307029724121,0.1561238020658493,Age (normalized),0.166378915309906,Health score,0.0,Smoking status,0.08225230127573013,BMI risk index,0.07175067812204361,Preventive check-up adherence,0.0,Claims in previous 12 months (normalized)
2035,0,8,0.15829069099982007,0.0002712160348892212,0.05827467143535614,Age (normalized),0.20310764014720917,Health score,0.0,Smoking status,0.03199160844087601,BMI risk index,0.07401754707098007,Preventive check-up adherence,0.044729769229888916,Claims in previous 12 months (normalized)
2035,0,12,0.13678465700013476,0.00027069076895713806,0.012728537432849407,Age (normalized),0.18924948573112488,Health score,0.0,Smoking status,0.01184882689267397,BMI risk index,0.03297167271375656,Preventive check-up adherence,0.0,Claims in previous 12 months (normalized)
2035,0,21,0.14138849899973138,0.00025122053921222687,0.11764747649431229,Age (normalized),0.21832871437072754,Health score,0.2044890969991684,Smoking status,0.06297706812620163,BMI risk index,0.06449028849601746,Preventive check-up adherence,0.03476947173476219,Claims in previous 12 months (normalized)
2035,0,22,0.1326186370006326,0.0006909742951393127,0.0,Age (normalized),0.2060038298368454,Health score,0.0,Smoking status,0.056865036487579346,BMI risk index,0.07436513155698776,Preventive check-up adherence,0.02152877487242222,Claims in previous 12 months (normalized)
2035,0,24,0.12320211199948972,0.0005073398351669312,0.015763448551297188,Age (normalized),0.1471942812204361,Health score,0.0,Smoking status,0.0876971185207367,BMI risk index,0.08921774476766586,Preventive check-up adherence,0.0,Claims in previous 12 months (normalized)
2035,0,26,0.1428597299991452,6.374716758728027e-05,0.011245490983128548,Age (normalized),0.16736376285552979,Health score,0.0,Smoking status,0.10630281269550323,BMI risk index,0.06433746963739395,Preventive check-up adherence,0.0,Claims in previous 12 months (normalized)
2035,0,27,0.12135754100017948,0.00015270709991455078,0.20298759639263153,Age (normalized),0.20715470612049103,Health score,0.0,Smoking status,0.04142120108008385,BMI risk index,0.07109874486923218,Preventive check-up adherence,0.029253577813506126,Claims in previous 12 months (normalized)
2035,0,30,0.15451103800023702,0.0001973472535610199,0.057653188705444336,Age (normalized),0.17385683953762054,Health score,0.2304692268371582,Smoking status,0.01259259507060051,BMI risk index,0.08745463192462921,Preventive check-up adherence,0.03732607513666153,Claims in previous 12 months (normalized)
2035,0,31,0.14202662900061114,0.0004517287015914917,0.05812695622444153,Age (normalized),0.23378196358680725,Health score,0.0,Smoking status,0.013588286004960537,BMI risk index,0.0685701072216034,Preventive check-up adherence,0.040319304913282394,Claims in previous 12 months (normalized)
2035,0,38,0.13301760599915724,0.000895574688911438,0.12288724631071091,Age (normalized),0.20826873183250427,Health score,0.0,Smoking status,0.05393538624048233,BMI risk index,0.07862327247858047,Preventive check-up adherence,0.0,Claims in previous 12 months (normalized)
2035,0,40,0.16105666000021301,0.0005566179752349854,0.08903875201940536,Age (normalized),0.07696393132209778,Health score,0.0,Smoking status,0.032414164394140244,BMI risk index,0.08497334271669388,Preventive check-up adherence,0.107358917593956,Claims in previous 12 months (normalized)
2035,0,41,0.12852992399984942,0.00011482834815979004,0.032392024993896484,Age (normalized),0.25229838490486145,Health score,0.20063965022563934,Smoking status,0.034025996923446655,BMI risk index,0.042389821261167526,Preventive check-up adherence,0.02992548979818821,Claims in previous 12 months (normalized)
2035,0,48,0.1438361939999595,0.00028334930539131165,0.15127421915531158,Age (normalized),0.22101052105426788,Health score,0.2156285047531128,Smoking status,0.06233241409063339,BMI risk index,0.09274564683437347,Preventive check-up adherence,0.038290198892354965,Claims in previous 12 months (normalized)
2035,0,53,0.1180056240009435,0.00025576353073120117,0.03236609697341919,Age (normalized),0.16456551849842072,Health score,0.0,Smoking status,0.0013906194362789392,BMI risk index,0.03131475672125816,Preventive check-up adherence,0.0,Claims in previous 12 months (normalized)
2035,0,67,0.154266194000229,0.00018688663840293884,0.12116017192602158,Age (normalized),0.24007081985473633,Health score,0.20509923994541168,Smoking status,0.10543720424175262,BMI risk index,0.10172809660434723,Preventive check-up adherence,0.0,Claims in previous 12 months (normalized)
2035,0,69,0.13719688600122026,0.00039093196392059326,0.17351388931274414,Age (normalized),0.14527443051338196,Health score,0.18696460127830505,Smoking status,0.03392944857478142,BMI risk index,0.10369469225406647,Preventive check-up adherence,0.06972388923168182,Claims in previous 12 months (normalized)
2035,0,76,0.1370616729991525,0.00011021643877029419,0.03496451675891876,Age (normalized),0.22380894422531128,Health score,0.0,Smoking status,0.07194157689809799,BMI risk index,0.046772461384534836,Preventive check-up adherence,0.05124190077185631,Claims in previous 12 months (normalized)
2035,0,79,0.1363646109994079,0.0004060715436935425,0.10219737142324448,Age (normalized),0.29877278208732605,Health score,0.21692433953285217,Smoking status,0.10622578114271164,BMI risk index,0.11808756738901138,Preventive check-up adherence,0.07316450029611588,Claims in previous 12 months (normalized)
2035,0,86,0.13834980399951746,0.000128820538520813,0.1608249843120575,Age (normalized),0.1827256977558136,Health score,0.0,Smoking status,0.10226380825042725,BMI risk index,0.06604988873004913,Preventive check-up adherence,0.0,Claims in previous 12 months (normalized)
2035,0,87,0.13172746100008226,0.0003050193190574646,0.03748652711510658,Age (normalized),0.20650160312652588,Health score,0.0,Smoking status,0.027733393013477325,BMI risk index,0.060695353895425797,Preventive check-up adherence,0.018445594236254692,Claims in previous 12 months (normalized)
2035,0,88,0.1475401640009295,0.0003906935453414917,0.11173681914806366,Age (normalized),0.2945062220096588,Health score,0.0,Smoking status,0.06674635410308838,BMI risk index,0.04330948367714882,Preventive check-up adherence,0.060421910136938095,Claims in previous 12 months (normalized)
2035,0,108,0.14230331300041144,0.00034259259700775146,0.11007369309663773,Age (normalized),0.17017300426959991,Health score,0.0,Smoking status,0.04152606800198555,BMI risk index,0.06420416384935379,Preventive check-up adherence,0.02754036895930767,Claims in previous 12 months (normalized)
2035,0,121,0.13430037399939465,0.0005330145359039307,0.1307285577058792,Age (normalized),0.12971866130828857,Health score,0.0,Smoking status,0.03366715461015701,BMI risk index,0.10246773064136505,Preventive check-up adherence,0.0670771673321724,Claims in previous 12 months (normalized)
2035,0,128,0.12567066599967802,0.0008206963539123535,0.05559515953063965,Age (normalized),0.21770742535591125,Health score,0.0,Smoking status,0.04046356678009033,BMI risk index,0.06064736098051071,Preventive check-up adherence,0.0,Claims in previous 12 months (normalized)
2035,0,134,0.14016393999918364,0.0009597167372703552,0.15450653433799744,Age (normalized),0.2102121263742447,Health score,0.19735382497310638,Smoking status,0.08975300192832947,BMI risk index,0.12405767291784286,Preventive check-up adherence,0.0,Claims in previous 12 months (normalized)
2035,0,137,0.1331347380000807,0.0009957700967788696,0.18245409429073334,Age (normalized),0.20742031931877136,Health score,0.0,Smoking status,0.008708437904715538,BMI risk index,0.06141846626996994,Preventive check-up adherence,0.0,Claims in previous 12 months (normalized)
2035,0,146,0.12437162200149032,0.00024006515741348267,0.07282905280590057,Age (normalized),0.21516504883766174,Health score,0.0,Smoking status,0.042880453169345856,BMI risk index,0.0684511736035347,Preventive check-up adherence,0.022170865908265114,Claims in previous 12 months (normalized)
2035,0,163,0.15116950599986012,0.0005203559994697571,0.11937445402145386,Age (normalized),0.15755122900009155,Health score,0.0,Smoking status,0.034721072763204575,BMI risk index,0.03499101102352142,Preventive check-up adherence,0.12089020013809204,Claims in previous 12 months (normalized)
2035,0,169,0.16981781799950113,0.0010078251361846924,0.12031736224889755,Age (normalized),0.18339581787586212,Health score,0.0,Smoking status,0.036001041531562805,BMI risk index,0.09395680576562881,Preventive check-up adherence,0.02474740706384182,Claims in previous 12 months (normalized)
2035,0,173,0.1460723180007335,0.0002550482749938965,0.06994722783565521,Age (normalized),0.12969377636909485,Health score,0.0,Smoking status,0.03513316065073013,BMI risk index,0.07610926777124405,Preventive check-up adherence,0.028151780366897583,Claims in previous 12 months (normalized)
2035,0,176,0.14284972000041307,0.0008985362946987152,0.017100635915994644,Age (normalized),0.19244343042373657,Health score,0.0,Smoking status,0.01866059936583042,BMI risk index,0.06345492601394653,Preventive check-up adherence,0.0,Claims in previous 12 months (normalized)
2035,0,179,0.1583776420002323,0.00013811886310577393,0.020866759121418,Age (normalized),0.13693474233150482,Health score,0.0,Smoking status,0.10693540424108505,BMI risk index,0.0763341635465622,Preventive check-up adherence,0.0,Claims in previous 12 months (normalized)
2035,0,181,0.14409898399935628,0.0002047419548034668,0.004812425933778286,Age (normalized),0.2611885666847229,Health score,0.1672213226556778,Smoking status,0.04214921593666077,BMI risk index,0.053618937730789185,Preventive check-up adherence,0.0,Claims in previous 12 months (normalized)
2035,0,183,0.14775675700002466,0.0003507360816001892,0.05198604613542557,Age (normalized),0.21274082362651825,Health score,0.0,Smoking status,0.01507953554391861,BMI risk index,0.023876842111349106,Preventive check-up adherence,0.0,Claims in previous 12 months (normalized)
2035,0,184,0.12750892499934707,0.0007628053426742554,0.12242642045021057,Age (normalized),0.17315253615379333,Health score,0.0,Smoking status,0.05438857153058052,BMI risk index,0.08793185651302338,Preventive check-up adherence,0.028483247384428978,Claims in previous 12 months (normalized)
2035,0,189,0.15905706400008057,8.83638858795166e-06,0.16289333999156952,Age (normalized),0.23945008218288422,Health score,0.0,Smoking status,0.06003119423985481,BMI risk index,0.07488887012004852,Preventive check-up adherence,0.0,Claims in previous 12 months (normalized)
2035,0,194,0.12253280200002337,0.0001637488603591919,0.14080087840557098,Age (normalized),0.19613803923130035,Health score,0.0,Smoking status,0.10541072487831116,BMI risk index,0.10168270766735077,Preventive check-up adherence,0.0,Claims in previous 12 months (normalized)
2035,0,203,0.14521962700018776,0.00045453011989593506,0.015368101187050343,Age (normalized),0.17731928825378418,Health score,0.0,Smoking status,0.02382132224738598,BMI risk index,0.037484124302864075,Preventive check-up adherence,0.021786881610751152,Claims in previous 12 months (normalized)
2035,0,213,0.17874715700054367,0.0008065290749073029,0.026531320065259933,Age (normalized),0.19599120318889618,Health score,0.0,Smoking status,0.002409260952845216,BMI risk index,0.040336981415748596,Preventive check-up adherence,0.0,Claims in previous 12 months (normalized)
2035,0,224,0.13450544700026512,0.00028856098651885986,0.17393667995929718,Age (normalized),0.10302069038152695,Health score,0.0,Smoking status,0.041754163801670074,BMI risk index,0.08864299952983856,Preventive check-up adherence,0.07244796305894852,Claims in previous 12 months (normalized)
2035,0,231,0.14895176800018817,0.0007633119821548462,0.1980145424604416,Age (normalized),0.20506688952445984,Health score,0.0,Smoking status,0.012247055768966675,BMI risk index,0.06487101316452026,Preventive check-up adherence,0.02961997129023075,Claims in previous 12 months (normalized)
2035,0,237,0.17396689599991078,0.0007030069828033447,0.10917211323976517,Age (normalized),0.1988530457019806,Health score,0.0,Smoking status,0.03762293979525566,BMI risk index,0.047543495893478394,Preventive check-up adherence,0.0,Claims in previous 12 months (normalized)
2035,0,239,0.158872963000249,0.0003261938691139221,0.09864179790019989,Age (normalized),0.22224970161914825,Health score,0.0,Smoking status,0.05108620971441269,BMI risk index,0.0730447992682457,Preventive check-up adherence,0.0,Claims in previous 12 months (normalized)
2035,0,240,0.13414350599941827,0.0009060055017471313,0.13880956172943115,Age (normalized),0.24677352607250214,Health score,0.0,Smoking status,0.06811990588903427,BMI risk index,0.048865627497434616,Preventive check-up adherence,0.060970988124608994,Claims in previous 12 months (normalized)
2035,0,241,0.15793653699984134,0.0003713369369506836,0.026720017194747925,Age (normalized),0.18167153000831604,Health score,0.0,Smoking status,0.055035486817359924,BMI risk index,0.07212431728839874,Preventive check-up adherence,0.021859802305698395,Claims in previous 12 months (normalized)
2035,0,244,0.14739751999968576,0.001269027590751648,0.06843341141939163,Age (normalized),0.20468364655971527,Health score,0.0,Smoking status,0.021444521844387054,BMI risk index,0.04494432359933853,Preventive check-up adherence,0.0,Claims in previous 12 months (normalized)
2035,0,248,0.1537575009997454,9.162724018096924e-05,0.10079815983772278,Age (normalized),0.2459416389465332,Health score,0.0,Smoking status,0.06432075798511505,BMI risk index,0.06835494190454483,Preventive check-up adherence,0.09885182231664658,Claims in previous 12 months (normalized)
2035,0,252,0.1332641959998,0.0012247413396835327,0.08885049819946289,Age (normalized),0.2165910303592682,Health score,0.0,Smoking status,0.005127651616930962,BMI risk index,0.06641003489494324,Preventive check-up adherence,0.0,Claims in previous 12 months (normalized)
2035,0,256,0.16808436099927349,1.8283724784851074e-05,0.08984457701444626,Age (normalized),0.24572502076625824,Health score,0.0,Smoking status,0.11448943614959717,BMI risk index,0.06099278852343559,Preventive check-up adherence,0.1376173496246338,Claims in previous 12 months (normalized)
2035,0,264,0.13418944799923338,0.00021494925022125244,0.1499176174402237,Age (normalized),0.07022763043642044,Health score,0.0,Smoking status,0.1185421347618103,BMI risk index,0.027126573026180267,Preventive check-up adherence,0.0,Claims in previous 12 months (normalized)
2035,0,265,0.16502248600045277,0.0006795376539230347,0.04786289855837822,Age (normalized),0.19537676870822906,Health score,0.0,Smoking status,0.025589704513549805,BMI risk index,0.05917711555957794,Preventive check-up adherence,0.051959097385406494,Claims in previous 12 months (normalized)
2035,0,273,0.14163150700005644,0.0004494413733482361,0.05064709112048149,Age (normalized),0.20112448930740356,Health score,0.0,Smoking status,0.02136330120265484,BMI risk index,0.06252080947160721,Preventive check-up adherence,0.0,Claims in previous 12 months (normalized)
2035,0,277,0.17899431500063656,5.760788917541504e-05,0.03546258062124252,Age (normalized),0.18834728002548218,Health score,0.0,Smoking status,0.014125050976872444,BMI risk index,0.045268915593624115,Preventive check-up adherence,0.0227690227329731,Claims in previous 12 months (normalized)
2035,0,281,0.14760518299954128,0.00018388032913208008,0.031589362770318985,Age (normalized),0.16852422058582306,Health score,0.2017059326171875,Smoking status,0.07825127989053726,BMI risk index,0.04407800734043121,Preventive check-up adherence,0.13834206759929657,Claims in previous 12 months (normalized)
2035,0,284,0.1552364569997735,0.000242576003074646,0.08991528302431107,Age (normalized),0.10073389112949371,Health score,0.19131115078926086,Smoking status,0.0572708398103714,BMI risk index,0.09012651443481445,Preventive check-up adherence,0.06933542340993881,Claims in previous 12 months (normalized)
2035,0,285,0.15580320400022174,4.951655864715576e-05,0.11836493760347366,Age (normalized),0.16922511160373688,Health score,0.0,Smoking status,0.03353734314441681,BMI risk index,0.06676620244979858,Preventive check-up adherence,0.0,Claims in previous 12 months (normalized)
2035,0,298,0.13300993899974856,0.0011494122445583344,0.047895774245262146,Age (normalized),0.19391922652721405,Health score,0.20537497103214264,Smoking status,0.06410563737154007,BMI risk index,0.030514966696500778,Preventive check-up adherence,0.06760701537132263,Claims in previous 12 months (normalized)
2035,0,304,0.12817195100069512,0.000341072678565979,0.05012490972876549,Age (normalized),0.13728363811969757,Health score,0.0,Smoking status,0.06191490218043327,BMI risk index,0.06315246969461441,Preventive check-up adherence,0.0,Claims in previous 12 months (normalized)
2035,0,305,0.14454340799875354,0.0015673935413360596,0.1109541580080986,Age (normalized),0.11852280795574188,Health score,0.1838245838880539,Smoking status,0.06409959495067596,BMI risk index,0.08802849799394608,Preventive check-up adherence,0.03414442762732506,Claims in previous 12 months (normalized)
2035,0,309,0.13553151399992203,1.1563301086425781e-05,0.01915133185684681,Age (normalized),0.20526684820652008,Health score,0.0,Smoking status,0.06382646411657333,BMI risk index,0.05189014971256256,Preventive check-up adherence,0.0,Claims in previous 12 months (normalized)
2035,0,314,0.13947595800073032,0.00032310187816619873,0.16820701956748962,Age (normalized),0.18824996054172516,Health score,0.1984901875257492,Smoking status,0.025002680718898773,BMI risk index,0.030917825177311897,Preventive check-up adherence,0.0,Claims in previous 12 months (normalized)
2035,0,316,0.1323103810000248,0.0008378699421882629,0.13410669565200806,Age (normalized),0.11460797488689423,Health score,0.0,Smoking status,0.08816144615411758,BMI risk index,0.07180148363113403,Preventive check-up adherence,0.03158910945057869,Claims in previous 12 months (normalized)
2035,0,317,0.1559809039999891,0.00010792911052703857,0.0975433737039566,Age (normalized),0.1904081106185913,Health score,0.0,Smoking status,0.05407385528087616,BMI risk index,0.07159307599067688,Preventive check-up adherence,0.025283629074692726,Claims in previous 12 months (normalized)
2035,0,319,0.14729681100016023,0.00013954192399978638,0.05719977617263794,Age (normalized),0.1848282814025879,Health score,0.0,Smoking status,0.02077232301235199,BMI risk index,0.06634847074747086,Preventive check-up adherence,0.0,Claims in previous 12 months (normalized)
2035,0,320,0.1522146059996885,0.0004899874329566956,0.14182433485984802,Age (normalized),0.21254780888557434,Health score,0.2028064727783203,Smoking status,0.03179757669568062,BMI risk index,0.05335477367043495,Preventive check-up adherence,0.035977065563201904,Claims in previous 12 months (normalized)
2035,0,322,0.1349025179997625,0.00064849853515625,0.08996635675430298,Age (normalized),0.12104804068803787,Health score,0.0,Smoking status,0.013736583292484283,BMI risk index,0.06941340118646622,Preventive check-up adherence,0.0,Claims in previous 12 months (normalized)
2035,0,332,0.1531206370000291,3.723800182342529e-05,0.041945841163396835,Age (normalized),0.13238489627838135,Health score,0.0,Smoking status,0.031046798452734947,BMI risk index,0.07478099316358566,Preventive check-up adherence,0.02410239540040493,Claims in previous 12 months (normalized)
2035,0,338,0.12286502599999949,0.00041100382804870605,0.14314264059066772,Age (normalized),0.24240230023860931,Health score,0.0,Smoking status,0.016442131251096725,BMI risk index,0.04544785991311073,Preventive check-up adherence,0.0,Claims in previous 12 months (normalized)
2035,0,340,0.1453208769999037,0.000269424170255661,0.12791094183921814,Age (normalized),0.12779609858989716,Health score,0.0,Smoking status,0.08474002033472061,BMI risk index,0.060088977217674255,Preventive check-up adherence,0.03368484228849411,Claims in previous 12 months (normalized)
2035,0,348,0.1487173809991873,0.0005091279745101929,0.07786056399345398,Age (normalized),0.1882830411195755,Health score,0.0,Smoking status,0.007234813179820776,BMI risk index,0.061345212161540985,Preventive check-up adherence,0.018906451761722565,Claims in previous 12 months (normalized)
2035,0,356,0.1332854230004159,0.0004144012928009033,0.058445315808057785,Age (normalized),0.13797785341739655,Health score,0.0,Smoking status,0.03737583011388779,BMI risk index,0.08643470704555511,Preventive check-up adherence,0.06515854597091675,Claims in previous 12 months (normalized)
2035,0,361,0.16313966100005928,0.00015085935592651367,0.01989292912185192,Age (normalized),0.2533350884914398,Health score,0.20533929765224457,Smoking status,0.04034626483917236,BMI risk index,0.06335823237895966,Preventive check-up adherence,0.03332854434847832,Claims in previous 12 months (normalized)
2035,0,373,0.1512188979995699,0.0005387589335441589,0.07070392370223999,Age (normalized),0.16992545127868652,Health score,0.0,Smoking status,0.012268263846635818,BMI risk index,0.07220734655857086,Preventive check-up adherence,0.0,Claims in previous 12 months (normalized)
2035,0,375,0.15071211100075743,0.00017249584197998047,0.15284933149814606,Age (normalized),0.20906803011894226,Health score,0.0,Smoking status,0.03142785280942917,BMI risk index,0.08580771088600159,Preventive check-up adherence,0.0,Claims in previous 12 months (normalized)
2035,0,390,0.13525088099959248,8.143484592437744e-05,0.11184510588645935,Age (normalized),0.2285393327474594,Health score,0.0,Smoking status,0.050350483506917953,BMI risk index,0.023095158860087395,Preventive check-up adherence,0.0,Claims in previous 12 months (normalized)
2035,0,393,0.17589845699967555,0.0005267113447189331,0.06738085299730301,Age (normalized),0.14166484773159027,Health score,0.0,Smoking status,0.028057700023055077,BMI risk index,0.05934740975499153,Preventive check-up adherence,0.02735019661486149,Claims in previous 12 months (normalized)
2035,0,398,0.2579171090001182,0.0002536177635192871,0.1220661848783493,Age (normalized),0.2534383535385132,Health score,0.0,Smoking status,0.03969171643257141,BMI risk index,0.06338918209075928,Preventive check-up adherence,0.05163421109318733,Claims in previous 12 months (normalized)
2035,0,401,0.21455644199977542,7.516145706176758e-05,0.0986926257610321,Age (normalized),0.2026805281639099,Health score,0.0,Smoking status,0.031647320836782455,BMI risk index,0.06233437731862068,Preventive check-up adherence,0.0,Claims in previous 12 months (normalized)
2035,0,402,0.2409208029994261,0.0005487203598022461,0.09727026522159576,Age (normalized),0.19152531027793884,Health score,0.0,Smoking status,0.01726175658404827,BMI risk index,0.05386648327112198,Preventive check-up adherence,0.0,Claims in previous 12 months (normalized)
2035,0,410,0.32060913300119864,0.0010140612721443176,0.09120885282754898,Age (normalized),0.2559807598590851,Health score,0.0,Smoking status,0.07023084163665771,BMI risk index,0.04139767587184906,Preventive check-up adherence,0.022892966866493225,Claims in previous 12 months (normalized)
2035,0,411,0.13254850700013776,0.0002649351954460144,0.12961307168006897,Age (normalized),0.19880154728889465,Health score,0.1940123438835144,Smoking status,0.07699699699878693,BMI risk index,0.06720392405986786,Preventive check-up adherence,0.07031293213367462,Claims in previous 12 months (normalized)
2035,0,415,0.13544132800052466,3.854930400848389e-05,0.02801499143242836,Age (normalized),0.2197595089673996,Health score,0.0,Smoking status,0.06356850266456604,BMI risk index,0.07244085520505905,Preventive check-up adherence,0.08202536404132843,Claims in previous 12 months (normalized)
2035,0,428,0.1880620749998343,0.00029145926237106323,0.14021757245063782,Age (normalized),0.17905691266059875,Health score,0.20129600167274475,Smoking status,0.08069833368062973,BMI risk index,0.05829157307744026,Preventive check-up adherence,0.0,Claims in previous 12 months (normalized)
2035,0,434,0.13736393399994995,0.00022964924573898315,0.07182178646326065,Age (normalized),0.1514890491962433,Health score,0.0,Smoking status,0.043906208127737045,BMI risk index,0.0860498920083046,Preventive check-up adherence,0.024544058367609978,Claims in previous 12 months (normalized)
2035,0,440,0.15482852599961916,6.780028343200684e-05,0.1642327904701233,Age (normalized),0.1920468658208847,Health score,0.21163763105869293,Smoking status,0.02634184993803501,BMI risk index,0.09420108050107956,Preventive check-up adherence,0.0,Claims in previous 12 months (normalized)
2035,0,441,0.16589286799899128,0.0005996078252792358,0.10350025445222855,Age (normalized),0.22103865444660187,Health score,0.0,Smoking status,0.0160400178283453,BMI risk index,0.06398509442806244,Preventive check-up adherence,0.0,Claims in previous 12 months (normalized)
2035,0,443,0.14296822200049064,1.7568469047546387e-05,0.09677387773990631,Age (normalized),0.18621377646923065,Health score,0.0,Smoking status,0.0006583761423826218,BMI risk index,0.0734747126698494,Preventive check-up adherence,0.0,Claims in previous 12 months (normalized)
2035,0,446,0.17875030499999411,0.0005282387137413025,0.07204844802618027,Age (normalized),0.1912398636341095,Health score,0.0,Smoking status,0.006949739996343851,BMI risk index,0.061012670397758484,Preventive check-up adherence,0.0,Claims in previous 12 months (normalized)
2035,0,447,0.15577259400015464,4.0218234062194824e-05,0.10873143374919891,Age (normalized),0.15568718314170837,Health score,0.0,Smoking status,0.09140655398368835,BMI risk index,0.08465616405010223,Preventive check-up adherence,0.0,Claims in previous 12 months (normalized)
2035,0,449,0.1430064570004106,0.00028796494007110596,0.06171487644314766,Age (normalized),0.21241293847560883,Health score,0.0,Smoking status,0.0036845565773546696,BMI risk index,0.05091800540685654,Preventive check-up adherence,0.0,Claims in previous 12 months (normalized)
2035,0,454,0.12495719600065058,0.00042748451232910156,0.14845509827136993,Age (normalized),0.1279798448085785,Health score,0.0,Smoking status,0.04105883091688156,BMI risk index,0.0303138829767704,Preventive check-up adherence,0.0,Claims in previous 12 months (normalized)
2035,0,460,0.1457577789997231,0.00020259618759155273,0.07847055047750473,Age (normalized),0.09965961426496506,Health score,0.0,Smoking status,0.07559492439031601,BMI risk index,0.08292927592992783,Preventive check-up adherence,0.0322096012532711,Claims in previous 12 months (normalized)
2035,0,475,0.15250318899961712,0.0002637803554534912,0.04883984848856926,Age (normalized),0.12547801434993744,Health score,0.0,Smoking status,0.022745219990611076,BMI risk index,0.08119530230760574,Preventive check-up adherence,0.0,Claims in previous 12 months (normalized)
2035,0,476,0.14187751400004345,0.0007074270397424698,0.13139402866363525,Age (normalized),0.22852322459220886,Health score,0.20421527326107025,Smoking status,0.029550964012742043,BMI risk index,0.05435337498784065,Preventive check-up adherence,0.035021644085645676,Claims in previous 12 months (normalized)
2035,0,479,0.13065438400008134,0.00035625696182250977,0.09604490548372269,Age (normalized),0.13034649193286896,Health score,0.19984571635723114,Smoking status,0.07111750543117523,BMI risk index,0.08286864310503006,Preventive check-up adherence,0.0,Claims in previous 12 months (normalized)
2035,0,490,0.14049388300009014,0.0004392564296722412,0.06077069789171219,Age (normalized),0.18909604847431183,Health score,0.0,Smoking status,0.092962846159935,BMI risk index,0.04465920850634575,Preventive check-up adherence,0.030144905671477318,Claims in previous 12 months (normalized)
2035,0,496,0.14374257200051943,0.0001577511429786682,0.10644123703241348,Age (normalized),0.2242313176393509,Health score,0.0,Smoking status,0.02351194992661476,BMI risk index,0.057810865342617035,Preventive check-up adherence,0.022336648777127266,Claims in previous 12 months (normalized)
2035,0,498,0.1564726749993497,0.0002641528844833374,0.0524592287838459,Age (normalized),0.1588270515203476,Health score,0.0,Smoking status,0.027243342250585556,BMI risk index,0.03735590726137161,Preventive check-up adherence,0.0,Claims in previous 12 months (normalized)
2035,0,502,0.15303372299968032,0.0008113831281661987,0.09163057804107666,Age (normalized),0.1997951716184616,Health score,0.0,Smoking status,0.0070364330895245075,BMI risk index,0.06345053017139435,Preventive check-up adherence,0.0,Claims in previous 12 months (normalized)
2035,0,509,0.1700472169995919,0.0005140379071235657,0.07652471959590912,Age (normalized),0.1731555461883545,Health score,0.0,Smoking status,0.011439069174230099,BMI risk index,0.03991653025150299,Preventive check-up adherence,0.0,Claims in previous 12 months (normalized)
2035,0,520,0.11701511600040249,0.0005692988634109497,0.11476735025644302,Age (normalized),0.15577058494091034,Health score,0.0,Smoking status,0.04614454135298729,BMI risk index,0.07213053107261658,Preventive check-up adherence,0.0,Claims in previous 12 months (normalized)
2035,0,521,0.14725501900011295,0.00010375678539276123,0.09891524165868759,Age (normalized),0.19614824652671814,Health score,0.0,Smoking status,0.053786393254995346,BMI risk index,0.06699415296316147,Preventive check-up adherence,0.0,Claims in previous 12 months (normalized)
2035,0,523,0.12376787999983208,0.000208243727684021,0.044881656765937805,Age (normalized),0.19291989505290985,Health score,0.0,Smoking status,0.06763610988855362,BMI risk index,0.02712715044617653,Preventive check-up adherence,0.06060123071074486,Claims in previous 12 months (normalized)
2035,0,530,0.12764959399919462,0.00047864019870758057,0.10676728188991547,Age (normalized),0.2187831550836563,Health score,0.0,Smoking status,0.06478948891162872,BMI risk index,0.06799046695232391,Preventive check-up adherence,0.02534366026520729,Claims in previous 12 months (normalized)
2035,0,531,0.14865054300025804,0.00010416284203529358,0.0164016280323267,Age (normalized),0.1101585179567337,Health score,0.19708755612373352,Smoking status,0.05276433378458023,BMI risk index,0.06407594680786133,Preventive check-up adherence,0.03422591835260391,Claims in previous 12 months (normalized)
2035,0,534,0.12110361200029729,0.00026022642850875854,0.1602628529071808,Age (normalized),0.19201797246932983,Health score,0.0,Smoking status,0.1137971580028534,BMI risk index,0.05799855291843414,Preventive check-up adherence,0.10592243820428848,Claims in previous 12 months (normalized)
2035,0,541,0.17249196199918515,5.240738391876221e-05,0.08429861813783646,Age (normalized),0.2095247507095337,Health score,0.0,Smoking status,0.04417342692613602,BMI risk index,0.0591152124106884,Preventive check-up adherence,0.0,Claims in previous 12 months (normalized)
2035,0,545,0.12797931899967807,0.0005812346935272217,0.11232192814350128,Age (normalized),0.20886404812335968,Health score,0.0,Smoking status,0.05130013823509216,BMI risk index,0.07942704856395721,Preventive check-up adherence,0.0,Claims in previous 12 months (normalized)
2035,0,546,0.12126835600065533,0.00039014220237731934,0.11919593065977097,Age (normalized),0.13983416557312012,Health score,0.0,Smoking status,0.034737370908260345,BMI risk index,0.091512031853199,Preventive check-up adherence,0.0,Claims in previous 12 months (normalized)
2035,0,573,0.1395984769997085,3.156810998916626e-05,0.16162370145320892,Age (normalized),0.0833912342786789,Health score,0.0,Smoking status,0.07280226051807404,BMI risk index,0.0792427733540535,Preventive check-up adherence,0.03517170995473862,Claims in previous 12 months (normalized)
2035,0,579,0.12472737200005213,0.0006854608654975891,0.08412320911884308,Age (normalized),0.21722857654094696,Health score,0.0,Smoking status,0.025415142998099327,BMI risk index,0.049398042261600494,Preventive check-up adherence,0.022762862965464592,Claims in previous 12 months (normalized)
2035,0,581,0.12714676500036148,0.00017742067575454712,0.157924622297287,Age (normalized),0.21237145364284515,Health score,0.21197305619716644,Smoking status,0.03561114892363548,BMI risk index,0.06996109336614609,Preventive check-up adherence,0.07664916664361954,Claims in previous 12 months (normalized)
2035,0,582,0.11966315399968153,0.00024059414863586426,0.10429294407367706,Age (normalized),0.21123945713043213,Health score,0.21080611646175385,Smoking status,0.05706422030925751,BMI risk index,0.04976338893175125,Preventive check-up adherence,0.0,Claims in previous 12 months (normalized)
2035,0,584,0.1449277309993704,0.0005646049976348877,0.09535354375839233,Age (normalized),0.21782349050045013,Health score,0.20322851836681366,Smoking status,0.07914527505636215,BMI risk index,0.055053822696208954,Preventive check-up adherence,0.10251164436340332,Claims in previous 12 months (normalized)
2035,0,587,0.1519785590007814,1.2442469596862793e-06,0.016236888244748116,Age (normalized),0.19357049465179443,Health score,0.0,Smoking status,0.02473192848265171,BMI risk index,0.04008113220334053,Preventive check-up adherence,0.0,Claims in previous 12 months (normalized)
2035,0,588,0.13569437800015294,0.0006974488496780396,0.09652022272348404,Age (normalized),0.14745137095451355,Health score,0.0,Smoking status,0.09236849099397659,BMI risk index,0.07541458308696747,Preventive check-up adherence,0.0,Claims in previous 12 months (normalized)
2035,0,594,0.1310152209998705,0.000365331768989563,0.06272420287132263,Age (normalized),0.11068575829267502,Health score,0.0,Smoking status,0.027076072990894318,BMI risk index,0.07296035438776016,Preventive check-up adherence,0.0,Claims in previous 12 months (normalized)
2035,0,595,0.11728493300051923,0.00012718141078948975,0.0465267077088356,Age (normalized),0.08739540725946426,Health score,0.18961134552955627,Smoking status,0.07052680104970932,BMI risk index,0.084579236805439,Preventive check-up adherence,0.06727384775876999,Claims in previous 12 months (normalized)
