data_seed,model_seed,node_index,target,prediction,important_feature_delta,random_feature_delta_mean,feature_rank_spearman,feature_top2_causal_overlap,important_edge_delta,random_edge_delta_mean,fidelity_plus,fidelity_minus,characterization,sparsity,causal_edge_precision,causal_edge_recall,random_causal_edge_precision,random_causal_edge_recall
2026,0,1,0.12046148627996445,0.13193275034427643,0.06989447772502899,0.08340648300945759,0.942857142857143,1.0,0.12268497049808502,0.0407582588493824,0.12268497049808502,0.004768818616867065,0.2184419787142273,0.4285714285714286,0.75,0.75,0.55,0.55
2026,0,6,0.1988527625799179,0.17129340767860413,0.06005091965198517,0.08374031782150268,1.0,1.0,0.13840454816818237,0.13840454816818237,0.13840454816818237,0.0,0.24315529728142854,0.0,1.0,1.0,1.0,1.0
2026,0,9,0.17997092008590698,0.20027056336402893,0.06303265690803528,0.09329906105995178,0.9411764705882354,1.0,0.0877666175365448,0.056128669530153275,0.0877666175365448,0.0037104785442352295,0.16132183240354434,0.4285714285714286,0.75,0.75,0.5625,0.5625
2026,0,29,0.3204866349697113,0.3063223361968994,0.2888028025627136,0.10103405863046647,0.4285714285714286,0.5,0.023562997579574585,0.018463535606861113,0.023562997579574585,0.014321327209472656,0.04602573370297796,0.4285714285714286,0.75,0.75,0.6,0.6
2026,0,31,0.2574611008167267,0.1965252310037613,0.047167569398880005,0.08554846979677677,0.7058823529411765,0.5,0.10057215392589569,0.01912654936313629,0.10057215392589569,0.004621386528015137,0.18268589083857179,0.6,0.75,0.75,0.325,0.325
2026,0,38,0.08570866286754608,0.08819121867418289,0.0648995116353035,0.08078408129513263,0.9411764705882354,1.0,0.08276955038309097,0.028756747022271156,0.08276955038309097,0.0014651566743850708,0.15286774104457412,0.6,1.0,1.0,0.4,0.4
2026,0,40,0.052356570959091187,0.058586858212947845,0.2745736911892891,0.05998229496181011,0.2571428571428572,0.0,0.08748713880777359,0.01544981710612774,0.08748713880777359,0.002568058669567108,0.16086447053980543,0.7142857142857143,0.5,0.5,0.275,0.275
2026,0,43,0.3307638168334961,0.3825919032096863,0.10994496941566467,0.12531348541378975,0.8857142857142858,1.0,0.03341323137283325,0.01736924350261688,0.03341323137283325,0.017042815685272217,0.06462953923521736,0.4285714285714286,0.5,0.5,0.5625,0.5625
2026,0,45,0.25230419635772705,0.2837219536304474,0.09431120753288269,0.15662095583975316,0.7714285714285715,0.5,0.05762842297554016,0.03579186499118805,0.05762842297554016,0.016979992389678955,0.10887421943276981,0.6,0.75,0.75,0.3875,0.3875
2026,0,46,0.11005116254091263,0.12593020498752594,0.03151978552341461,0.07237905096262694,0.6470588235294118,0.5,0.14382578432559967,0.03051619976758957,0.14382578432559967,0.010940924286842346,0.2511326655101225,0.7142857142857143,0.75,0.75,0.2875,0.2875
2026,0,53,0.08318562060594559,0.07824452221393585,0.037875667214393616,0.04676950834691525,0.9411764705882354,1.0,0.09617367386817932,0.017795219644904138,0.09617367386817932,0.002164408564567566,0.17543821206695273,0.5,0.75,0.75,0.4875,0.4875
2026,0,61,0.2711745500564575,0.2638906240463257,0.012056916952133179,0.11959240138530731,0.7714285714285715,1.0,0.09657272696495056,0.02929360568523407,0.09657272696495056,0.003056138753890991,0.1760880234455511,0.6,1.0,1.0,0.375,0.375
2026,0,69,0.09660129249095917,0.09870051592588425,0.06938710063695908,0.05577602796256542,0.9411764705882354,1.0,0.06469246000051498,0.025475365668535234,0.06469246000051498,0.0010062232613563538,0.12151584313161755,0.4285714285714286,1.0,1.0,0.55,0.55
2026,0,72,0.39079099893569946,0.47432851791381836,0.040071308612823486,0.1798313744366169,0.4285714285714286,0.5,0.0697941780090332,0.02558603435754776,0.0697941780090332,0.03763964772224426,0.1301494064402292,0.4285714285714286,0.75,0.75,0.625,0.625
2026,0,75,0.5861634016036987,0.544331967830658,0.341502383351326,0.15793006345629693,0.5428571428571429,0.5,0.013832390308380127,0.010427269339561462,0.013832390308380127,0.005909919738769531,0.02728511843592756,0.6923076923076923,0.5,0.5,0.3125,0.3125
2026,0,76,0.7505032420158386,0.6737074851989746,0.3699808418750763,0.11142739951610565,0.6,0.5,0.025622427463531494,0.017312806844711304,0.025622427463531494,0.0022826790809631348,0.049961783903658345,0.4285714285714286,0.75,0.75,0.5375,0.5375
2026,0,94,0.07834595441818237,0.0909663662314415,0.07052590698003769,0.07969941310584545,0.942857142857143,1.0,0.001583203673362732,0.024891234934329987,0.001583203673362732,0.09467922896146774,0.0031608796746868764,0.6,0.25,0.25,0.3875,0.3875
2026,0,107,0.168531596660614,0.18039748072624207,0.0679590106010437,0.11055612862110138,0.8823529411764706,1.0,0.09439754486083984,0.03417350426316261,0.09439754486083984,0.0018890202045440674,0.17248236304788528,0.6,0.75,0.75,0.3875,0.3875
2026,0,110,0.18596835434436798,0.17157211899757385,0.266580730676651,0.06740608140826225,0.8285714285714287,0.5,0.03823694586753845,0.01953258514404297,0.03823694586753845,0.002979263663291931,0.07364935045533663,0.6,0.75,0.75,0.4375,0.4375
2026,0,111,0.18434055149555206,0.194441556930542,0.19759395718574524,0.07517984136939049,1.0,1.0,0.046455636620521545,0.03152494728565216,0.046455636620521545,0.02460382878780365,0.08868732186712482,0.4285714285714286,0.5,0.5,0.65,0.65
2026,0,126,0.15032857656478882,0.17155645787715912,0.020989567041397095,0.05956358127295971,0.942857142857143,1.0,0.13815797865390778,0.05392405614256859,0.13815797865390778,0.008962824940681458,0.2425084670737914,0.4285714285714286,0.75,0.75,0.5625,0.5625
2026,0,129,0.34777340292930603,0.3289572298526764,0.0713735818862915,0.07677542716264725,0.942857142857143,1.0,0.029221773147583008,0.029221773147583008,0.029221773147583008,0.0,0.056784210964011185,0.0,1.0,1.0,1.0,1.0
2026,0,132,0.10467644035816193,0.12021905928850174,0.07007937878370285,0.09583385773003102,0.823529411764706,0.5,0.09767761081457138,0.015162890404462814,0.09767761081457138,0.006468482315540314,0.17786835242091592,0.6,0.75,0.75,0.375,0.375
2026,0,141,0.04729419946670532,0.04306742548942566,0.18501408398151398,0.03697540182620287,0.7647058823529412,0.5,0.07178746908903122,0.01795619111508131,0.07178746908903122,0.004356026649475098,0.13391915980520375,0.6,0.75,0.75,0.425,0.425
2026,0,143,0.21294467151165009,0.23511411249637604,0.10073994100093842,0.12447008937597275,0.7714285714285715,0.5,0.09995506703853607,0.09995506703853607,0.09995506703853607,0.0,0.18174390942650065,0.0,1.0,1.0,1.0,1.0
2026,0,145,0.4959162175655365,0.5041050910949707,0.3728581815958023,0.14022116735577583,0.942857142857143,0.5,0.006787538528442383,0.012983527779579163,0.006787538528442383,0.0012605786323547363,0.013483442160730712,0.4285714285714286,0.75,0.75,0.5875,0.5875
2026,0,155,0.10060719400644302,0.07551390677690506,0.19093208760023117,0.0668425315991044,1.0,1.0,0.021280530840158463,0.04949912428855896,0.021280530840158463,0.01912195235490799,0.04165729055554458,0.4285714285714286,0.75,0.75,0.5875,0.5875
2026,0,157,0.20722629129886627,0.2292284071445465,0.08104106783866882,0.11318605542182922,0.8285714285714287,0.5,0.03299158811569214,0.03915165439248085,0.03299158811569214,0.0349959135055542,0.06380191450032383,0.6,0.5,0.5,0.4125,0.4125
2026,0,159,0.10457098484039307,0.10900164395570755,0.03990190476179123,0.09706160500645637,0.8857142857142858,1.0,0.12896326929330826,0.12896326929330826,0.12896326929330826,0.0,0.22846317998287896,0.0,1.0,1.0,1.0,1.0
2026,0,163,0.1712649166584015,0.16041108965873718,0.2522832453250885,0.061882421001791955,0.8285714285714287,0.5,0.07718949019908905,0.030064232647418976,0.07718949019908905,0.0028703510761260986,0.1432868995067228,0.6363636363636364,0.75,0.75,0.4625,0.4625
2026,0,166,0.4017978012561798,0.3744526505470276,0.08002442121505737,0.14851153306663037,0.14285714285714288,0.5,0.09736528992652893,0.0654766395688057,0.09736528992652893,0.08939039707183838,0.17592058815648162,0.6,0.5,0.5,0.4625,0.4625
2026,0,167,0.26921096444129944,0.2818394601345062,0.05026322603225708,0.09557437673211097,0.5428571428571429,0.5,0.06673073768615723,0.03720815554261207,0.06673073768615723,0.03863433003425598,0.12479888046585226,0.6,0.25,0.25,0.425,0.425
2026,0,168,0.059346601366996765,0.07092297077178955,0.22867685556411743,0.07203491572290659,0.823529411764706,0.5,0.08626557886600494,0.08626557886600494,0.08626557886600494,0.0,0.15882962793695618,0.0,1.0,1.0,1.0,1.0
2026,0,173,0.16493801772594452,0.16814666986465454,0.036829784512519836,0.11213953755795955,0.8857142857142858,1.0,0.08645927906036377,0.08645927906036377,0.08645927906036377,0.0,0.15915788235549708,0.0,1.0,1.0,1.0,1.0
2026,0,180,0.07717175781726837,0.0759851410984993,0.0632365420460701,0.09136012736707926,0.823529411764706,0.5,0.08720871061086655,0.03563215881586075,0.08720871061086655,0.0003829002380371094,0.1604218772553989,0.4285714285714286,1.0,1.0,0.6,0.6
2026,0,184,0.3964274525642395,0.3625396490097046,0.09212258458137512,0.11371997073292732,0.823529411764706,0.5,0.0471767783164978,0.015203186869621277,0.0471767783164978,0.01741158962249756,0.0900309237905577,0.6,0.5,0.5,0.375,0.375
2026,0,189,0.09945345669984818,0.10374552011489868,0.027441486716270447,0.06524071972817183,0.8823529411764706,1.0,0.11273488402366638,0.03436564914882183,0.11273488402366638,0.00040480494499206543,0.20261836033145708,0.4285714285714286,0.75,0.75,0.5625,0.5625
2026,0,193,0.09773705899715424,0.10538826882839203,0.06972789764404297,0.06695295497775078,0.9411764705882354,1.0,0.09418907761573792,0.09418907761573792,0.09418907761573792,0.0,0.17216234294894991,0.0,1.0,1.0,1.0,1.0
2026,0,198,0.49825531244277954,0.4706132113933563,0.00992932915687561,0.1461230605840683,0.8285714285714287,1.0,0.01511332392692566,0.030464975535869597,0.01511332392692566,0.013922274112701416,0.02977036618780453,0.4285714285714286,1.0,1.0,0.525,0.525
2026,0,203,0.08607996255159378,0.09186241775751114,0.08074773102998734,0.05834247823804617,0.9411764705882354,1.0,0.0024858862161636353,0.023899953067302703,0.0024858862161636353,0.002448439598083496,0.004959413634563026,0.4285714285714286,0.75,0.75,0.5375,0.5375
2026,0,217,0.12807588279247284,0.1159614697098732,0.30771150439977646,0.059562207013368604,0.6571428571428573,0.5,0.08463532477617264,0.08463532477617264,0.08463532477617264,0.0,0.1560622687512748,0.0,1.0,1.0,1.0,1.0
2026,0,223,0.14813151955604553,0.16787409782409668,0.30712997913360596,0.06355948001146317,0.8285714285714287,0.5,0.07250533998012543,0.02770308926701546,0.07250533998012543,0.006874114274978638,0.13514418168425504,0.4285714285714286,0.75,0.75,0.55,0.55
2026,0,230,0.19095106422901154,0.17494404315948486,0.08895948529243469,0.07356289252638817,1.0,1.0,0.08612579107284546,0.03031931146979332,0.08612579107284546,0.006852969527244568,0.15850593463220905,0.6,0.5,0.5,0.3875,0.3875
2026,0,237,0.4450484812259674,0.38028332591056824,0.06681761145591736,0.133038991689682,0.5428571428571429,0.5,0.011451661586761475,0.011451661586761475,0.011451661586761475,0.0,0.022644011615535146,0.0,1.0,1.0,1.0,1.0
2026,0,247,0.21061760187149048,0.19245214760303497,0.060562506318092346,0.10480850860476494,0.8857142857142858,1.0,0.05993586778640747,0.017326151579618455,0.05993586778640747,0.014108657836914062,0.11300194252644123,0.7142857142857143,0.75,0.75,0.3,0.3
2026,0,251,0.17958301305770874,0.15667824447155,0.26879240572452545,0.08893856927752494,0.942857142857143,0.5,0.004644930362701416,0.014585401117801666,0.004644930362701416,0.0095205157995224,0.009246498553279227,0.6363636363636364,0.5,0.5,0.2625,0.2625
2026,0,254,0.1817951500415802,0.23521752655506134,0.06233237683773041,0.1447241261601448,0.6,0.5,0.1558629721403122,0.060102503001689914,0.1558629721403122,0.00196269154548645,0.26961959160361704,0.4285714285714286,1.0,1.0,0.5375,0.5375
2026,0,255,0.07519707828760147,0.09923843294382095,0.23266645520925522,0.07898425459861755,1.0,1.0,0.06552847474813461,0.06552847474813461,0.06552847474813461,0.0,0.12299713485108688,0.0,1.0,1.0,1.0,1.0
2026,0,256,0.12291170656681061,0.1351083666086197,0.07224257290363312,0.12175273112952709,0.823529411764706,0.5,0.09786157310009003,0.07037540078163147,0.09786157310009003,0.008784055709838867,0.17813599131597438,0.4285714285714286,0.75,0.75,0.5625,0.5625
2026,0,260,0.3875533640384674,0.4040585458278656,0.08031144738197327,0.2116596907377243,0.8285714285714287,0.5,0.04984074831008911,0.027092494070529938,0.04984074831008911,0.029397189617156982,0.09481282912563989,0.6923076923076923,0.5,0.5,0.175,0.175
2026,0,261,0.06057557091116905,0.04910232871770859,0.14258409291505814,0.0198663093149662,1.0,1.0,0.0826982632279396,0.0826982632279396,0.0826982632279396,0.0,0.15276326939212834,0.0,1.0,1.0,1.0,1.0
2026,0,294,0.12459751218557358,0.13844723999500275,0.07795241475105286,0.0817092077806592,0.823529411764706,0.5,0.0669962614774704,0.0369949460029602,0.0669962614774704,0.0009540021419525146,0.12557165781071034,0.4285714285714286,0.75,0.75,0.55,0.55
2026,0,296,0.11230845749378204,0.11198879778385162,0.061582326889038086,0.11614067647606134,0.9411764705882354,1.0,0.07353498041629791,0.023185841739177704,0.07353498041629791,0.007138587534427643,0.13692852865799485,0.6,0.75,0.75,0.4125,0.4125
2026,0,299,0.23923072218894958,0.23942478001117706,0.11758606135845184,0.1401294693350792,0.6571428571428573,0.5,0.03220279514789581,0.08388575911521912,0.03220279514789581,0.05845308303833008,0.062275638415054825,0.4285714285714286,0.75,0.75,0.5875,0.5875
2026,0,301,0.21901488304138184,0.16478900611400604,0.21160639822483063,0.06320224106311798,1.0,1.0,0.054834410548210144,0.007633971422910691,0.054834410548210144,0.0030443966388702393,0.10395130611642195,0.75,0.75,0.75,0.3,0.3
2026,0,305,0.23035861551761627,0.24350768327713013,0.021018564701080322,0.12988334149122238,0.8857142857142858,1.0,0.10644915699958801,0.05317229107022285,0.10644915699958801,0.01487964391708374,0.19213660731881277,0.4285714285714286,0.75,0.75,0.5875,0.5875
2026,0,308,0.10309592634439468,0.11457789689302444,0.2773521766066551,0.04590681679546833,0.823529411764706,0.5,0.08722931891679764,0.08722931891679764,0.08722931891679764,0.0,0.16046167519416027,0.0,1.0,1.0,1.0,1.0
2026,0,310,0.4217661917209625,0.43190187215805054,0.03553891181945801,0.1677185133099556,0.6,1.0,0.009829521179199219,0.02128056585788727,0.009829521179199219,0.008685797452926636,0.019466024144684412,0.6,0.5,0.5,0.3875,0.3875
2026,0,313,0.20015017688274384,0.176924467086792,0.04094451665878296,0.078032186627388,1.0,1.0,0.01705116033554077,0.04975600242614746,0.01705116033554077,0.0016284286975860596,0.0335296683958674,0.4285714285714286,0.75,0.75,0.625,0.625
2026,0,316,0.14613434672355652,0.15136615931987762,0.15691156685352325,0.06232688315212727,0.942857142857143,0.5,0.019892767071723938,0.03622910417616367,0.019892767071723938,0.03034175932407379,0.03898573266040845,0.4285714285714286,0.5,0.5,0.5625,0.5625
2026,0,319,0.09499972313642502,0.08731357753276825,0.08631767332553864,0.05877601467072964,0.9411764705882354,0.5,0.009820640087127686,0.012465962022542954,0.009820640087127686,0.010857656598091125,0.019448189993107618,0.6363636363636364,0.5,0.5,0.375,0.375
2026,0,323,0.1524464190006256,0.15232841670513153,0.24495796859264374,0.03875213153660297,0.8285714285714287,0.5,0.09322012960910797,0.09322012960910797,0.09322012960910797,0.0,0.17054228528053134,0.0,1.0,1.0,1.0,1.0
2026,0,324,0.07815613597631454,0.08314114809036255,0.24385735392570496,0.07206241376698017,0.823529411764706,0.5,0.11499395966529846,0.11499395966529846,0.11499395966529846,0.0,0.2062683096504265,0.0,1.0,1.0,1.0,1.0
2026,0,333,0.12176952511072159,0.12060552090406418,0.16717863827943802,0.03678265661001205,1.0,1.0,0.08587626367807388,0.025449489057064057,0.08587626367807388,0.0008886381983757019,0.15815839505432447,0.4285714285714286,0.75,0.75,0.625,0.625
2026,0,334,0.09939588606357574,0.07485625147819519,0.18001288175582886,0.038092320784926414,0.942857142857143,0.5,0.08915111422538757,0.02498013451695442,0.08915111422538757,0.0007134005427360535,0.1636979546963554,0.6,0.75,0.75,0.425,0.425
2026,0,344,0.11422166973352432,0.12139907479286194,0.0736255943775177,0.04705391637980938,1.0,1.0,0.10517503321170807,0.023603078350424765,0.10517503321170807,0.007496833801269531,0.19019518384120732,0.6,0.75,0.75,0.375,0.375
2026,0,346,0.3209264874458313,0.2594355046749115,0.003711491823196411,0.09090103134512902,0.8857142857142858,1.0,0.05228409171104431,0.05228409171104431,0.05228409171104431,0.0,0.09937257841849319,0.0,1.0,1.0,1.0,1.0
2026,0,352,0.18140864372253418,0.17055976390838623,0.007530510425567627,0.12947032749652862,1.0,1.0,0.10185813903808594,0.0644474633038044,0.10185813903808594,0.01703128218650818,0.18458865338145705,0.4285714285714286,0.75,0.75,0.5625,0.5625
2026,0,353,0.5624237656593323,0.5849373936653137,0.3702530711889267,0.14877567887306214,0.3714285714285715,0.5,0.011913836002349854,0.011913836002349854,0.011913836002349854,0.0,0.023547135296452627,0.0,1.0,1.0,1.0,1.0
2026,0,362,0.5384830236434937,0.48074355721473694,0.030340462923049927,0.08830031603574753,0.8857142857142858,1.0,0.02258238196372986,0.02258238196372986,0.02258238196372986,0.0,0.044167359739493026,0.0,1.0,1.0,1.0,1.0
2026,0,372,0.10207643359899521,0.12294237315654755,0.0628984123468399,0.05177441388368607,1.0,1.0,0.09581165015697479,0.09581165015697479,0.09581165015697479,0.0,0.17486882922489425,0.0,1.0,1.0,1.0,1.0
2026,0,375,0.204747274518013,0.22423940896987915,0.29503172636032104,0.0957302376627922,0.8285714285714287,0.5,0.009053751826286316,0.020441818237304687,0.009053751826286316,0.013322636485099792,0.01794285996338974,0.4285714285714286,0.75,0.75,0.5625,0.5625
2026,0,376,0.25718966126441956,0.28611865639686584,0.059548646211624146,0.1421436958014965,0.4285714285714286,0.5,0.06251358985900879,0.026723353564739226,0.06251358985900879,0.0012027919292449951,0.11766279800309792,0.4285714285714286,0.75,0.75,0.55,0.55
2026,0,383,0.08734112232923508,0.0986134484410286,0.3403376266360283,0.061570818349719045,0.4705882352941177,0.0,0.07799778133630753,0.028037577494978906,0.07799778133630753,0.000428810715675354,0.1447041204368897,0.6923076923076923,0.75,0.75,0.3625,0.3625
2026,0,386,0.05649079754948616,0.05822109431028366,0.20755211263895035,0.058040297403931615,0.7647058823529412,0.5,0.037912726402282715,0.037842634879052636,0.037912726402282715,0.020322546362876892,0.0730003964086818,0.4285714285714286,0.75,0.75,0.5625,0.5625
2026,0,395,0.08865049481391907,0.09359295666217804,0.05292658507823944,0.08629897367209197,0.9411764705882354,1.0,0.0820070207118988,0.04332765191793442,0.0820070207118988,0.0002554655075073242,0.15158022256088666,0.4285714285714286,0.75,0.75,0.625,0.625
2026,0,396,0.20994709432125092,0.2160981148481369,0.26459212601184845,0.09364659562706948,0.7714285714285715,0.5,0.007035776972770691,0.007962807267904281,0.007035776972770691,0.08157961070537567,0.013964575010363444,0.7894736842105263,0.5,0.5,0.225,0.225
2026,0,400,0.05340709537267685,0.052808765321969986,0.23601838573813438,0.04365759696811437,0.5428571428571429,0.5,0.08268022164702415,0.03947443813085556,0.08268022164702415,0.0033464618027210236,0.1526933345535839,0.4285714285714286,0.75,0.75,0.6,0.6
2026,0,403,0.19824182987213135,0.2035014033317566,0.04985451698303223,0.1079791508615017,0.8857142857142858,1.0,0.008610472083091736,0.01843574717640877,0.008610472083091736,0.011344730854034424,0.01707225715844102,0.6,0.5,0.5,0.4,0.4
2026,0,406,0.35228341817855835,0.4054759442806244,0.01877427101135254,0.0949570283293724,0.8857142857142858,1.0,0.003114670515060425,0.04095411449670792,0.003114670515060425,0.019147515296936035,0.006209622541823878,0.4285714285714286,0.75,0.75,0.65,0.65
2026,0,410,0.07008732855319977,0.08359044790267944,0.10354644060134888,0.047663658298552035,0.7714285714285715,0.5,0.01791708916425705,0.011413074657320976,0.01791708916425705,0.011251501739025116,0.03519638542463423,0.6,0.75,0.75,0.3625,0.3625
2026,0,411,0.16586019098758698,0.1594455987215042,0.05735543370246887,0.09215735159814357,1.0,1.0,0.09905268251895905,0.032514048367738725,0.09905268251895905,0.0036677271127700806,0.18019123564299055,0.4285714285714286,1.0,1.0,0.55,0.55
2026,0,413,0.1053871437907219,0.1020621806383133,0.2701386362314224,0.0674392580986023,0.8285714285714287,0.5,0.07443629205226898,0.034096121415495874,0.07443629205226898,0.0017950907349586487,0.1385415217368309,0.4285714285714286,0.75,0.75,0.5625,0.5625
2026,0,424,0.11790277063846588,0.12845385074615479,0.09871067106723785,0.10134227909147739,0.6571428571428573,0.5,0.11997812986373901,0.053287281095981597,0.11997812986373901,0.00768221914768219,0.21407330626712884,0.4285714285714286,0.75,0.75,0.625,0.625
2026,0,426,0.19161652028560638,0.1728675812482834,0.10453347861766815,0.07129177153110504,0.7714285714285715,1.0,0.11267192661762238,0.05711558610200882,0.11267192661762238,0.001627802848815918,0.20249154201530165,0.4285714285714286,1.0,1.0,0.55,0.55
2026,0,431,0.3250475227832794,0.3768618106842041,0.04261040687561035,0.16379422806203364,0.7714285714285715,0.5,0.07120192050933838,0.038023681938648225,0.07120192050933838,0.024665385484695435,0.1327152858377556,0.6,0.75,0.75,0.45,0.45
2026,0,436,0.1931055784225464,0.173338383436203,0.07283271849155426,0.11310427263379097,1.0,1.0,0.017962366342544556,0.026207973062992097,0.017962366342544556,0.03475522994995117,0.035268418074095594,0.4285714285714286,0.5,0.5,0.5375,0.5375
2026,0,439,0.04005919769406319,0.0361851342022419,0.1477574221789837,0.04386273454874754,0.9411764705882354,1.0,0.06797905638813972,0.06797905638813972,0.06797905638813972,0.0,0.12730410017223004,0.0,1.0,1.0,1.0,1.0
2026,0,441,0.4353298544883728,0.4399529695510864,0.09097862243652344,0.1939195342361927,0.4285714285714286,0.5,0.06352603435516357,0.03705764710903168,0.06352603435516357,0.05164223909378052,0.1190757436425836,0.4285714285714286,0.75,0.75,0.5875,0.5875
2026,0,446,0.09813545644283295,0.09877212345600128,0.131532222032547,0.08155857548117637,0.6,0.5,0.08872541785240173,0.08872541785240173,0.08872541785240173,0.0,0.1629895222386187,0.0,1.0,1.0,1.0,1.0
2026,0,448,0.10666656494140625,0.11316274106502533,0.10513310134410858,0.0769028414040804,0.5882352941176471,0.5,0.0825120061635971,0.02139166332781315,0.0825120061635971,0.0018346160650253296,0.152424079685834,0.6923076923076923,0.75,0.75,0.3125,0.3125
2026,0,453,0.11982730776071548,0.14355041086673737,0.11624695360660553,0.12657480910420418,0.8285714285714287,0.5,0.054396986961364746,0.054396986961364746,0.054396986961364746,0.0,0.10318122611129571,0.0,1.0,1.0,1.0,1.0
2026,0,456,0.21801450848579407,0.18246272206306458,0.2564544677734375,0.08647005073726177,0.6571428571428573,0.5,0.08684492111206055,0.04149345085024834,0.08684492111206055,0.004395157098770142,0.15975470994602414,0.6,1.0,1.0,0.425,0.425
2026,0,461,0.2780458331108093,0.21748177707195282,0.04839955270290375,0.10445374138653278,0.942857142857143,1.0,0.06612591445446014,0.06612591445446014,0.06612591445446014,0.0,0.12404897687586364,0.0,1.0,1.0,1.0,1.0
2026,0,464,0.0987943634390831,0.10704189538955688,0.2568338215351105,0.061602103896439074,0.823529411764706,0.5,0.06714574992656708,0.06714574992656708,0.06714574992656708,0.0,0.12584176047402623,0.0,1.0,1.0,1.0,1.0
2026,0,469,0.263583779335022,0.3138601779937744,0.30940812826156616,0.11414070129394531,0.48571428571428577,0.5,0.0414501428604126,0.024877424538135528,0.0414501428604126,0.02811846137046814,0.079509265042142,0.6923076923076923,0.25,0.25,0.2625,0.2625
2026,0,471,0.1980017125606537,0.17726805806159973,0.055291905999183655,0.10412024110555648,0.8823529411764706,1.0,0.004683077335357666,0.040834910422563556,0.004683077335357666,0.020160257816314697,0.009321602705247118,0.4285714285714286,0.75,0.75,0.575,0.575
2026,0,478,0.05608092248439789,0.05032164976000786,0.21252893283963203,0.05395698882639408,0.411764705882353,0.0,0.07525545731186867,0.019620029628276824,0.07525545731186867,0.0007055029273033142,0.1399699735867762,0.4285714285714286,0.75,0.75,0.5125,0.5125
2026,0,483,0.6026462912559509,0.5464550256729126,0.34377366304397583,0.13052466958761216,0.7714285714285715,0.5,0.005808413028717041,0.00933552086353302,0.005808413028717041,0.010872125625610352,0.011549007319009676,0.6,0.5,0.5,0.45,0.45
2026,0,492,0.08178675174713135,0.08326540142297745,0.22759511321783066,0.03993906415998936,0.6,0.5,0.00620877742767334,0.01117304600775242,0.00620877742767334,0.003730088472366333,0.012340647650094152,0.6,0.5,0.5,0.375,0.375
2026,0,504,0.11074735224246979,0.12182196974754333,0.10588383674621582,0.09390297420322895,0.823529411764706,0.5,0.08750209212303162,0.03977438919246197,0.08750209212303162,0.007249467074871063,0.16082858133916697,0.6,0.75,0.75,0.3625,0.3625
2026,0,513,0.12247360497713089,0.14506234228610992,0.10533277690410614,0.08695076741278171,0.5882352941176471,0.5,0.07033079862594604,0.01930857598781586,0.07033079862594604,0.0022806674242019653,0.13139907091373645,0.6,1.0,1.0,0.375,0.375
2026,0,514,0.0828433409333229,0.10124613344669342,0.08188797533512115,0.10005817003548145,0.7058823529411765,0.5,0.05530641973018646,0.031504766643047334,0.05530641973018646,0.002473480999469757,0.1048022308617111,0.4285714285714286,1.0,1.0,0.475,0.475
2026,0,523,0.18594612181186676,0.17600825428962708,0.07802104949951172,0.07596566788852215,0.8857142857142858,1.0,0.0671032965183258,0.011861364543437957,0.0671032965183258,0.005165994167327881,0.12572614434413917,0.6,0.75,0.75,0.3375,0.3375
2026,0,524,0.13768067955970764,0.14422298967838287,0.09405356645584106,0.09364608395844698,0.7142857142857143,0.5,0.0963655412197113,0.03786902166903019,0.0963655412197113,0.0019959360361099243,0.1757600015713462,0.6,0.75,0.75,0.3875,0.3875
2026,0,526,0.0834156796336174,0.09511872380971909,0.2555067613720894,0.05786556527018547,0.6,0.5,0.06679002195596695,0.023101042956113815,0.06679002195596695,0.007035695016384125,0.12516128699916715,0.4285714285714286,0.75,0.75,0.4875,0.4875
2026,0,534,0.2631284296512604,0.3151102066040039,0.05235639214515686,0.13045332953333855,1.0,1.0,0.08147752285003662,0.042803213000297546,0.08147752285003662,0.005983203649520874,0.1506098633755155,0.4285714285714286,0.75,0.75,0.525,0.525
2026,0,543,0.1861840784549713,0.167558491230011,0.03596408665180206,0.06974972151219845,0.8857142857142858,1.0,0.1035904586315155,0.1035904586315155,0.1035904586315155,0.0,0.18773351621754814,0.0,1.0,1.0,1.0,1.0
2026,0,546,0.05659933760762215,0.06702052801847458,0.05518878996372223,0.06925857495516538,0.9411764705882354,1.0,0.08187500387430191,0.012251022830605507,0.08187500387430191,0.003589525818824768,0.15131635006547203,0.75,0.75,0.75,0.275,0.275
2026,0,548,0.22439129650592804,0.20562708377838135,0.05430245399475098,0.08194387219846248,0.942857142857143,1.0,0.006137728691101074,0.02596602067351341,0.006137728691101074,0.0936170220375061,0.012192891116667824,0.4285714285714286,0.5,0.5,0.525,0.525
2026,0,553,0.294223815202713,0.3382275104522705,0.0384252667427063,0.17849423363804817,0.8285714285714287,1.0,0.041157931089401245,0.03780029267072678,0.041157931089401245,0.03222644329071045,0.07895790316563728,0.4285714285714286,0.75,0.75,0.55,0.55
2026,0,563,0.277960866689682,0.2670929729938507,0.02067221701145172,0.06221658661961556,0.942857142857143,1.0,0.07675451040267944,0.07675451040267944,0.07675451040267944,0.0,0.14256640610490717,0.0,1.0,1.0,1.0,1.0
2026,0,566,0.3526976406574249,0.34391120076179504,0.07248038053512573,0.13596967086195946,0.7142857142857143,0.5,0.1081845760345459,0.1081845760345459,0.1081845760345459,0.0,0.19524649300149333,0.0,1.0,1.0,1.0,1.0
2026,0,575,0.09957636892795563,0.10804533958435059,0.09064517915248871,0.03701816275715828,0.9411764705882354,0.5,0.11956070363521576,0.014678321033716201,0.11956070363521576,0.004054039716720581,0.21349222491569061,0.6923076923076923,0.75,0.75,0.3,0.3
2026,0,578,0.2073771208524704,0.1852211207151413,0.022441744804382324,0.09545441977679729,1.0,1.0,0.10851551592350006,0.10851551592350006,0.10851551592350006,0.0,0.19578529008337098,0.0,1.0,1.0,1.0,1.0
2026,0,583,0.08174550533294678,0.06358069181442261,0.21025481820106506,0.03590511884540319,0.823529411764706,0.5,0.07864627242088318,0.07864627242088318,0.07864627242088318,0.0,0.14582402856567928,0.0,1.0,1.0,1.0,1.0
2026,0,592,0.1781253069639206,0.17168202996253967,0.024376794695854187,0.10775039419531822,0.9411764705882354,1.0,0.03387187421321869,0.009306329488754272,0.03387187421321869,0.0077483803033828735,0.06550755781287966,0.6,0.5,0.5,0.35,0.35
2026,0,594,0.11741908639669418,0.09778866171836853,0.05341726541519165,0.061632249131798746,1.0,1.0,0.10244020819664001,0.023968594893813134,0.10244020819664001,0.0009113475680351257,0.1858269051681953,0.4285714285714286,0.75,0.75,0.5625,0.5625
2026,0,597,0.10939227044582367,0.09759759902954102,0.0443311482667923,0.06120432186871767,0.9411764705882354,1.0,0.09478147327899933,0.09478147327899933,0.09478147327899933,0.0,0.1731514016128126,0.0,1.0,1.0,1.0,1.0
2026,0,598,0.08014930039644241,0.08949224650859833,0.12807470560073853,0.08889518044888974,0.6,0.5,0.09503674507141113,0.01948549095541239,0.09503674507141113,0.005725659430027008,0.17349056349712422,0.6,0.75,0.75,0.3625,0.3625
2027,0,3,0.11591827124357224,0.11292760819196701,0.15610889345407486,0.052038221061229704,1.0,1.0,0.1108488067984581,0.013688277080655098,0.1108488067984581,0.004991941154003143,0.19947510298026205,0.6923076923076923,1.0,1.0,0.2625,0.2625
2027,0,5,0.10356484353542328,0.10937825590372086,0.2612409219145775,0.06945975702255965,0.5294117647058824,0.0,0.11925167590379715,0.11925167590379715,0.11925167590379715,0.0,0.21309179779874135,0.0,1.0,1.0,1.0,1.0
2027,0,10,0.13526354730129242,0.1319577544927597,0.09243552386760712,0.08436455726623535,0.8285714285714287,0.5,0.16822560131549835,0.16822560131549835,0.16822560131549835,0.0,0.28800190840889867,0.0,1.0,1.0,1.0,1.0
2027,0,15,0.10933985561132431,0.11406819522380829,0.06608304381370544,0.0705657560378313,0.823529411764706,0.5,0.15644939243793488,0.024169661477208136,0.15644939243793488,0.011319458484649658,0.27015007720791095,0.6,0.5,0.5,0.35,0.35
2027,0,16,0.213344544172287,0.23022539913654327,0.013219878077507019,0.0677982933819294,0.7714285714285715,1.0,0.036503955721855164,0.06661554276943207,0.036503955721855164,0.004737451672554016,0.0704248875170497,0.4285714285714286,0.75,0.75,0.575,0.575
2027,0,34,0.22921185195446014,0.24888522922992706,0.050332993268966675,0.10000850595533847,0.9411764705882354,1.0,0.10406763851642609,0.10406763851642609,0.10406763851642609,0.0,0.1885167808310465,0.0,1.0,1.0,1.0,1.0
2027,0,36,0.11331171542406082,0.0902448296546936,0.1676914095878601,0.06422789581120014,1.0,1.0,0.12574389576911926,0.04059506021440029,0.12574389576911926,0.004357613623142242,0.22328782587977358,0.4285714285714286,0.75,0.75,0.6125,0.6125
2027,0,38,0.1918199509382248,0.17397235333919525,0.025944501161575317,0.0899783156812191,0.8285714285714287,0.5,0.12663902342319489,0.12663902342319489,0.12663902342319489,0.0,0.22480851593159484,0.0,1.0,1.0,1.0,1.0
2027,0,41,0.20849625766277313,0.21472406387329102,0.019657179713249207,0.07205923534929752,1.0,1.0,0.07217994332313538,0.07217994332313538,0.07217994332313538,0.0,0.13464147277260094,0.0,1.0,1.0,1.0,1.0
2027,0,56,0.04777137190103531,0.04966582730412483,0.16781410202383995,0.028659901581704617,0.9411764705882354,0.5,0.09293992444872856,0.02160680517554283,0.09293992444872856,0.0021629035472869873,0.17004191063690066,0.4285714285714286,0.75,0.75,0.5625,0.5625
2027,0,58,0.11159734427928925,0.11267020553350449,0.20213118940591812,0.06159909516572952,0.9411764705882354,0.5,0.11471190303564072,0.11471190303564072,0.11471190303564072,0.0,0.20581443998803883,0.0,1.0,1.0,1.0,1.0
2027,0,61,0.2268614023923874,0.21731440722942352,0.11005203425884247,0.1442712154239416,0.3714285714285715,0.5,0.10131825506687164,0.10131825506687164,0.10131825506687164,0.0,0.18399450767429554,0.0,1.0,1.0,1.0,1.0
2027,0,65,0.1609848141670227,0.15101294219493866,0.037762925028800964,0.10288685597479344,0.9411764705882354,1.0,0.12261317670345306,0.12261317670345306,0.12261317670345306,0.0,0.21844243279507183,0.0,1.0,1.0,1.0,1.0
2027,0,67,0.08799601346254349,0.08277590572834015,0.20449204742908478,0.051745411567389966,0.9411764705882354,0.5,0.10569359362125397,0.10569359362125397,0.10569359362125397,0.0,0.19118062043770587,0.0,1.0,1.0,1.0,1.0
2027,0,70,0.23106181621551514,0.230923131108284,0.041848763823509216,0.1001628052443266,0.8285714285714287,0.5,0.15703846514225006,0.08439692556858062,0.15703846514225006,0.01300424337387085,0.2709644445476415,0.4285714285714286,0.75,0.75,0.6,0.6
2027,0,74,0.2973591685295105,0.32871052622795105,0.029479235410690308,0.13427351117134095,0.6,1.0,0.051720380783081055,0.0560332864522934,0.051720380783081055,0.048654526472091675,0.09810711816308891,0.4285714285714286,0.5,0.5,0.575,0.575
2027,0,75,0.27715668082237244,0.261109858751297,0.024150818586349487,0.08240756914019584,0.9411764705882354,1.0,0.12849944829940796,0.04958307072520256,0.12849944829940796,0.007800310850143433,0.22753138357683905,0.6,0.75,0.75,0.375,0.375
2027,0,76,0.22837145626544952,0.19973061978816986,0.07885195314884186,0.07226500660181046,0.942857142857143,1.0,0.09601517021656036,0.09601517021656036,0.09601517021656036,0.0,0.17520773950161445,0.0,1.0,1.0,1.0,1.0
2027,0,78,0.18015769124031067,0.13980603218078613,0.09011700749397278,0.0778683103621006,0.8285714285714287,0.5,0.10702140629291534,0.050513602793216705,0.10702140629291534,0.008275389671325684,0.1931943521925351,0.4285714285714286,0.75,0.75,0.6125,0.6125
2027,0,88,0.1289055198431015,0.1391240954399109,0.2667692005634308,0.08511805385351182,0.7142857142857143,0.5,0.0925125777721405,0.04083922766149044,0.0925125777721405,0.0010585486888885498,0.16934226498179902,0.4285714285714286,0.75,0.75,0.6125,0.6125
2027,0,91,0.45974019169807434,0.4515979588031769,0.016863524913787842,0.14021702036261557,0.942857142857143,1.0,0.005021035671234131,0.009280949831008911,0.005021035671234131,0.01840147376060486,0.009990965931253865,0.4285714285714286,0.75,0.75,0.575,0.575
2027,0,93,0.2875947952270508,0.30507898330688477,0.024136483669281006,0.1208828829228878,0.7714285714285715,1.0,0.09709659218788147,0.030189749598503113,0.09709659218788147,0.01128426194190979,0.17682784793246786,0.6923076923076923,0.5,0.5,0.3375,0.3375
2027,0,95,0.18911243975162506,0.20609545707702637,0.22737213969230652,0.06594951301813126,0.823529411764706,0.5,0.04440492391586304,0.05958560407161713,0.04440492391586304,0.053466424345970154,0.0848301916394812,0.6,0.5,0.5,0.4,0.4
2027,0,96,0.3047844469547272,0.30157601833343506,0.051017940044403076,0.09134571738541127,0.9411764705882354,1.0,0.06909701228141785,0.040851599723100665,0.06909701228141785,0.006106078624725342,0.12921107474633167,0.6923076923076923,0.75,0.75,0.2625,0.2625
2027,0,100,0.06376784294843674,0.07036558538675308,0.1797444149851799,0.043887548707425596,0.942857142857143,0.5,0.12867697328329086,0.12867697328329086,0.12867697328329086,0.0,0.22801381853121894,0.0,1.0,1.0,1.0,1.0
2027,0,104,0.19152846932411194,0.21081434190273285,0.005162253975868225,0.09111530147492886,0.8823529411764706,1.0,0.16433806717395782,0.042419400066137314,0.16433806717395782,0.007335945963859558,0.2819916904261951,0.6,0.5,0.5,0.4375,0.4375
2027,0,110,0.24176406860351562,0.27918320894241333,0.04881885647773743,0.1223609458655119,0.5428571428571429,0.5,0.1328085958957672,0.057463745772838595,0.1328085958957672,0.001920461654663086,0.23442379147233933,0.4285714285714286,0.75,0.75,0.55,0.55
2027,0,111,0.07306656241416931,0.08126792311668396,0.19516709446907043,0.05036632176488638,0.942857142857143,0.5,0.14918889105319977,0.14918889105319977,0.14918889105319977,0.0,0.2596420696626684,0.0,1.0,1.0,1.0,1.0
2027,0,124,0.15474192798137665,0.1385398954153061,0.20285560190677643,0.049526062607765195,0.823529411764706,0.5,0.11680276691913605,0.042375034838914874,0.11680276691913605,0.005109027028083801,0.20906120859757577,0.4285714285714286,0.75,0.75,0.55,0.55
2027,0,130,0.1111748144030571,0.11226841807365417,0.28671231865882874,0.09732236564159394,0.08571428571428573,0.0,0.1307768076658249,0.030678374320268632,0.1307768076658249,0.009857267141342163,0.2310383592317128,0.6,0.75,0.75,0.3125,0.3125
2027,0,138,0.1442694067955017,0.11878655850887299,0.1119702160358429,0.07246963009238243,0.7142857142857143,0.5,0.1357758492231369,0.035744310542941096,0.1357758492231369,0.014336802065372467,0.23867415368985234,0.6363636363636364,0.5,0.5,0.3125,0.3125
2027,0,149,0.2946122884750366,0.2941097319126129,0.0067071616649627686,0.12903941757977008,0.942857142857143,1.0,0.09180349111557007,0.03377890288829803,0.09180349111557007,0.005586296319961548,0.16808912627859757,0.4285714285714286,0.75,0.75,0.575,0.575
2027,0,151,0.1562744528055191,0.15341348946094513,0.031508415937423706,0.07391335889697075,0.7714285714285715,1.0,0.1431945115327835,0.033287300169467925,0.1431945115327835,0.009428009390830994,0.2502181393882414,0.4285714285714286,0.75,0.75,0.5625,0.5625
2027,0,154,0.19416506588459015,0.18083758652210236,0.040066882967948914,0.08881190419197083,0.7714285714285715,1.0,0.156584694981575,0.05497880131006241,0.156584694981575,0.002365395426750183,0.2706839338424118,0.4285714285714286,1.0,1.0,0.525,0.525
2027,0,156,0.0985771045088768,0.11262015998363495,0.19578181207180023,0.05508564822375774,1.0,1.0,0.12013363838195801,0.03571914955973625,0.12013363838195801,0.006296560168266296,0.21435308993502644,0.4285714285714286,0.75,0.75,0.575,0.575
2027,0,158,0.18703919649124146,0.16682741045951843,0.09083792567253113,0.0703668761998415,0.942857142857143,1.0,0.08364811539649963,0.08364811539649963,0.08364811539649963,0.0,0.15438243135945168,0.0,1.0,1.0,1.0,1.0
2027,0,164,0.17957696318626404,0.23129390180110931,0.020089522004127502,0.0840382732450962,0.9411764705882354,1.0,0.010831326246261597,0.006314002722501755,0.010831326246261597,0.00582297146320343,0.021429186516455204,0.8,0.25,0.25,0.2625,0.2625
2027,0,165,0.43756523728370667,0.3797481060028076,0.050162047147750854,0.18104089982807636,0.6,0.5,0.007644683122634888,0.028297920525074006,0.007644683122634888,0.01762455701828003,0.01517130565537963,0.6,0.5,0.5,0.375,0.375
2027,0,168,0.10399790853261948,0.10507769882678986,0.28149665892124176,0.06599876042455435,0.5428571428571429,0.5,0.03740797936916351,0.02979694865643978,0.03740797936916351,0.014105938374996185,0.07208097558687304,0.6,0.75,0.75,0.3625,0.3625
2027,0,171,0.174147367477417,0.15206970274448395,0.07374149560928345,0.07096228823065757,0.942857142857143,1.0,0.0984048992395401,0.05009024180471897,0.0984048992395401,0.007184416055679321,0.17906173684795987,0.4285714285714286,0.75,0.75,0.5625,0.5625
2027,0,172,0.3099844753742218,0.3344031870365143,0.011406898498535156,0.11502068713307381,1.0,1.0,0.027949899435043335,0.022839824855327606,0.027949899435043335,0.011122286319732666,0.054363261371787146,0.6,0.5,0.5,0.375,0.375
2027,0,174,0.06383133679628372,0.07903598248958588,0.19392253458499908,0.04047681260854006,0.9411764705882354,1.0,0.09836354851722717,0.030679760873317717,0.09836354851722717,0.002252057194709778,0.17907307597273364,0.4285714285714286,0.75,0.75,0.5375,0.5375
2027,0,175,0.13070517778396606,0.1261521726846695,0.08017298579216003,0.08633642289787531,0.7714285714285715,1.0,0.08762073516845703,0.04832927417010069,0.08762073516845703,0.00419694185256958,0.1610690047166719,0.6,0.75,0.75,0.375,0.375
2027,0,183,0.05352212116122246,0.06947550177574158,0.18365919589996338,0.044993235170841216,0.942857142857143,0.5,0.12346586585044861,0.03965589813888073,0.12346586585044861,0.003480002284049988,0.2197102809199745,0.4285714285714286,0.75,0.75,0.5375,0.5375
2027,0,190,0.5059356689453125,0.5260351896286011,0.06270048022270203,0.15830850899219512,0.942857142857143,1.0,0.018824458122253418,0.04426362365484238,0.018824458122253418,0.000540614128112793,0.0369529212610128,0.6,0.75,0.75,0.4375,0.4375
2027,0,198,0.1683233678340912,0.17289255559444427,0.025618553161621094,0.09510547891259194,0.9411764705882354,1.0,0.11962352693080902,0.01689455509185791,0.11962352693080902,0.00919775664806366,0.21347353783141582,0.6,0.5,0.5,0.4,0.4
2027,0,229,0.17389574646949768,0.15644139051437378,0.11575156450271606,0.10583497509360314,0.8857142857142858,1.0,0.13628295063972473,0.07449901662766933,0.13628295063972473,0.0009355396032333374,0.23984808741115735,0.4285714285714286,0.75,0.75,0.5625,0.5625
2027,0,231,0.5174258351325989,0.49421456456184387,0.0028007924556732178,0.15576780065894127,0.6571428571428573,0.5,0.03854987025260925,0.014624392986297608,0.03854987025260925,0.006935387849807739,0.07421864001304308,0.6,0.75,0.75,0.45,0.45
2027,0,232,0.30735304951667786,0.31781378388404846,0.048034876585006714,0.17432669550180435,0.6571428571428573,0.5,0.06800419092178345,0.0325291320681572,0.06800419092178345,0.0009678900241851807,0.12734031688825814,0.6923076923076923,1.0,1.0,0.3,0.3
2027,0,235,0.05265067517757416,0.055884961038827896,0.1949368380010128,0.056361475773155686,0.823529411764706,0.5,0.10065517947077751,0.10065517947077751,0.10065517947077751,0.0,0.18290047845715862,0.0,1.0,1.0,1.0,1.0
2027,0,237,0.10257793217897415,0.1152680292725563,0.0667177066206932,0.05822841413319111,0.9411764705882354,1.0,0.14436694234609604,0.14436694234609604,0.14436694234609604,0.0,0.2523088303304632,0.0,1.0,1.0,1.0,1.0
2027,0,249,0.1311715543270111,0.11639393866062164,0.16384057700634003,0.0361069168895483,1.0,1.0,0.12832456827163696,0.12832456827163696,0.12832456827163696,0.0,0.22746038131245166,0.0,1.0,1.0,1.0,1.0
2027,0,253,0.12076354026794434,0.1318238526582718,0.18715505301952362,0.04537181742489338,1.0,1.0,0.07562345266342163,0.04652120284736157,0.07562345266342163,0.013051837682723999,0.1404826302189661,0.4285714285714286,1.0,1.0,0.625,0.625
2027,0,254,0.5122332572937012,0.46476683020591736,0.02374061942100525,0.13272456228733062,0.7714285714285715,0.5,0.059103965759277344,0.017396824061870576,0.059103965759277344,0.013266265392303467,0.11152758567283105,0.6923076923076923,0.75,0.75,0.3,0.3
2027,0,263,0.640432596206665,0.5883093476295471,0.0043849945068359375,0.11588958352804184,0.942857142857143,0.5,0.023594796657562256,0.023594796657562256,0.023594796657562256,0.0,0.0461018300104856,0.0,1.0,1.0,1.0,1.0
2027,0,267,0.11384158581495285,0.11613251268863678,0.0685821920633316,0.06986354012042284,0.9411764705882354,1.0,0.11619260907173157,0.11619260907173157,0.11619260907173157,0.0,0.20819455016524754,0.0,1.0,1.0,1.0,1.0
2027,0,275,0.5172890424728394,0.4897768497467041,0.035537540912628174,0.1654246173799038,1.0,1.0,0.01565989851951599,0.020389361679553984,0.01565989851951599,0.004550337791442871,0.0308347211755124,0.6363636363636364,0.75,0.75,0.3875,0.3875
2027,0,282,0.1425081491470337,0.14526426792144775,0.12764829397201538,0.09844802506268024,0.6571428571428573,0.5,0.09866969287395477,0.05152814388275147,0.09866969287395477,0.005871027708053589,0.1795214498331314,0.4285714285714286,0.75,0.75,0.475,0.475
2027,0,283,0.11498107016086578,0.14163731038570404,0.03791703283786774,0.06804880909621716,0.7714285714285715,1.0,0.1460847407579422,0.1460847407579422,0.1460847407579422,0.0,0.2549283409206403,0.0,1.0,1.0,1.0,1.0
2027,0,284,0.08625025302171707,0.0851934477686882,0.10758676379919052,0.07903760001063347,0.9411764705882354,1.0,0.12386935204267502,0.05376977436244488,0.12386935204267502,0.006523557007312775,0.22027430328186098,0.4285714285714286,0.75,0.75,0.5875,0.5875
2027,0,285,0.19746628403663635,0.19786199927330017,0.060764849185943604,0.08606460168957711,0.942857142857143,1.0,0.12219378352165222,0.00660448893904686,0.12219378352165222,0.0049002766609191895,0.21765990660376777,0.6923076923076923,0.5,0.5,0.225,0.225
2027,0,286,0.11554893851280212,0.1146053597331047,0.07405216246843338,0.06916345972567797,0.8823529411764706,1.0,0.15469608455896378,0.041228827089071274,0.15469608455896378,0.007107242941856384,0.26768580581074825,0.6,0.75,0.75,0.45,0.45
2027,0,287,0.1857348382472992,0.17772075533866882,0.09453848004341125,0.10206640511751175,0.3714285714285715,0.5,0.028448358178138733,0.02189522236585617,0.028448358178138733,0.01055249571800232,0.055306555490360065,0.6,0.5,0.5,0.4125,0.4125
2027,0,288,0.13448801636695862,0.12436788529157639,0.14879412204027176,0.03735500611364841,0.823529411764706,0.5,0.023854568600654602,0.020424184575676917,0.023854568600654602,0.0048460885882377625,0.046592285959568006,0.6,0.75,0.75,0.45,0.45
2027,0,292,0.1285925805568695,0.14316175878047943,0.06661827862262726,0.09815686717629432,0.942857142857143,1.0,0.12926112115383148,0.03226727060973644,0.12926112115383148,0.00987263023853302,0.22866944754061405,0.4285714285714286,0.75,0.75,0.575,0.575
2027,0,293,0.21525388956069946,0.21618305146694183,0.039556995034217834,0.08615129813551903,0.942857142857143,1.0,0.012954890727996826,0.009163985401391983,0.012954890727996826,0.025615692138671875,0.02556981886965225,0.6923076923076923,0.5,0.5,0.275,0.275
2027,0,295,0.3333192765712738,0.4302469789981842,0.017470091581344604,0.1856689140200615,0.7714285714285715,0.5,0.015576720237731934,0.04513237029314041,0.015576720237731934,0.007453650236129761,0.03067208215605911,0.6923076923076923,1.0,1.0,0.3,0.3
2027,0,297,0.20346522331237793,0.24883611500263214,0.03902868926525116,0.08193982765078545,0.9411764705882354,1.0,0.10511724650859833,0.10511724650859833,0.10511724650859833,0.0,0.19023727453479838,0.0,1.0,1.0,1.0,1.0
2027,0,302,0.25577524304389954,0.22334177792072296,0.04082421958446503,0.11362542621791363,0.7714285714285715,1.0,0.17254261672496796,0.01720958948135376,0.17254261672496796,0.0031685680150985718,0.29416747173093,0.6923076923076923,0.75,0.75,0.3,0.3
2027,0,313,0.07129128277301788,0.08318459987640381,0.12907522916793823,0.04388835858553648,0.6571428571428573,0.5,0.0841212123632431,0.031082112155854703,0.0841212123632431,1.2785196304321289e-05,0.15518768187580237,0.6,1.0,1.0,0.375,0.375
2027,0,319,0.18569155037403107,0.19841796159744263,0.056325674057006836,0.11951967738568783,0.7714285714285715,1.0,0.12536105513572693,0.12536105513572693,0.12536105513572693,0.0,0.22279259543170782,0.0,1.0,1.0,1.0,1.0
2027,0,322,0.16154007613658905,0.1528535932302475,0.09870298206806183,0.10438846983015537,0.6571428571428573,0.5,0.1795845776796341,0.0459026176482439,0.1795845776796341,0.003679335117340088,0.3043167414520072,0.6923076923076923,0.75,0.75,0.325,0.325
2027,0,328,0.47582629323005676,0.46140581369400024,0.007464617490768433,0.17241012901067734,0.8285714285714287,0.5,0.03110259771347046,0.03110259771347046,0.03110259771347046,0.0,0.06032881263696216,0.0,1.0,1.0,1.0,1.0
2027,0,338,0.11840730160474777,0.1420735865831375,0.0706404596567154,0.08962107896804809,0.4285714285714286,0.5,0.1271243840456009,0.0575102087110281,0.1271243840456009,0.006139844655990601,0.22541588333478388,0.4285714285714286,0.75,0.75,0.55,0.55
2027,0,347,0.23323582112789154,0.21049296855926514,0.05141788721084595,0.05485479310154915,1.0,1.0,0.08367156982421875,0.05009997710585594,0.08367156982421875,0.015535473823547363,0.15423445130233238,0.4285714285714286,0.75,0.75,0.6,0.6
2027,0,352,0.11663813143968582,0.09965723752975464,0.23772010207176208,0.10071002542972565,0.8285714285714287,0.5,0.09798488020896912,0.026357429288327693,0.09798488020896912,0.007224321365356445,0.17836546280793897,0.6,0.75,0.75,0.45,0.45
2027,0,366,0.2893991470336914,0.25646016001701355,0.015417903661727905,0.1162256110459566,0.8285714285714287,1.0,0.0987393856048584,0.0987393856048584,0.0987393856048584,0.0,0.1797321310194085,0.0,1.0,1.0,1.0,1.0
2027,0,371,0.13767901062965393,0.12005683034658432,0.08731655031442642,0.05753035843372345,0.7058823529411765,0.5,0.1088276281952858,0.05194365605711937,0.1088276281952858,0.015145018696784973,0.19599732280773424,0.6,0.5,0.5,0.4,0.4
2027,0,372,0.1733945906162262,0.15197250247001648,0.0589737743139267,0.07532954961061478,0.8823529411764706,1.0,0.008348047733306885,0.021189314872026445,0.008348047733306885,0.0073305219411849976,0.01655685734308057,0.6363636363636364,0.5,0.5,0.3875,0.3875
2027,0,376,0.12345609068870544,0.1280626654624939,0.20866873860359192,0.03174799457192421,0.823529411764706,0.5,0.012499481439590454,0.06240877583622932,0.012499481439590454,0.024079695343971252,0.02468282789593493,0.4285714285714286,0.75,0.75,0.6,0.6
2027,0,377,0.4430358111858368,0.4852764904499054,0.08464592695236206,0.12848006188869476,0.5428571428571429,1.0,0.011952191591262817,0.00841480791568756,0.011952191591262817,0.0042039453983306885,0.023620870143681,0.4285714285714286,0.75,0.75,0.5625,0.5625
2027,0,378,0.4227901101112366,0.44453054666519165,0.06063014268875122,0.18240914791822432,0.6571428571428573,0.5,0.009035885334014893,0.03616209179162979,0.009035885334014893,0.010741174221038818,0.017908197280611077,0.4285714285714286,1.0,1.0,0.5625,0.5625
2027,0,379,0.17143838107585907,0.1968870759010315,0.10655122995376587,0.10724666826426983,0.7714285714285715,1.0,0.08873513340950012,0.03890231251716614,0.08873513340950012,0.0015039891004562378,0.16298590635449972,0.6,1.0,1.0,0.45,0.45
2027,0,384,0.09119974076747894,0.11616912484169006,0.06406249105930328,0.08117775358259678,0.5882352941176471,0.5,0.1531018316745758,0.1531018316745758,0.1531018316745758,0.0,0.26554780760730534,0.0,1.0,1.0,1.0,1.0
2027,0,393,0.09542641788721085,0.12671025097370148,0.2109723836183548,0.05582367740571499,0.8285714285714287,0.5,0.12047266960144043,0.02960859090089798,0.12047266960144043,0.010216616094112396,0.2148006240715401,0.6923076923076923,0.75,0.75,0.25,0.25
2027,0,407,0.09245409071445465,0.12054909020662308,0.16098713129758835,0.05320788882672787,0.9354838709677421,0.5,0.1125389114022255,0.024929001182317733,0.1125389114022255,0.006190687417984009,0.2021826686295963,0.6,0.75,0.75,0.3375,0.3375
2027,0,408,0.10675647854804993,0.08742358535528183,0.17526499181985855,0.049993598461151124,0.9411764705882354,0.5,0.11841145902872086,0.11841145902872086,0.11841145902872086,0.0,0.21174936660887708,0.0,1.0,1.0,1.0,1.0
2027,0,412,0.5540768504142761,0.5015339851379395,0.00032806396484375,0.1859148144721985,0.6,0.5,0.027670711278915405,0.027670711278915405,0.027670711278915405,0.0,0.053851318277777456,0.0,1.0,1.0,1.0,1.0
2027,0,419,0.1607470065355301,0.17298251390457153,0.14175420999526978,0.09061623364686966,0.6470588235294118,0.5,0.07478460669517517,0.05045675039291382,0.07478460669517517,0.010029822587966919,0.13906400133208,0.6923076923076923,0.75,0.75,0.2875,0.2875
2027,0,428,0.1286603808403015,0.12829211354255676,0.040316298604011536,0.09023538865149021,0.9411764705882354,1.0,0.14918485283851624,0.022345996275544167,0.14918485283851624,0.0041372328996658325,0.25949600308353105,0.7894736842105263,0.75,0.75,0.2125,0.2125
2027,0,429,0.09376780688762665,0.11721228808164597,0.2633795216679573,0.06394852045923471,0.14285714285714288,0.0,0.15810371190309525,0.041295454278588294,0.15810371190309525,0.0034441128373146057,0.272910189300434,0.6,1.0,1.0,0.4625,0.4625
2027,0,439,0.1838928759098053,0.19040031731128693,0.08925856649875641,0.07670991979539395,1.0,1.0,0.008248463273048401,0.013197218626737594,0.008248463273048401,0.010343015193939209,0.01636056664046086,0.7647058823529411,0.5,0.5,0.2875,0.2875
2027,0,448,0.12373221665620804,0.15386269986629486,0.07353214919567108,0.08210805393755435,0.7058823529411765,0.5,0.1496942788362503,0.030901027470827104,0.1496942788362503,0.011302635073661804,0.2600200727770189,0.6,0.75,0.75,0.3375,0.3375
2027,0,449,0.08529184758663177,0.09417104721069336,0.08476105332374573,0.044907904043793676,0.9411764705882354,0.5,0.12430310249328613,0.12430310249328613,0.12430310249328613,0.0,0.22112026946759836,0.0,1.0,1.0,1.0,1.0
2027,0,459,0.09791292250156403,0.0901729092001915,0.11915097385644913,0.08684549070894718,0.7714285714285715,0.5,0.13612616807222366,0.13612616807222366,0.13612616807222366,0.0,0.23963213223616223,0.0,1.0,1.0,1.0,1.0
2027,0,462,0.12274598330259323,0.09540340304374695,0.0906379222869873,0.06333930678665638,0.9411764705882354,1.0,0.1207752525806427,0.1207752525806427,0.1207752525806427,0.0,0.2155209125157813,0.0,1.0,1.0,1.0,1.0
2027,0,468,0.1868753731250763,0.17302963137626648,0.2285725176334381,0.08844319097697735,0.6571428571428573,0.5,0.12152865529060364,0.018372514471411704,0.12152865529060364,0.018302977085113525,0.21628270888635545,0.6,0.75,0.75,0.3375,0.3375
2027,0,474,0.08923081308603287,0.10443959385156631,0.10276106745004654,0.07591902501881123,0.5882352941176471,0.5,0.12885797768831253,0.04289237484335899,0.12885797768831253,0.0016485899686813354,0.22825491895372468,0.6,1.0,1.0,0.3625,0.3625
2027,0,477,0.38559839129447937,0.3223258852958679,0.05224651098251343,0.10494824051856995,0.2,0.5,0.12757059931755066,0.03164933025836945,0.12757059931755066,0.01006653904914856,0.22601511598564716,0.75,0.75,0.75,0.275,0.275
2027,0,478,0.11096770316362381,0.1142616793513298,0.10052787512540817,0.090100884065032,0.4285714285714286,0.5,0.16741741448640823,0.16741741448640823,0.16741741448640823,0.0,0.28681671595598324,0.0,1.0,1.0,1.0,1.0
2027,0,480,0.20094189047813416,0.1671365350484848,0.1558009535074234,0.05719381868839264,1.0,1.0,0.09653960168361664,0.01406918466091156,0.09653960168361664,0.004395768046379089,0.1760120471810509,0.6923076923076923,0.75,0.75,0.2625,0.2625
2027,0,482,0.12123162299394608,0.13038717210292816,0.06321711838245392,0.0890135696157813,0.8857142857142858,1.0,0.16475467383861542,0.013699201866984367,0.16475467383861542,0.005600541830062866,0.282675019433697,0.8,0.75,0.75,0.1625,0.1625
2027,0,484,0.0720728412270546,0.07765834033489227,0.0932905375957489,0.09206854552030563,0.823529411764706,0.5,0.11546522378921509,0.04722475465387106,0.11546522378921509,0.004586413502693176,0.20692743702275157,0.6,0.75,0.75,0.425,0.425
2027,0,492,0.4439244866371155,0.3737615942955017,0.024459391832351685,0.1641087930649519,0.8285714285714287,0.5,0.052995383739471436,0.03459450602531433,0.052995383739471436,0.006567120552062988,0.10062296388170602,0.4285714285714286,0.75,0.75,0.5625,0.5625
2027,0,507,0.18338194489479065,0.20450793206691742,0.046849414706230164,0.13048158176243305,0.7142857142857143,0.5,0.1445547193288803,0.03885639607906342,0.1445547193288803,0.009295955300331116,0.2522965682490793,0.4285714285714286,0.75,0.75,0.5125,0.5125
2027,0,511,0.6689295768737793,0.572143018245697,0.04989558458328247,0.12710369974374772,0.942857142857143,1.0,0.045165181159973145,0.045165181159973145,0.045165181159973145,0.0,0.08642687677338566,0.0,1.0,1.0,1.0,1.0
2027,0,512,0.14104723930358887,0.13181161880493164,0.08073179423809052,0.08525647930800914,1.0,1.0,0.13392791152000427,0.13392791152000427,0.13392791152000427,0.0,0.23621944597955435,0.0,1.0,1.0,1.0,1.0
2027,0,519,0.13210563361644745,0.1269364207983017,0.10049150884151459,0.07745482102036476,0.7142857142857143,0.5,0.13351084291934967,0.03808075748383999,0.13351084291934967,0.014659710228443146,0.23515838489326493,0.6,0.5,0.5,0.4375,0.4375
2027,0,525,0.10026665776968002,0.11251138895750046,0.2034982219338417,0.058546716906130315,0.823529411764706,0.5,0.14411897212266922,0.14411897212266922,0.14411897212266922,0.0,0.2519300450988714,0.0,1.0,1.0,1.0,1.0
2027,0,531,0.5390656590461731,0.5346416234970093,0.11140429973602295,0.17384871542453767,0.942857142857143,1.0,0.031555116176605225,0.04733044803142548,0.031555116176605225,0.03105407953262329,0.061119778929475774,0.4285714285714286,0.75,0.75,0.5875,0.5875
2027,0,534,0.12304582446813583,0.17520682513713837,0.06631012260913849,0.1036918267607689,0.7714285714285715,1.0,0.11156721413135529,0.05842715501785278,0.11156721413135529,0.05777669697999954,0.1995106755975613,0.6,0.5,0.5,0.35,0.35
2027,0,537,0.07650119811296463,0.11338160932064056,0.0513768196105957,0.07707099448889494,0.8823529411764706,1.0,0.15395207703113556,0.01698394529521465,0.15395207703113556,0.00810200721025467,0.2665353176910246,0.7894736842105263,0.75,0.75,0.25,0.25
2027,0,544,0.10857360064983368,0.11964701116085052,0.06255550682544708,0.08637627810239792,0.8823529411764706,1.0,0.12742649018764496,0.05762627720832825,0.12742649018764496,0.0007726773619651794,0.22602866856504925,0.4285714285714286,0.75,0.75,0.625,0.625
2027,0,548,0.4236489534378052,0.47552305459976196,0.08055824041366577,0.16593952029943465,0.8285714285714287,1.0,0.027847707271575928,0.027847707271575928,0.027847707271575928,0.0,0.05418644624989772,0.0,1.0,1.0,1.0,1.0
2027,0,549,0.15245096385478973,0.1544068157672882,0.07666206359863281,0.05972207374870777,0.942857142857143,1.0,0.1561509370803833,0.04231239035725594,0.1561509370803833,0.004448845982551575,0.2699591271265241,0.4285714285714286,0.75,0.75,0.5375,0.5375
2027,0,580,0.1549295037984848,0.12855499982833862,0.0411258190870285,0.06630158238112926,0.9411764705882354,1.0,0.13470977544784546,0.13470977544784546,0.13470977544784546,0.0,0.23743476677933512,0.0,1.0,1.0,1.0,1.0
2027,0,582,0.10056958347558975,0.10044991970062256,0.24895644187927246,0.045498624444007874,0.942857142857143,0.5,0.09497135877609253,0.013772577419877053,0.09497135877609253,0.00029399245977401733,0.17346378181218916,0.6,1.0,1.0,0.3875,0.3875
2027,0,586,0.7608999609947205,0.6612460017204285,0.37784239649772644,0.12898358404636384,0.942857142857143,1.0,0.02577650547027588,0.02249976098537445,0.02577650547027588,0.02348881959915161,0.05022718753949563,0.6923076923076923,0.75,0.75,0.3125,0.3125
2027,0,587,0.07784458249807358,0.07503093034029007,0.2307709977030754,0.04651243649423122,0.823529411764706,0.5,0.0963260754942894,0.0963260754942894,0.0963260754942894,0.0,0.17572522928611334,0.0,1.0,1.0,1.0,1.0
2027,0,591,0.127056285738945,0.1359812170267105,0.09016264975070953,0.06704817228019237,0.6470588235294118,0.5,0.1800687462091446,0.0923440158367157,0.1800687462091446,0.006187379360198975,0.30489382934120807,0.4285714285714286,1.0,1.0,0.5625,0.5625
2028,0,1,0.20086966454982758,0.17484760284423828,0.08816763758659363,0.14938318617641927,0.7142857142857143,0.5,0.16203218698501587,0.16203218698501587,0.16203218698501587,0.0,0.27887727861552813,0.0,1.0,1.0,1.0,1.0
2028,0,4,0.07415761053562164,0.06817202270030975,0.20001645386219025,0.0670561246573925,0.9411764705882354,0.5,0.09841471910476685,0.0422589723020792,0.09841471910476685,0.00528891384601593,0.1791087753363751,0.4285714285714286,0.75,0.75,0.6,0.6
2028,0,11,0.19563798606395721,0.1889602690935135,0.08483617007732391,0.08662090972065925,0.8857142857142858,1.0,0.11093123257160187,0.11093123257160187,0.11093123257160187,0.0,0.19970854958288717,0.0,1.0,1.0,1.0,1.0
2028,0,14,0.46827155351638794,0.4616243541240692,0.03982439637184143,0.20303185656666756,0.8285714285714287,0.5,0.13268402218818665,0.07623597234487534,0.13268402218818665,0.01451447606086731,0.23387899192451797,0.4285714285714286,1.0,1.0,0.6,0.6
2028,0,16,0.17427480220794678,0.1476995199918747,0.2720700651407242,0.077268785238266,0.8285714285714287,0.5,0.14707504212856293,0.015631840378046036,0.14707504212856293,0.0017462074756622314,0.2563774073408514,0.75,0.75,0.75,0.2375,0.2375
2028,0,23,0.14939165115356445,0.13594238460063934,0.23830364644527435,0.05082491263747215,0.8285714285714287,0.5,0.13306428492069244,0.13306428492069244,0.13306428492069244,0.0,0.23487508465595333,0.0,1.0,1.0,1.0,1.0
2028,0,27,0.14098642766475677,0.15368518233299255,0.05105482041835785,0.10308428965508938,0.8857142857142858,1.0,0.16906863451004028,0.05277417153120041,0.16906863451004028,0.0012996494770050049,0.2891820329392371,0.4285714285714286,0.75,0.75,0.5625,0.5625
2028,0,32,0.22724230587482452,0.21535101532936096,0.0814906656742096,0.12346815243363381,0.8857142857142858,1.0,0.1164482831954956,0.054181984066963194,0.1164482831954956,0.0030274689197540283,0.20853883482119118,0.4285714285714286,0.75,0.75,0.5875,0.5875
2028,0,37,0.24881227314472198,0.28452327847480774,0.005015730857849121,0.048617486655712125,0.9411764705882354,1.0,0.11194232106208801,0.027601161599159242,0.11194232106208801,0.0018201470375061035,0.20130859862557976,0.6,0.75,0.75,0.4,0.4
2028,0,39,0.3723810613155365,0.3498295247554779,0.0565946102142334,0.18659671470522882,0.6571428571428573,0.5,0.03475165367126465,0.03475165367126465,0.03475165367126465,0.0,0.067169071048047,0.0,1.0,1.0,1.0,1.0
2028,0,45,0.1013680100440979,0.12227210402488708,0.10740749537944794,0.09336205236613751,0.8823529411764706,1.0,0.11656862497329712,0.026928786560893057,0.11656862497329712,0.020782016217708588,0.20833635491905517,0.6,0.5,0.5,0.3625,0.3625
2028,0,70,0.08663466572761536,0.08633945882320404,0.09146273136138916,0.06101548820734024,1.0,1.0,0.11173567175865173,0.04591626115143299,0.11173567175865173,0.0031861141324043274,0.20094666655095986,0.4285714285714286,0.75,0.75,0.5125,0.5125
2028,0,71,0.14487648010253906,0.16779623925685883,0.08980177342891693,0.12793269138783217,0.823529411764706,0.5,0.1278601735830307,0.04650589562952519,0.1278601735830307,0.000726163387298584,0.22671186398517718,0.6,0.75,0.75,0.375,0.375
2028,0,72,0.24011088907718658,0.21942026913166046,0.06954632699489594,0.08646865636110306,0.8857142857142858,1.0,0.09060980379581451,0.025420462340116502,0.09060980379581451,0.011108160018920898,0.1660086320618635,0.6,0.5,0.5,0.4125,0.4125
2028,0,73,0.2575477957725525,0.2990868389606476,0.1328960359096527,0.17880707383155822,0.14285714285714288,0.5,0.07031574845314026,0.035123713314533234,0.07031574845314026,0.002315610647201538,0.13137250094644348,0.6923076923076923,0.75,0.75,0.3125,0.3125
2028,0,82,0.09087234735488892,0.0922241359949112,0.22521506249904633,0.0524198055267334,0.942857142857143,0.5,0.11119452118873596,0.11119452118873596,0.11119452118873596,0.0,0.20013511418285623,0.0,1.0,1.0,1.0,1.0
2028,0,84,0.30740049481391907,0.28517431020736694,0.0018596053123474121,0.0678231805562973,0.942857142857143,1.0,0.08721393346786499,0.04270976334810257,0.08721393346786499,0.015298217535018921,0.16023594852670145,0.4285714285714286,0.75,0.75,0.5625,0.5625
2028,0,86,0.0645679458975792,0.09191858768463135,0.08719062805175781,0.06569533292204141,0.8823529411764706,1.0,0.12100368738174438,0.06166626438498497,0.12100368738174438,0.0017494559288024902,0.21584371694828128,0.4285714285714286,0.75,0.75,0.6125,0.6125
2028,0,87,0.18807318806648254,0.1639246642589569,0.28269362449645996,0.05918903760612011,0.8285714285714287,0.5,0.011778920888900757,0.012665174156427383,0.011778920888900757,0.015894129872322083,0.023279209191866837,0.75,0.5,0.5,0.2875,0.2875
2028,0,88,0.21483318507671356,0.22852273285388947,0.1257200390100479,0.15537144839763642,0.5428571428571429,0.5,0.1131746917963028,0.028677364438772203,0.1131746917963028,0.00808541476726532,0.203168431375563,0.6,0.75,0.75,0.4,0.4
2028,0,98,0.06869673728942871,0.0793306902050972,0.30927398055791855,0.07264169175177812,0.7142857142857143,0.5,0.079442597925663,0.018689981289207937,0.079442597925663,0.0010321363806724548,0.14718069818512775,0.6,1.0,1.0,0.4125,0.4125
2028,0,99,0.34599629044532776,0.30887675285339355,0.001374572515487671,0.11917466297745705,0.7142857142857143,1.0,0.024409502744674683,0.017062656581401825,0.024409502744674683,0.00929713249206543,0.047645098360045025,0.6,0.5,0.5,0.45,0.45
2028,0,101,0.2000254988670349,0.20204514265060425,0.07584196329116821,0.08310475051403046,0.7714285714285715,1.0,0.09515991806983948,0.09515991806983948,0.09515991806983948,0.0,0.1737826896323118,0.0,1.0,1.0,1.0,1.0
2028,0,102,0.10811157524585724,0.12241122126579285,0.05881749093532562,0.07309055514633656,0.9411764705882354,1.0,0.13988718390464783,0.043032603338360786,0.13988718390464783,0.001519620418548584,0.24539456843966662,0.6,1.0,1.0,0.45,0.45
2028,0,123,0.6662613153457642,0.6179357767105103,0.04196274280548096,0.12289047539234162,0.7142857142857143,1.0,0.0015259981155395508,0.005667740106582641,0.0015259981155395508,0.03671783208847046,0.0030471690118854264,0.6923076923076923,0.25,0.25,0.275,0.275
2028,0,124,0.1921657770872116,0.21866396069526672,0.078022301197052,0.08949288278818131,0.942857142857143,1.0,0.0706402063369751,0.03728545606136322,0.0706402063369751,0.01799614727497101,0.13179945145373115,0.6,0.75,0.75,0.3875,0.3875
2028,0,131,0.10287832468748093,0.10337907075881958,0.23121771216392517,0.038243227452039716,0.8285714285714287,0.5,0.12996625900268555,0.026996248215436936,0.12996625900268555,0.009923800826072693,0.22977075341181913,0.6,0.75,0.75,0.375,0.375
2028,0,135,0.18737146258354187,0.18110911548137665,0.07955129444599152,0.06643787808716298,0.942857142857143,1.0,0.04522973299026489,0.038549049943685534,0.04522973299026489,0.04835546016693115,0.08635517960833408,0.6923076923076923,0.5,0.5,0.3625,0.3625
2028,0,139,0.29745596647262573,0.2816650867462158,0.1194772720336914,0.20251387283205985,-0.028571428571428574,0.5,0.0961160957813263,0.0961160957813263,0.0961160957813263,0.0,0.17537575837313737,0.0,1.0,1.0,1.0,1.0
2028,0,142,0.13619647920131683,0.1439991593360901,0.19915691018104553,0.09102589264512062,0.8285714285714287,0.5,0.02825462818145752,0.05003094710409641,0.02825462818145752,0.03643888980150223,0.05489943312099632,0.4285714285714286,0.75,0.75,0.5625,0.5625
2028,0,145,0.27269768714904785,0.23001787066459656,0.07784876227378845,0.11895577646791936,0.7714285714285715,0.5,0.13742759823799133,0.13742759823799133,0.13742759823799133,0.0,0.2416463227213456,0.0,1.0,1.0,1.0,1.0
2028,0,155,0.0787442997097969,0.08200645446777344,0.3304816782474518,0.08814336452633142,0.4705882352941177,0.0,0.10006335377693176,0.05453859772533178,0.10006335377693176,0.000622875988483429,0.18191257960174712,0.6,0.75,0.75,0.4375,0.4375
2028,0,160,0.3293797969818115,0.3258442282676697,0.014720916748046875,0.05804723352193832,0.8285714285714287,0.5,0.08648455142974854,0.04582218825817108,0.08648455142974854,0.002378493547439575,0.15917049416872853,0.4285714285714286,1.0,1.0,0.5875,0.5875
2028,0,161,0.08974897116422653,0.09349626302719116,0.1186765730381012,0.06280016452074051,1.0,1.0,0.13665971159934998,0.030937943793833255,0.13665971159934998,0.009610861539840698,0.2401782212473712,0.6,0.75,0.75,0.4375,0.4375
2028,0,163,0.09226075559854507,0.12536905705928802,0.08873777091503143,0.07474748082458973,0.9411764705882354,1.0,0.11908665299415588,0.03625425100326538,0.11908665299415588,0.0009008347988128662,0.2128078780056202,0.4285714285714286,0.75,0.75,0.5625,0.5625
2028,0,171,0.21335585415363312,0.21892684698104858,0.015772968530654907,0.08643586486577988,0.9411764705882354,1.0,0.11599969863891602,0.04725918471813202,0.11599969863891602,0.0014611035585403442,0.20785320773587374,0.4285714285714286,0.75,0.75,0.6375,0.6375
2028,0,173,0.18436197936534882,0.16655224561691284,0.0861540138721466,0.10278033651411533,0.823529411764706,0.5,0.07273203134536743,0.07273203134536743,0.07273203134536743,0.0,0.13560149081061842,0.0,1.0,1.0,1.0,1.0
2028,0,177,0.4183940291404724,0.3565181791782379,0.002543032169342041,0.06302634179592133,0.942857142857143,1.0,0.052031010389328,0.009111250936985015,0.052031010389328,0.0057527124881744385,0.09888705720048549,0.6923076923076923,1.0,1.0,0.3375,0.3375
2028,0,181,0.13675740361213684,0.12195049971342087,0.1054234430193901,0.10452169515192508,0.942857142857143,1.0,0.09579624980688095,0.09579624980688095,0.09579624980688095,0.0,0.17484317878212072,0.0,1.0,1.0,1.0,1.0
2028,0,182,0.07409745454788208,0.08275816589593887,0.21073531359434128,0.05181466992944479,0.823529411764706,0.5,0.033838167786598206,0.016700469143688678,0.033838167786598206,0.02574675902724266,0.06540467332272028,0.6923076923076923,0.5,0.5,0.25,0.25
2028,0,190,0.14478690922260284,0.19035875797271729,0.06229296326637268,0.1202404659241438,0.6,0.5,0.12372517585754395,0.05593013614416122,0.12372517585754395,0.0792899802327156,0.21813705548549792,0.6,0.75,0.75,0.3625,0.3625
2028,0,204,0.10398029536008835,0.0944448933005333,0.08425746113061905,0.03704958558082581,0.823529411764706,0.5,0.0975547805428505,0.01136975660920143,0.0975547805428505,0.01030442863702774,0.1776031327086825,0.75,0.75,0.75,0.225,0.225
2028,0,220,0.09454218298196793,0.11951014399528503,0.23689985275268555,0.0792613323777914,0.8285714285714287,0.5,0.11498002707958221,0.04469486139714718,0.11498002707958221,0.004539117217063904,0.20614895982752948,0.4285714285714286,0.75,0.75,0.5,0.5
2028,0,223,0.0604117289185524,0.06392758339643478,0.23006237298250198,0.08391360398381949,0.7058823529411765,0.5,0.029392004013061523,0.022535491548478604,0.029392004013061523,0.019747450947761536,0.05707273271189284,0.6,0.75,0.75,0.3875,0.3875
2028,0,224,0.06473062932491302,0.07574770599603653,0.13288452476263046,0.07434049248695374,0.7647058823529412,0.5,0.09742718189954758,0.01309517715126276,0.09742718189954758,0.009111016988754272,0.17741080083655186,0.75,0.5,0.5,0.2625,0.2625
2028,0,243,0.29129165410995483,0.2879267632961273,0.06051081418991089,0.07501516565680504,0.942857142857143,1.0,0.04370638728141785,0.04370638728141785,0.04370638728141785,0.0,0.08375226560654009,0.0,1.0,1.0,1.0,1.0
2028,0,244,0.24762073159217834,0.24850352108478546,0.08267436921596527,0.13550277873873712,0.8857142857142858,1.0,0.16109947860240936,0.16109947860240936,0.16109947860240936,0.0,0.27749470492626754,0.0,1.0,1.0,1.0,1.0
2028,0,255,0.2877661883831024,0.2809288501739502,0.12343531847000122,0.1564201770350337,0.6571428571428573,0.5,0.17355501651763916,0.17355501651763916,0.17355501651763916,0.0,0.2957765321180075,0.0,1.0,1.0,1.0,1.0
2028,0,259,0.055310651659965515,0.05593524128198624,0.08856932073831558,0.09127611555159092,0.823529411764706,0.5,0.09493958204984665,0.023066365346312522,0.09493958204984665,0.0028047077357769012,0.17337291665390847,0.6,0.75,0.75,0.425,0.425
2028,0,265,0.13807296752929688,0.13782788813114166,0.0686526745557785,0.07949157115072011,0.8823529411764706,1.0,0.09917716681957245,0.09917716681957245,0.09917716681957245,0.0,0.1804571088508649,0.0,1.0,1.0,1.0,1.0
2028,0,267,0.11037447303533554,0.09950898587703705,0.16969649493694305,0.070813462510705,1.0,1.0,0.0769990086555481,0.021879980340600014,0.0769990086555481,0.0016524717211723328,0.1429711582841647,0.6923076923076923,0.75,0.75,0.2625,0.2625
2028,0,274,0.2701376974582672,0.25841811299324036,0.10500580072402954,0.14610202983021736,0.3142857142857143,0.5,0.05497103929519653,0.05458260700106621,0.05497103929519653,0.0296076238155365,0.10404794366110959,0.4285714285714286,0.75,0.75,0.65,0.65
2028,0,275,0.2744179666042328,0.29430708289146423,0.10220259428024292,0.1756407454609871,0.6571428571428573,0.5,0.13377445936203003,0.13377445936203003,0.13377445936203003,0.0,0.23598072483887905,0.0,1.0,1.0,1.0,1.0
2028,0,277,0.16088466346263885,0.17194218933582306,0.2571028620004654,0.07386114783585071,0.48571428571428577,0.5,0.11183284223079681,0.05791129022836685,0.11183284223079681,0.004614472389221191,0.20107468535595602,0.4285714285714286,0.75,0.75,0.55,0.55
2028,0,278,0.1360500305891037,0.13831892609596252,0.25070953369140625,0.0752258401364088,0.8285714285714287,0.5,0.10209912061691284,0.061390271037817,0.10209912061691284,0.005220323801040649,0.18519116322118215,0.4285714285714286,0.75,0.75,0.575,0.575
2028,0,282,0.14152149856090546,0.16535618901252747,0.10430148243904114,0.09189250338822604,0.6571428571428573,0.5,0.05857941508293152,0.0317064218223095,0.05857941508293152,0.04638183116912842,0.11037843881541182,0.75,0.5,0.5,0.2375,0.2375
2028,0,283,0.1211487352848053,0.10915196686983109,0.10899423807859421,0.08380182534456253,0.6470588235294118,0.5,0.14659639447927475,0.03728377856314182,0.14659639447927475,0.004443138837814331,0.25556123160287125,0.6363636363636364,0.75,0.75,0.4,0.4
2028,0,302,0.14447714388370514,0.1536434441804886,0.16442252695560455,0.05926290489733219,0.942857142857143,0.5,0.004202947020530701,0.03598432615399361,0.004202947020530701,0.011429935693740845,0.008370307328981507,0.4285714285714286,0.75,0.75,0.5125,0.5125
2028,0,309,0.18669410049915314,0.1878872513771057,0.09286430478096008,0.11436724439263343,0.3714285714285715,0.5,0.008761972188949585,0.009011069685220719,0.008761972188949585,0.000567123293876648,0.01737164810952592,0.75,0.5,0.5,0.225,0.225
2028,0,314,0.09224680811166763,0.11286910623311996,0.22990629822015762,0.05509662292897701,0.823529411764706,0.5,0.13213736563920975,0.04128554537892341,0.13213736563920975,0.008148901164531708,0.23320629250003636,0.6,0.75,0.75,0.375,0.375
2028,0,320,0.20431241393089294,0.19059091806411743,0.02687416970729828,0.07774962484836578,1.0,1.0,0.13246378302574158,0.059457816928625104,0.13246378302574158,0.001055195927619934,0.23391020589780948,0.4285714285714286,1.0,1.0,0.5875,0.5875
2028,0,326,0.20864234864711761,0.15696965157985687,0.2594173699617386,0.07871541380882263,0.6571428571428573,0.5,0.12043993175029755,0.01606113389134407,0.12043993175029755,0.019362911581993103,0.2145315211152476,0.6923076923076923,0.5,0.5,0.2625,0.2625
2028,0,329,0.04174342751502991,0.05163830891251564,0.22191160544753075,0.059981951490044594,0.5294117647058824,0.0,0.07470689341425896,0.017743266467005015,0.07470689341425896,0.010883968323469162,0.13892121369068458,0.6,0.5,0.5,0.3625,0.3625
2028,0,331,0.16760645806789398,0.1984259933233261,0.03671310842037201,0.09876786842942238,1.0,1.0,0.004936888813972473,0.042753379046916964,0.004936888813972473,0.10926102101802826,0.009819354209746792,0.6,0.25,0.25,0.3875,0.3875
2028,0,334,0.2820582091808319,0.261373370885849,0.017135947942733765,0.04290002137422562,0.823529411764706,0.5,0.13636162877082825,0.032443726807832717,0.13636162877082825,0.0036939680576324463,0.23989016016281026,0.6,0.75,0.75,0.4,0.4
2028,0,340,0.3530425429344177,0.35831448435783386,0.006287246942520142,0.11420549899339676,1.0,1.0,0.07127949595451355,0.026503631472587587,0.07127949595451355,0.010854244232177734,0.1329764842588606,0.6,0.75,0.75,0.4,0.4
2028,0,342,0.2709208130836487,0.2938190996646881,0.060686320066452026,0.1334950439631939,0.8285714285714287,0.5,0.08338978886604309,0.040871062129735944,0.08338978886604309,0.008468657732009888,0.15384122032946076,0.4285714285714286,0.75,0.75,0.5625,0.5625
2028,0,343,0.22988222539424896,0.21086649596691132,0.12152834236621857,0.08373305499553681,0.8857142857142858,1.0,0.07350994646549225,0.012712164223194123,0.07350994646549225,0.0027924925088882446,0.13692626419748194,0.6,1.0,1.0,0.4125,0.4125
2028,0,347,0.0825110524892807,0.08435967564582825,0.0765361487865448,0.06465515755116939,0.9411764705882354,1.0,0.11961358785629272,0.04224584847688675,0.11961358785629272,0.0050204843282699585,0.21355429050529715,0.6,0.75,0.75,0.475,0.475
2028,0,354,0.19513092935085297,0.17056339979171753,0.07011441886425018,0.0688650656491518,1.0,1.0,0.12661251425743103,0.12661251425743103,0.12661251425743103,0.0,0.2247667457180403,0.0,1.0,1.0,1.0,1.0
2028,0,355,0.07435011118650436,0.08595573902130127,0.21612125635147095,0.07309879530221224,0.9411764705882354,0.5,0.09761129319667816,0.03006126042455435,0.09761129319667816,0.0024688616394996643,0.17782217474830647,0.6,0.75,0.75,0.3875,0.3875
2028,0,362,0.2530432343482971,0.2353585809469223,0.009986922144889832,0.05135686174035072,0.7714285714285715,1.0,0.1372220665216446,0.1372220665216446,0.1372220665216446,0.0,0.24132853303024235,0.0,1.0,1.0,1.0,1.0
2028,0,365,0.08953556418418884,0.11079297959804535,0.10975952446460724,0.09634487386792898,0.942857142857143,1.0,0.08908118307590485,0.03380726575851441,0.08908118307590485,0.00019273161888122559,0.16358703078557532,0.6,0.75,0.75,0.4,0.4
2028,0,371,0.15622058510780334,0.17705869674682617,0.042108818888664246,0.09903096109628677,0.942857142857143,1.0,0.15661120414733887,0.15661120414733887,0.15661120414733887,0.0,0.27081045659209857,0.0,1.0,1.0,1.0,1.0
2028,0,372,0.11880022287368774,0.1338808387517929,0.24910424649715424,0.054691525921225545,0.823529411764706,0.5,0.10139216482639313,0.10139216482639313,0.10139216482639313,0.0,0.1841163721050713,0.0,1.0,1.0,1.0,1.0
2028,0,377,0.22916822135448456,0.2218841314315796,0.025741830468177795,0.10544540621340275,0.942857142857143,1.0,0.11461526155471802,0.021896300464868547,0.11461526155471802,0.008920937776565552,0.20546869689987657,0.6923076923076923,0.75,0.75,0.3875,0.3875
2028,0,384,0.16460560262203217,0.1610710471868515,0.06451056897640228,0.14080696403980256,0.7714285714285715,1.0,0.11609704792499542,0.11609704792499542,0.11609704792499542,0.0,0.20804113430967058,0.0,1.0,1.0,1.0,1.0
2028,0,403,0.0954180434346199,0.09566598385572433,0.20933736115694046,0.0662299007177353,0.8857142857142858,0.5,0.12964976578950882,0.03407475985586643,0.12964976578950882,0.002262011170387268,0.22948004542546566,0.6,0.75,0.75,0.375,0.375
2028,0,412,0.3208180367946625,0.3292206823825836,0.06877246499061584,0.15424356162548064,0.6571428571428573,0.5,0.13582652807235718,0.02410561740398407,0.13582652807235718,0.0025729238986968994,0.23909397905862248,0.6923076923076923,0.75,0.75,0.3625,0.3625
2028,0,416,0.07472342997789383,0.08917447924613953,0.1256563365459442,0.07195136472582817,0.942857142857143,1.0,0.09708961844444275,0.04302430395036936,0.09708961844444275,0.003081902861595154,0.176946462612398,0.4285714285714286,0.75,0.75,0.575,0.575
2028,0,419,0.04831988364458084,0.062153879553079605,0.18526510521769524,0.06714111231267453,0.9411764705882354,0.5,0.1027810089290142,0.1027810089290142,0.1027810089290142,0.0,0.18640329874529096,0.0,1.0,1.0,1.0,1.0
2028,0,427,0.33315208554267883,0.29524877667427063,0.002227306365966797,0.0989396944642067,0.942857142857143,1.0,0.10291406512260437,0.04200856685638428,0.10291406512260437,0.022313237190246582,0.18622550821071474,0.6,0.75,0.75,0.35,0.35
2028,0,431,0.1843472272157669,0.17459213733673096,0.05741205811500549,0.0942731998860836,0.8857142857142858,1.0,0.0017187893390655518,0.004948195070028305,0.0017187893390655518,0.02166135609149933,0.00343154997676756,0.75,0.5,0.5,0.225,0.225
2028,0,436,0.10218403488397598,0.09517580270767212,0.1362377554178238,0.07771091777831315,0.5882352941176471,0.5,0.10107529163360596,0.10107529163360596,0.10107529163360596,0.0,0.18359378763943746,0.0,1.0,1.0,1.0,1.0
2028,0,438,0.07376817613840103,0.07584584504365921,0.241730235517025,0.08246939200907946,0.6,0.5,0.10441320389509201,0.039856674708426,0.10441320389509201,0.0027594491839408875,0.1890341325839028,0.4285714285714286,1.0,1.0,0.5375,0.5375
2028,0,440,0.550015389919281,0.5149040818214417,0.005098879337310791,0.17822189778089523,0.8285714285714287,0.5,0.06295055150985718,0.03659734576940536,0.06295055150985718,0.011203229427337646,0.11836550610932971,0.4285714285714286,1.0,1.0,0.5,0.5
2028,0,442,0.17631883919239044,0.18702764809131622,0.30997656285762787,0.1068872906267643,0.6571428571428573,0.5,0.08800964057445526,0.08800964057445526,0.08800964057445526,0.0,0.16178099401396348,0.0,1.0,1.0,1.0,1.0
2028,0,443,0.04843420907855034,0.05118073895573616,0.19040751084685326,0.04950506538152695,0.942857142857143,0.5,0.014936108142137527,0.01570186633616686,0.014936108142137527,0.01197010651230812,0.0294273610726904,0.6,0.5,0.5,0.3875,0.3875
2028,0,446,0.2717021405696869,0.24356944859027863,0.02263285219669342,0.07497126124799251,0.9411764705882354,1.0,0.010555565357208252,0.028942132741212843,0.010555565357208252,0.02845151722431183,0.0208842301935967,0.6,0.5,0.5,0.4125,0.4125
2028,0,447,0.13897916674613953,0.13454671204090118,0.18780620396137238,0.048042896762490274,0.823529411764706,0.5,0.11740745604038239,0.01171923689544201,0.11740745604038239,0.008319929242134094,0.2099575218373312,0.6923076923076923,0.75,0.75,0.3125,0.3125
2028,0,448,0.11471285670995712,0.12409559637308121,0.26471199840307236,0.08215901628136635,0.6571428571428573,0.5,0.14238154143095016,0.03575194701552391,0.14238154143095016,0.0019088461995124817,0.24921202859288175,0.75,0.75,0.75,0.3,0.3
2028,0,455,0.06852509081363678,0.06378549337387085,0.12216804921627045,0.06526274885982275,0.823529411764706,0.5,0.1315610259771347,0.1315610259771347,0.1315610259771347,0.0,0.23253014721592777,0.0,1.0,1.0,1.0,1.0
2028,0,458,0.06344085931777954,0.06879726052284241,0.2239522635936737,0.05711345691233873,0.7058823529411765,0.5,0.021003790199756622,0.011439399048686027,0.021003790199756622,0.019513096660375595,0.041126575302608576,0.6,0.5,0.5,0.325,0.325
2028,0,462,0.23749534785747528,0.21233581006526947,0.1119258850812912,0.11086066141724586,0.2571428571428572,0.5,0.11639033257961273,0.006466098129749298,0.11639033257961273,0.020037680864334106,0.20806834381481384,0.6923076923076923,0.5,0.5,0.275,0.275
2028,0,463,0.24162067472934723,0.19889681041240692,0.10572408139705658,0.16183050014078618,0.5428571428571429,1.0,0.09013240039348602,0.04796539917588234,0.09013240039348602,0.013356789946556091,0.16517558531464205,0.4285714285714286,0.75,0.75,0.5875,0.5875
2028,0,465,0.5157448649406433,0.5237351059913635,0.06131929159164429,0.211005799472332,0.3142857142857143,0.5,0.04052156209945679,0.026415699720382692,0.04052156209945679,0.014751136302947998,0.07784163397520172,0.6,0.5,0.5,0.35,0.35
2028,0,469,0.09586843848228455,0.0907130092382431,0.09308640658855438,0.11225822661072016,0.823529411764706,0.5,0.028284840285778046,0.026218808814883234,0.028284840285778046,0.021141767501831055,0.054980964506061,0.6,0.75,0.75,0.375,0.375
2028,0,475,0.12490861117839813,0.1278807818889618,0.16782045364379883,0.06272905692458153,0.942857142857143,1.0,0.11503250896930695,0.03096127323806286,0.11503250896930695,0.004990220069885254,0.20622362333211952,0.6,0.75,0.75,0.4,0.4
2028,0,489,0.22555506229400635,0.20852483808994293,0.12757472693920135,0.10569476932287217,0.8857142857142858,1.0,0.08991508185863495,0.026507578790187836,0.08991508185863495,0.014655575156211853,0.16479245069032064,0.6,0.75,0.75,0.4,0.4
2028,0,496,0.19912032783031464,0.2147713303565979,0.1030268669128418,0.14213467240333558,0.8285714285714287,0.5,0.11674830317497253,0.11674830317497253,0.11674830317497253,0.0,0.20908615279387688,0.0,1.0,1.0,1.0,1.0
2028,0,499,0.11113831400871277,0.11073324084281921,0.1139708161354065,0.06661790050566196,0.9411764705882354,1.0,0.04729694128036499,0.04839461594820023,0.04729694128036499,0.04207844287157059,0.09014310761375209,0.6,0.5,0.5,0.3875,0.3875
2028,0,502,0.15048624575138092,0.15403510630130768,0.09892313182353973,0.09559774063527585,1.0,1.0,0.11095695197582245,0.11095695197582245,0.11095695197582245,0.0,0.19975022754659746,0.0,1.0,1.0,1.0,1.0
2028,0,507,0.4167076647281647,0.4211404323577881,0.04079937934875488,0.150446517765522,0.942857142857143,1.0,0.08380860090255737,0.03412753343582153,0.08380860090255737,0.005275815725326538,0.15459231896098324,0.6,0.75,0.75,0.3375,0.3375
2028,0,510,0.14952881634235382,0.14324341714382172,0.09547784924507141,0.05528456494212151,0.942857142857143,1.0,0.13114582002162933,0.02813670188188553,0.13114582002162933,0.0006748437881469727,0.23186321424421658,0.6,0.75,0.75,0.4,0.4
2028,0,525,0.1155468299984932,0.111016646027565,0.17171593010425568,0.12326699420809746,0.3714285714285715,0.5,0.03856903314590454,0.03359643258154392,0.03856903314590454,0.027813009917736053,0.07419458580072309,0.6,0.75,0.75,0.375,0.375
2028,0,532,0.1461028903722763,0.15612314641475677,0.14446522295475006,0.08291399776935578,0.8285714285714287,1.0,0.0606631264090538,0.08237388059496879,0.0606631264090538,0.07347285747528076,0.11387071963159132,0.4285714285714286,0.5,0.5,0.6125,0.6125
2028,0,536,0.07935410737991333,0.0833575502038002,0.18935617059469223,0.06502835899591446,0.9411764705882354,0.5,0.10907364636659622,0.022649231366813183,0.10907364636659622,0.0017127320170402527,0.19666006092369082,0.6,0.5,0.5,0.4,0.4
2028,0,538,0.49748995900154114,0.5711827278137207,0.059493422508239746,0.10901060029864311,0.8857142857142858,1.0,0.07885617017745972,0.03480913937091827,0.07885617017745972,0.00416111946105957,0.14614013562407727,0.4285714285714286,1.0,1.0,0.5625,0.5625
2028,0,544,0.07251130044460297,0.07439999282360077,0.18901054561138153,0.049353209882974626,1.0,1.0,0.10513573884963989,0.10513573884963989,0.10513573884963989,0.0,0.1902675574659779,0.0,1.0,1.0,1.0,1.0
2028,0,545,0.10112854838371277,0.09802272915840149,0.08205805718898773,0.09987520761787891,0.9411764705882354,1.0,0.0900205671787262,0.031198698654770853,0.0900205671787262,0.001774899661540985,0.16514798521463428,0.6923076923076923,1.0,1.0,0.2625,0.2625
2028,0,546,0.16638514399528503,0.19560275971889496,0.010215938091278076,0.05062402784824371,1.0,1.0,0.11350326240062714,0.11350326240062714,0.11350326240062714,0.0,0.20386695977149247,0.0,1.0,1.0,1.0,1.0
2028,0,553,0.1852760761976242,0.1697843074798584,0.03276647627353668,0.08027430884540081,0.9411764705882354,1.0,0.10739335417747498,0.020170535892248154,0.10739335417747498,0.0011867880821228027,0.19393466701840553,0.6,0.75,0.75,0.4125,0.4125
2028,0,556,0.16742707788944244,0.1542714536190033,0.19200345873832703,0.050425680726766585,0.8857142857142858,0.5,0.005127638578414917,0.017997045069932938,0.005127638578414917,0.0014708340167999268,0.010202883395792497,0.6,0.25,0.25,0.4125,0.4125
2028,0,574,0.19892290234565735,0.1744605451822281,0.08762140572071075,0.07248877584934235,0.942857142857143,1.0,0.016745910048484802,0.015058474242687225,0.016745910048484802,0.019617915153503418,0.032929353683855855,0.7894736842105263,0.5,0.5,0.2,0.2
2028,0,582,0.21425358951091766,0.23384740948677063,0.03906029462814331,0.06046530082821846,0.9411764705882354,1.0,0.10727256536483765,0.03974503204226494,0.10727256536483765,0.005909383296966553,0.19364847562568396,0.6,0.75,0.75,0.4625,0.4625
2028,0,583,0.09426262974739075,0.08803996443748474,0.12287771701812744,0.04904039613902569,0.6470588235294118,0.5,0.11338947713375092,0.11338947713375092,0.11338947713375092,0.0,0.20368340003653457,0.0,1.0,1.0,1.0,1.0
2028,0,588,0.12489233165979385,0.12939558923244476,0.07294857501983643,0.05246350467205048,0.8823529411764706,1.0,0.08227686583995819,0.0550535760819912,0.08227686583995819,0.006516404449939728,0.1519682483954695,0.4285714285714286,0.75,0.75,0.5875,0.5875
2028,0,593,0.13053826987743378,0.12737412750720978,0.09323069453239441,0.07966684214770794,0.7714285714285715,1.0,0.14898906648159027,0.14898906648159027,0.14898906648159027,0.0,0.2593393981333894,0.0,1.0,1.0,1.0,1.0
2028,0,595,0.40830573439598083,0.37495312094688416,0.008241832256317139,0.12212515622377396,0.7714285714285715,1.0,0.048968374729156494,0.01713319718837738,0.048968374729156494,0.0013773441314697266,0.09335881464677302,0.6,0.75,0.75,0.4125,0.4125
2028,0,599,0.12866203486919403,0.13558955490589142,0.07151858508586884,0.12754652500152588,0.8857142857142858,1.0,0.11967842280864716,0.05380209200084209,0.11967842280864716,0.004396408796310425,0.21367199693146788,0.6,0.75,0.75,0.45,0.45
2029,0,0,0.5464605093002319,0.5615482926368713,0.03958612680435181,0.15857522338628768,0.942857142857143,1.0,0.03536641597747803,0.03536641597747803,0.03536641597747803,0.0,0.06831671460791779,0.0,1.0,1.0,1.0,1.0
2029,0,13,0.20290657877922058,0.22713829576969147,0.1062449961900711,0.08996019139885902,0.5428571428571429,0.5,0.13944904506206512,0.08569317311048508,0.13944904506206512,0.010527178645133972,0.24444745762740774,0.4285714285714286,0.75,0.75,0.575,0.575
2029,0,29,0.17409858107566833,0.13584072887897491,0.3100701719522476,0.07539883069694042,0.5428571428571429,0.0,0.16894640028476715,0.03089522384107113,0.16894640028476715,0.0074576884508132935,0.2887440040666179,0.6363636363636364,0.75,0.75,0.375,0.375
2029,0,31,0.06629104912281036,0.085966095328331,0.2080867439508438,0.06706174165010452,0.8285714285714287,0.5,0.11240160465240479,0.026633426174521448,0.11240160465240479,0.006438300013542175,0.20195594000492806,0.6,0.75,0.75,0.3875,0.3875
2029,0,33,0.06496565043926239,0.07004459202289581,0.06291821599006653,0.06137855909764767,0.7058823529411765,0.5,0.11537593603134155,0.11537593603134155,0.11537593603134155,0.0,0.2068825986005485,0.0,1.0,1.0,1.0,1.0
2029,0,38,0.47935688495635986,0.5058344602584839,0.008474290370941162,0.16145320534706115,0.7714285714285715,1.0,0.05901616811752319,0.05901616811752319,0.05901616811752319,0.0,0.11145470653659358,0.0,1.0,1.0,1.0,1.0
2029,0,40,0.24425935745239258,0.24520717561244965,0.005054637789726257,0.13461868651211262,0.7714285714285715,1.0,0.09509061276912689,0.07562998905777932,0.09509061276912689,0.003872603178024292,0.17360850669136396,0.4285714285714286,0.75,0.75,0.625,0.625
2029,0,52,0.087566077709198,0.09593657404184341,0.2312597557902336,0.08250539861619473,1.0,1.0,0.09938173741102219,0.03287007324397564,0.09938173741102219,0.0034721940755844116,0.18073875774407605,0.4285714285714286,0.75,0.75,0.5625,0.5625
2029,0,56,0.1530662178993225,0.13405346870422363,0.15041238069534302,0.09128409549593926,0.6470588235294118,0.5,0.10705840587615967,0.10705840587615967,0.10705840587615967,0.0,0.19341058305127162,0.0,1.0,1.0,1.0,1.0
2029,0,58,0.13666677474975586,0.12989363074302673,0.04744569957256317,0.0948186233639717,0.9411764705882354,1.0,0.14144209027290344,0.14144209027290344,0.14144209027290344,0.0,0.24783051453637306,0.0,1.0,1.0,1.0,1.0
2029,0,62,0.27567678689956665,0.348305344581604,0.1009148359298706,0.1686372932046652,0.4285714285714286,0.5,0.05296650528907776,0.07363463640213012,0.05296650528907776,0.0029829740524291992,0.10058921117735214,0.4285714285714286,1.0,1.0,0.6,0.6
2029,0,63,0.13419829308986664,0.10739198327064514,0.06550692021846771,0.0676759010180831,0.9411764705882354,1.0,0.12757594883441925,0.021464597061276437,0.12757594883441925,0.0017893165349960327,0.2262376749306286,0.6363636363636364,1.0,1.0,0.425,0.425
2029,0,66,0.095584936439991,0.0869814082980156,0.22363955527544022,0.04900180399417877,0.8857142857142858,0.5,0.13826368004083633,0.13826368004083633,0.13826368004083633,0.0,0.2429378754066474,0.0,1.0,1.0,1.0,1.0
2029,0,68,0.12857602536678314,0.1473572552204132,0.2358648180961609,0.08691646866500377,0.942857142857143,0.5,0.11145234107971191,0.015592169761657716,0.11145234107971191,0.009602546691894531,0.20035782614435357,0.6923076923076923,0.5,0.5,0.325,0.325
2029,0,70,0.2734575867652893,0.29418691992759705,0.01250225305557251,0.08568044900894164,1.0,1.0,0.061066269874572754,0.02203769311308861,0.061066269874572754,0.002866029739379883,0.11508455549255954,0.7894736842105263,0.75,0.75,0.2,0.2
2029,0,72,0.11387297511100769,0.10180764645338058,0.2319663241505623,0.06932063102722168,0.823529411764706,0.5,0.11676234751939774,0.04467896595597267,0.11676234751939774,0.005388133227825165,0.20899030217107714,0.4285714285714286,0.75,0.75,0.6125,0.6125
2029,0,74,0.2673828899860382,0.29732656478881836,0.04076722264289856,0.15955116003751754,0.7142857142857143,1.0,0.06206613779067993,0.02987350821495056,0.06206613779067993,0.007210224866867065,0.11682851890131385,0.6,0.75,0.75,0.475,0.475
2029,0,85,0.08948583900928497,0.1103401631116867,0.06334148347377777,0.1371161313727498,0.7058823529411765,0.5,0.151936873793602,0.151936873793602,0.151936873793602,0.0,0.2637937499009607,0.0,1.0,1.0,1.0,1.0
2029,0,97,0.23258176445960999,0.24632886052131653,0.08795085549354553,0.1447195366024971,0.6571428571428573,0.5,0.13090083003044128,0.13090083003044128,0.13090083003044128,0.0,0.23149833575932158,0.0,1.0,1.0,1.0,1.0
2029,0,100,0.06058928370475769,0.06833929568529129,0.26411663740873337,0.09391029048711061,0.7058823529411765,0.5,0.08104646950960159,0.029454226419329644,0.08104646950960159,0.0033836886286735535,0.14990261318350645,0.4285714285714286,0.75,0.75,0.575,0.575
2029,0,103,0.1712387651205063,0.16029991209506989,0.03562752902507782,0.12536248341202735,0.8823529411764706,1.0,0.1804630011320114,0.1804630011320114,0.1804630011320114,0.0,0.30574952532854555,0.0,1.0,1.0,1.0,1.0
2029,0,107,0.30853021144866943,0.261263370513916,0.03704553842544556,0.07061974853277206,1.0,1.0,0.10183504223823547,0.0341683566570282,0.10183504223823547,0.01750369369983673,0.1845423965393072,0.6923076923076923,0.75,0.75,0.3125,0.3125
2029,0,108,0.20095163583755493,0.17397986352443695,0.06415274739265442,0.09297581575810909,0.8857142857142858,1.0,0.04378615319728851,0.0268049456179142,0.04378615319728851,0.02838917076587677,0.08379599575944881,0.6,0.5,0.5,0.45,0.45
2029,0,110,0.6759222745895386,0.6461287140846252,0.05241662263870239,0.10152278393507004,0.7714285714285715,1.0,0.026852130889892578,0.048040193319320676,0.026852130889892578,0.010324597358703613,0.05228563432594099,0.6,0.75,0.75,0.3625,0.3625
2029,0,121,0.7161054015159607,0.7023881077766418,0.46375569701194763,0.1173633560538292,0.942857142857143,0.5,0.055297911167144775,0.06286342740058899,0.055297911167144775,0.013116180896759033,0.10472763468402994,0.4285714285714286,0.75,0.75,0.625,0.625
2029,0,125,0.38016068935394287,0.47349393367767334,0.03114563226699829,0.13718328773975372,0.5428571428571429,1.0,0.005733847618103027,0.005733847618103027,0.005733847618103027,0.0,0.011402316093234006,0.0,1.0,1.0,1.0,1.0
2029,0,127,0.31001847982406616,0.2954944372177124,0.07715728878974915,0.11117469146847725,0.7142857142857143,0.5,0.08926314115524292,0.04785125330090523,0.08926314115524292,0.00861060619354248,0.16377980624881033,0.6,1.0,1.0,0.4375,0.4375
2029,0,131,0.2207076996564865,0.20389242470264435,0.26877833902835846,0.10176628306508065,0.6571428571428573,0.5,0.025348708033561707,0.014123143255710601,0.025348708033561707,0.045812755823135376,0.04938545401505017,0.6923076923076923,0.25,0.25,0.2875,0.2875
2029,0,136,0.1664998084306717,0.14340373873710632,0.08209113776683807,0.08897528126835823,0.9411764705882354,1.0,0.1468336284160614,0.04391381070017815,0.1468336284160614,0.014043733477592468,0.25560174348289383,0.6,0.5,0.5,0.4,0.4
2029,0,140,0.17279213666915894,0.181952103972435,0.05011950433254242,0.057907453179359435,0.942857142857143,1.0,0.13650648295879364,0.13650648295879364,0.13650648295879364,0.0,0.24022121299899873,0.0,1.0,1.0,1.0,1.0
2029,0,145,0.23189763724803925,0.17179343104362488,0.2683636546134949,0.09706253781914712,0.8285714285714287,0.5,0.10987967252731323,0.032587190717458726,0.10987967252731323,0.0028635263442993164,0.19794657840919117,0.4285714285714286,0.75,0.75,0.65,0.65
2029,0,150,0.18033206462860107,0.1719968467950821,0.05336044728755951,0.10136675797402858,0.7714285714285715,1.0,0.02970390021800995,0.028026246279478074,0.02970390021800995,0.11604158580303192,0.057476404833419294,0.6,0.5,0.5,0.3125,0.3125
2029,0,151,0.5170352458953857,0.47635284066200256,0.03117707371711731,0.13860034123063086,0.8857142857142858,1.0,0.004629224538803101,0.02694306820631027,0.004629224538803101,0.028559088706970215,0.00921453887270603,0.6,0.5,0.5,0.325,0.325
2029,0,154,0.15128874778747559,0.12090132385492325,0.3498978838324547,0.10386901292949915,0.08571428571428573,0.0,0.12265599519014359,0.12265599519014359,0.12265599519014359,0.0,0.2185103820148743,0.0,1.0,1.0,1.0,1.0
2029,0,168,0.22932499647140503,0.2042979598045349,0.0015891492366790771,0.09194908067584037,0.8857142857142858,1.0,0.13970977067947388,0.13970977067947388,0.13970977067947388,0.0,0.24516727727302273,0.0,1.0,1.0,1.0,1.0
2029,0,171,0.20782844722270966,0.24415215849876404,0.015156716108322144,0.10360441356897354,0.942857142857143,1.0,0.05950820446014404,0.05950820446014404,0.05950820446014404,0.0,0.11233174827648554,0.0,1.0,1.0,1.0,1.0
2029,0,176,0.09725193679332733,0.09108756482601166,0.1799137145280838,0.07333283424377442,0.9411764705882354,0.5,0.14879442751407623,0.055595817789435384,0.14879442751407623,0.0009183213114738464,0.2590136437494991,0.4285714285714286,0.75,0.75,0.6,0.6
2029,0,181,0.22074490785598755,0.1586524397134781,0.05197814106941223,0.08455683812499046,1.0,1.0,0.13720904290676117,0.13720904290676117,0.13720904290676117,0.0,0.2413083922654154,0.0,1.0,1.0,1.0,1.0
2029,0,190,0.08502542227506638,0.10541149228811264,0.06534530967473984,0.08536065071821212,0.9411764705882354,1.0,0.0013080984354019165,0.033671556413173674,0.0013080984354019165,0.002834714949131012,0.0026127693953297716,0.4285714285714286,0.5,0.5,0.5375,0.5375
2029,0,192,0.4075695276260376,0.40127134323120117,0.04498741030693054,0.14997335337102413,0.4285714285714286,0.5,0.022738784551620483,0.01686086505651474,0.022738784551620483,0.00821259617805481,0.04445827097410361,0.6923076923076923,0.5,0.5,0.3,0.3
2029,0,193,0.06374174356460571,0.07279393076896667,0.08350221812725067,0.09482992459088564,0.6571428571428573,0.5,0.12262323498725891,0.12262323498725891,0.12262323498725891,0.0,0.21845839488374852,0.0,1.0,1.0,1.0,1.0
2029,0,194,0.14129379391670227,0.1370895653963089,0.09199896454811096,0.08430397287011146,0.9411764705882354,1.0,0.13635052740573883,0.13635052740573883,0.13635052740573883,0.0,0.23997969661179078,0.0,1.0,1.0,1.0,1.0
2029,0,196,0.20675241947174072,0.1880350410938263,0.04417206346988678,0.07619301192462444,0.942857142857143,1.0,0.1762641966342926,0.1762641966342926,0.1762641966342926,0.0,0.2997017118070017,0.0,1.0,1.0,1.0,1.0
2029,0,199,0.12867730855941772,0.13438163697719574,0.2747851759195328,0.09042104482650756,0.6571428571428573,0.5,0.12746693193912506,0.12746693193912506,0.12746693193912506,0.0,0.22611205407132481,0.0,1.0,1.0,1.0,1.0
2029,0,203,0.13937099277973175,0.12270817905664444,0.23386942595243454,0.06808061674237251,0.8857142857142858,0.5,0.13756337016820908,0.038835711777210236,0.13756337016820908,0.0010176971554756165,0.24182639656427007,0.4285714285714286,0.75,0.75,0.5625,0.5625
2029,0,211,0.08761453628540039,0.07509240508079529,0.2389146387577057,0.05745889730751515,0.8064516129032258,0.5,0.10394322872161865,0.046007794141769406,0.10394322872161865,0.015403777360916138,0.1880356476566573,0.4285714285714286,0.5,0.5,0.6625,0.6625
2029,0,214,0.15815021097660065,0.1432432234287262,0.1312558650970459,0.04307954832911491,1.0,1.0,0.12596344947814941,0.12596344947814941,0.12596344947814941,0.0,0.22374340754405436,0.0,1.0,1.0,1.0,1.0
2029,0,215,0.12224339693784714,0.1343310922384262,0.2954593151807785,0.1019903540611267,0.6571428571428573,0.5,0.10984593629837036,0.0383708730340004,0.10984593629837036,0.0009129494428634644,0.19793017939383512,0.4285714285714286,0.75,0.75,0.5375,0.5375
2029,0,230,0.36770737171173096,0.34089434146881104,0.016811639070510864,0.11989436596632004,0.7714285714285715,1.0,0.06605690717697144,0.021470652520656587,0.06605690717697144,0.009400606155395508,0.12385471443362181,0.4285714285714286,0.75,0.75,0.525,0.525
2029,0,232,0.3165741264820099,0.31415465474128723,0.1006518006324768,0.1475174196064472,0.4285714285714286,0.5,0.14021071791648865,0.14021071791648865,0.14021071791648865,0.0,0.24593825634738156,0.0,1.0,1.0,1.0,1.0
2029,0,235,0.19445538520812988,0.2071111500263214,0.06088033318519592,0.09006070680916309,0.942857142857143,1.0,0.09413027763366699,0.09413027763366699,0.09413027763366699,0.0,0.1720641125794407,0.0,1.0,1.0,1.0,1.0
2029,0,240,0.4203068017959595,0.3910614848136902,0.060423344373703,0.15734219253063203,-0.028571428571428574,0.5,0.000855177640914917,0.029520317912101746,0.000855177640914917,0.09657129645347595,0.0017087378056970944,0.6363636363636364,0.5,0.5,0.375,0.375
2029,0,249,0.25134605169296265,0.24605414271354675,0.13670572638511658,0.17062175534665586,0.2571428571428572,0.5,0.10918182134628296,0.07205774262547493,0.10918182134628296,0.00856846570968628,0.19670177560465163,0.6,0.75,0.75,0.375,0.375
2029,0,250,0.0641126036643982,0.06544175744056702,0.2107682228088379,0.051790179684758186,0.8857142857142858,1.0,0.10798035562038422,0.10798035562038422,0.10798035562038422,0.0,0.19491384494795214,0.0,1.0,1.0,1.0,1.0
2029,0,257,0.14835551381111145,0.1616191267967224,0.054858893156051636,0.08667510524392127,0.7142857142857143,1.0,0.0366588830947876,0.03566047102212906,0.0366588830947876,0.03346869349479675,0.07063856592687494,0.6,0.5,0.5,0.4625,0.4625
2029,0,263,0.39727506041526794,0.48779404163360596,0.02299875020980835,0.1675972819328308,0.8857142857142858,0.5,0.007863342761993408,0.03387938737869263,0.007863342761993408,0.026365995407104492,0.01560068995291527,0.4285714285714286,1.0,1.0,0.5625,0.5625
2029,0,264,0.08840005844831467,0.0968649610877037,0.27816105633974075,0.09950233809649944,0.5882352941176471,0.5,0.11441946774721146,0.03634989336133003,0.11441946774721146,0.004677563905715942,0.20524459422599572,0.4285714285714286,0.75,0.75,0.5375,0.5375
2029,0,266,0.08572175353765488,0.08397576957941055,0.21670668572187424,0.05634650848805904,0.6571428571428573,0.5,0.11295223981142044,0.11295223981142044,0.11295223981142044,0.0,0.20297769440772978,0.0,1.0,1.0,1.0,1.0
2029,0,273,0.12545612454414368,0.14206275343894958,0.003778129816055298,0.1487256919965148,0.9411764705882354,1.0,0.11330091953277588,0.03333760425448418,0.11330091953277588,0.004327014088630676,0.20345053080851702,0.4285714285714286,0.5,0.5,0.575,0.575
2029,0,280,0.26399245858192444,0.25749456882476807,0.03784133493900299,0.07631309702992439,0.7647058823529412,0.5,0.021142035722732544,0.022074811905622483,0.021142035722732544,0.025930821895599365,0.04138579845920643,0.6,0.5,0.5,0.3875,0.3875
2029,0,293,0.10424698889255524,0.09772519767284393,0.08733873069286346,0.09787607863545418,0.9411764705882354,0.5,0.12778358161449432,0.12778358161449432,0.12778358161449432,0.0,0.22661011154562824,0.0,1.0,1.0,1.0,1.0
2029,0,294,0.3381233811378479,0.37186750769615173,0.10747089982032776,0.15748250782489776,0.14285714285714288,0.5,0.038058966398239136,0.01309441328048706,0.038058966398239136,0.006522327661514282,0.07330953051795876,0.6,0.75,0.75,0.3875,0.3875
2029,0,298,0.0515722781419754,0.05513184145092964,0.2251477651298046,0.08753840662539006,0.7058823529411765,0.5,0.11334558948874474,0.028768880851566793,0.11334558948874474,0.006220754235982895,0.20348291510791788,0.4285714285714286,0.75,0.75,0.6,0.6
2029,0,305,0.32009220123291016,0.35459646582603455,0.08343076705932617,0.12154071405529976,0.48571428571428577,0.5,0.08542603254318237,0.08542603254318237,0.08542603254318237,0.0,0.15740553475215052,0.0,1.0,1.0,1.0,1.0
2029,0,306,0.07843931019306183,0.08006807416677475,0.2065981701016426,0.05376939177513122,0.9411764705882354,0.5,0.023552820086479187,0.02440473437309265,0.023552820086479187,0.02533562481403351,0.04599418800272271,0.6363636363636364,0.5,0.5,0.35,0.35
2029,0,314,0.45108360052108765,0.4570081830024719,0.02463400363922119,0.12823089137673377,0.7714285714285715,0.5,0.015854567289352417,0.0521824523806572,0.015854567289352417,0.00944170355796814,0.031209603396242333,0.4285714285714286,0.75,0.75,0.5125,0.5125
2029,0,319,0.3475801348686218,0.32916033267974854,0.054451316595077515,0.13819362372159957,0.5428571428571429,0.5,0.0949278175830841,0.03698881268501282,0.0949278175830841,0.005417674779891968,0.1733137229855212,0.4285714285714286,1.0,1.0,0.5,0.5
2029,0,320,0.5103137493133545,0.4833695590496063,0.03747621178627014,0.1716376379132271,0.8285714285714287,0.5,0.03737252950668335,0.0281171590089798,0.03737252950668335,0.004723191261291504,0.07203996656814012,0.6923076923076923,0.75,0.75,0.3,0.3
2029,0,324,0.16498103737831116,0.1272711455821991,0.23345044255256653,0.06779672801494599,0.823529411764706,0.5,0.13485142588615417,0.015678654611110687,0.13485142588615417,0.0023024901747703552,0.23758961323554437,0.6363636363636364,0.75,0.75,0.425,0.425
2029,0,330,0.1805666834115982,0.20974016189575195,0.013885781168937683,0.11691694371402264,0.9411764705882354,1.0,0.08397096395492554,0.029774504899978637,0.08397096395492554,0.01793256402015686,0.15471328100941886,0.6,0.75,0.75,0.425,0.425
2029,0,334,0.4328712522983551,0.45297306776046753,0.21806600689888,0.10000791996717454,0.48571428571428577,0.0,0.011585026979446411,0.04580717235803604,0.011585026979446411,0.015789389610290527,0.022900494934776017,0.4285714285714286,1.0,1.0,0.5625,0.5625
2029,0,341,0.22921288013458252,0.2129756510257721,0.2956151068210602,0.11662480346858502,0.8285714285714287,0.5,0.014720618724822998,0.010018809884786605,0.014720618724822998,0.013074502348899841,0.029008556461622714,0.6666666666666667,0.75,0.75,0.275,0.275
2029,0,344,0.1176966205239296,0.12548087537288666,0.2269177883863449,0.06693230122327805,0.823529411764706,0.5,0.10894009470939636,0.006199642643332481,0.10894009470939636,0.00024566054344177246,0.19647132531780132,0.6923076923076923,1.0,1.0,0.2625,0.2625
2029,0,345,0.1256551295518875,0.14664790034294128,0.135521799325943,0.0674891546368599,0.8285714285714287,0.5,0.1275939643383026,0.03997529298067093,0.1275939643383026,0.0033209919929504395,0.22622659964705152,0.4285714285714286,1.0,1.0,0.575,0.575
2029,0,346,0.24316714704036713,0.2606130540370941,0.2614378035068512,0.06755667850375176,0.4285714285714286,0.5,0.08330628275871277,0.05752666741609573,0.08330628275871277,0.0015486478805541992,0.15378171224065385,0.4285714285714286,1.0,1.0,0.6,0.6
2029,0,350,0.14806003868579865,0.1480369120836258,0.24421189725399017,0.0890846848487854,0.942857142857143,0.5,0.07802100479602814,0.04445620663464069,0.07802100479602814,0.0041814446449279785,0.14470460423789833,0.4285714285714286,0.75,0.75,0.6,0.6
2029,0,351,0.14344555139541626,0.11269888281822205,0.0820760428905487,0.10525897927582265,0.942857142857143,1.0,0.13083267211914062,0.13083267211914062,0.13083267211914062,0.0,0.23139174405699614,0.0,1.0,1.0,1.0,1.0
2029,0,353,0.32505956292152405,0.34183835983276367,0.11789414286613464,0.09697051644325257,0.8285714285714287,0.5,0.08196213841438293,0.08196213841438293,0.08196213841438293,0.0,0.1515064816121913,0.0,1.0,1.0,1.0,1.0
2029,0,370,0.09783057123422623,0.10483884066343307,0.31658125668764114,0.11382265351712703,0.4285714285714286,0.5,0.06401029974222183,0.03565799612551927,0.06401029974222183,0.0023879781365394592,0.12030162374382064,0.6,0.75,0.75,0.35,0.35
2029,0,374,0.13493028283119202,0.14991752803325653,0.10149799287319183,0.10160791911184788,0.7058823529411765,0.5,0.1477142721414566,0.03324522599577904,0.1477142721414566,0.009587690234184265,0.25708569816870475,0.75,0.75,0.75,0.325,0.325
2029,0,378,0.303565114736557,0.2272264063358307,0.19852572679519653,0.07155744433403015,0.6470588235294118,0.5,0.06841674447059631,0.04021274596452713,0.06841674447059631,0.0008316338062286377,0.12806444396820318,0.4285714285714286,1.0,1.0,0.5375,0.5375
2029,0,382,0.15612056851387024,0.12153501063585281,0.24863072484731674,0.061257218942046165,0.6571428571428573,0.5,0.003275074064731598,0.014742804318666458,0.003275074064731598,0.020118944346904755,0.006528328380177686,0.6,0.5,0.5,0.375,0.375
2029,0,397,0.2164822667837143,0.24333666265010834,0.10472346842288971,0.09196424521505833,0.8285714285714287,0.5,0.14201830327510834,0.014245764166116715,0.14201830327510834,9.164214134216309e-05,0.24871174874347174,0.6923076923076923,0.5,0.5,0.2375,0.2375
2029,0,402,0.5309481024742126,0.5087488889694214,0.021334707736968994,0.14600818306207658,0.8285714285714287,0.5,0.04922613501548767,0.03830905109643936,0.04922613501548767,0.005420327186584473,0.09380923710207595,0.4285714285714286,0.75,0.75,0.5875,0.5875
2029,0,415,0.13460251688957214,0.12157080322504044,0.2351953312754631,0.08513835221529006,0.8285714285714287,0.5,0.14023318141698837,0.04816409796476364,0.14023318141698837,0.0042401328682899475,0.24584406440450365,0.4285714285714286,0.75,0.75,0.55,0.55
2029,0,422,0.11255905032157898,0.1309988796710968,0.08643996715545654,0.11483715921640396,0.8285714285714287,0.5,0.10810942947864532,0.030964456126093866,0.10810942947864532,0.001466408371925354,0.19509615087657692,0.6923076923076923,0.75,0.75,0.325,0.325
2029,0,427,0.09784712642431259,0.0941331535577774,0.30696581304073334,0.10123551934957505,0.7058823529411765,0.5,0.07132112979888916,0.01487007699906826,0.07132112979888916,0.003211177885532379,0.13311757808595842,0.7894736842105263,0.75,0.75,0.2375,0.2375
2029,0,433,0.06633596867322922,0.06795373558998108,0.24189725518226624,0.06204476859420538,0.8285714285714287,1.0,0.08947089314460754,0.03102372456341982,0.08947089314460754,0.0020807385444641113,0.1642183851507573,0.4285714285714286,1.0,1.0,0.5875,0.5875
2029,0,434,0.3041689693927765,0.26952770352363586,0.004934638738632202,0.10136627145111561,0.9411764705882354,1.0,0.0861005187034607,0.0861005187034607,0.0861005187034607,0.0,0.158549816008271,0.0,1.0,1.0,1.0,1.0
2029,0,437,0.10453120619058609,0.09790544211864471,0.06768210232257843,0.10670134071260691,0.7142857142857143,0.5,0.1249670535326004,0.008116713538765908,0.1249670535326004,0.0012167096138000488,0.22214009649491662,0.6923076923076923,0.75,0.75,0.2625,0.2625
2029,0,439,0.140254408121109,0.16615352034568787,0.2846221923828125,0.07158478125929832,0.8285714285714287,0.5,0.07287618517875671,0.03556197434663773,0.07287618517875671,0.03245954215526581,0.1355431173590711,0.7894736842105263,0.75,0.75,0.2625,0.2625
2029,0,440,0.1102658063173294,0.12801700830459595,0.25946688652038574,0.0642352756112814,0.7714285714285715,0.5,0.14532247185707092,0.06389460638165474,0.14532247185707092,0.0007358044385910034,0.2537432019276846,0.4285714285714286,0.75,0.75,0.5625,0.5625
2029,0,442,0.10332639515399933,0.10492999106645584,0.0797979012131691,0.07086103111505508,0.942857142857143,1.0,0.13102062791585922,0.021745437756180763,0.13102062791585922,0.006443023681640625,0.2315117399053267,0.6,0.75,0.75,0.3,0.3
2029,0,444,0.21398498117923737,0.21249385178089142,0.1291436403989792,0.10501251481473446,0.8285714285714287,0.5,0.11803202331066132,0.0566350057721138,0.11803202331066132,0.003999277949333191,0.21105300707187044,0.4285714285714286,0.75,0.75,0.4875,0.4875
2029,0,448,0.3317766487598419,0.39498284459114075,0.08473131060600281,0.08910142928361893,0.8285714285714287,0.5,0.0559501051902771,0.02851560264825821,0.0559501051902771,0.021845966577529907,0.10584586023550491,0.6,1.0,1.0,0.425,0.425
2029,0,456,0.7267069220542908,0.6703615188598633,0.3349001109600067,0.13105980455875396,0.7714285714285715,0.5,0.0016637444496154785,0.047497323155403136,0.0016637444496154785,0.012045145034790039,0.0033218947327606357,0.4285714285714286,0.75,0.75,0.6125,0.6125
2029,0,457,0.15393312275409698,0.1204739362001419,0.21504278481006622,0.07033134773373603,0.942857142857143,0.5,0.13150663673877716,0.03860832005739212,0.13150663673877716,0.0001884549856185913,0.2324400964787636,0.4285714285714286,0.75,0.75,0.5375,0.5375
2029,0,462,0.1260705143213272,0.11713383346796036,0.33931224793195724,0.10789967700839043,0.7058823529411765,0.5,0.09229256957769394,0.015599976852536201,0.09229256957769394,0.005663551390171051,0.16890744556045478,0.75,0.75,0.75,0.2375,0.2375
2029,0,463,0.10230899602174759,0.09778567403554916,0.0863477811217308,0.08195573091506958,0.7714285714285715,1.0,0.004894629120826721,0.03600430302321911,0.004894629120826721,0.12622245401144028,0.009734727337161188,0.6923076923076923,0.25,0.25,0.35,0.35
2029,0,466,0.25923797488212585,0.24016638100147247,0.02053256332874298,0.08497367054224014,0.9411764705882354,1.0,0.049890995025634766,0.023713814467191695,0.049890995025634766,0.04421411454677582,0.0948318685302046,0.6923076923076923,0.5,0.5,0.2375,0.2375
2029,0,468,0.10631785541772842,0.12152685225009918,0.29779283702373505,0.08277924470603466,0.823529411764706,0.5,0.10956135392189026,0.03881445750594139,0.10956135392189026,0.0009771659970283508,0.19746681485171616,0.4285714285714286,0.75,0.75,0.55,0.55
2029,0,472,0.2259650081396103,0.17732511460781097,0.3233958035707474,0.09597926810383797,0.5428571428571429,0.5,0.13192082941532135,0.03370040357112884,0.13192082941532135,0.010639667510986328,0.2328001933625711,0.6,0.5,0.5,0.4375,0.4375
2029,0,475,0.1257973313331604,0.11093311756849289,0.26509586721658707,0.05905435867607593,0.823529411764706,0.5,0.13169559091329575,0.04879764877259731,0.13169559091329575,0.009134478867053986,0.23249089768190484,0.4285714285714286,0.75,0.75,0.65,0.65
2029,0,477,0.21441008150577545,0.2343113273382187,0.05961163341999054,0.0849577434360981,1.0,1.0,0.07136188447475433,0.07136188447475433,0.07136188447475433,0.0,0.13321714260861575,0.0,1.0,1.0,1.0,1.0
2029,0,482,0.40349557995796204,0.3950980603694916,0.053307801485061646,0.12832748889923096,0.7714285714285715,0.5,0.09932154417037964,0.09932154417037964,0.09932154417037964,0.0,0.18069607513302072,0.0,1.0,1.0,1.0,1.0
2029,0,496,0.34319350123405457,0.32272499799728394,0.053875088691711426,0.09786744490265846,0.5428571428571429,0.5,0.07097750902175903,0.04887517392635345,0.07097750902175903,0.06964138150215149,0.131892848810869,0.6923076923076923,0.5,0.5,0.3625,0.3625
2029,0,499,0.44648414850234985,0.4176434576511383,0.03405636548995972,0.13467761725187302,0.8285714285714287,1.0,0.0016708672046661377,0.009039132297039032,0.0016708672046661377,0.005664736032485962,0.003336128425336287,0.5,1.0,1.0,0.5,0.5
2029,0,508,0.20468370616436005,0.15970487892627716,0.35251693427562714,0.105690498650074,0.5428571428571429,0.5,0.15703262388706207,0.05257764533162117,0.15703262388706207,0.009013563394546509,0.27110560396076033,0.4285714285714286,0.75,0.75,0.5125,0.5125
2029,0,514,0.23983927071094513,0.23478849232196808,0.06624352931976318,0.11472742520272732,0.823529411764706,0.5,0.09492658078670502,0.019059962034225462,0.09492658078670502,0.015908777713775635,0.1731508315206671,0.6,0.75,0.75,0.425,0.425
2029,0,518,0.12534748017787933,0.11110249161720276,0.2083216905593872,0.05462308563292027,0.9411764705882354,0.5,0.08444555103778839,0.05316354800015688,0.08444555103778839,0.0016598105430603027,0.1557194267876892,0.4285714285714286,0.75,0.75,0.6125,0.6125
2029,0,524,0.18730300664901733,0.15136946737766266,0.09479819238185883,0.07006784304976463,0.8823529411764706,1.0,0.12915728986263275,0.024316129088401795,0.12915728986263275,0.011742576956748962,0.22845707859879666,0.6363636363636364,0.75,0.75,0.325,0.325
2029,0,527,0.14468388259410858,0.1368871033191681,0.045641764998435974,0.08301948457956314,0.9411764705882354,1.0,0.05208423733711243,0.07657926641404629,0.05208423733711243,0.06335856020450592,0.09868107237097745,0.4285714285714286,0.75,0.75,0.625,0.625
2029,0,534,0.0474802628159523,0.056543633341789246,0.17810329794883728,0.036501805484294894,0.942857142857143,1.0,0.09973162412643433,0.09973162412643433,0.09973162412643433,0.0,0.1813744770787247,0.0,1.0,1.0,1.0,1.0
2029,0,536,0.11673645675182343,0.09635547548532486,0.2977759763598442,0.06842825207859278,0.5428571428571429,0.5,0.12602578848600388,0.12602578848600388,0.12602578848600388,0.0,0.22384174461128753,0.0,1.0,1.0,1.0,1.0
2029,0,557,0.27318352460861206,0.25583645701408386,0.014675647020339966,0.15457179956138134,0.942857142857143,1.0,0.13831385970115662,0.06592252030968666,0.13831385970115662,0.0007654130458831787,0.24299271450791743,0.4285714285714286,0.75,0.75,0.525,0.525
2029,0,560,0.3874313533306122,0.40083402395248413,0.05437996983528137,0.15259234830737115,0.3714285714285715,0.5,0.0015549659729003906,0.019757835566997527,0.0015549659729003906,0.0053730309009552,0.0031050775731370096,0.4285714285714286,0.75,0.75,0.6125,0.6125
2029,0,588,0.12245910614728928,0.13283945620059967,0.0768573135137558,0.08925035148859024,0.823529411764706,0.5,0.10186618566513062,0.036879553273320195,0.10186618566513062,0.001794472336769104,0.1848668380086795,0.4285714285714286,0.75,0.75,0.525,0.525
2029,0,595,0.12101010233163834,0.09748777002096176,0.3042035475373268,0.08360095750540494,0.5428571428571429,0.0,0.13688426464796066,0.044634769484400746,0.13688426464796066,6.970763206481934e-05,0.2408039586144941,0.4285714285714286,1.0,1.0,0.575,0.575
2029,0,597,0.12664656341075897,0.1247306615114212,0.10791237652301788,0.1062636137008667,0.7142857142857143,0.5,0.15061669051647186,0.03756890632212162,0.15061669051647186,0.0008363723754882812,0.2617729952458337,0.6363636363636364,0.75,0.75,0.4375,0.4375
2029,0,599,0.05289044976234436,0.059713397175073624,0.20198320969939232,0.0449069706723094,0.7647058823529412,0.5,0.09191062673926353,0.03334114886820316,0.09191062673926353,0.008122853934764862,0.16823229128578224,0.4285714285714286,0.75,0.75,0.5625,0.5625
2030,0,1,0.43022453784942627,0.46753647923469543,0.06590452790260315,0.16030747294425965,0.6571428571428573,0.5,0.0035115480422973633,0.016619212925434113,0.0035115480422973633,0.01656818389892578,0.006998107883444875,0.4285714285714286,0.75,0.75,0.55,0.55
2030,0,2,0.07702618092298508,0.07840929180383682,0.227389894425869,0.06762937344610691,1.0,1.0,0.11085154861211777,0.039531968906521796,0.11085154861211777,0.0024462491273880005,0.19953058355000983,0.6,0.75,0.75,0.4125,0.4125
2030,0,4,0.18450595438480377,0.17051029205322266,0.11189541220664978,0.09461277835071087,1.0,1.0,0.14267024397850037,0.14267024397850037,0.14267024397850037,0.0,0.24971376428208578,0.0,1.0,1.0,1.0,1.0
2030,0,13,0.5099973082542419,0.513012707233429,0.0037636160850524902,0.13324757665395737,0.942857142857143,0.5,0.020142793655395508,0.03802846521139145,0.020142793655395508,0.01574993133544922,0.0394776720985967,0.4285714285714286,0.75,0.75,0.5625,0.5625
2030,0,18,0.301337867975235,0.25163233280181885,0.05686086416244507,0.13388594798743725,0.7714285714285715,0.5,0.1562006175518036,0.05679779425263405,0.1562006175518036,0.00515177845954895,0.2700074945516317,0.4285714285714286,1.0,1.0,0.525,0.525
2030,0,19,0.14000752568244934,0.15860117971897125,0.01421549916267395,0.06844236068427563,0.8823529411764706,1.0,0.00020621716976165771,0.0489788830280304,0.00020621716976165771,0.14711959660053253,0.0004123346415088837,0.6,0.0,0.0,0.4,0.4
2030,0,23,0.18215878307819366,0.16570372879505157,0.12675096094608307,0.1526373118162155,0.823529411764706,0.5,0.10964696109294891,0.0653360303491354,0.10964696109294891,0.028404563665390015,0.19705569677867754,0.6,0.5,0.5,0.4,0.4
2030,0,26,0.1794063299894333,0.15552376210689545,0.29582999646663666,0.08166947178542613,0.6,0.5,0.13258062303066254,0.03380371779203415,0.13258062303066254,0.0162077397108078,0.23367065386613212,0.6363636363636364,0.75,0.75,0.375,0.375
2030,0,28,0.5071069002151489,0.44310376048088074,0.08303835988044739,0.12240937799215316,0.8285714285714287,0.5,0.09736278653144836,0.044684380292892456,0.09736278653144836,0.00012969970703125,0.17744663330980612,0.6,0.75,0.75,0.4875,0.4875
2030,0,36,0.17908816039562225,0.1399013102054596,0.24951454997062683,0.0978706855326891,0.6,0.5,0.03075006604194641,0.051841913163661955,0.03075006604194641,0.012058719992637634,0.05964369820870351,0.6,0.5,0.5,0.475,0.475
2030,0,46,0.06456189602613449,0.07321901619434357,0.25934429466724396,0.08590509593486786,0.7647058823529412,0.5,0.034849151968955994,0.038923734053969386,0.034849151968955994,0.04705830663442612,0.06723935546984008,0.6,0.5,0.5,0.4625,0.4625
2030,0,49,0.5346446633338928,0.49264782667160034,0.027038991451263428,0.1367605745792389,0.8857142857142858,1.0,0.05112582445144653,0.05112582445144653,0.05112582445144653,0.0,0.09727821971861016,0.0,1.0,1.0,1.0,1.0
2030,0,53,0.30426138639450073,0.2940947115421295,0.07587110996246338,0.13295365422964095,0.3714285714285715,0.5,0.1004815399646759,0.032689647376537324,0.1004815399646759,0.0004955828189849854,0.1826055003473872,0.6,1.0,1.0,0.35,0.35
2030,0,56,0.1973663568496704,0.18594716489315033,0.08175505697727203,0.07744635865092278,0.942857142857143,1.0,0.17293570935726166,0.036077439039945605,0.17293570935726166,0.0034536421298980713,0.294726111900537,0.6,0.75,0.75,0.4,0.4
2030,0,59,0.2367171049118042,0.2598026692867279,0.044777512550354004,0.1131814457476139,0.7714285714285715,1.0,0.05326172709465027,0.03765473514795303,0.05326172709465027,0.03924746811389923,0.10092824377094516,0.6,0.5,0.5,0.3375,0.3375
2030,0,67,0.04491553083062172,0.052301764488220215,0.19507171213626862,0.07197862882167101,0.8064516129032258,0.5,0.10736067593097687,0.10736067593097687,0.10736067593097687,0.0,0.1939037176676279,0.0,1.0,1.0,1.0,1.0
2030,0,69,0.08180410414934158,0.08124452084302902,0.088280089199543,0.06377167478203774,0.7058823529411765,0.5,0.10514620691537857,0.10514620691537857,0.10514620691537857,0.0,0.190284699449599,0.0,1.0,1.0,1.0,1.0
2030,0,73,0.14705704152584076,0.11911683529615402,0.2983923628926277,0.07202865332365035,0.6571428571428573,0.5,0.14799801260232925,0.020913967862725258,0.14799801260232925,0.00191604346036911,0.25777290971382205,0.6923076923076923,0.75,0.75,0.225,0.225
2030,0,74,0.22026662528514862,0.20262667536735535,0.01986818015575409,0.08246046043932438,0.9411764705882354,1.0,0.06388014554977417,0.04740327522158623,0.06388014554977417,0.04104843735694885,0.11978112314303238,0.6,0.75,0.75,0.3875,0.3875
2030,0,93,0.04786871001124382,0.0612056665122509,0.2162219174206257,0.05166171472519636,0.942857142857143,1.0,0.11480294540524483,0.04506838787347078,0.11480294540524483,0.0029181167483329773,0.20589890977426145,0.4285714285714286,0.75,0.75,0.5625,0.5625
2030,0,94,0.23263242840766907,0.23121383786201477,0.07065778970718384,0.07965530455112457,1.0,1.0,0.128519207239151,0.09063154458999634,0.128519207239151,0.011753574013710022,0.22745801526477158,0.4285714285714286,0.75,0.75,0.6,0.6
2030,0,101,0.1247902363538742,0.144623264670372,0.06806342303752899,0.07077879533171653,0.942857142857143,1.0,0.04214365780353546,0.027046484500169755,0.04214365780353546,0.014925047755241394,0.08082926320091759,0.6,0.5,0.5,0.3625,0.3625
2030,0,102,0.36647194623947144,0.33399760723114014,0.04770708084106445,0.07919552475214005,0.942857142857143,1.0,0.05228310823440552,0.028692626953125,0.05228310823440552,0.011440426111221313,0.09931369665270484,0.6,0.75,0.75,0.3375,0.3375
2030,0,113,0.11294589191675186,0.09187515079975128,0.2615780383348465,0.05848917327821255,0.6571428571428573,0.5,0.1370289921760559,0.030511658266186716,0.1370289921760559,0.007813483476638794,0.2408013658375254,0.4285714285714286,0.75,0.75,0.5125,0.5125
2030,0,130,0.21559257805347443,0.22534087300300598,0.01666949689388275,0.05638827234506607,1.0,1.0,0.126366525888443,0.06447888240218162,0.126366525888443,0.0008142292499542236,0.22435853925924434,0.4285714285714286,1.0,1.0,0.6125,0.6125
2030,0,131,0.12983708083629608,0.1181236132979393,0.26518670469522476,0.07334723509848118,0.7714285714285715,0.5,0.1273360624909401,0.04250508286058903,0.1273360624909401,0.001769430935382843,0.22586090695867378,0.4285714285714286,1.0,1.0,0.575,0.575
2030,0,134,0.47440600395202637,0.4335072338581085,0.07408502697944641,0.1820059597492218,0.5428571428571429,0.5,0.0640210211277008,0.09673957228660583,0.0640210211277008,0.0635414719581604,0.11984858912657818,0.4285714285714286,0.75,0.75,0.65,0.65
2030,0,147,0.2556111216545105,0.27449682354927063,0.07940354943275452,0.15683156624436378,0.942857142857143,1.0,0.0776953399181366,0.0776953399181366,0.0776953399181366,0.0,0.14418794818958475,0.0,1.0,1.0,1.0,1.0
2030,0,165,0.3519206941127777,0.3238491415977478,0.08030200004577637,0.14439207576215268,0.8285714285714287,0.5,0.1209765374660492,0.04210986793041229,0.1209765374660492,0.010469615459442139,0.2155951615733425,0.4285714285714286,1.0,1.0,0.575,0.575
2030,0,167,0.23200532793998718,0.2890101969242096,0.0824490487575531,0.11096697300672531,0.3714285714285715,0.5,0.1060011088848114,0.06458011940121651,0.1060011088848114,0.0022573769092559814,0.1916419932731298,0.4285714285714286,1.0,1.0,0.575,0.575
2030,0,176,0.2690110206604004,0.26301708817481995,0.07147291302680969,0.08192839771509171,0.9411764705882354,1.0,0.06397438049316406,0.052497632801532745,0.06397438049316406,0.009954571723937988,0.12018283225247789,0.6,0.75,0.75,0.4,0.4
2030,0,179,0.08794941008090973,0.09332258254289627,0.2614568695425987,0.07148089557886124,0.8285714285714287,0.5,0.027293212711811066,0.03034021481871605,0.027293212711811066,0.02887464314699173,0.05309422669487282,0.6923076923076923,0.5,0.5,0.325,0.325
2030,0,185,0.1891596019268036,0.19722768664360046,0.028896063566207886,0.0911069953814149,0.8285714285714287,0.5,0.14711901545524597,0.14711901545524597,0.14711901545524597,0.0,0.25650174650249397,0.0,1.0,1.0,1.0,1.0
2030,0,189,0.08998172730207443,0.10467193275690079,0.2836744412779808,0.07200329713523387,0.7058823529411765,0.5,0.11591979116201401,0.043079039081931114,0.11591979116201401,0.00893402099609375,0.20756212845751462,0.6,1.0,1.0,0.425,0.425
2030,0,194,0.11567318439483643,0.11799125373363495,0.32730962336063385,0.09223258718848229,0.7714285714285715,0.5,0.08164918422698975,0.03026779182255268,0.08164918422698975,0.001704283058643341,0.15095220287141947,0.6,0.75,0.75,0.275,0.275
2030,0,197,0.08893206715583801,0.09278815984725952,0.10174104571342468,0.08088246863335372,0.6571428571428573,0.5,0.12567657232284546,0.12567657232284546,0.12567657232284546,0.0,0.22329073094860727,0.0,1.0,1.0,1.0,1.0
2030,0,203,0.17797474563121796,0.20477963984012604,0.026784613728523254,0.1091948788613081,1.0,1.0,0.014988690614700317,0.08015394508838654,0.014988690614700317,0.041209638118743896,0.029515960651976297,0.4285714285714286,0.5,0.5,0.6125,0.6125
2030,0,205,0.0883866548538208,0.09692632406949997,0.2635793164372444,0.06003674864768982,0.9411764705882354,1.0,0.09611567109823227,0.09611567109823227,0.09611567109823227,0.0,0.17537505143399876,0.0,1.0,1.0,1.0,1.0
2030,0,207,0.19394032657146454,0.2352604866027832,0.02713596820831299,0.11024879664182663,1.0,1.0,0.05116194486618042,0.04179139286279678,0.05116194486618042,0.03732489049434662,0.09716025008987036,0.6,0.5,0.5,0.4375,0.4375
2030,0,208,0.3606002628803253,0.3636012673377991,0.1509062647819519,0.14961038082838057,-0.028571428571428574,0.5,0.07888421416282654,0.0382987305521965,0.07888421416282654,0.014957666397094727,0.14607078010519176,0.6,0.75,0.75,0.4125,0.4125
2030,0,212,0.6089693307876587,0.5975717902183533,0.03948104381561279,0.11296102106571197,0.942857142857143,1.0,0.0159761905670166,0.03930450081825256,0.0159761905670166,0.0019972920417785645,0.03144894133779118,0.4285714285714286,1.0,1.0,0.6,0.6
2030,0,222,0.3290075957775116,0.3033507168292999,0.04109811782836914,0.15625574737787246,0.4285714285714286,0.5,0.13023391366004944,0.13023391366004944,0.13023391366004944,0.0,0.23045479716373304,0.0,1.0,1.0,1.0,1.0
2030,0,229,0.17091161012649536,0.21715047955513,0.09896120429039001,0.11466317139565944,0.4285714285714286,0.5,0.10954689979553223,0.10954689979553223,0.10954689979553223,0.0,0.1974624052678072,0.0,1.0,1.0,1.0,1.0
2030,0,235,0.06800667196512222,0.06775087118148804,0.1945834457874298,0.06413150802254677,1.0,1.0,0.09128919243812561,0.044333177618682384,0.09128919243812561,0.0018481612205505371,0.16727931605617705,0.4285714285714286,0.75,0.75,0.5625,0.5625
2030,0,239,0.15074080228805542,0.15521663427352905,0.27137506008148193,0.06237377189099789,0.823529411764706,0.5,0.11071234941482544,0.02646613083779812,0.11071234941482544,0.00676533579826355,0.1992185165369059,0.6,0.5,0.5,0.4375,0.4375
2030,0,240,0.36174994707107544,0.39686429500579834,0.025692284107208252,0.11412163004279137,0.942857142857143,1.0,0.11396747827529907,0.05227621644735336,0.11396747827529907,0.00888708233833313,0.2044279137106641,0.4285714285714286,1.0,1.0,0.5375,0.5375
2030,0,245,0.3359985053539276,0.402095228433609,0.12253591418266296,0.11311042979359627,0.7142857142857143,0.5,0.01983809471130371,0.01983809471130371,0.01983809471130371,0.0,0.0389044002458439,0.0,1.0,1.0,1.0,1.0
2030,0,251,0.33429694175720215,0.3130020499229431,0.0142153799533844,0.08879980966448783,0.942857142857143,1.0,0.07863947749137878,0.022194452583789825,0.07863947749137878,0.007135480642318726,0.14573598838944077,0.4285714285714286,0.75,0.75,0.575,0.575
2030,0,254,0.19755883514881134,0.20583245158195496,0.046262502670288086,0.08502795994281769,0.8857142857142858,1.0,0.16189858317375183,0.056488920003175735,0.16189858317375183,0.009187281131744385,0.27831977545659164,0.4285714285714286,1.0,1.0,0.6,0.6
2030,0,256,0.03990187123417854,0.042745351791381836,0.20647335052490234,0.06570368316024541,0.6470588235294118,0.5,0.09946069121360779,0.09946069121360779,0.09946069121360779,0.0,0.18092632507638085,0.0,1.0,1.0,1.0,1.0
2030,0,260,0.07598460465669632,0.09721444547176361,0.3269389122724533,0.05134163610637188,0.2571428571428572,0.0,0.09361538290977478,0.09361538290977478,0.09361538290977478,0.0,0.17120348592883355,0.0,1.0,1.0,1.0,1.0
2030,0,263,0.0905609279870987,0.08766134828329086,0.1010926142334938,0.10104373916983604,0.7714285714285715,1.0,0.12580282241106033,0.011950992047786713,0.12580282241106033,0.0024728924036026,0.22342808148330048,0.6,0.75,0.75,0.3625,0.3625
2030,0,280,0.06950172781944275,0.08093147724866867,0.2576870992779732,0.07123805955052376,0.823529411764706,0.5,0.06790085881948471,0.038366970233619214,0.06790085881948471,0.002532385289669037,0.12714644626014246,0.4285714285714286,1.0,1.0,0.625,0.625
2030,0,281,0.3307199478149414,0.3649861514568329,0.07919621467590332,0.16954578161239625,0.6571428571428573,0.5,0.041607797145843506,0.03630346655845642,0.041607797145843506,0.06373077630996704,0.07967484479774789,0.6923076923076923,0.25,0.25,0.325,0.325
2030,0,283,0.09647072851657867,0.10316986590623856,0.07407388836145401,0.07697774581611157,1.0,1.0,0.0021768733859062195,0.02421615794301033,0.0021768733859062195,0.12013290077447891,0.0043430017797589544,0.75,0.0,0.0,0.2625,0.2625
2030,0,286,0.11538630723953247,0.12105719745159149,0.1961485892534256,0.0768332190811634,1.0,1.0,0.11458013951778412,0.060950249806046485,0.11458013951778412,0.015195593237876892,0.20527671906314657,0.4285714285714286,0.5,0.5,0.55,0.55
2030,0,287,0.05839262530207634,0.06991486251354218,0.2745906859636307,0.0613894447684288,0.7142857142857143,0.5,0.09330281615257263,0.09330281615257263,0.09330281615257263,0.0,0.17068064725363705,0.0,1.0,1.0,1.0,1.0
2030,0,295,0.10070089995861053,0.11698352545499802,0.11376602202653885,0.06902033239603042,0.8857142857142858,1.0,0.01849634200334549,0.058570921048522,0.01849634200334549,0.01975145936012268,0.03630759480433272,0.4285714285714286,0.75,0.75,0.625,0.625
2030,0,296,0.09332071989774704,0.09203650802373886,0.25687579065561295,0.078128906711936,0.823529411764706,0.5,0.027877576649188995,0.04574710763990879,0.027877576649188995,0.03734521567821503,0.05418597835679487,0.4285714285714286,0.5,0.5,0.6,0.6
2030,0,300,0.13908319175243378,0.1326373666524887,0.054042041301727295,0.053422894328832626,0.9411764705882354,1.0,0.16339395940303802,0.16339395940303802,0.16339395940303802,0.0,0.28089188203603693,0.0,1.0,1.0,1.0,1.0
2030,0,301,0.1261087954044342,0.11295738816261292,0.10196293890476227,0.04777889046818018,0.8857142857142858,1.0,0.15289029479026794,0.07090754546225071,0.15289029479026794,0.0021035373210906982,0.2651554397179105,0.4285714285714286,1.0,1.0,0.6125,0.6125
2030,0,307,0.18287397921085358,0.18776355683803558,0.1120612770318985,0.11860284097492695,1.0,1.0,0.1290198713541031,0.09132922366261483,0.1290198713541031,0.00493989884853363,0.22842240655528961,0.4285714285714286,1.0,1.0,0.6625,0.6625
2030,0,308,0.13017034530639648,0.13900086283683777,0.07512088119983673,0.08140138350427151,0.942857142857143,1.0,0.16305243968963623,0.05461517870426178,0.16305243968963623,0.004770189523696899,0.2801988006408067,0.6,0.75,0.75,0.3875,0.3875
2030,0,312,0.19191429018974304,0.2045905739068985,0.1608397513628006,0.05025840476155281,0.823529411764706,0.5,0.08736340701580048,0.012305485457181931,0.08736340701580048,0.018200546503067017,0.1604495412843074,0.6,0.5,0.5,0.4,0.4
2030,0,318,0.13890956342220306,0.15473692119121552,0.09735055267810822,0.06313312612473965,1.0,1.0,0.1010945588350296,0.05495694801211357,0.1010945588350296,0.013169631361961365,0.1834008546788111,0.6,0.5,0.5,0.425,0.425
2030,0,319,0.08579376339912415,0.09942822903394699,0.12367764860391617,0.06607924476265907,0.823529411764706,0.5,0.05986138433218002,0.05735495798289776,0.05986138433218002,0.040272779762744904,0.11269368788000153,0.4285714285714286,0.5,0.5,0.65,0.65
2030,0,320,0.09446161985397339,0.09148342907428741,0.08088794350624084,0.0712957140058279,0.7714285714285715,1.0,0.17243091762065887,0.03087170273065567,0.17243091762065887,0.0046605393290519714,0.2939401439495767,0.75,0.75,0.75,0.2875,0.2875
2030,0,322,0.1528148651123047,0.13753058016300201,0.04305709898471832,0.07013447247445584,0.942857142857143,1.0,0.15214572846889496,0.15214572846889496,0.15214572846889496,0.0,0.2641084798727395,0.0,1.0,1.0,1.0,1.0
2030,0,330,0.27835994958877563,0.2987736165523529,0.01851525902748108,0.10660516694188119,0.8285714285714287,1.0,0.06264284253120422,0.0236220046877861,0.06264284253120422,0.01491999626159668,0.11779491451300027,0.6,0.5,0.5,0.4375,0.4375
2030,0,332,0.10665396600961685,0.1075916662812233,0.25824352353811264,0.06386502869427205,1.0,1.0,0.08755988627672195,0.061921768449246885,0.08755988627672195,0.00916946679353714,0.1609009264912418,0.4285714285714286,0.75,0.75,0.5625,0.5625
2030,0,339,0.4237053394317627,0.3569160997867584,0.0024956464767456055,0.1256409302353859,0.942857142857143,1.0,0.06709295511245728,0.026088760793209077,0.06709295511245728,0.002057969570159912,0.12573273321790734,0.4285714285714286,1.0,1.0,0.525,0.525
2030,0,352,0.039884068071842194,0.05981217697262764,0.2123097889125347,0.049924451112747195,0.9354838709677421,0.5,0.09987009689211845,0.053261146694421765,0.09987009689211845,0.003915891051292419,0.18153863718618735,0.4285714285714286,0.75,0.75,0.5625,0.5625
2030,0,354,0.11195700615644455,0.15924814343452454,0.03296127915382385,0.09117315784096718,0.942857142857143,1.0,0.12801635265350342,0.12801635265350342,0.12801635265350342,0.0,0.22697605819696237,0.0,1.0,1.0,1.0,1.0
2030,0,367,0.09199265390634537,0.09258771687746048,0.282725028693676,0.07249955832958221,0.5294117647058824,0.0,0.028812788426876068,0.024080067127943038,0.028812788426876068,0.034961193799972534,0.05595495161871676,0.6,0.25,0.25,0.325,0.325
2030,0,374,0.317534863948822,0.37135303020477295,0.004602909088134766,0.09307451248168945,0.3714285714285715,0.5,0.013758599758148193,0.019003772735595705,0.013758599758148193,0.00806012749671936,0.027140746588254737,0.6,1.0,1.0,0.45,0.45
2030,0,385,0.2857603430747986,0.3142510652542114,0.013789236545562744,0.08945090770721435,0.7714285714285715,1.0,0.07273560762405396,0.07273560762405396,0.07273560762405396,0.0,0.13560770632971203,0.0,1.0,1.0,1.0,1.0
2030,0,387,0.09651675820350647,0.10202755033969879,0.033386871218681335,0.0861512467265129,0.9411764705882354,1.0,0.1346798688173294,0.1346798688173294,0.1346798688173294,0.0,0.2373883110444279,0.0,1.0,1.0,1.0,1.0
2030,0,393,0.20843447744846344,0.19979481399059296,0.034239500761032104,0.10233697108924389,0.8857142857142858,1.0,0.16834352910518646,0.0686289444565773,0.16834352910518646,0.00019766390323638916,0.2881665015987388,0.6,0.75,0.75,0.4625,0.4625
2030,0,397,0.17209036648273468,0.18982142210006714,0.2665157914161682,0.09444943889975548,0.8285714285714287,0.5,0.11691516637802124,0.033403967320919034,0.11691516637802124,0.012714684009552002,0.2090718648012367,0.6923076923076923,0.75,0.75,0.2625,0.2625
2030,0,410,0.25609084963798523,0.27442678809165955,0.015999048948287964,0.11404801979660988,1.0,1.0,0.08920875191688538,0.03189578726887703,0.08920875191688538,0.005452990531921387,0.1637311663726469,0.6,0.75,0.75,0.325,0.325
2030,0,412,0.7255874872207642,0.6601555943489075,0.38015952706336975,0.1867952302098274,1.0,1.0,0.02417522668838501,0.01787562370300293,0.02417522668838501,0.004830658435821533,0.04720375263663325,0.6,0.75,0.75,0.375,0.375
2030,0,413,0.16590531170368195,0.18787068128585815,0.028989404439926147,0.08153563998639583,1.0,1.0,0.1421351134777069,0.1421351134777069,0.1421351134777069,0.0,0.24889369357521504,0.0,1.0,1.0,1.0,1.0
2030,0,416,0.30650874972343445,0.29972124099731445,0.027728110551834106,0.11509984284639359,0.8857142857142858,1.0,0.07579278945922852,0.03741125911474228,0.07579278945922852,0.007823318243026733,0.1408276928761359,0.6,0.75,0.75,0.325,0.325
2030,0,421,0.20717281103134155,0.1950630396604538,0.08924607932567596,0.07992948219180107,0.9411764705882354,1.0,0.10362069308757782,0.03862690106034279,0.10362069308757782,0.0003618896007537842,0.1877767818556339,0.6,1.0,1.0,0.3875,0.3875
2030,0,422,0.09083162993192673,0.10388349741697311,0.1039857342839241,0.07767148353159428,0.8857142857142858,1.0,0.14547299593687057,0.07567123286426067,0.14547299593687057,0.0015598833560943604,0.25394599193650047,0.4285714285714286,0.75,0.75,0.5375,0.5375
2030,0,427,0.210818812251091,0.18878622353076935,0.302639976143837,0.10373023897409439,0.6571428571428573,0.5,0.06722648441791534,0.022074785828590394,0.06722648441791534,0.0010520368814468384,0.12597518132622593,0.6,0.75,0.75,0.4625,0.4625
2030,0,429,0.18083637952804565,0.21858489513397217,0.0410270094871521,0.11733717024326325,0.8857142857142858,1.0,0.15064620971679688,0.05517336279153824,0.15064620971679688,0.0026274919509887695,0.2617559900168276,0.4285714285714286,0.75,0.75,0.6,0.6
2030,0,430,0.09973927587270737,0.10045184940099716,0.24840239435434341,0.09309680946171284,0.8285714285714287,0.5,0.1600305214524269,0.02746943533420563,0.1600305214524269,0.0021117478609085083,0.2758269076953489,0.6,0.75,0.75,0.425,0.425
2030,0,436,0.08481929451227188,0.08932565897703171,0.21292678266763687,0.08021511062979698,1.0,1.0,0.11719916015863419,0.032143023982644084,0.11719916015863419,0.005628600716590881,0.20968438196182318,0.6,1.0,1.0,0.4125,0.4125
2030,0,444,0.14540773630142212,0.12004627287387848,0.23486392199993134,0.07989454679191113,1.0,1.0,0.010213248431682587,0.02812585309147835,0.010213248431682587,0.026599004864692688,0.02021440061890862,0.6,0.5,0.5,0.375,0.375
2030,0,447,0.07297175377607346,0.07525504380464554,0.05759475380182266,0.08190897107124329,0.8823529411764706,1.0,0.1374777927994728,0.05923010502010584,0.1374777927994728,0.0018727034330368042,0.24166911358505333,0.4285714285714286,0.75,0.75,0.6375,0.6375
2030,0,448,0.13489632308483124,0.11931222677230835,0.2965025007724762,0.0816038902848959,0.6571428571428573,0.5,0.11267995834350586,0.11267995834350586,0.11267995834350586,0.0,0.2025379490276024,0.0,1.0,1.0,1.0,1.0
2030,0,456,0.2695641815662384,0.23551492393016815,0.15569086372852325,0.14451348967850208,0.2571428571428572,0.5,0.10997335612773895,0.04678101688623428,0.10997335612773895,0.012508690357208252,0.19790656930562323,0.6,0.75,0.75,0.425,0.425
2030,0,462,0.12595602869987488,0.1186842992901802,0.278467558324337,0.0726020272821188,0.7714285714285715,0.5,0.10372019559144974,0.06108689494431019,0.10372019559144974,0.008498162031173706,0.1877952806137529,0.4285714285714286,0.75,0.75,0.5875,0.5875
2030,0,467,0.1148461252450943,0.09575699269771576,0.24989353120326996,0.09058646187186241,0.8857142857142858,0.5,0.12185932695865631,0.041917622089385986,0.12185932695865631,0.0014206916093826294,0.2172117215457997,0.6,0.75,0.75,0.4,0.4
2030,0,472,0.18643510341644287,0.21020017564296722,0.10653512179851532,0.07970759570598603,0.942857142857143,0.5,0.10419212281703949,0.07346430867910385,0.10419212281703949,0.001200839877128601,0.18869959603615016,0.4285714285714286,0.75,0.75,0.5875,0.5875
2030,0,473,0.1749105155467987,0.1861419379711151,0.08279219269752502,0.11439400091767311,0.942857142857143,1.0,0.13808166980743408,0.0658891350030899,0.13808166980743408,0.004236891865730286,0.24253166814142144,0.5,0.75,0.75,0.525,0.525
2030,0,479,0.09904415905475616,0.10784786194562912,0.1747220829129219,0.08831571377813816,0.2,0.5,0.1517452672123909,0.0660230852663517,0.1517452672123909,0.002952888607978821,0.2634021310714564,0.4285714285714286,1.0,1.0,0.6,0.6
2030,0,496,0.08256612718105316,0.09363040328025818,0.099443718791008,0.0431477265432477,0.9411764705882354,0.5,0.15430274605751038,0.043421853333711624,0.15430274605751038,0.0033373460173606873,0.2672326803171023,0.4285714285714286,0.75,0.75,0.5125,0.5125
2030,0,500,0.3149823844432831,0.36652398109436035,0.012237250804901123,0.16354784294962882,1.0,1.0,0.0725398063659668,0.027801968157291412,0.0725398063659668,0.015555262565612793,0.13512294205311265,0.6923076923076923,0.75,0.75,0.4,0.4
2030,0,504,0.07930171489715576,0.08312234282493591,0.26868534088134766,0.07275551930069923,0.823529411764706,0.5,0.1024358868598938,0.02434854581952095,0.1024358868598938,0.00666411966085434,0.1857197728545071,0.5,0.75,0.75,0.5375,0.5375
2030,0,510,0.09873916208744049,0.10313825309276581,0.16424350440502167,0.10590152032673358,0.6,0.5,0.13118113577365875,0.031936658546328545,0.13118113577365875,0.004261307418346405,0.2318215179819426,0.7647058823529411,0.5,0.5,0.325,0.325
2030,0,525,0.2959674596786499,0.3284257650375366,0.030684202909469604,0.09912520349025726,0.7714285714285715,1.0,0.014036118984222412,0.02556471824645996,0.014036118984222412,0.001997023820877075,0.027682899973340096,0.75,0.5,0.5,0.3125,0.3125
2030,0,532,0.10985149443149567,0.09155511111021042,0.0876280888915062,0.04652381651103497,0.9411764705882354,1.0,0.09253325313329697,0.09253325313329697,0.09253325313329697,0.0,0.1693921038429157,0.0,1.0,1.0,1.0,1.0
2030,0,536,0.0920533612370491,0.07737860083580017,0.1934126317501068,0.042618685588240626,1.0,1.0,0.12989294528961182,0.0075482182204723355,0.12989294528961182,0.00922536849975586,0.2296749503049626,0.75,0.75,0.75,0.2375,0.2375
2030,0,540,0.1840183585882187,0.16820727288722992,0.3158567100763321,0.1021256286650896,0.6571428571428573,0.5,0.006142571568489075,0.049897632002830504,0.006142571568489075,0.002124503254890442,0.012209982765537053,0.4285714285714286,0.75,0.75,0.5875,0.5875
2030,0,552,0.12472561746835709,0.12444528937339783,0.11303319036960602,0.08980461359024047,0.942857142857143,1.0,0.11333803832530975,0.054226714000105855,0.11333803832530975,0.002478763461112976,0.20354891514224618,0.4285714285714286,0.75,0.75,0.55,0.55
2030,0,557,0.17338116466999054,0.14260151982307434,0.06576065719127655,0.11273743901401759,0.8285714285714287,0.5,0.1487177610397339,0.0585490882396698,0.1487177610397339,0.004959329962730408,0.25876131982183675,0.4285714285714286,1.0,1.0,0.525,0.525
2030,0,558,0.19026382267475128,0.18855556845664978,0.024611249566078186,0.09373265355825425,1.0,1.0,0.09580463171005249,0.09580463171005249,0.09580463171005249,0.0,0.1748571395624511,0.0,1.0,1.0,1.0,1.0
2030,0,560,0.2587924301624298,0.2388632595539093,0.06802085041999817,0.13066689521074296,0.7714285714285715,0.5,0.13006886839866638,0.08336502984166146,0.13006886839866638,0.0028895139694213867,0.230119602664498,0.6,0.75,0.75,0.4625,0.4625
2030,0,562,0.2149636596441269,0.21959877014160156,0.0344274640083313,0.08978553712368012,0.7142857142857143,1.0,0.1299019157886505,0.1299019157886505,0.1299019157886505,0.0,0.2299348535894488,0.0,1.0,1.0,1.0,1.0
2030,0,564,0.0877704843878746,0.09353017807006836,0.060517385601997375,0.0748837785795331,0.8823529411764706,1.0,0.04734387993812561,0.0695107813924551,0.04734387993812561,0.021314479410648346,0.090318600539407,0.4285714285714286,0.5,0.5,0.6,0.6
2030,0,566,0.22373583912849426,0.16765910387039185,0.13056182861328125,0.12314891628921032,0.8857142857142858,1.0,0.1177789568901062,0.04064376801252365,0.1177789568901062,0.002928897738456726,0.2106722664732062,0.6923076923076923,1.0,1.0,0.3375,0.3375
2030,0,568,0.1626530885696411,0.19342821836471558,0.05786430835723877,0.08313545621931553,0.9411764705882354,1.0,0.1332053244113922,0.06311219558119774,0.1332053244113922,0.0034766793251037598,0.23499840035281844,0.6,0.75,0.75,0.45,0.45
2030,0,572,0.16923996806144714,0.14062608778476715,0.08040657639503479,0.0916753850877285,1.0,1.0,0.14398829638957977,0.14398829638957977,0.14398829638957977,0.0,0.251730366200434,0.0,1.0,1.0,1.0,1.0
2030,0,574,0.499958336353302,0.557054877281189,0.031832993030548096,0.16924027651548385,1.0,1.0,0.013624727725982666,0.016330721974372863,0.013624727725982666,0.0067133307456970215,0.026880737397598536,0.4285714285714286,0.75,0.75,0.55,0.55
2030,0,577,0.23879513144493103,0.15157689154148102,0.07017002999782562,0.07853255271911622,0.9411764705882354,1.0,0.03455454111099243,0.033179615437984464,0.03455454111099243,0.01751042902469635,0.06676106939303894,0.6,0.75,0.75,0.5,0.5
2030,0,579,0.0973726361989975,0.09667173027992249,0.10895219445228577,0.07519071269780397,0.8285714285714287,0.5,0.14472495019435883,0.04088583178818226,0.14472495019435883,0.0005305483937263489,0.2528384448951446,0.6923076923076923,1.0,1.0,0.4125,0.4125
2030,0,580,0.5048296451568604,0.4959753751754761,0.004711270332336426,0.13887684494256974,0.7714285714285715,0.5,0.003953456878662109,0.003953456878662109,0.003953456878662109,0.0,0.007875777211731688,0.0,1.0,1.0,1.0,1.0
2030,0,596,0.12544044852256775,0.13387158513069153,0.08434371650218964,0.09605656117200852,0.9411764705882354,1.0,0.12136158347129822,0.044778990745544436,0.12136158347129822,0.004855826497077942,0.2163397222524837,0.4285714285714286,0.75,0.75,0.4875,0.4875
2031,0,1,0.17005877196788788,0.16073468327522278,0.05450516939163208,0.06454397439956665,1.0,1.0,0.19960108399391174,0.0810498647391796,0.19960108399391174,0.0005808919668197632,0.3327469189495414,0.4285714285714286,0.75,0.75,0.5875,0.5875
2031,0,9,0.06079881638288498,0.08620508015155792,0.1897146850824356,0.04497278369963169,0.9411764705882354,0.5,0.14517255127429962,0.012294918671250344,0.14517255127429962,0.005573645234107971,0.2533582828319684,0.6,0.75,0.75,0.4125,0.4125
2031,0,11,0.2937696874141693,0.28232041001319885,0.05375431478023529,0.08727130889892579,0.5428571428571429,0.5,0.1396077275276184,0.03755398541688919,0.1396077275276184,0.005089610815048218,0.24485669551087316,0.6,0.75,0.75,0.375,0.375
2031,0,16,0.13681413233280182,0.13202399015426636,0.1924719214439392,0.02275921553373337,0.9411764705882354,0.5,0.0004968196153640747,0.003191186860203743,0.0004968196153640747,0.0096091628074646,0.000993141031505433,0.7894736842105263,0.5,0.5,0.2,0.2
2031,0,22,0.24937741458415985,0.2688886225223541,0.20845630764961243,0.07940417379140854,0.823529411764706,0.5,0.03680041432380676,0.02769034877419472,0.03680041432380676,0.014126956462860107,0.07095233809768477,0.6,0.5,0.5,0.375,0.375
2031,0,28,0.06915615499019623,0.08429494500160217,0.2182527780532837,0.04576033540070057,0.6,0.5,0.17784863710403442,0.17784863710403442,0.17784863710403442,0.0,0.3019889508745525,0.0,1.0,1.0,1.0,1.0
2031,0,29,0.2037539780139923,0.16880272328853607,0.03851710259914398,0.09398409277200699,0.8823529411764706,1.0,0.19336096942424774,0.035893169790506364,0.19336096942424774,0.007796064019203186,0.3236491128459221,0.6,0.75,0.75,0.4375,0.4375
2031,0,33,0.10850545763969421,0.1025155782699585,0.10205946862697601,0.05404310077428818,0.823529411764706,0.5,0.17409318685531616,0.07359414771199227,0.17409318685531616,0.004109516739845276,0.29637635535978,0.4285714285714286,1.0,1.0,0.575,0.575
2031,0,36,0.13154028356075287,0.12050866335630417,0.031279973685741425,0.03992021344602108,0.9411764705882354,1.0,0.22043243795633316,0.22043243795633316,0.22043243795633316,0.0,0.3612366094192921,0.0,1.0,1.0,1.0,1.0
2031,0,37,0.33634060621261597,0.34307733178138733,0.06427085399627686,0.12345247268676758,0.8857142857142858,1.0,0.13888537883758545,0.07420523315668107,0.13888537883758545,0.01403510570526123,0.24347437367528804,0.4285714285714286,0.75,0.75,0.6125,0.6125
2031,0,40,0.15753968060016632,0.2031531035900116,0.0013247430324554443,0.06499161906540393,1.0,1.0,0.20005729794502258,0.08058839589357376,0.20005729794502258,0.0006420165300369263,0.3333772062949296,0.5,0.75,0.75,0.575,0.575
2031,0,46,0.2271410971879959,0.21088655292987823,0.036422550678253174,0.08945649862289429,1.0,1.0,0.21967895328998566,0.10569574683904648,0.21967895328998566,0.004864931106567383,0.3599073213260297,0.4285714285714286,0.75,0.75,0.65,0.65
2031,0,53,0.13370172679424286,0.1335040032863617,0.058120474219322205,0.07033592723309993,0.7714285714285715,1.0,0.19115319848060608,0.19115319848060608,0.19115319848060608,0.0,0.3209548506849237,0.0,1.0,1.0,1.0,1.0
2031,0,66,0.27383342385292053,0.24153479933738708,0.08741840720176697,0.1337982252240181,0.5428571428571429,0.5,0.2089918553829193,0.2089918553829193,0.2089918553829193,0.0,0.34572913697044905,0.0,1.0,1.0,1.0,1.0
2031,0,70,0.08997959643602371,0.10848472267389297,0.17440634220838547,0.04576663598418236,0.8285714285714287,0.5,0.18159907311201096,0.10648853182792664,0.18159907311201096,0.0020212382078170776,0.30728284775146286,0.4285714285714286,0.75,0.75,0.6,0.6
2031,0,82,0.35142478346824646,0.3702293038368225,0.07027319073677063,0.1547153800725937,0.4285714285714286,0.5,0.15803581476211548,0.058268338441848755,0.15803581476211548,0.00027829408645629883,0.27292732978701095,0.4285714285714286,0.75,0.75,0.575,0.575
2031,0,84,0.17807362973690033,0.16179168224334717,0.09941157698631287,0.08773953504860402,0.9411764705882354,1.0,0.021753013134002686,0.025742930173873902,0.021753013134002686,0.055367738008499146,0.04252671999629787,0.6923076923076923,0.25,0.25,0.35,0.35
2031,0,85,0.15739956498146057,0.15187911689281464,0.06132477521896362,0.06748945340514183,0.942857142857143,1.0,0.21346254646778107,0.21346254646778107,0.21346254646778107,0.0,0.35182387307979224,0.0,1.0,1.0,1.0,1.0
2031,0,86,0.09254257380962372,0.10800598561763763,0.056773439049720764,0.1044461414217949,0.942857142857143,1.0,0.20047645270824432,0.20047645270824432,0.20047645270824432,0.0,0.3339948105703774,0.0,1.0,1.0,1.0,1.0
2031,0,88,0.12073744088411331,0.11737705767154694,0.24846769869327545,0.05816689506173134,0.823529411764706,0.5,0.18490223586559296,0.05942202135920525,0.18490223586559296,0.004787012934684753,0.3118629484565607,0.4285714285714286,0.75,0.75,0.5375,0.5375
2031,0,92,0.3883807361125946,0.3753083646297455,0.04642215371131897,0.11560641080141068,0.942857142857143,1.0,0.055959999561309814,0.055959999561309814,0.055959999561309814,0.0,0.10598886242766382,0.0,1.0,1.0,1.0,1.0
2031,0,96,0.12582814693450928,0.1418549120426178,0.06150677800178528,0.06611264236271382,0.9411764705882354,1.0,0.1718052327632904,0.1718052327632904,0.1718052327632904,0.0,0.2932317213811176,0.0,1.0,1.0,1.0,1.0
2031,0,106,0.4592948853969574,0.4256896674633026,0.07420045137405396,0.14764159247279168,0.8285714285714287,0.5,0.05791214108467102,0.05791214108467102,0.05791214108467102,0.0,0.10948383865846183,0.0,1.0,1.0,1.0,1.0
2031,0,116,0.09905076771974564,0.09797093272209167,0.21160098910331726,0.06123597323894501,0.6571428571428573,0.5,0.012275218963623047,0.06235918700695038,0.012275218963623047,0.0076891034841537476,0.02425045169752805,0.4285714285714286,0.75,0.75,0.5375,0.5375
2031,0,117,0.41858547925949097,0.4427351951599121,0.05484989285469055,0.1833132155239582,0.8285714285714287,0.5,0.042562127113342285,0.04481394737958908,0.042562127113342285,0.013632416725158691,0.08160305225122821,0.4285714285714286,0.75,0.75,0.5625,0.5625
2031,0,121,0.1800817996263504,0.19458597898483276,0.0758371651172638,0.09850580766797065,1.0,1.0,0.12825459241867065,0.025734858214855195,0.12825459241867065,0.0025780946016311646,0.22728366487955878,0.7647058823529411,0.75,0.75,0.275,0.275
2031,0,135,0.3240951597690582,0.31651338934898376,0.14836066961288452,0.1354980356991291,0.14285714285714288,0.5,0.029385298490524292,0.07023945748806,0.029385298490524292,0.051152169704437256,0.0570051777942158,0.4285714285714286,0.5,0.5,0.5625,0.5625
2031,0,141,0.539900541305542,0.560345470905304,0.005047261714935303,0.15464316233992575,0.8285714285714287,1.0,0.10862171649932861,0.03619353771209717,0.10862171649932861,0.0026711225509643555,0.19590671622338435,0.4285714285714286,0.75,0.75,0.55,0.55
2031,0,154,0.11115135252475739,0.1178743988275528,0.03886091709136963,0.08849955201148987,0.9411764705882354,1.0,0.19896836578845978,0.06087655611336231,0.19896836578845978,0.0007023364305496216,0.33186056883074916,0.4285714285714286,0.75,0.75,0.5375,0.5375
2031,0,156,0.12905411422252655,0.14213375747203827,0.1190788596868515,0.05958123542368412,0.9411764705882354,1.0,0.14315973222255707,0.03230835534632206,0.14315973222255707,0.0026424378156661987,0.25038014282230225,0.6923076923076923,1.0,1.0,0.3125,0.3125
2031,0,162,0.21646396815776825,0.19756685197353363,0.040755465626716614,0.06425846740603447,0.942857142857143,1.0,0.17417190968990326,0.06008785143494606,0.17417190968990326,0.0052601248025894165,0.29643938224907423,0.4285714285714286,0.75,0.75,0.6,0.6
2031,0,163,0.1019512489438057,0.11681093275547028,0.090590700507164,0.04510666355490685,0.9411764705882354,0.5,0.1956525593996048,0.014507709071040154,0.1956525593996048,0.0022932663559913635,0.3271502172154887,0.6923076923076923,0.75,0.75,0.2,0.2
2031,0,166,0.5078532695770264,0.47384366393089294,0.10302194952964783,0.181844462454319,-0.08571428571428573,0.5,0.08729681372642517,0.06182106882333756,0.08729681372642517,0.014804989099502563,0.16038236073398818,0.4285714285714286,1.0,1.0,0.6375,0.6375
2031,0,167,0.2825014293193817,0.3714526891708374,0.03677293658256531,0.10931634455919266,0.6,1.0,0.022419869899749756,0.05766047388315201,0.022419869899749756,0.07467657327651978,0.043779008337483105,0.4285714285714286,0.5,0.5,0.6,0.6
2031,0,168,0.056345224380493164,0.07922649383544922,0.2238537073135376,0.04872227013111115,0.4705882352941177,0.0,0.1485557109117508,0.01928352899849415,0.1485557109117508,0.007327467203140259,0.2584358994358336,0.6923076923076923,0.75,0.75,0.375,0.375
2031,0,172,0.18961673974990845,0.1890174150466919,0.046154484152793884,0.10904695019125939,0.9411764705882354,1.0,0.20055684447288513,0.20055684447288513,0.20055684447288513,0.0,0.33410636971703134,0.0,1.0,1.0,1.0,1.0
2031,0,174,0.38515692949295044,0.40551435947418213,0.05978098511695862,0.1539445102214813,0.6,0.5,0.11130118370056152,0.07522819787263871,0.11130118370056152,0.01716470718383789,0.19995811093215998,0.4285714285714286,0.75,0.75,0.5375,0.5375
2031,0,181,0.08502070605754852,0.10764534771442413,0.21980087459087372,0.04472877383232117,0.942857142857143,0.5,0.15935330092906952,0.03944325223565102,0.15935330092906952,0.00013183802366256714,0.27489534520085485,0.4285714285714286,0.75,0.75,0.575,0.575
2031,0,187,0.22971224784851074,0.24844540655612946,0.061069056391716,0.1228192277252674,1.0,1.0,0.01612454652786255,0.03832057416439057,0.01612454652786255,0.013740524649620056,0.03173032780198129,0.6923076923076923,0.75,0.75,0.4125,0.4125
2031,0,190,0.4111950397491455,0.4392658770084381,0.006038576364517212,0.13455105796456338,0.6571428571428573,1.0,0.060601115226745605,0.030000670254230498,0.060601115226745605,0.006624042987823486,0.11423339732902114,0.4285714285714286,0.75,0.75,0.4875,0.4875
2031,0,193,0.16058331727981567,0.1530289351940155,0.09473532438278198,0.07058264017105102,0.7142857142857143,0.5,0.2072552740573883,0.2072552740573883,0.2072552740573883,0.0,0.34334954422826763,0.0,1.0,1.0,1.0,1.0
2031,0,203,0.11579835414886475,0.12502937018871307,0.03619794547557831,0.06612497828900814,0.942857142857143,1.0,0.20968858897686005,0.20968858897686005,0.20968858897686005,0.0,0.3466819326686583,0.0,1.0,1.0,1.0,1.0
2031,0,207,0.355292946100235,0.3517824709415436,0.0024892687797546387,0.1532479077577591,0.6,1.0,0.07621639966964722,0.05693482905626297,0.07621639966964722,0.036275893449783325,0.14126112260613471,0.4285714285714286,0.75,0.75,0.5625,0.5625
2031,0,216,0.5854957103729248,0.5900707840919495,0.026011765003204346,0.17089184299111365,0.6571428571428573,0.5,0.004587829113006592,0.004587829113006592,0.004587829113006592,0.0,0.009133754122936929,0.0,1.0,1.0,1.0,1.0
2031,0,217,0.20010614395141602,0.19192491471767426,0.14654706418514252,0.10180376917123794,0.8285714285714287,0.5,0.15342740714550018,0.027722623199224472,0.15342740714550018,0.0013083070516586304,0.2659910368196023,0.75,1.0,1.0,0.225,0.225
2031,0,220,0.07818398624658585,0.12359866499900818,0.04341033101081848,0.05783955715596676,0.8857142857142858,1.0,0.19580993056297302,0.19580993056297302,0.19580993056297302,0.0,0.32749340101363444,0.0,1.0,1.0,1.0,1.0
2031,0,222,0.08892932534217834,0.11033960431814194,0.22733453661203384,0.056101645529270175,0.7647058823529412,0.5,0.020164228975772858,0.06991992704570293,0.020164228975772858,0.018878497183322906,0.039516309895746435,0.6,0.75,0.75,0.4625,0.4625
2031,0,223,0.05595448613166809,0.08206329494714737,0.1934012696146965,0.042617126181721685,0.823529411764706,0.5,0.1694638654589653,0.06506191678345204,0.1694638654589653,0.003646478056907654,0.28966100697535785,0.4285714285714286,0.75,0.75,0.5625,0.5625
2031,0,230,0.11996425688266754,0.10801462084054947,0.17371740192174911,0.049316244572401045,1.0,1.0,0.19564171880483627,0.05443187803030014,0.19564171880483627,0.002824947237968445,0.32710646919459535,0.4285714285714286,0.75,0.75,0.5375,0.5375
2031,0,231,0.0928950160741806,0.11087274551391602,0.23877903819084167,0.05188901647925377,0.8285714285714287,0.5,0.19194045662879944,0.03790977597236633,0.19194045662879944,0.006403811275959015,0.3217299219149275,0.6,0.75,0.75,0.375,0.375
2031,0,236,0.0818663015961647,0.10323860496282578,0.15984279662370682,0.061249354109168055,1.0,1.0,0.012645021080970764,0.014553388580679893,0.012645021080970764,0.0010610893368721008,0.024973911086465638,0.6,0.75,0.75,0.35,0.35
2031,0,237,0.23781424760818481,0.2584843337535858,0.05610039830207825,0.09587481319904327,0.8857142857142858,1.0,0.1652187705039978,0.05041007474064827,0.1652187705039978,0.003604382276535034,0.28343873933422115,0.4285714285714286,0.75,0.75,0.55,0.55
2031,0,242,0.33452728390693665,0.34981992840766907,0.12300775945186615,0.0847596362233162,0.9411764705882354,1.0,0.1234445869922638,0.057105410099029544,0.1234445869922638,0.003097355365753174,0.21968588266998154,0.4285714285714286,1.0,1.0,0.5625,0.5625
2031,0,255,0.08607367426156998,0.10648517310619354,0.049661606550216675,0.057673074305057526,0.823529411764706,0.5,0.17886148393154144,0.17886148393154144,0.17886148393154144,0.0,0.3034478373744684,0.0,1.0,1.0,1.0,1.0
2031,0,257,0.21763424575328827,0.1985418200492859,0.07408538460731506,0.12215496860444545,0.7714285714285715,0.5,0.21934306621551514,0.0817068137228489,0.21934306621551514,0.00284692645072937,0.35958784494098306,0.4285714285714286,1.0,1.0,0.5375,0.5375
2031,0,268,0.11181727051734924,0.10400793701410294,0.06681501120328903,0.06040302664041519,0.9411764705882354,0.5,0.18400850147008896,0.18400850147008896,0.18400850147008896,0.0,0.3108229396015658,0.0,1.0,1.0,1.0,1.0
2031,0,272,0.25912317633628845,0.3158782422542572,0.04337993264198303,0.15299700088799,0.7714285714285715,1.0,0.010011434555053711,0.012577663362026214,0.010011434555053711,0.0001659691333770752,0.01982436582365008,0.6923076923076923,0.5,0.5,0.275,0.275
2031,0,275,0.08860550075769424,0.10537690669298172,0.06600677222013474,0.08056765757501125,0.823529411764706,0.5,0.18017759174108505,0.18017759174108505,0.18017759174108505,0.0,0.30533979462408495,0.0,1.0,1.0,1.0,1.0
2031,0,280,0.37537825107574463,0.3885720670223236,0.0006394684314727783,0.1294823907315731,0.8285714285714287,1.0,0.10020321607589722,0.10020321607589722,0.10020321607589722,0.0,0.18215401411621526,0.0,1.0,1.0,1.0,1.0
2031,0,296,0.33169618248939514,0.32848575711250305,0.03857502341270447,0.13141540810465813,0.942857142857143,1.0,0.12406209111213684,0.04184310734272003,0.12406209111213684,0.016659826040267944,0.22032687146093105,0.75,1.0,1.0,0.2875,0.2875
2031,0,298,0.15719765424728394,0.12910649180412292,0.26894745230674744,0.0768615499138832,0.823529411764706,0.5,0.15523859858512878,0.010310391336679459,0.15523859858512878,0.005017168819904327,0.2685739220841836,0.7894736842105263,0.75,0.75,0.2,0.2
2031,0,312,0.234658882021904,0.18036368489265442,0.03327818214893341,0.09314980246126651,0.8857142857142858,1.0,0.16836515069007874,0.05157770216464996,0.16836515069007874,0.009218081831932068,0.28782050429148115,0.4285714285714286,0.5,0.5,0.5625,0.5625
2031,0,314,0.5314235687255859,0.5331128239631653,0.06530380249023438,0.2605748549103737,0.5428571428571429,0.5,0.0648004412651062,0.04829604923725128,0.0648004412651062,0.009707748889923096,0.12164120805137654,0.4285714285714286,1.0,1.0,0.55,0.55
2031,0,329,0.04917305335402489,0.05716228857636452,0.12038367614150047,0.04697045311331749,1.0,1.0,0.16856035217642784,0.16856035217642784,0.16856035217642784,0.0,0.2884923347989455,0.0,1.0,1.0,1.0,1.0
2031,0,330,0.09968111664056778,0.11178195476531982,0.1255989372730255,0.08526611924171448,0.4705882352941177,0.5,0.22548243403434753,0.22548243403434753,0.22548243403434753,0.0,0.36798966312727704,0.0,1.0,1.0,1.0,1.0
2031,0,335,0.1082204282283783,0.12522511184215546,0.23659397661685944,0.06594323925673962,0.8285714285714287,0.5,0.1927727311849594,0.07462177015841007,0.1927727311849594,0.007602952420711517,0.32283490974807255,0.4285714285714286,1.0,1.0,0.5625,0.5625
2031,0,336,0.0834711492061615,0.09626147150993347,0.23773017525672913,0.03744586892426014,0.823529411764706,0.5,0.021403931081295013,0.040633599832654,0.021403931081295013,0.03965681791305542,0.04187457036149803,0.6,0.5,0.5,0.4625,0.4625
2031,0,338,0.08694039285182953,0.08533408492803574,0.09567149728536606,0.03790311273187399,0.5882352941176471,0.5,0.21061963587999344,0.21061963587999344,0.21061963587999344,0.0,0.34795344406733514,0.0,1.0,1.0,1.0,1.0
2031,0,342,0.2822752296924591,0.23000270128250122,0.11020487546920776,0.17185025326907635,0.8285714285714287,0.5,0.15305832028388977,0.05832880213856697,0.15305832028388977,0.0010121315717697144,0.2654466576492738,0.4285714285714286,1.0,1.0,0.5625,0.5625
2031,0,344,0.3019784688949585,0.30885910987854004,0.08207660913467407,0.1648274429142475,0.8285714285714287,0.5,0.13655582070350647,0.13655582070350647,0.13655582070350647,0.0,0.24029760477401105,0.0,1.0,1.0,1.0,1.0
2031,0,345,0.32806167006492615,0.32621195912361145,0.0020026862621307373,0.15905580893158913,0.942857142857143,1.0,0.15978991985321045,0.017619971930980683,0.15978991985321045,0.00486406683921814,0.27536432852003123,0.6923076923076923,1.0,1.0,0.3875,0.3875
2031,0,347,0.09390663355588913,0.11587417125701904,0.20441514253616333,0.05773083083331585,0.6571428571428573,0.5,0.2216661274433136,0.02390136495232582,0.2216661274433136,0.012051746249198914,0.36209004609739454,0.75,0.5,0.5,0.2375,0.2375
2031,0,352,0.40384531021118164,0.48768487572669983,0.07906249165534973,0.1480575531721115,0.4285714285714286,0.5,0.04065409302711487,0.04065409302711487,0.04065409302711487,0.0,0.07813180825313028,0.0,1.0,1.0,1.0,1.0
2031,0,354,0.21668623387813568,0.18081888556480408,0.05235329270362854,0.05402752310037613,1.0,1.0,0.16760432720184326,0.16760432720184326,0.16760432720184326,0.0,0.28709096617260066,0.0,1.0,1.0,1.0,1.0
2031,0,355,0.10944715887308121,0.10730503499507904,0.20736463367938995,0.056221196055412294,0.9411764705882354,0.5,0.18101449310779572,0.01154443360865116,0.18101449310779572,0.001290060579776764,0.30648000238237916,0.6,0.75,0.75,0.425,0.425
2031,0,356,0.17437194287776947,0.18052883446216583,0.0057508498430252075,0.06745317466557026,1.0,1.0,0.004140838980674744,0.05355973839759827,0.004140838980674744,0.009179428219795227,0.008247211202581903,0.4285714285714286,0.5,0.5,0.65,0.65
2031,0,360,0.261075496673584,0.2547025680541992,0.0011882185935974121,0.10396069139242173,0.8823529411764706,1.0,0.0811215341091156,0.0811215341091156,0.0811215341091156,0.0,0.15006922265397804,0.0,1.0,1.0,1.0,1.0
2031,0,361,0.2796025276184082,0.2966805100440979,0.12165990471839905,0.167365100979805,0.4285714285714286,0.5,0.15369325876235962,0.02123780846595764,0.15369325876235962,0.010556578636169434,0.2660587949528461,0.75,0.75,0.75,0.2125,0.2125
2031,0,364,0.04042518883943558,0.07205650210380554,0.13471856713294983,0.026351054012775422,1.0,1.0,0.17230363190174103,0.039376745373010634,0.17230363190174103,0.0034923702478408813,0.29380600522470934,0.4285714285714286,0.75,0.75,0.6125,0.6125
2031,0,365,0.16578707098960876,0.1506192982196808,0.06665682792663574,0.05521898232400417,0.942857142857143,1.0,0.1998940110206604,0.056385526061058046,0.1998940110206604,0.0011311769485473633,0.3331232665013201,0.6,0.75,0.75,0.4,0.4
2031,0,371,0.16012945771217346,0.20268483459949493,0.09376130998134613,0.14080194681882857,0.7714285714285715,0.5,0.19976727664470673,0.19976727664470673,0.19976727664470673,0.0,0.3330100437534517,0.0,1.0,1.0,1.0,1.0
2031,0,375,0.4817892014980316,0.5057401061058044,0.0020668506622314453,0.17521467208862304,0.942857142857143,1.0,0.01614779233932495,0.021130880713462828,0.01614779233932495,0.01746279001235962,0.03177339560636704,0.6,0.5,0.5,0.325,0.325
2031,0,380,0.06122443825006485,0.08033210039138794,0.06308217346668243,0.06462142951786518,0.6571428571428573,0.5,0.18442043662071228,0.06858124323189259,0.18442043662071228,0.0006429851055145264,0.31137923228882614,0.4285714285714286,1.0,1.0,0.5375,0.5375
2031,0,385,0.08155130594968796,0.10495372861623764,0.21569199115037918,0.09700209349393844,0.8285714285714287,0.5,0.17958269268274307,0.031781003996729854,0.17958269268274307,0.0017571672797203064,0.3044035504151875,0.6923076923076923,0.75,0.75,0.3625,0.3625
2031,0,391,0.14117062091827393,0.1339648813009262,0.09697850048542023,0.11031016334891319,0.8857142857142858,1.0,0.19908131659030914,0.007856060937047004,0.19908131659030914,0.007134363055229187,0.3316607297229415,0.6923076923076923,0.5,0.5,0.2375,0.2375
2031,0,404,0.6239041686058044,0.5427331328392029,0.041848599910736084,0.12000887840986252,0.942857142857143,1.0,0.0034067630767822266,0.021949635446071626,0.0034067630767822266,0.020318329334259033,0.006789914778914986,0.4285714285714286,0.75,0.75,0.6,0.6
2031,0,408,0.06695853173732758,0.08278340101242065,0.23642569780349731,0.05884134620428085,0.7058823529411765,0.5,0.1744876205921173,0.1744876205921173,0.1744876205921173,0.0,0.29712977392498946,0.0,1.0,1.0,1.0,1.0
2031,0,410,0.4484647810459137,0.4299836754798889,0.06145131587982178,0.12439867556095123,0.6,1.0,0.08743530511856079,0.08743530511856079,0.08743530511856079,0.0,0.16081012765909397,0.0,1.0,1.0,1.0,1.0
2031,0,412,0.055693428963422775,0.07744096964597702,0.22529924660921097,0.05542669389396906,0.5294117647058824,0.0,0.1958755925297737,0.09012250751256942,0.1958755925297737,2.1830201148986816e-06,0.32758511623689246,0.4285714285714286,1.0,1.0,0.5625,0.5625
2031,0,417,0.08719155937433243,0.09919504821300507,0.11052484810352325,0.09143597520887851,0.5882352941176471,0.5,0.19055546820163727,0.06187749803066254,0.19055546820163727,0.0004711076617240906,0.32008772214126785,0.4285714285714286,0.75,0.75,0.5875,0.5875
2031,0,419,0.053053539246320724,0.07883573323488235,0.1301838532090187,0.03332082070410251,1.0,1.0,0.1691342368721962,0.05525035560131073,0.1691342368721962,0.003801494836807251,0.2891728136801676,0.4285714285714286,0.75,0.75,0.575,0.575
2031,0,420,0.18319492042064667,0.1685928851366043,0.07552504539489746,0.09677629247307777,0.942857142857143,1.0,0.1835314780473709,0.09166048914194107,0.1835314780473709,0.0042098164558410645,0.3099389253382894,0.4285714285714286,0.75,0.75,0.6,0.6
2031,0,421,0.4763543903827667,0.4648050367832184,0.039428651332855225,0.15587322115898133,0.7714285714285715,1.0,0.09704992175102234,0.06747757792472839,0.09704992175102234,0.010248810052871704,0.1767669806433333,0.4285714285714286,0.75,0.75,0.625,0.625
2031,0,422,0.19584418833255768,0.16776154935359955,0.04716494679450989,0.09710211381316185,0.7058823529411765,0.5,0.2098914533853531,0.07498109564185143,0.2098914533853531,0.0049304962158203125,0.3466611646228108,0.4285714285714286,0.75,0.75,0.5625,0.5625
2031,0,423,0.20954957604408264,0.22331109642982483,0.13127991557121277,0.10611611679196357,0.942857142857143,0.5,0.1405901312828064,0.07561061009764672,0.1405901312828064,0.006140172481536865,0.24633415082525487,0.4285714285714286,0.75,0.75,0.6375,0.6375
2031,0,431,0.21425999701023102,0.1883794516324997,0.2419072836637497,0.0828699640929699,1.0,1.0,0.15462161600589752,0.15462161600589752,0.15462161600589752,0.0,0.2678308007791667,0.0,1.0,1.0,1.0,1.0
2031,0,443,0.12614740431308746,0.10566336661577225,0.09518066793680191,0.12424409985542298,0.5882352941176471,0.5,0.17922630161046982,0.17922630161046982,0.17922630161046982,0.0,0.303972700347169,0.0,1.0,1.0,1.0,1.0
2031,0,446,0.1646895855665207,0.15980644524097443,0.20070721209049225,0.062175069004297256,0.942857142857143,0.5,0.19339419901371002,0.19339419901371002,0.19339419901371002,0.0,0.32410782484704914,0.0,1.0,1.0,1.0,1.0
2031,0,448,0.06763388961553574,0.09900258481502533,0.08290928602218628,0.054386603832244876,0.8285714285714287,0.5,0.01993153989315033,0.05052495859563351,0.01993153989315033,0.003005489706993103,0.039081771681469396,0.4285714285714286,0.5,0.5,0.6,0.6
2031,0,449,0.25818923115730286,0.29060202836990356,0.05232346057891846,0.12821646668016912,0.6,1.0,0.1644805371761322,0.1644805371761322,0.1644805371761322,0.0,0.2824959832733621,0.0,1.0,1.0,1.0,1.0
2031,0,451,0.16022755205631256,0.15799656510353088,0.21374991536140442,0.08857940249145031,0.823529411764706,0.5,0.19791540503501892,0.06622299253940582,0.19791540503501892,0.005952775478363037,0.33010642143757735,0.4285714285714286,1.0,1.0,0.55,0.55
2031,0,463,0.20438160002231598,0.19378140568733215,0.05620810389518738,0.060039738565683363,1.0,1.0,0.16534563899040222,0.07160519063472748,0.16534563899040222,0.008434921503067017,0.2834288921805905,0.4285714285714286,1.0,1.0,0.6125,0.6125
2031,0,482,0.05989578366279602,0.06806948035955429,0.20374146848917007,0.037044772133231166,0.7647058823529412,0.5,0.1648879274725914,0.1648879274725914,0.1648879274725914,0.0,0.2830966371680782,0.0,1.0,1.0,1.0,1.0
2031,0,496,0.1519908756017685,0.14759297668933868,0.03924238681793213,0.10639192312955856,0.9411764705882354,1.0,0.19724373519420624,0.19724373519420624,0.19724373519420624,0.0,0.32949637470804743,0.0,1.0,1.0,1.0,1.0
2031,0,517,0.2753163278102875,0.28675130009651184,0.16668814420700073,0.055443020164966585,0.4285714285714286,0.5,0.1280709207057953,0.1280709207057953,0.1280709207057953,0.0,0.22706182449178944,0.0,1.0,1.0,1.0,1.0
2031,0,519,0.34345269203186035,0.31670770049095154,0.04577726125717163,0.15101954266428946,0.8285714285714287,0.5,0.151229590177536,0.019204744696617128,0.151229590177536,0.003532201051712036,0.2626047916251554,0.6,0.75,0.75,0.3875,0.3875
2031,0,521,0.5422688722610474,0.5258631706237793,0.3946528434753418,0.15554208308458328,0.942857142857143,1.0,0.06860381364822388,0.028404754400253297,0.06860381364822388,0.0011363625526428223,0.12838959122003196,0.6,1.0,1.0,0.5,0.5
2031,0,532,0.12055524438619614,0.14384900033473969,0.04874785244464874,0.062083163484930995,0.9411764705882354,1.0,0.2042858749628067,0.018760926276445388,0.2042858749628067,0.0004000365734100342,0.33924172314308876,0.6923076923076923,0.5,0.5,0.2875,0.2875
2031,0,540,0.0538129024207592,0.07897481322288513,0.19210612773895264,0.04165689498186111,0.823529411764706,0.5,0.19721528887748718,0.002413386106491089,0.19721528887748718,0.003627501428127289,0.32925921696190685,0.6923076923076923,0.75,0.75,0.2625,0.2625
2031,0,542,0.26735615730285645,0.22077685594558716,0.09261369705200195,0.12442473880946636,0.4285714285714286,0.5,0.16497209668159485,0.039186809211969376,0.16497209668159485,0.006192430853843689,0.28297099649736374,0.4285714285714286,0.75,0.75,0.5625,0.5625
2031,0,543,0.24979794025421143,0.21518319845199585,0.02807113528251648,0.1037300854921341,0.942857142857143,1.0,0.15103840827941895,0.04011695384979248,0.15103840827941895,0.004468396306037903,0.2622840423935389,0.6,0.75,0.75,0.375,0.375
2031,0,545,0.09144046902656555,0.10967950522899628,0.21343369781970978,0.042213179543614386,0.8285714285714287,0.5,0.19719021022319794,0.061604229360818864,0.19719021022319794,0.0007942244410514832,0.32937856575954905,0.6923076923076923,0.75,0.75,0.35,0.35
2031,0,555,0.136602520942688,0.1396801620721817,0.05205361545085907,0.06980594247579575,0.9411764705882354,1.0,0.18674828112125397,0.18674828112125397,0.18674828112125397,0.0,0.31472264858864923,0.0,1.0,1.0,1.0,1.0
2031,0,556,0.139275461435318,0.12577776610851288,0.2923654168844223,0.06938613243401051,0.7058823529411765,0.5,0.20811404287815094,0.09081612527370453,0.20811404287815094,0.00854106992483139,0.3440166308142034,0.4285714285714286,0.75,0.75,0.6375,0.6375
2031,0,558,0.09406354278326035,0.09592726826667786,0.0958518236875534,0.058473100513219835,0.823529411764706,0.5,0.1935151219367981,0.1935151219367981,0.1935151219367981,0.0,0.3242776205847614,0.0,1.0,1.0,1.0,1.0
2031,0,560,0.41888228058815,0.3341764807701111,0.03581133484840393,0.1484648495912552,0.9411764705882354,1.0,0.11749899387359619,0.0707677349448204,0.11749899387359619,0.0037792325019836426,0.21020537107618267,0.4285714285714286,1.0,1.0,0.575,0.575
2031,0,592,0.14726802706718445,0.15657474100589752,0.2608618885278702,0.08076761849224567,0.8285714285714287,0.5,0.16006745398044586,0.02912849634885788,0.16006745398044586,0.00598376989364624,0.2757332927625,0.6,0.75,0.75,0.4,0.4
2031,0,594,0.13326136767864227,0.1309574842453003,0.329845666885376,0.07095722705125809,0.5428571428571429,0.5,0.15825995802879333,0.052862444147467616,0.15825995802879333,0.005792528390884399,0.27305454138206176,0.4285714285714286,1.0,1.0,0.5625,0.5625
2031,0,598,0.12228434532880783,0.12952396273612976,0.16908329725265503,0.05285334624350071,0.9411764705882354,0.5,0.203714519739151,0.05808659978210926,0.203714519739151,0.006100833415985107,0.3381252129998951,0.4285714285714286,0.75,0.75,0.575,0.575
2031,0,599,0.1443498134613037,0.1345173567533493,0.12027303874492645,0.07063105329871178,0.8285714285714287,0.5,0.1693701595067978,0.011731089651584625,0.1693701595067978,0.006232902407646179,0.2894146684830619,0.75,0.75,0.75,0.2875,0.2875
2032,0,2,0.5225613713264465,0.5326359868049622,0.02700561285018921,0.13476547002792358,0.942857142857143,1.0,0.02116847038269043,0.03010689318180084,0.02116847038269043,0.023482024669647217,0.04143865425408605,0.6923076923076923,0.25,0.25,0.3875,0.3875
2032,0,3,0.21580694615840912,0.2668869197368622,0.004442721605300903,0.1096830576658249,0.7714285714285715,1.0,0.04386243224143982,0.05627289041876793,0.04386243224143982,0.03996996581554413,0.08389195801833667,0.6,0.5,0.5,0.4375,0.4375
2032,0,5,0.04014969244599342,0.05684758722782135,0.15859615802764893,0.03143421746790409,1.0,1.0,0.12281043827533722,0.12281043827533722,0.12281043827533722,0.0,0.21875542672007375,0.0,1.0,1.0,1.0,1.0
2032,0,7,0.1360306441783905,0.14180821180343628,0.2728334963321686,0.10718123577535152,0.7142857142857143,0.5,0.145173579454422,0.05191800855100155,0.145173579454422,0.008124113082885742,0.2532768839649342,0.4285714285714286,0.75,0.75,0.4875,0.4875
2032,0,8,0.27766507863998413,0.27061647176742554,0.14372485876083374,0.19327040426433087,0.3714285714285715,0.5,0.18052619695663452,0.18052619695663452,0.18052619695663452,0.0,0.3058402217960538,0.0,1.0,1.0,1.0,1.0
2032,0,20,0.32905468344688416,0.2828088104724884,0.0744113028049469,0.12391415983438492,0.8285714285714287,0.5,0.014475256204605103,0.03993285521864891,0.014475256204605103,0.11900633573532104,0.028482527340383586,0.4285714285714286,0.5,0.5,0.5625,0.5625
2032,0,22,0.309243381023407,0.36619269847869873,0.002709507942199707,0.0980849988758564,0.942857142857143,1.0,0.05283108353614807,0.05283108353614807,0.05283108353614807,0.0,0.10036003754506202,0.0,1.0,1.0,1.0,1.0
2032,0,25,0.1383555829524994,0.1337750405073166,0.32637394964694977,0.06232998259365559,0.3714285714285715,0.0,0.00682656466960907,0.005319832265377045,0.00682656466960907,0.004866838455200195,0.013560107665853232,0.6,0.75,0.75,0.325,0.325
2032,0,31,0.17517463862895966,0.15998691320419312,0.11302432417869568,0.11304342448711395,0.8857142857142858,1.0,0.16250061988830566,0.03723455891013146,0.16250061988830566,0.01738765835762024,0.27888098378232795,0.6,0.5,0.5,0.4,0.4
2032,0,33,0.11278600990772247,0.1430557370185852,0.25125575065612793,0.07179264537990093,0.6,0.5,0.1505686640739441,0.049055241793394086,0.1505686640739441,0.009014740586280823,0.2614179208828363,0.4285714285714286,0.75,0.75,0.55,0.55
2032,0,40,0.11535751074552536,0.12838716804981232,0.12013846635818481,0.07484832741320133,1.0,1.0,0.15490873157978058,0.05167094208300114,0.15490873157978058,0.008552268147468567,0.2679514016243772,0.6,0.5,0.5,0.4125,0.4125
2032,0,42,0.1949266493320465,0.1328156590461731,0.30483484268188477,0.08334461487829685,0.6571428571428573,0.5,0.1323215663433075,0.010855503752827645,0.1323215663433075,0.0033162683248519897,0.23362645464218634,0.6,1.0,1.0,0.275,0.275
2032,0,48,0.1827515959739685,0.19491994380950928,0.04708582162857056,0.08139019422233104,0.8857142857142858,1.0,0.15350490808486938,0.031701674312353136,0.15350490808486938,0.00620076060295105,0.2659330766532618,0.6,0.75,0.75,0.375,0.375
2032,0,50,0.07123340666294098,0.09459841996431351,0.22294973582029343,0.06590243093669415,0.9411764705882354,1.0,0.026938706636428833,0.03064112514257431,0.026938706636428833,0.027582719922065735,0.05242509012696952,0.6,0.5,0.5,0.4625,0.4625
2032,0,58,0.48426374793052673,0.4661443531513214,0.05707231163978577,0.1328680135309696,0.7714285714285715,1.0,0.03658941388130188,0.019348692893981934,0.03658941388130188,0.00036838650703430176,0.07059485161695533,0.6923076923076923,0.75,0.75,0.3125,0.3125
2032,0,67,0.1619064211845398,0.15875278413295746,0.3265066593885422,0.08889973871409892,0.5428571428571429,0.5,0.0340399369597435,0.042852962389588356,0.0340399369597435,0.03642745316028595,0.06575689314881686,0.6,0.5,0.5,0.4375,0.4375
2032,0,69,0.18625332415103912,0.14936093986034393,0.27772293984889984,0.08082092329859733,0.6,0.5,0.15527917444705963,0.03693124279379845,0.15527917444705963,0.001978754997253418,0.2687450943243116,0.6,0.5,0.5,0.4625,0.4625
2032,0,71,0.1450345665216446,0.15211020410060883,0.18612737953662872,0.05762116387486458,0.942857142857143,0.5,0.01023121178150177,0.023631459474563597,0.01023121178150177,0.016404718160629272,0.020251767688583125,0.6,0.75,0.75,0.4125,0.4125
2032,0,73,0.10482167452573776,0.09709210693836212,0.24449758231639862,0.08107423558831214,0.823529411764706,0.5,0.1182572990655899,0.1182572990655899,0.1182572990655899,0.0,0.2115028431549789,0.0,1.0,1.0,1.0,1.0
2032,0,76,0.15563663840293884,0.13976120948791504,0.27676135301589966,0.05618756487965584,0.7714285714285715,0.5,0.14042246341705322,0.04119549058377743,0.14042246341705322,0.02089102566242218,0.24561863917993992,0.4285714285714286,0.5,0.5,0.65,0.65
2032,0,80,0.09073043614625931,0.10759048163890839,0.06492958962917328,0.09361687302589417,0.9411764705882354,1.0,0.16007710993289948,0.16007710993289948,0.16007710993289948,0.0,0.2759766718303037,0.0,1.0,1.0,1.0,1.0
2032,0,81,0.08510041981935501,0.09331142902374268,0.07949250936508179,0.08239209055900573,0.9411764705882354,1.0,0.1600738763809204,0.029341605305671693,0.1600738763809204,0.001369580626487732,0.2759196507456476,0.6923076923076923,0.75,0.75,0.3625,0.3625
2032,0,82,0.05103020742535591,0.07463572919368744,0.23972226679325104,0.07704162001609802,0.7647058823529412,0.5,0.13268670439720154,0.02333841919898987,0.13268670439720154,0.01372552290558815,0.2339053617968812,0.75,0.5,0.5,0.3125,0.3125
2032,0,83,0.14872980117797852,0.1551484912633896,0.025553926825523376,0.09255742467939854,0.9411764705882354,1.0,0.1570463627576828,0.0648430973291397,0.1570463627576828,0.004859715700149536,0.2712809812230606,0.4285714285714286,1.0,1.0,0.575,0.575
2032,0,84,0.3650873303413391,0.3252681791782379,0.23702803254127502,0.10259835720062256,0.3714285714285715,0.5,0.09783568978309631,0.04020012319087982,0.09783568978309631,0.01280289888381958,0.17802800090405815,0.4285714285714286,0.75,0.75,0.5625,0.5625
2032,0,89,0.06011312082409859,0.07524266839027405,0.21927902102470398,0.06791646741330623,0.823529411764706,0.5,0.1217360645532608,0.1217360645532608,0.1217360645532608,0.0,0.21704939049408745,0.0,1.0,1.0,1.0,1.0
2032,0,95,0.09987575560808182,0.11326227337121964,0.21780725568532944,0.07763077579438686,1.0,1.0,0.12135153263807297,0.02837434895336628,0.12135153263807297,0.00589384138584137,0.2162992050686334,0.6,0.75,0.75,0.35,0.35
2032,0,104,0.26738670468330383,0.25021782517433167,0.1008521020412445,0.13966148011386395,0.3714285714285715,0.5,0.14702114462852478,0.06170268431305885,0.14702114462852478,0.012407422065734863,0.25594083404274354,0.4285714285714286,1.0,1.0,0.525,0.525
2032,0,122,0.14340874552726746,0.15017151832580566,0.11548444628715515,0.06714955791831016,0.7058823529411765,0.5,0.1631762683391571,0.05675587169826031,0.1631762683391571,0.004309356212615967,0.28039990092615086,0.6,0.75,0.75,0.475,0.475
2032,0,131,0.3613886535167694,0.3418841063976288,0.2282821238040924,0.0842733547091484,0.4285714285714286,0.5,0.03309020400047302,0.04123725146055222,0.03309020400047302,0.015761345624923706,0.06402778725932798,0.6,0.75,0.75,0.3875,0.3875
2032,0,132,0.12946689128875732,0.11604107916355133,0.09209214150905609,0.07969843372702598,0.8823529411764706,1.0,0.16326631605625153,0.16326631605625153,0.16326631605625153,0.0,0.28070324705999056,0.0,1.0,1.0,1.0,1.0
2032,0,135,0.06289662420749664,0.07797172665596008,0.2890527546405792,0.07157293315976858,0.08571428571428573,0.0,0.15034420788288116,0.15034420788288116,0.15034420788288116,0.0,0.2613899506819406,0.0,1.0,1.0,1.0,1.0
2032,0,141,0.18107305467128754,0.19662700593471527,0.10114951431751251,0.1254773162305355,1.0,1.0,0.11825866997241974,0.030392973124980925,0.11825866997241974,0.01934407651424408,0.2110647468008429,0.6,0.5,0.5,0.425,0.425
2032,0,144,0.2836233079433441,0.35545340180397034,0.03383198380470276,0.1357836674898863,0.8285714285714287,0.5,0.1052500307559967,0.1052500307559967,0.1052500307559967,0.0,0.1904546986241749,0.0,1.0,1.0,1.0,1.0
2032,0,148,0.1365949809551239,0.14584633708000183,0.1340947449207306,0.0987134788185358,0.8823529411764706,1.0,0.13473010063171387,0.13473010063171387,0.13473010063171387,0.0,0.23746633768983214,0.0,1.0,1.0,1.0,1.0
2032,0,151,0.15423353016376495,0.1260739117860794,0.19731242954730988,0.03904661536216736,1.0,1.0,0.15395335853099823,0.15395335853099823,0.15395335853099823,0.0,0.26682769696512415,0.0,1.0,1.0,1.0,1.0
2032,0,157,0.3125964403152466,0.3026748299598694,0.03696742653846741,0.13949586749076842,0.7142857142857143,0.5,0.16096404194831848,0.16096404194831848,0.16096404194831848,0.0,0.2772937595520878,0.0,1.0,1.0,1.0,1.0
2032,0,173,0.13164007663726807,0.14879806339740753,0.24268485605716705,0.08952533937990666,0.8285714285714287,0.5,0.13706712424755096,0.05770651362836361,0.13706712424755096,0.009272098541259766,0.24081720750580016,0.4285714285714286,0.75,0.75,0.525,0.525
2032,0,177,0.07959339022636414,0.0875580683350563,0.1937309131026268,0.03156491555273533,0.9411764705882354,0.5,0.14334670454263687,0.04433925077319145,0.14334670454263687,0.002440832555294037,0.2506724222400733,0.4285714285714286,0.75,0.75,0.6,0.6
2032,0,179,0.13829916715621948,0.13004513084888458,0.08446843922138214,0.07186982072889805,0.9411764705882354,1.0,0.011563748121261597,0.04079630486667156,0.011563748121261597,0.0010610371828079224,0.02286283535806541,0.4285714285714286,0.75,0.75,0.575,0.575
2032,0,184,0.13225136697292328,0.13151128590106964,0.23606054484844208,0.05755065344274044,0.942857142857143,0.5,0.17742930352687836,0.17742930352687836,0.17742930352687836,0.0,0.30138421558798584,0.0,1.0,1.0,1.0,1.0
2032,0,185,0.2823568880558014,0.26850876212120056,0.1188894510269165,0.10858903229236602,-0.08571428571428573,0.5,0.011796653270721436,0.009508738666772843,0.011796653270721436,0.02634267508983612,0.02331087624744475,0.6923076923076923,0.5,0.5,0.275,0.275
2032,0,189,0.1974203735589981,0.2301778495311737,0.013339415192604065,0.09439236372709274,0.9411764705882354,1.0,0.1181069016456604,0.0306897833943367,0.1181069016456604,0.0013952404260635376,0.21123109611496105,0.6,0.75,0.75,0.4,0.4
2032,0,193,0.12542009353637695,0.12799571454524994,0.3249354213476181,0.10108705833554268,0.7142857142857143,0.5,0.13938041031360626,0.04752097800374031,0.13938041031360626,0.011288687586784363,0.2443187652733614,0.4285714285714286,0.75,0.75,0.6,0.6
2032,0,197,0.24466870725154877,0.290912389755249,0.020478099584579468,0.0490542322397232,1.0,1.0,0.0020711123943328857,0.035162003338336946,0.0020711123943328857,0.11811184883117676,0.004132519575480565,0.6,0.25,0.25,0.4,0.4
2032,0,200,0.09610416740179062,0.11099239438772202,0.24522126466035843,0.07963229194283486,0.6,0.5,0.003817349672317505,0.08002090565860272,0.003817349672317505,0.015947893261909485,0.007605197149934724,0.4285714285714286,0.5,0.5,0.575,0.575
2032,0,202,0.4720284044742584,0.5045780539512634,0.3042554408311844,0.11539138406515122,0.8285714285714287,0.5,0.03452563285827637,0.03452563285827637,0.03452563285827637,0.0,0.06674679053217072,0.0,1.0,1.0,1.0,1.0
2032,0,205,0.15256206691265106,0.16107650101184845,0.30140168964862823,0.08276363871991635,0.5428571428571429,0.5,0.12953771650791168,0.020032036304473876,0.12953771650791168,0.012825191020965576,0.22902290004048645,0.75,0.75,0.75,0.3,0.3
2032,0,224,0.199441060423851,0.19119754433631897,0.09269434213638306,0.07324589118361473,0.942857142857143,1.0,0.1568267047405243,0.03013545423746109,0.1568267047405243,0.007182106375694275,0.27086694250724963,0.6923076923076923,1.0,1.0,0.3125,0.3125
2032,0,231,0.11967292428016663,0.13709388673305511,0.0706508606672287,0.08485263884067536,0.8823529411764706,1.0,0.15250281989574432,0.027345742285251617,0.15250281989574432,0.008570045232772827,0.26434396702316376,0.6,0.75,0.75,0.4125,0.4125
2032,0,232,0.12208110094070435,0.12238993495702744,0.2403343990445137,0.07479499503970147,0.8285714285714287,0.5,0.16304463893175125,0.011261499300599099,0.16304463893175125,0.02268407493829727,0.2794662094696051,0.6,0.5,0.5,0.4375,0.4375
2032,0,239,0.1499510407447815,0.16538536548614502,0.24423128366470337,0.08012917153537273,0.823529411764706,0.5,0.14561337232589722,0.036347989737987516,0.14561337232589722,0.006720900535583496,0.2539918788056987,0.6,0.75,0.75,0.4,0.4
2032,0,249,0.37265944480895996,0.39094504714012146,0.054515570402145386,0.14201209396123887,0.8285714285714287,0.5,0.08119460940361023,0.05373008102178574,0.08119460940361023,0.016921520233154297,0.15000035985121063,0.4285714285714286,0.75,0.75,0.65,0.65
2032,0,250,0.06046516075730324,0.08918887376785278,0.2948826849460602,0.061108495108783245,0.14285714285714288,0.0,0.006598681211471558,0.003223482146859169,0.006598681211471558,0.004804350435733795,0.01311043321523456,0.75,0.5,0.5,0.2125,0.2125
2032,0,251,0.0450606644153595,0.07699007540941238,0.168173186480999,0.0500799473375082,0.9411764705882354,1.0,0.1408439502120018,0.1408439502120018,0.1408439502120018,0.0,0.24691185886698866,0.0,1.0,1.0,1.0,1.0
2032,0,256,0.20828895270824432,0.15889975428581238,0.11158761382102966,0.07839116863906384,1.0,1.0,0.14368557929992676,0.14368557929992676,0.14368557929992676,0.0,0.2512676244250271,0.0,1.0,1.0,1.0,1.0
2032,0,257,0.04409521818161011,0.06529457122087479,0.20621826499700546,0.033685431256890296,0.942857142857143,1.0,0.024587970227003098,0.018750365637242795,0.024587970227003098,0.010997973382472992,0.04798301573737302,0.4285714285714286,0.75,0.75,0.5375,0.5375
2032,0,265,0.5440353751182556,0.49235889315605164,0.013125330209732056,0.14656775891780854,0.6571428571428573,0.5,0.06312724947929382,0.038599276542663576,0.06312724947929382,0.022034376859664917,0.11859898669522213,0.4285714285714286,1.0,1.0,0.575,0.575
2032,0,266,0.18581882119178772,0.1605013906955719,0.15184620022773743,0.11495294570922851,0.4285714285714286,0.5,0.16692030429840088,0.06149652749300003,0.16692030429840088,0.003561362624168396,0.285940709453081,0.6,0.75,0.75,0.425,0.425
2032,0,268,0.11789528280496597,0.11754622310400009,0.2695561721920967,0.08668909966945648,0.6,0.5,0.16690156608819962,0.16690156608819962,0.16690156608819962,0.0,0.28605937456696234,0.0,1.0,1.0,1.0,1.0
2032,0,279,0.22193971276283264,0.21348486840724945,0.07074300944805145,0.08112215846776963,0.942857142857143,1.0,0.0016229599714279175,0.039627532660961154,0.0016229599714279175,0.13380031287670135,0.0032398495802588795,0.4285714285714286,0.5,0.5,0.5375,0.5375
2032,0,284,0.0933680608868599,0.09308692812919617,0.30794385075569153,0.07105065267533064,0.5294117647058824,0.0,0.16006559133529663,0.16006559133529663,0.16006559133529663,0.0,0.27595955354740365,0.0,1.0,1.0,1.0,1.0
2032,0,286,0.12362679839134216,0.11681614816188812,0.3112495392560959,0.09023423753678798,0.7058823529411765,0.5,0.13207046687602997,0.0870889738202095,0.13207046687602997,0.004861235618591309,0.23319262755092152,0.4285714285714286,0.75,0.75,0.625,0.625
2032,0,292,0.16176027059555054,0.15854966640472412,0.048310935497283936,0.09531749486923217,0.9411764705882354,1.0,0.1466653048992157,0.1466653048992157,0.1466653048992157,0.0,0.25581188211167966,0.0,1.0,1.0,1.0,1.0
2032,0,295,0.05648693069815636,0.07944027334451675,0.2560717985033989,0.09420532397925854,0.5294117647058824,0.0,0.14618518203496933,0.045507924631237984,0.14618518203496933,0.004477173089981079,0.2549350351081238,0.4285714285714286,0.75,0.75,0.5375,0.5375
2032,0,303,0.3761483132839203,0.3941686451435089,0.015902847051620483,0.12045046761631965,0.942857142857143,1.0,0.047372639179229736,0.03352513015270233,0.047372639179229736,1.519918441772461e-06,0.09045994548735764,0.4285714285714286,0.75,0.75,0.5625,0.5625
2032,0,310,0.1325473189353943,0.15314899384975433,0.2352600246667862,0.06349127888679504,0.942857142857143,0.5,0.010083749890327454,0.033199466019868853,0.010083749890327454,0.015298530459403992,0.019963069698935663,0.6923076923076923,0.75,0.75,0.3375,0.3375
2032,0,312,0.16304677724838257,0.16865059733390808,0.08235037326812744,0.10467882007360459,0.8285714285714287,0.5,0.15296918153762817,0.020868680626153945,0.15296918153762817,0.006651788949966431,0.26511272324531293,0.6,0.75,0.75,0.3875,0.3875
2032,0,320,0.10046485811471939,0.1092866063117981,0.13876372575759888,0.03373650312423706,1.0,1.0,0.17501598596572876,0.008171530440449715,0.17501598596572876,0.008380025625228882,0.2975209978404203,0.6,0.75,0.75,0.2625,0.2625
2032,0,323,0.3255084156990051,0.34512367844581604,0.02561226487159729,0.08669528886675834,0.942857142857143,1.0,0.06912696361541748,0.055768641829490664,0.06912696361541748,0.03179463744163513,0.12904080048617259,0.4285714285714286,0.5,0.5,0.55,0.55
2032,0,325,0.13433031737804413,0.14957371354103088,0.07338292896747589,0.08919396884739399,0.942857142857143,1.0,0.017097115516662598,0.0681769460439682,0.017097115516662598,0.0002027750015258789,0.03361932104052884,0.4285714285714286,0.5,0.5,0.6125,0.6125
2032,0,328,0.07011229544878006,0.08312628418207169,0.25518225878477097,0.08096482902765274,0.4705882352941177,0.5,0.02226146310567856,0.03364209532737732,0.02226146310567856,0.016053810715675354,0.043537895460640054,0.6,0.5,0.5,0.45,0.45
2032,0,334,0.10707732290029526,0.12264786660671234,0.2518109232187271,0.07346519008278847,0.823529411764706,0.5,0.003153480589389801,0.015932612493634223,0.003153480589389801,0.017054684460163116,0.0062867919221763205,0.6,0.5,0.5,0.45,0.45
2032,0,336,0.13856342434883118,0.13976126909255981,0.26541799306869507,0.09407439567148686,0.823529411764706,0.5,0.028269439935684204,0.01660158336162567,0.028269439935684204,0.01140458881855011,0.05496706581289388,0.6,0.5,0.5,0.35,0.35
2032,0,345,0.5901392102241516,0.5597959756851196,0.06787258386611938,0.07516239881515503,0.8857142857142858,1.0,0.011458814144134521,0.017191009223461153,0.011458814144134521,5.996227264404297e-05,0.02265797914718716,0.6923076923076923,1.0,1.0,0.2375,0.2375
2032,0,347,0.1097898930311203,0.11303505301475525,0.09325629472732544,0.08422380667179823,0.6470588235294118,0.5,0.15080022811889648,0.061541135981678964,0.15080022811889648,0.0005165189504623413,0.2620611519436359,0.4285714285714286,0.75,0.75,0.625,0.625
2032,0,354,0.2612455189228058,0.26398035883903503,0.01689937710762024,0.11765075922012329,0.7714285714285715,1.0,0.027471229434013367,0.030566373467445375,0.027471229434013367,0.011098295450210571,0.05345743615366108,0.4285714285714286,0.75,0.75,0.625,0.625
2032,0,361,0.09586925804615021,0.09557171911001205,0.2284240797162056,0.03972331061959267,0.942857142857143,1.0,0.002868339419364929,0.029240813478827475,0.002868339419364929,0.003523416817188263,0.005720213310485097,0.6,0.25,0.25,0.4,0.4
2032,0,382,0.1334294080734253,0.15173198282718658,0.2806074768304825,0.10029971301555633,0.8285714285714287,0.5,0.14056704938411713,0.09640386886894703,0.14056704938411713,0.012189820408821106,0.24611195393019905,0.4285714285714286,0.5,0.5,0.625,0.625
2032,0,386,0.23281818628311157,0.2249615639448166,0.02395547926425934,0.10130792260169982,0.9411764705882354,1.0,0.11608396470546722,0.03272124826908111,0.11608396470546722,0.009930804371833801,0.2078033344434966,0.6,0.75,0.75,0.4375,0.4375
2032,0,390,0.20759400725364685,0.17565901577472687,0.07776026427745819,0.11823038421571255,0.8857142857142858,1.0,0.041163310408592224,0.04276074841618538,0.041163310408592224,0.005689695477485657,0.07905388049939885,0.4285714285714286,0.5,0.5,0.5,0.5
2032,0,398,0.09457068890333176,0.09640156477689743,0.1172744557261467,0.08755798526108265,0.6571428571428573,0.5,0.15627793222665787,0.023189879208803176,0.15627793222665787,0.0044088214635849,0.27015036564649275,0.6,0.75,0.75,0.4,0.4
2032,0,407,0.12738467752933502,0.14194975793361664,0.24028520286083221,0.05876442417502403,0.823529411764706,0.5,0.018770121037960052,0.02707599364221096,0.018770121037960052,0.02264644205570221,0.03683286516838662,0.6,0.5,0.5,0.375,0.375
2032,0,409,0.2875491678714752,0.2883443236351013,0.05463787913322449,0.09139321446418762,0.942857142857143,1.0,0.08875340223312378,0.05152980610728264,0.08875340223312378,0.006495624780654907,0.16294989099874305,0.6,0.75,0.75,0.3625,0.3625
2032,0,410,0.387538343667984,0.33811354637145996,0.11377272009849548,0.14455786794424058,0.6571428571428573,0.5,0.09059557318687439,0.02985679656267166,0.09059557318687439,0.02639743685722351,0.16576627838936078,0.6923076923076923,0.75,0.75,0.3125,0.3125
2032,0,412,0.30339619517326355,0.32717758417129517,0.006964921951293945,0.0574473075568676,0.3142857142857143,0.5,0.0328250527381897,0.060710187256336215,0.0328250527381897,0.06393745541572571,0.06342593811116061,0.4285714285714286,0.5,0.5,0.575,0.575
2032,0,417,0.20797321200370789,0.17859314382076263,0.15032581984996796,0.10151750631630421,0.8285714285714287,0.5,0.14996926486492157,0.05547533705830574,0.14996926486492157,0.015615254640579224,0.26028462944579167,0.5,1.0,1.0,0.4875,0.4875
2032,0,419,0.07598428428173065,0.1052970290184021,0.2303079068660736,0.055059884861111644,0.823529411764706,0.5,0.14213170111179352,0.025772246718406677,0.14213170111179352,0.006741046905517578,0.2486784334974625,0.6,1.0,1.0,0.3375,0.3375
2032,0,426,0.16905075311660767,0.1370900273323059,0.22531890869140625,0.08038764633238316,1.0,1.0,0.14445456862449646,0.011051719635725021,0.14445456862449646,0.008816570043563843,0.25215953495924137,0.75,0.75,0.75,0.3125,0.3125
2032,0,430,0.2487524300813675,0.2200266569852829,0.05743347108364105,0.11982133947312831,0.7714285714285715,1.0,0.14819972217082977,0.02971159964799881,0.14819972217082977,0.013343945145606995,0.25769292656883247,0.75,0.75,0.75,0.225,0.225
2032,0,434,0.1585029810667038,0.15689508616924286,0.08223232626914978,0.11646845862269402,0.942857142857143,1.0,0.007226079702377319,0.04230799451470375,0.007226079702377319,0.02020542323589325,0.014346353659914319,0.6,0.5,0.5,0.4875,0.4875
2032,0,437,0.16296395659446716,0.15190693736076355,0.30823391675949097,0.08268974274396897,0.48571428571428577,0.5,0.017478138208389282,0.00927329808473587,0.017478138208389282,0.01290661096572876,0.03434808614471292,0.75,0.5,0.5,0.225,0.225
2032,0,443,0.19684097170829773,0.17355909943580627,0.052984729409217834,0.08356232307851315,0.8857142857142858,1.0,0.16275885701179504,0.012557323276996612,0.16275885701179504,0.004291653633117676,0.27978410074817517,0.75,0.75,0.75,0.2125,0.2125
2032,0,449,0.4661319851875305,0.4659472107887268,0.11488687992095947,0.18999108746647836,0.028571428571428574,0.5,0.051239460706710815,0.03714698851108551,0.051239460706710815,0.056602537631988525,0.09719964357322564,0.6,0.25,0.25,0.3875,0.3875
2032,0,470,0.13703228533267975,0.1403675079345703,0.3140990734100342,0.07543949820101262,0.6,0.5,0.13701042532920837,0.07358043901622295,0.13701042532920837,0.0069604963064193726,0.24079779357610967,0.4285714285714286,0.75,0.75,0.55,0.55
2032,0,472,0.09248946607112885,0.09259707480669022,0.2959175929427147,0.06792138665914535,0.5428571428571429,0.5,0.1521591916680336,0.1521591916680336,0.1521591916680336,0.0,0.2641287640950827,0.0,1.0,1.0,1.0,1.0
2032,0,475,0.06684932857751846,0.09502387046813965,0.23412084579467773,0.05371521152555943,0.8064516129032258,0.5,0.01226700097322464,0.013642571866512299,0.01226700097322464,0.01846654713153839,0.02423116587448857,0.6923076923076923,0.5,0.5,0.2875,0.2875
2032,0,480,0.05152216926217079,0.07907795161008835,0.09736048430204391,0.06356856562197208,0.823529411764706,0.5,0.11938405781984329,0.02978100869804621,0.11938405781984329,0.008370265364646912,0.21311127256839513,0.4285714285714286,0.75,0.75,0.5,0.5
2032,0,488,0.1375601589679718,0.14907583594322205,0.10925236344337463,0.11167689897119999,-0.028571428571428574,0.5,0.004217192530632019,0.048183224722743036,0.004217192530632019,0.011480242013931274,0.008398555403002276,0.4285714285714286,0.75,0.75,0.525,0.525
2032,0,492,0.08766941726207733,0.1125200092792511,0.2779863178730011,0.05230995900928974,0.4705882352941177,0.0,0.012621000409126282,0.05252086408436298,0.012621000409126282,0.0038951486349105835,0.02492617734441773,0.6,0.25,0.25,0.4875,0.4875
2032,0,498,0.12838682532310486,0.1342552751302719,0.06188666820526123,0.08266254104673862,0.7058823529411765,0.5,0.17246325314044952,0.03872779197990894,0.17246325314044952,0.0008497834205627441,0.29415280923404286,0.4285714285714286,1.0,1.0,0.55,0.55
2032,0,509,0.2659914195537567,0.22190527617931366,0.2455022782087326,0.06685817800462246,0.6470588235294118,0.5,0.12439598143100739,0.03481128588318825,0.12439598143100739,0.02239827811717987,0.22070776604445252,0.6923076923076923,0.5,0.5,0.3375,0.3375
2032,0,514,0.512649416923523,0.4502878189086914,0.05941307544708252,0.11943428367376327,0.9411764705882354,1.0,0.009497642517089844,0.030184340476989747,0.009497642517089844,0.035623133182525635,0.018810034855603664,0.6,0.5,0.5,0.4125,0.4125
2032,0,518,0.17000100016593933,0.1644195169210434,0.18247480690479279,0.07841060981154442,0.7714285714285715,0.5,0.1455562859773636,0.03860471695661545,0.1455562859773636,0.0020736604928970337,0.2540562461036059,0.4285714285714286,1.0,1.0,0.575,0.575
2032,0,528,0.11141697317361832,0.13926558196544647,0.33887360990047455,0.058783624693751334,0.5428571428571429,0.0,0.06022036075592041,0.031413803622126577,0.06022036075592041,0.01591777801513672,0.11349543207272936,0.6,0.75,0.75,0.375,0.375
2032,0,529,0.1995476484298706,0.18111471831798553,0.08520866930484772,0.10912196859717369,0.942857142857143,1.0,0.15710844099521637,0.011148231476545334,0.15710844099521637,0.009331569075584412,0.27120667184276614,0.6,0.75,0.75,0.325,0.325
2032,0,531,0.167796790599823,0.16732914745807648,0.21422477066516876,0.06874334812164307,0.7714285714285715,0.5,0.1604854017496109,0.02830206900835037,0.1604854017496109,0.0019463449716567993,0.2765086612450564,0.75,0.75,0.75,0.2625,0.2625
2032,0,534,0.410781592130661,0.4773229956626892,0.10923022031784058,0.2078911133110523,0.6,0.5,0.010188013315200806,0.017011265456676482,0.010188013315200806,0.019626200199127197,0.020166457446658917,0.4285714285714286,0.75,0.75,0.65,0.65
2032,0,536,0.1500445455312729,0.14185258746147156,0.10027116537094116,0.07769663333892822,0.9411764705882354,1.0,0.12742164731025696,0.12742164731025696,0.12742164731025696,0.0,0.2260408031267677,0.0,1.0,1.0,1.0,1.0
2032,0,542,0.06225021556019783,0.07906913012266159,0.211138553917408,0.07078203111886978,1.0,1.0,0.13553381711244583,0.023405368626117706,0.13553381711244583,0.0010579302906990051,0.2386836659194354,0.6,0.75,0.75,0.3625,0.3625
2032,0,552,0.09523964673280716,0.12304697185754776,0.23192774504423141,0.05839752852916717,0.942857142857143,0.5,0.15633856505155563,0.04247635118663311,0.15633856505155563,0.004058815538883209,0.27025384368726213,0.6,1.0,1.0,0.3,0.3
2032,0,560,0.17595979571342468,0.20193403959274292,0.12534523010253906,0.18441267237067221,0.3714285714285715,0.5,0.15680447220802307,0.04634690061211586,0.15680447220802307,0.009692952036857605,0.2707401525469385,0.4285714285714286,0.75,0.75,0.525,0.525
2032,0,561,0.06334152817726135,0.07453669607639313,0.21524088084697723,0.05547242294996977,0.823529411764706,0.5,0.12218077480792999,0.014300419203937053,0.12218077480792999,0.004926472902297974,0.21763864202498462,0.6923076923076923,0.75,0.75,0.3125,0.3125
2032,0,562,0.12113114446401596,0.1295030415058136,0.0732366144657135,0.07590791285037994,0.942857142857143,1.0,0.16132432222366333,0.014578083902597428,0.16132432222366333,0.010770931839942932,0.27740861098439523,0.75,0.5,0.5,0.2375,0.2375
2032,0,577,0.27557820081710815,0.24630814790725708,0.012178689241409302,0.0991615504026413,1.0,1.0,0.09906789660453796,0.02133530080318451,0.09906789660453796,0.008479893207550049,0.1801373408016092,0.6,0.75,0.75,0.3625,0.3625
2032,0,578,0.3492684066295624,0.35782960057258606,0.16423067450523376,0.21408187597990036,0.4285714285714286,0.5,0.07516872882843018,0.07516872882843018,0.07516872882843018,0.0,0.13982685101033143,0.0,1.0,1.0,1.0,1.0
2032,0,585,0.30840393900871277,0.25688081979751587,0.06856051087379456,0.14266277067363262,1.0,1.0,0.0981656014919281,0.0981656014919281,0.0981656014919281,0.0,0.1787810533467154,0.0,1.0,1.0,1.0,1.0
2032,0,591,0.6056952476501465,0.5898179411888123,0.3685333579778671,0.1786910556256771,0.6571428571428573,0.5,0.02161461114883423,0.02161461114883423,0.02161461114883423,0.0,0.04231460848925799,0.0,1.0,1.0,1.0,1.0
2032,0,595,0.3021574318408966,0.3338370621204376,0.0667797327041626,0.1561871960759163,0.7714285714285715,0.5,0.11526256799697876,0.04043370336294174,0.11526256799697876,0.0017513632774353027,0.20666285328867603,0.4285714285714286,0.75,0.75,0.6125,0.6125
2032,0,597,0.4084254503250122,0.39295056462287903,0.13782688975334167,0.17993979379534722,0.4285714285714286,0.5,0.04567953944206238,0.029569458961486817,0.04567953944206238,0.03547808527946472,0.0872279814380839,0.6,0.75,0.75,0.425,0.425
2033,0,0,0.1117871031165123,0.12522485852241516,0.0710381418466568,0.03730865940451622,0.942857142857143,1.0,0.20235934853553772,0.035422364994883535,0.20235934853553772,0.008760280907154083,0.3361038547001087,0.6,0.75,0.75,0.3875,0.3875
2033,0,2,0.3643418550491333,0.38455596566200256,0.011165618896484375,0.0667181670665741,0.2571428571428572,0.5,0.07479679584503174,0.047835426032543184,0.07479679584503174,0.014858275651931763,0.13903720457496146,0.6,0.75,0.75,0.45,0.45
2033,0,13,0.30017489194869995,0.28431466221809387,0.0518839955329895,0.12540439814329146,0.4285714285714286,0.5,0.013609439134597778,0.09145955443382263,0.013609439134597778,0.007012397050857544,0.026850872352597775,0.4285714285714286,0.5,0.5,0.6125,0.6125
2033,0,15,0.17885862290859222,0.21260514855384827,0.017999812960624695,0.07203480750322341,0.8823529411764706,1.0,0.21638309955596924,0.10616846904158592,0.21638309955596924,0.004957079887390137,0.35546614939654947,0.4285714285714286,0.75,0.75,0.6,0.6
2033,0,19,0.36691176891326904,0.3668457269668579,0.03043493628501892,0.15242866724729537,0.8285714285714287,0.5,0.09708952903747559,0.09708952903747559,0.09708952903747559,0.0,0.17699472370802127,0.0,1.0,1.0,1.0,1.0
2033,0,20,0.08835146576166153,0.10595099627971649,0.032259419560432434,0.053479268588125704,0.8823529411764706,1.0,0.2025252729654312,0.04422587193548679,0.2025252729654312,0.0008578076958656311,0.3367845948667362,0.6,0.75,0.75,0.35,0.35
2033,0,21,0.13858936727046967,0.13230077922344208,0.06700871884822845,0.05991504676640034,0.7714285714285715,1.0,0.22637785971164703,0.22637785971164703,0.22637785971164703,0.0,0.36918125668849616,0.0,1.0,1.0,1.0,1.0
2033,0,27,0.132007896900177,0.15845243632793427,0.20673434436321259,0.062310167402029035,0.9411764705882354,0.5,0.1954522281885147,0.1954522281885147,0.1954522281885147,0.0,0.32699295476605733,0.0,1.0,1.0,1.0,1.0
2033,0,30,0.518265426158905,0.4606081247329712,0.028648197650909424,0.1443098969757557,0.8857142857142858,0.5,0.08956730365753174,0.02468629479408264,0.08956730365753174,0.00729021430015564,0.16430974968226647,0.6,1.0,1.0,0.45,0.45
2033,0,40,0.24037952721118927,0.2793385684490204,0.03177446126937866,0.13698622807860375,0.8285714285714287,0.5,0.15437570214271545,0.03100796341896057,0.15437570214271545,0.004062622785568237,0.2673159762446147,0.6,0.75,0.75,0.45,0.45
2033,0,42,0.29501771926879883,0.2845463752746582,0.017550259828567505,0.09480785876512528,0.942857142857143,0.5,0.12235835194587708,0.012049645185470581,0.12235835194587708,0.0029177963733673096,0.21796840320462335,0.6,0.75,0.75,0.3125,0.3125
2033,0,44,0.32448136806488037,0.2685201168060303,0.0030832290649414062,0.09045579470694065,0.942857142857143,1.0,0.042176082730293274,0.04954347759485245,0.042176082730293274,0.010407835245132446,0.08090406176325286,0.6,0.5,0.5,0.425,0.425
2033,0,48,0.34655332565307617,0.366510272026062,0.07363101840019226,0.116037667542696,1.0,1.0,0.10637781023979187,0.03954204171895981,0.10637781023979187,0.010957896709442139,0.19209461482935253,0.6923076923076923,0.75,0.75,0.2875,0.2875
2033,0,53,0.1116255596280098,0.1074390783905983,0.1725202426314354,0.04451214373111725,0.9411764705882354,0.5,0.17532315105199814,0.045229557529091836,0.17532315105199814,0.0022839009761810303,0.2982384951311008,0.4285714285714286,0.75,0.75,0.55,0.55
2033,0,57,0.07712235301733017,0.1064770519733429,0.06759375333786011,0.04853708893060684,0.6,0.5,0.22297808527946472,0.22297808527946472,0.22297808527946472,0.0,0.364647720124129,0.0,1.0,1.0,1.0,1.0
2033,0,58,0.22157113254070282,0.22894622385501862,0.002034693956375122,0.09152732454240323,0.8857142857142858,1.0,0.17912311851978302,0.06873420923948288,0.17912311851978302,0.01631985604763031,0.3030604758299898,0.4285714285714286,0.75,0.75,0.5875,0.5875
2033,0,70,0.3904772102832794,0.3860863745212555,0.06432154774665833,0.1238766334950924,0.48571428571428577,0.5,0.16280528903007507,0.03583385944366455,0.16280528903007507,0.0019407272338867188,0.2799453678220934,0.5,0.75,0.75,0.5,0.5
2033,0,72,0.19953206181526184,0.16439302265644073,0.022701352834701538,0.07518280595541,0.9411764705882354,1.0,0.20843924582004547,0.0383674792945385,0.20843924582004547,0.01065930724143982,0.3443327463012812,0.6,0.75,0.75,0.45,0.45
2033,0,74,0.19112750887870789,0.19404909014701843,0.009227365255355835,0.09198507517576218,0.9411764705882354,1.0,0.20284757018089294,0.20284757018089294,0.20284757018089294,0.0,0.337278929117157,0.0,1.0,1.0,1.0,1.0
2033,0,78,0.22335372865200043,0.2522832751274109,0.2700151801109314,0.08290473148226737,0.6571428571428573,0.5,0.12986496090888977,0.12986496090888977,0.12986496090888977,0.0,0.22987695946323244,0.0,1.0,1.0,1.0,1.0
2033,0,81,0.13370992243289948,0.13211140036582947,0.06755033135414124,0.0832508347928524,0.6,0.5,0.2271815538406372,0.2271815538406372,0.2271815538406372,0.0,0.3702492970655248,0.0,1.0,1.0,1.0,1.0
2033,0,85,0.2050478756427765,0.16708776354789734,0.021956712007522583,0.06564166396856308,0.942857142857143,1.0,0.2137179672718048,0.2137179672718048,0.2137179672718048,0.0,0.35217072340487804,0.0,1.0,1.0,1.0,1.0
2033,0,99,0.056245774030685425,0.07291429489850998,0.1736902818083763,0.03208082839846611,0.823529411764706,0.5,0.16993232816457748,0.05666408352553844,0.16993232816457748,0.000177726149559021,0.2904919142075336,0.4285714285714286,0.75,0.75,0.6125,0.6125
2033,0,109,0.14814414083957672,0.15258701145648956,0.028796136379241943,0.08456318341195583,0.7714285714285715,1.0,0.2254021018743515,0.09254220277070999,0.2254021018743515,0.00804293155670166,0.36733482385136584,0.4285714285714286,1.0,1.0,0.5875,0.5875
2033,0,111,0.25699830055236816,0.24064062535762787,0.033767685294151306,0.08050218224525452,1.0,1.0,0.16931311786174774,0.07240513265132904,0.16931311786174774,0.000919148325920105,0.2895555752656112,0.4285714285714286,0.75,0.75,0.5625,0.5625
2033,0,127,0.13390249013900757,0.11973695456981659,0.042290523648262024,0.06167439110577107,0.8823529411764706,1.0,0.1953015774488449,0.03755291439592838,0.1953015774488449,0.0011562854051589966,0.3267202984175894,0.6,0.75,0.75,0.4625,0.4625
2033,0,133,0.07156534492969513,0.10787595063447952,0.0588657483458519,0.049151549115777016,0.3714285714285715,0.5,0.019902914762496948,0.030771058797836304,0.019902914762496948,0.026622377336025238,0.03900821797192842,0.6923076923076923,0.25,0.25,0.3,0.3
2033,0,135,0.18208912014961243,0.17530883848667145,0.1189078837633133,0.06307507604360581,0.823529411764706,0.5,0.1572897881269455,0.08950500935316086,0.1572897881269455,0.0004577040672302246,0.2718074612859207,0.4285714285714286,1.0,1.0,0.6,0.6
2033,0,136,0.07694753259420395,0.0953630805015564,0.23286029696464539,0.040351872146129605,0.8285714285714287,0.5,0.20840412378311157,0.06854828223586082,0.20840412378311157,0.005411036312580109,0.34460121784649433,0.4285714285714286,0.75,0.75,0.5125,0.5125
2033,0,145,0.16574345529079437,0.18905003368854523,0.0003187507390975952,0.10286147408187389,0.823529411764706,0.5,0.033150702714920044,0.07479134276509285,0.033150702714920044,0.04747141897678375,0.06407153389124952,0.6,0.5,0.5,0.4125,0.4125
2033,0,155,0.1253088265657425,0.12841695547103882,0.18928822875022888,0.03529945276677608,0.9411764705882354,0.5,0.19004619121551514,0.04511439315974712,0.19004619121551514,0.008052237331867218,0.3189794559615613,0.4285714285714286,1.0,1.0,0.575,0.575
2033,0,165,0.1066751778125763,0.13051749765872955,0.07722604274749756,0.058332140743732455,0.3714285714285715,0.5,0.02560264617204666,0.02950861304998398,0.02560264617204666,0.016607001423835754,0.049905989429511195,0.6923076923076923,0.75,0.75,0.35,0.35
2033,0,166,0.08837613463401794,0.11300420016050339,0.2119305208325386,0.060636385902762414,0.942857142857143,0.5,0.19189605861902237,0.06719548888504505,0.19189605861902237,0.003425098955631256,0.32182325377680393,0.6,0.75,0.75,0.4125,0.4125
2033,0,168,0.23486068844795227,0.31383025646209717,0.015309631824493408,0.10926522836089134,0.7714285714285715,1.0,0.1709408462047577,0.06829833537340164,0.1709408462047577,0.009189963340759277,0.2915769784950102,0.4285714285714286,0.75,0.75,0.6125,0.6125
2033,0,170,0.11687193065881729,0.1350061148405075,0.007170170545578003,0.07417170144617558,0.9411764705882354,1.0,0.19341321289539337,0.19341321289539337,0.19341321289539337,0.0,0.3241345257543192,0.0,1.0,1.0,1.0,1.0
2033,0,182,0.07298353314399719,0.07501911371946335,0.04533015936613083,0.05280054584145546,0.823529411764706,0.5,0.005597114562988281,0.07097311355173588,0.005597114562988281,0.009718157351016998,0.011131314469121235,0.4285714285714286,0.5,0.5,0.575,0.575
2033,0,183,0.4899977445602417,0.4663686156272888,0.06862819194793701,0.1398703023791313,0.8857142857142858,1.0,0.04005151987075806,0.046559789776802064,0.04005151987075806,0.01023322343826294,0.07698768580089425,0.4285714285714286,0.75,0.75,0.5625,0.5625
2033,0,199,0.08344428986310959,0.09479385614395142,0.19122764468193054,0.0367714449763298,0.823529411764706,0.5,0.1801827847957611,0.022859611362218858,0.1801827847957611,0.006101816892623901,0.3050613157550287,0.6,0.75,0.75,0.3875,0.3875
2033,0,201,0.155643031001091,0.14518357813358307,0.27684466540813446,0.09326296262443065,0.6571428571428573,0.5,0.22912462055683136,0.09754590019583702,0.22912462055683136,0.010397776961326599,0.3720968895490884,0.4285714285714286,0.75,0.75,0.5875,0.5875
2033,0,219,0.13205105066299438,0.17291085422039032,0.1108451634645462,0.07974081858992577,0.6571428571428573,0.5,0.21099470555782318,0.07751696333289146,0.21099470555782318,0.0022321492433547974,0.34832934356826833,0.6,0.75,0.75,0.4125,0.4125
2033,0,221,0.26220691204071045,0.3014518618583679,0.037653326988220215,0.12470949478447438,1.0,1.0,0.14275115728378296,0.07503507062792777,0.14275115728378296,0.011593908071517944,0.24947214648960778,0.4285714285714286,0.75,0.75,0.55,0.55
2033,0,222,0.3354160785675049,0.31979110836982727,0.03203341364860535,0.1055506244301796,1.0,1.0,0.1469663381576538,0.035472236573696136,0.1469663381576538,0.00653451681137085,0.2560538585777036,0.6,0.75,0.75,0.4,0.4
2033,0,226,0.1482689380645752,0.17189212143421173,0.05567745864391327,0.08437155485153199,0.9411764705882354,1.0,0.1994486004114151,0.1994486004114151,0.1994486004114151,0.0,0.3325671485097461,0.0,1.0,1.0,1.0,1.0
2033,0,239,0.10631021112203598,0.12626589834690094,0.05361218750476837,0.10966881848871708,0.8857142857142858,1.0,0.20991568267345428,0.20991568267345428,0.20991568267345428,0.0,0.34699225025271235,0.0,1.0,1.0,1.0,1.0
2033,0,257,0.10773962736129761,0.114824578166008,0.010957419872283936,0.060983046889305115,0.8823529411764706,1.0,0.01993110030889511,0.04032083116471767,0.01993110030889511,0.03606399893760681,0.039054675375875814,0.6,0.75,0.75,0.4125,0.4125
2033,0,258,0.2218043953180313,0.22511997818946838,0.021096885204315186,0.12744524590671064,1.0,1.0,0.0016480237245559692,0.07260066568851471,0.0016480237245559692,0.011981859803199768,0.0032905587655624514,0.4285714285714286,0.75,0.75,0.625,0.625
2033,0,262,0.2915928363800049,0.24843333661556244,0.0091351717710495,0.08482574112713337,0.9411764705882354,1.0,0.19430963695049286,0.035183440893888474,0.19430963695049286,0.012795224785804749,0.3247076793861833,0.6,1.0,1.0,0.4375,0.4375
2033,0,267,0.24681171774864197,0.29085737466812134,0.11799845099449158,0.15887715816497802,0.08571428571428573,0.5,0.17983046174049377,0.03715569600462913,0.17983046174049377,0.0067608654499053955,0.3045252434291651,0.6923076923076923,0.75,0.75,0.2625,0.2625
2033,0,271,0.12543387711048126,0.13175787031650543,0.028874382376670837,0.07256675697863102,0.9411764705882354,1.0,0.2065611630678177,0.07584667094051838,0.2065611630678177,0.0009385198354721069,0.3423414490055651,0.4285714285714286,1.0,1.0,0.575,0.575
2033,0,277,0.21176736056804657,0.17828179895877838,0.1072612851858139,0.09859185479581356,0.7714285714285715,1.0,0.023806840181350708,0.07887382730841637,0.023806840181350708,0.003329366445541382,0.0465028951587017,0.4285714285714286,0.75,0.75,0.6,0.6
2033,0,278,0.19291558861732483,0.18442685902118683,0.08380486071109772,0.09375175684690476,0.9411764705882354,1.0,0.15782366693019867,0.15782366693019867,0.15782366693019867,0.0,0.27262124870645493,0.0,1.0,1.0,1.0,1.0
2033,0,283,0.13346953690052032,0.1276973932981491,0.1635252684354782,0.042014600709080696,0.9411764705882354,0.5,0.22690771520137787,0.061617841199040416,0.22690771520137787,0.0035009533166885376,0.36964536886313765,0.6,0.75,0.75,0.4375,0.4375
2033,0,291,0.12728025019168854,0.12204702198505402,0.23779325187206268,0.06299832612276077,0.823529411764706,0.5,0.16626553237438202,0.04666771255433559,0.16626553237438202,0.007844053208827972,0.2848036568010978,0.4285714285714286,0.75,0.75,0.525,0.525
2033,0,292,0.23093652725219727,0.23845027387142181,0.017586886882781982,0.06590024009346962,0.7058823529411765,0.5,0.17355205118656158,0.17355205118656158,0.17355205118656158,0.0,0.29577222588650515,0.0,1.0,1.0,1.0,1.0
2033,0,307,0.12323081493377686,0.13359998166561127,0.05738416314125061,0.08740044459700584,0.8857142857142858,1.0,0.19750629365444183,0.08332698419690132,0.19750629365444183,0.003602057695388794,0.32966607984502627,0.4285714285714286,0.75,0.75,0.575,0.575
2033,0,322,0.0578639917075634,0.0683787614107132,0.15287542343139648,0.047196677327156066,0.942857142857143,1.0,0.19228975474834442,0.19228975474834442,0.19228975474834442,0.0,0.32255540900614527,0.0,1.0,1.0,1.0,1.0
2033,0,323,0.11902191489934921,0.15145857632160187,0.07272249460220337,0.11407073810696602,0.6470588235294118,0.5,0.23670850694179535,0.04194658137857914,0.23670850694179535,0.0037848055362701416,0.3825258789419247,0.6,0.75,0.75,0.45,0.45
2033,0,331,0.10333380848169327,0.10612081736326218,0.05873725563287735,0.0503129031509161,0.9411764705882354,1.0,0.16684243828058243,0.05893335938453674,0.16684243828058243,0.0012330114841461182,0.2859220521167614,0.4285714285714286,0.75,0.75,0.575,0.575
2033,0,344,0.05094940587878227,0.07938932627439499,0.13345114141702652,0.03959580399096012,0.9411764705882354,1.0,0.18153197318315506,0.18153197318315506,0.18153197318315506,0.0,0.3072823711982865,0.0,1.0,1.0,1.0,1.0
2033,0,348,0.19046087563037872,0.15600250661373138,0.1455998569726944,0.061574452370405194,1.0,1.0,0.16292230784893036,0.009812760353088378,0.16292230784893036,0.0013531744480133057,0.28014147564091835,0.6,0.75,0.75,0.3625,0.3625
2033,0,357,0.0886128768324852,0.09862149506807327,0.04123903065919876,0.042614275589585304,0.9411764705882354,1.0,0.19363626092672348,0.038578254729509355,0.19363626092672348,0.0002643987536430359,0.3244337659984106,0.6,0.75,0.75,0.5125,0.5125
2033,0,363,0.09223879873752594,0.10746478289365768,0.04167354851961136,0.035233345627784726,0.9411764705882354,1.0,0.1809668317437172,0.1809668317437172,0.1809668317437172,0.0,0.30647233585132383,0.0,1.0,1.0,1.0,1.0
2033,0,368,0.043192364275455475,0.0701761394739151,0.17146101593971252,0.04385334402322769,0.5882352941176471,0.5,0.17939698696136475,0.06017791572958231,0.17939698696136475,0.0005471184849739075,0.30419282446098933,0.4285714285714286,0.75,0.75,0.5625,0.5625
2033,0,369,0.4475916028022766,0.5091489553451538,0.0272253155708313,0.17174755334854125,0.7714285714285715,1.0,0.03396117687225342,0.03396117687225342,0.03396117687225342,0.0,0.06569139660540532,0.0,1.0,1.0,1.0,1.0
2033,0,380,0.2041424661874771,0.21994709968566895,0.026491716504096985,0.08784473314881325,0.942857142857143,1.0,0.009652778506278992,0.021608982235193253,0.009652778506278992,0.009371861815452576,0.019119257081535546,0.75,0.5,0.5,0.15,0.15
2033,0,381,0.4932596683502197,0.3991042673587799,0.05592992901802063,0.13440726324915886,1.0,1.0,0.13915255665779114,0.02710069715976715,0.13915255665779114,0.007129848003387451,0.2440947854195696,0.6923076923076923,0.75,0.75,0.325,0.325
2033,0,383,0.2747165262699127,0.3435458838939667,0.08105334639549255,0.13950149044394494,0.2,0.5,0.13527801632881165,0.13527801632881165,0.13527801632881165,0.0,0.2383169838279172,0.0,1.0,1.0,1.0,1.0
2033,0,384,0.16130216419696808,0.18861639499664307,0.015436500310897827,0.10117730237543583,0.942857142857143,0.5,0.19941624999046326,0.10496940538287163,0.19941624999046326,0.010190457105636597,0.33195396270367417,0.4285714285714286,0.75,0.75,0.5625,0.5625
2033,0,385,0.24071985483169556,0.23579740524291992,0.09661072492599487,0.12359599396586418,0.6,0.5,0.2065354883670807,0.03018830269575119,0.2065354883670807,0.012676969170570374,0.3416104020192657,0.6,0.75,0.75,0.35,0.35
2033,0,391,0.24363774061203003,0.270240843296051,0.0073944926261901855,0.10230483710765839,0.3714285714285715,0.5,0.03823062777519226,0.06844436526298522,0.03823062777519226,0.03489914536476135,0.07354779987654489,0.4285714285714286,0.5,0.5,0.6625,0.6625
2033,0,393,0.43818068504333496,0.43552884459495544,0.023088455200195312,0.1349479116499424,0.6571428571428573,1.0,0.07211866974830627,0.025311692059040068,0.07211866974830627,0.02611526846885681,0.13429262512971205,0.6,0.5,0.5,0.4,0.4
2033,0,397,0.19058260321617126,0.19063766300678253,0.008915260434150696,0.07288016453385353,0.9411764705882354,1.0,0.1690339595079422,0.05905081108212471,0.1690339595079422,0.016237109899520874,0.2884972084841232,0.6923076923076923,0.75,0.75,0.3,0.3
2033,0,401,0.4857368767261505,0.5448657870292664,0.03219175338745117,0.14357827603816986,0.942857142857143,1.0,0.04285949468612671,0.02725076675415039,0.04285949468612671,0.011410951614379883,0.08215713202689412,0.4285714285714286,0.75,0.75,0.55,0.55
2033,0,402,0.03746382147073746,0.06414985656738281,0.1484832614660263,0.03974332883954048,0.7058823529411765,0.5,0.17346595227718353,0.04075978361070156,0.17346595227718353,0.0033161938190460205,0.29550184377466115,0.4285714285714286,1.0,1.0,0.575,0.575
2033,0,414,0.26550501585006714,0.31909191608428955,0.04071354866027832,0.10598283410072326,0.8285714285714287,1.0,0.11961871385574341,0.11961871385574341,0.11961871385574341,0.0,0.21367758929966513,0.0,1.0,1.0,1.0,1.0
2033,0,416,0.084994375705719,0.09382186084985733,0.23894336074590683,0.0978617712855339,0.7058823529411765,0.5,0.2057979628443718,0.2057979628443718,0.2057979628443718,0.0,0.34134733875136497,0.0,1.0,1.0,1.0,1.0
2033,0,418,0.09015257656574249,0.11526462435722351,0.07010768353939056,0.06518949903547763,0.942857142857143,1.0,0.019102051854133606,0.03654785603284836,0.019102051854133606,0.019182458519935608,0.03747426825455578,0.6,0.5,0.5,0.4375,0.4375
2033,0,422,0.11074294149875641,0.14100868999958038,0.282259002327919,0.08552257008850575,0.6,0.5,0.1951383799314499,0.044071536883711813,0.1951383799314499,0.010273858904838562,0.3260010783034961,0.6,0.75,0.75,0.4875,0.4875
2033,0,423,0.24019545316696167,0.22149023413658142,0.041961848735809326,0.12990060783922672,0.7714285714285715,1.0,0.2029789686203003,0.2029789686203003,0.2029789686203003,0.0,0.3374605440577193,0.0,1.0,1.0,1.0,1.0
2033,0,424,0.17436586320400238,0.17324002087116241,0.049954622983932495,0.08268695212900638,1.0,1.0,0.0271008163690567,0.029700399190187455,0.0271008163690567,0.010328337550163269,0.052756955067996894,0.6,0.5,0.5,0.3625,0.3625
2033,0,431,0.05123589187860489,0.06920498609542847,0.1493842750787735,0.035291708633303644,0.7419354838709679,0.5,0.015899553894996643,0.018504583276808262,0.015899553894996643,0.011424455791711807,0.03129576865388678,0.6,0.75,0.75,0.375,0.375
2033,0,435,0.11193481832742691,0.1528404951095581,0.0005426257848739624,0.0761171594262123,0.9411764705882354,1.0,0.008758991956710815,0.07832086309790612,0.008758991956710815,0.010027095675468445,0.01736434920848552,0.4285714285714286,0.5,0.5,0.5625,0.5625
2033,0,438,0.1681898683309555,0.19471146166324615,0.08029474318027496,0.07953313365578651,0.942857142857143,1.0,0.04916749894618988,0.017136936634778978,0.04916749894618988,0.0024315565824508667,0.09371598586693136,0.6,0.75,0.75,0.4375,0.4375
2033,0,440,0.11585463583469391,0.11214542388916016,0.041197240352630615,0.05852853283286095,0.8823529411764706,1.0,0.003984950482845306,0.030530614033341407,0.003984950482845306,0.030270107090473175,0.00793728396193743,0.6,0.25,0.25,0.425,0.425
2033,0,442,0.470749169588089,0.46661314368247986,0.049311429262161255,0.18262601643800735,0.6,1.0,0.08809259533882141,0.03871477693319321,0.08809259533882141,0.035562664270401,0.16143918655089676,0.6,0.5,0.5,0.4,0.4
2033,0,443,0.18330517411231995,0.1886766403913498,0.10324935615062714,0.07467496655881405,0.7714285714285715,1.0,0.1846264749765396,0.07441870346665383,0.1846264749765396,0.0027549266815185547,0.31156997194851194,0.4285714285714286,0.75,0.75,0.55,0.55
2033,0,445,0.13632890582084656,0.13415837287902832,0.20562142133712769,0.054653409868478775,0.823529411764706,0.5,0.21178871393203735,0.21178871393203735,0.21178871393203735,0.0,0.34954726264914765,0.0,1.0,1.0,1.0,1.0
2033,0,447,0.23335373401641846,0.2472556233406067,0.24568521976470947,0.07881298661231995,0.7714285714285715,0.5,0.14222589135169983,0.057000665366649626,0.14222589135169983,0.008784204721450806,0.24875836431339055,0.4285714285714286,1.0,1.0,0.5875,0.5875
2033,0,453,0.13052606582641602,0.14997191727161407,0.010926619172096252,0.08663411661982537,0.5882352941176471,0.5,0.2402849942445755,0.09597532078623772,0.2402849942445755,0.002705782651901245,0.3872638341544922,0.4285714285714286,0.75,0.75,0.5625,0.5625
2033,0,454,0.13300348818302155,0.13081179559230804,0.09737052023410797,0.0805699061602354,0.7058823529411765,0.5,0.19620387256145477,0.0607731182128191,0.19620387256145477,0.003670990467071533,0.3278460710825206,0.4285714285714286,1.0,1.0,0.5125,0.5125
2033,0,457,0.06450919806957245,0.08857708424329758,0.19208339601755142,0.04590282514691353,0.9411764705882354,0.5,0.17981833964586258,0.018533089384436607,0.17981833964586258,0.0036650002002716064,0.3046529723403228,0.7142857142857143,0.75,0.75,0.1875,0.1875
2033,0,461,0.4034116864204407,0.3813161253929138,0.010820239782333374,0.13072091937065125,0.8857142857142858,0.5,0.15571516752243042,0.03174170106649399,0.15571516752243042,0.04785695672035217,0.2676572002517652,0.6923076923076923,0.5,0.5,0.3,0.3
2033,0,462,0.32864782214164734,0.26349949836730957,0.0006489157676696777,0.06798871159553528,1.0,1.0,0.14312511682510376,0.07721850872039795,0.14312511682510376,0.010820776224136353,0.25006773689261785,0.4285714285714286,1.0,1.0,0.575,0.575
2033,0,464,0.08764898031949997,0.11322414875030518,0.10314291715621948,0.07305323667824268,0.4705882352941177,0.5,0.20408353209495544,0.20408353209495544,0.20408353209495544,0.0,0.3389856711018637,0.0,1.0,1.0,1.0,1.0
2033,0,469,0.1312360167503357,0.13097675144672394,0.07549725472927094,0.044416448846459386,0.942857142857143,1.0,0.19821195304393768,0.19821195304393768,0.19821195304393768,0.0,0.33084622890032106,0.0,1.0,1.0,1.0,1.0
2033,0,480,0.16049127280712128,0.11685477942228317,0.07929357141256332,0.05088299512863159,0.9411764705882354,0.5,0.19969157129526138,0.19969157129526138,0.19969157129526138,0.0,0.3329048500018417,0.0,1.0,1.0,1.0,1.0
2033,0,482,0.1270563155412674,0.11854001134634018,0.21684590727090836,0.06439675390720367,0.6,0.5,0.22157341986894608,0.10334068350493908,0.22157341986894608,0.004637658596038818,0.36246093674319757,0.4285714285714286,1.0,1.0,0.6375,0.6375
2033,0,484,0.29408755898475647,0.2652643322944641,0.11739781498908997,0.12515812814235688,0.08571428571428573,0.5,0.20068258047103882,0.20068258047103882,0.20068258047103882,0.0,0.3342808228171499,0.0,1.0,1.0,1.0,1.0
2033,0,500,0.12676608562469482,0.11631293594837189,0.05218708515167236,0.08719692528247833,1.0,1.0,0.20224682986736298,0.03637791872024536,0.20224682986736298,0.006413593888282776,0.336083150709346,0.6,0.75,0.75,0.4625,0.4625
2033,0,503,0.10873222351074219,0.10529913753271103,0.2440742328763008,0.0644556738436222,0.8285714285714287,0.5,0.17479941993951797,0.02598867528140545,0.17479941993951797,0.0023341551423072815,0.2974781705021453,0.4285714285714286,1.0,1.0,0.5,0.5
2033,0,513,0.06074430048465729,0.08021346479654312,0.18568053096532822,0.03909788634628057,0.7714285714285715,0.5,0.19261132925748825,0.020966775342822076,0.19261132925748825,0.0030671656131744385,0.3228472960993788,0.6923076923076923,0.75,0.75,0.2875,0.2875
2033,0,514,0.32271867990493774,0.32560229301452637,0.010733544826507568,0.07954966276884079,0.942857142857143,1.0,0.11292657256126404,0.11292657256126404,0.11292657256126404,0.0,0.20293624996548942,0.0,1.0,1.0,1.0,1.0
2033,0,526,0.5524318218231201,0.4987030327320099,0.056494057178497314,0.1489677533507347,0.942857142857143,1.0,0.07241103053092957,0.04224776178598404,0.07241103053092957,0.011470407247543335,0.13493770518466755,0.6,0.75,0.75,0.35,0.35
2033,0,527,0.0959959551692009,0.1014513149857521,0.05390491336584091,0.07647776938974857,0.5882352941176471,0.5,0.2236456200480461,0.06994779482483864,0.2236456200480461,0.002296052873134613,0.3653861660518617,0.6,0.75,0.75,0.525,0.525
2033,0,538,0.1785125583410263,0.1444510817527771,0.028411030769348145,0.07409893162548542,1.0,1.0,0.23361551761627197,0.05750031135976315,0.23361551761627197,0.0035100728273391724,0.37849683719721516,0.4285714285714286,0.75,0.75,0.55,0.55
2033,0,539,0.06052922084927559,0.08312937617301941,0.030464425683021545,0.04068986941128969,0.823529411764706,0.5,0.01675444096326828,0.03989252708852291,0.01675444096326828,0.01666732132434845,0.03294750824922534,0.4285714285714286,0.75,0.75,0.5625,0.5625
2033,0,540,0.7419865727424622,0.715349555015564,0.3399691581726074,0.1648259073495865,0.942857142857143,1.0,0.007153570652008057,0.015038037300109863,0.007153570652008057,0.01955580711364746,0.014203508884092587,0.4285714285714286,1.0,1.0,0.5625,0.5625
2033,0,546,0.06865080446004868,0.09155195951461792,0.18040156364440918,0.04843588154762983,0.7647058823529412,0.5,0.23254558444023132,0.23254558444023132,0.23254558444023132,0.0,0.37734196183233815,0.0,1.0,1.0,1.0,1.0
2033,0,548,0.10723839700222015,0.10989898443222046,0.038701653480529785,0.10062849316745996,0.8285714285714287,0.5,0.22389736771583557,0.22389736771583557,0.22389736771583557,0.0,0.36587605075692925,0.0,1.0,1.0,1.0,1.0
2033,0,556,0.2466370016336441,0.22643409669399261,0.04923750460147858,0.1001460924744606,0.8823529411764706,1.0,0.004308849573135376,0.05355116650462151,0.004308849573135376,0.1493409425020218,0.008574267844369581,0.6,0.25,0.25,0.4375,0.4375
2033,0,557,0.3478204309940338,0.30956941843032837,0.007550656795501709,0.09666149318218231,0.9411764705882354,1.0,0.1333659291267395,0.02946503460407257,0.1333659291267395,0.014382362365722656,0.23494145206668787,0.6,0.75,0.75,0.4375,0.4375
2033,0,560,0.04947808012366295,0.06895424425601959,0.1480567306280136,0.026428990066051483,0.823529411764706,0.5,0.1570385843515396,0.011307513900101184,0.1570385843515396,0.00855935737490654,0.2711314777478219,0.6,0.75,0.75,0.3875,0.3875
2033,0,561,0.09432952851057053,0.09806057810783386,0.09760017693042755,0.05993152856826782,0.4285714285714286,0.5,0.23732808232307434,0.026977119594812395,0.23732808232307434,0.005643665790557861,0.3831966675491324,0.6,0.5,0.5,0.325,0.325
2033,0,564,0.49656280875205994,0.49154001474380493,0.03530341386795044,0.1252999946475029,0.8857142857142858,0.5,0.11998772621154785,0.05546772927045822,0.11998772621154785,5.951523780822754e-05,0.21426477864892654,0.4285714285714286,0.75,0.75,0.575,0.575
2033,0,567,0.12773381173610687,0.11374625563621521,0.19507020711898804,0.05170596688985825,0.942857142857143,0.5,0.19467708468437195,0.053331928327679634,0.19467708468437195,0.004431292414665222,0.32567124345991066,0.6,0.75,0.75,0.475,0.475
2033,0,568,0.606964111328125,0.5845764875411987,0.06955575942993164,0.11129595041275024,0.3714285714285715,0.5,0.08047610521316528,0.08047610521316528,0.08047610521316528,0.0,0.1489641553846085,0.0,1.0,1.0,1.0,1.0
2033,0,573,0.23540061712265015,0.25183624029159546,0.021968230605125427,0.07828317955136299,0.942857142857143,1.0,0.16293498873710632,0.06533627361059188,0.16293498873710632,0.004347085952758789,0.28004210288487746,0.4285714285714286,1.0,1.0,0.5125,0.5125
2033,0,584,0.42382362484931946,0.43181872367858887,0.028240859508514404,0.14738808795809746,0.6571428571428573,1.0,0.0927194356918335,0.06346353590488434,0.0927194356918335,0.003874540328979492,0.16964802037885576,0.6,0.75,0.75,0.475,0.475
2033,0,586,0.07896196842193604,0.08956994861364365,0.06176098436117172,0.05735709089785814,0.9411764705882354,1.0,0.19485849887132645,0.04493206404149532,0.19485849887132645,0.007351629436016083,0.32576817258690055,0.6,0.75,0.75,0.475,0.475
2033,0,589,0.1068955808877945,0.124080128967762,0.3229656144976616,0.04859960600733757,0.5428571428571429,0.5,0.17985593527555466,0.05579391457140446,0.17985593527555466,0.0011063739657402039,0.30482632316155256,0.6,1.0,1.0,0.4375,0.4375
2034,0,4,0.10964619368314743,0.08227860927581787,0.31513190269470215,0.10272239334881306,0.5294117647058824,0.0,0.08619371056556702,0.04120259992778301,0.08619371056556702,0.0020791813731193542,0.15868157079704648,0.4285714285714286,1.0,1.0,0.575,0.575
2034,0,6,0.18535524606704712,0.17358839511871338,0.0632488876581192,0.1538561224937439,0.7058823529411765,0.5,0.12062054872512817,0.12062054872512817,0.12062054872512817,0.0,0.2152745616923622,0.0,1.0,1.0,1.0,1.0
2034,0,7,0.16790270805358887,0.18279963731765747,0.0936528742313385,0.11064045727252961,0.7058823529411765,0.5,0.07234061509370804,0.040447472035884856,0.07234061509370804,0.09262916445732117,0.1339981569442959,0.75,0.75,0.75,0.275,0.275
2034,0,8,0.09775160998106003,0.10383822023868561,0.13145267963409424,0.07813778351992369,0.8285714285714287,0.5,0.09673242270946503,0.0553125187754631,0.09673242270946503,0.0012062564492225647,0.1763823477270952,0.4285714285714286,0.75,0.75,0.6125,0.6125
2034,0,10,0.16880975663661957,0.19163329899311066,0.13730181753635406,0.12558172196149825,0.7142857142857143,1.0,0.08959166705608368,0.08959166705608368,0.08959166705608368,0.0,0.16444998574217656,0.0,1.0,1.0,1.0,1.0
2034,0,11,0.3454590439796448,0.31484121084213257,0.0221576988697052,0.13420322313904762,0.942857142857143,1.0,0.07990801334381104,0.03544191345572471,0.07990801334381104,0.0025114715099334717,0.14796284107095758,0.4285714285714286,0.75,0.75,0.5625,0.5625
2034,0,14,0.14308761060237885,0.17234189808368683,0.2340865582227707,0.06279936544597149,0.942857142857143,0.5,0.11585567891597748,0.018739353865385056,0.11585567891597748,0.005012243986129761,0.20754496693469995,0.6,0.75,0.75,0.4,0.4
2034,0,15,0.33419445157051086,0.3661336302757263,0.016668230295181274,0.19094890207052231,0.8285714285714287,0.5,0.05050364136695862,0.0362445130944252,0.05050364136695862,0.019627124071121216,0.0960588378939609,0.4285714285714286,0.75,0.75,0.525,0.525
2034,0,17,0.15805751085281372,0.1569979041814804,0.050975948572158813,0.11252652257680892,0.9411764705882354,1.0,0.12040640413761139,0.036014045029878615,0.12040640413761139,0.003746435046195984,0.2148466188198131,0.4285714285714286,0.75,0.75,0.5125,0.5125
2034,0,23,0.08401335030794144,0.09318062663078308,0.30429312586784363,0.0887931501492858,0.7142857142857143,0.5,0.11361987888813019,0.046546535938978194,0.11361987888813019,0.001836530864238739,0.20401674962184077,0.4285714285714286,0.75,0.75,0.6,0.6
2034,0,36,0.12288091331720352,0.11940755695104599,0.29936642199754715,0.06448329612612724,0.823529411764706,0.5,0.10113071650266647,0.05178920701146126,0.10113071650266647,0.00020860880613327026,0.18368169562183792,0.4285714285714286,1.0,1.0,0.5625,0.5625
2034,0,37,0.0728444904088974,0.07904195040464401,0.31470829993486404,0.10655976701527833,0.5428571428571429,0.5,0.11462702602148056,0.11462702602148056,0.11462702602148056,0.0,0.20567781570957805,0.0,1.0,1.0,1.0,1.0
2034,0,39,0.11210275441408157,0.10690199583768845,0.06013060361146927,0.10175448544323444,0.9411764705882354,1.0,0.13237791508436203,0.038462089747190474,0.13237791508436203,0.005953684449195862,0.23364159820267125,0.6,1.0,1.0,0.475,0.475
2034,0,43,0.21370388567447662,0.2671623229980469,0.3196113705635071,0.09767592325806618,0.6,0.5,0.0869230329990387,0.0869230329990387,0.0869230329990387,0.0,0.15994330851412839,0.0,1.0,1.0,1.0,1.0
2034,0,52,0.17589609324932098,0.18432019650936127,0.08755455911159515,0.1815644282847643,0.6,0.5,0.12864379584789276,0.12864379584789276,0.12864379584789276,0.0,0.2279617295043016,0.0,1.0,1.0,1.0,1.0
2034,0,53,0.0633188784122467,0.07228711992502213,0.2560080215334892,0.07463451027870179,0.823529411764706,0.5,0.07430634647607803,0.07430634647607803,0.07430634647607803,0.0,0.13833362656716397,0.0,1.0,1.0,1.0,1.0
2034,0,54,0.04686838760972023,0.058943971991539,0.23765020072460175,0.08112462107092142,0.823529411764706,0.5,0.07991211116313934,0.01901377448812127,0.07991211116313934,0.00944364070892334,0.14789309929592864,0.6,0.5,0.5,0.4,0.4
2034,0,57,0.10998381674289703,0.10756374150514603,0.07798589020967484,0.1161911616101861,0.5882352941176471,0.5,0.11539111286401749,0.054875700175762175,0.11539111286401749,0.009879134595394135,0.20669364199536544,0.6,0.5,0.5,0.4375,0.4375
2034,0,59,0.3169591724872589,0.30842211842536926,0.021989107131958008,0.11910062208771706,0.942857142857143,1.0,0.08516308665275574,0.01846563518047333,0.08516308665275574,0.0030937492847442627,0.15692083766248122,0.6,0.75,0.75,0.4,0.4
2034,0,62,0.07586958259344101,0.08859913051128387,0.11159618198871613,0.07178098373115063,0.9411764705882354,1.0,0.1356937140226364,0.1356937140226364,0.1356937140226364,0.0,0.23896181223370197,0.0,1.0,1.0,1.0,1.0
2034,0,70,0.0646236389875412,0.08550465852022171,0.3021249994635582,0.11997989285737276,0.7714285714285715,0.5,0.07718058675527573,0.07718058675527573,0.07718058675527573,0.0,0.14330110977540364,0.0,1.0,1.0,1.0,1.0
2034,0,78,0.06257729232311249,0.07939769327640533,0.31031282246112823,0.0815168984234333,0.7647058823529412,0.5,0.07177713513374329,0.03392331004142761,0.07177713513374329,6.727129220962524e-05,0.13393980780552786,0.4285714285714286,0.75,0.75,0.5875,0.5875
2034,0,80,0.16244171559810638,0.16754694283008575,0.12471903860569,0.15487903729081154,0.8285714285714287,0.5,0.015596896409988403,0.016412802785634995,0.015596896409988403,0.02614961564540863,0.03070207753134428,0.7894736842105263,0.5,0.5,0.2375,0.2375
2034,0,93,0.19178825616836548,0.17229421436786652,0.3976653069257736,0.080586177110672,0.5428571428571429,0.5,0.015475243330001831,0.028515710681676864,0.015475243330001831,0.0012874454259872437,0.030478220760891687,0.4285714285714286,0.75,0.75,0.575,0.575
2034,0,97,0.3123331367969513,0.35959896445274353,0.04925978183746338,0.17742913961410522,0.4285714285714286,0.5,0.13055622577667236,0.033923986554145816,0.13055622577667236,0.029598653316497803,0.2301486278503818,0.6,0.75,0.75,0.4125,0.4125
2034,0,103,0.4309144616127014,0.41191792488098145,0.12304162979125977,0.19086236990988253,0.08571428571428573,0.5,0.05206289887428284,0.016202886402606965,0.05206289887428284,0.0012334883213043213,0.09896692912160665,0.6,1.0,1.0,0.4125,0.4125
2034,0,112,0.09604483097791672,0.08302520215511322,0.30487827956676483,0.09422362819314004,0.5294117647058824,0.0,0.08351041376590729,0.01781224086880684,0.08351041376590729,0.010798193514347076,0.15401829232117334,0.75,0.5,0.5,0.2625,0.2625
2034,0,118,0.29177242517471313,0.3058260381221771,0.38782718777656555,0.1819131150841713,0.4285714285714286,0.5,0.019998997449874878,0.02129267305135727,0.019998997449874878,0.011333972215652466,0.039204946882828134,0.6,0.75,0.75,0.3875,0.3875
2034,0,119,0.13513299822807312,0.12758904695510864,0.07922548055648804,0.11691017504781484,0.7058823529411765,0.5,0.14211595058441162,0.04042963758111,0.14211595058441162,0.006681613624095917,0.2486561875356062,0.6,0.75,0.75,0.4,0.4
2034,0,121,0.06137855350971222,0.06706162542104721,0.19915024191141129,0.031275690905749796,1.0,1.0,0.11392178386449814,0.034446817636489865,0.11392178386449814,0.0021847039461135864,0.20449600997762182,0.4285714285714286,0.75,0.75,0.5875,0.5875
2034,0,136,0.06704297661781311,0.07799416035413742,0.27312440425157547,0.08228513970971107,0.7647058823529412,0.5,0.08582749217748642,0.03307760283350945,0.08582749217748642,0.006701178848743439,0.15800253547574247,0.4285714285714286,1.0,1.0,0.5,0.5
2034,0,141,0.14184272289276123,0.14692005515098572,0.04743817448616028,0.10228943452239037,0.8823529411764706,1.0,0.12783494591712952,0.12783494591712952,0.12783494591712952,0.0,0.22669087596532503,0.0,1.0,1.0,1.0,1.0
2034,0,152,0.044153813272714615,0.054317623376846313,0.2371496558189392,0.04773272704333067,0.823529411764706,0.5,0.07520928978919983,0.07520928978919983,0.07520928978919983,0.0,0.13989702377654306,0.0,1.0,1.0,1.0,1.0
2034,0,154,0.17927560210227966,0.16235370934009552,0.1368759125471115,0.1104682855308056,0.6571428571428573,0.5,0.046477898955345154,0.04409964010119438,0.046477898955345154,0.04595060646533966,0.08863768463678408,0.4285714285714286,0.75,0.75,0.5625,0.5625
2034,0,156,0.08452273160219193,0.08357153087854385,0.28146009892225266,0.04563034363090992,0.823529411764706,0.5,0.08661352843046188,0.02490615174174309,0.08661352843046188,0.01414152979850769,0.15923712832806908,0.75,0.5,0.5,0.2625,0.2625
2034,0,162,0.05327865481376648,0.05724525451660156,0.2461707890033722,0.054590678215026854,0.7058823529411765,0.5,0.08131182193756104,0.08131182193756104,0.08131182193756104,0.0,0.15039477103258062,0.0,1.0,1.0,1.0,1.0
2034,0,171,0.05835143104195595,0.07194449752569199,0.22158098965883255,0.07262125741690398,0.823529411764706,0.5,0.10648597031831741,0.008138302341103553,0.10648597031831741,0.007645420730113983,0.19233334684086886,0.75,0.5,0.5,0.2125,0.2125
2034,0,175,0.13409598171710968,0.1314125508069992,0.32603244483470917,0.07944135144352912,0.823529411764706,0.5,0.10403367877006531,0.10403367877006531,0.10403367877006531,0.0,0.18846106014802502,0.0,1.0,1.0,1.0,1.0
2034,0,177,0.08325660973787308,0.0819421336054802,0.3240039423108101,0.0478940237313509,0.48571428571428577,0.0,0.08949107676744461,0.08949107676744461,0.08949107676744461,0.0,0.16428051349069794,0.0,1.0,1.0,1.0,1.0
2034,0,178,0.07851248234510422,0.10063283890485764,0.08653039485216141,0.06560324504971504,0.9411764705882354,1.0,0.11906748265028,0.016134973615407944,0.11906748265028,0.005250707268714905,0.21267823715994094,0.6,0.75,0.75,0.4,0.4
2034,0,186,0.07741519063711166,0.0719999447464943,0.22381403297185898,0.05931383986026049,0.9411764705882354,0.5,0.08234233409166336,0.08234233409166336,0.08234233409166336,0.0,0.1521558041259981,0.0,1.0,1.0,1.0,1.0
2034,0,196,0.23376159369945526,0.20582114160060883,0.07770989835262299,0.06342792063951493,1.0,1.0,0.08913801610469818,0.03762862682342529,0.08913801610469818,0.0032165199518203735,0.16364221946468055,0.4285714285714286,1.0,1.0,0.55,0.55
2034,0,197,0.14583535492420197,0.15235759317874908,0.3381506949663162,0.08247434124350547,0.8285714285714287,0.5,0.10780619084835052,0.05758463032543659,0.10780619084835052,0.0008667409420013428,0.19461362736336466,0.4285714285714286,0.75,0.75,0.5875,0.5875
2034,0,200,0.1028037741780281,0.12134233117103577,0.11672510206699371,0.09099296741187572,1.0,1.0,0.09752598404884338,0.028425762057304384,0.09752598404884338,0.0004131793975830078,0.17771315384928574,0.4285714285714286,1.0,1.0,0.55,0.55
2034,0,202,0.3306650221347809,0.3294757008552551,0.32088810205459595,0.0896917775273323,0.6571428571428573,0.5,0.028149127960205078,0.047083880007267,0.028149127960205078,0.054585933685302734,0.0546704758038659,0.4285714285714286,0.75,0.75,0.5875,0.5875
2034,0,203,0.42578229308128357,0.45299261808395386,0.08658087253570557,0.20517397075891494,0.8285714285714287,0.5,0.04440730810165405,0.02804708480834961,0.04440730810165405,0.00492522120475769,0.08502040168495666,0.6,1.0,1.0,0.4,0.4
2034,0,208,0.263698548078537,0.2683565318584442,0.05021592974662781,0.16351713016629219,0.8857142857142858,1.0,0.08973550796508789,0.051051083207130435,0.08973550796508789,0.0018970668315887451,0.1646664988525077,0.4285714285714286,0.75,0.75,0.6125,0.6125
2034,0,223,0.06464887410402298,0.07423719018697739,0.31686265021562576,0.07124421205371619,0.5294117647058824,0.0,0.09823570400476456,0.025819837115705013,0.09823570400476456,0.0025987327098846436,0.17885562140476247,0.6,1.0,1.0,0.4375,0.4375
2034,0,224,0.43457144498825073,0.447833389043808,0.029631972312927246,0.13400724455714225,0.7714285714285715,1.0,0.05076193809509277,0.02316281646490097,0.05076193809509277,0.012131214141845703,0.09656200803099556,0.6,0.5,0.5,0.3375,0.3375
2034,0,227,0.26808586716651917,0.2387634515762329,0.09870114922523499,0.1519614066928625,0.8285714285714287,0.5,0.15175047516822815,0.15175047516822815,0.15175047516822815,0.0,0.2635127632937386,0.0,1.0,1.0,1.0,1.0
2034,0,233,0.06722457706928253,0.07338283210992813,0.3209660276770592,0.06647731512784957,0.7142857142857143,0.5,0.08782602101564407,0.08782602101564407,0.08782602101564407,0.0,0.16147071189498793,0.0,1.0,1.0,1.0,1.0
2034,0,236,0.10299574583768845,0.10396905988454819,0.1571543589234352,0.08734163176268339,0.3714285714285715,0.5,0.09819448739290237,0.027692912518978118,0.09819448739290237,0.002027936279773712,0.17879647053622058,0.4285714285714286,0.75,0.75,0.525,0.525
2034,0,237,0.17490315437316895,0.21307507157325745,0.04908180236816406,0.13540053218603135,0.7058823529411765,0.5,0.07964780926704407,0.07813962250947952,0.07964780926704407,0.1039743721485138,0.14629173161927247,0.4285714285714286,0.5,0.5,0.6,0.6
2034,0,242,0.18613815307617188,0.19003048539161682,0.06457477807998657,0.12480219528079033,0.942857142857143,1.0,0.11970356106758118,0.022863079607486726,0.11970356106758118,0.0012824088335037231,0.2137836036535284,0.6,1.0,1.0,0.475,0.475
2034,0,247,0.37231338024139404,0.40140026807785034,0.09340924024581909,0.11057891696691513,0.7714285714285715,1.0,0.043662577867507935,0.034945517778396606,0.043662577867507935,0.03368690609931946,0.08354997429386575,0.6,0.25,0.25,0.4375,0.4375
2034,0,248,0.134905606508255,0.14852972328662872,0.22633008658885956,0.06288039162755013,0.9411764705882354,0.5,0.10923092067241669,0.008591780066490173,0.10923092067241669,0.0032629072666168213,0.1968854595936083,0.6,0.75,0.75,0.35,0.35
2034,0,254,0.5477410554885864,0.5359313488006592,0.04142355918884277,0.17161794751882553,0.8857142857142858,1.0,0.023204684257507324,0.024600063264369965,0.023204684257507324,0.00248640775680542,0.04535431270992691,0.4285714285714286,0.5,0.5,0.625,0.625
2034,0,258,0.12796013057231903,0.15419933199882507,0.08533266186714172,0.10453025363385678,0.8857142857142858,1.0,0.12511464953422546,0.04620905444025993,0.12511464953422546,0.004676938056945801,0.22228722720185348,0.4285714285714286,1.0,1.0,0.5,0.5
2034,0,259,0.06552883982658386,0.07081124186515808,0.2367156445980072,0.0484801197424531,0.9411764705882354,0.5,0.09368854761123657,0.09368854761123657,0.09368854761123657,0.0,0.17132582729491866,0.0,1.0,1.0,1.0,1.0
2034,0,262,0.08723285794258118,0.10047124326229095,0.09379540383815765,0.08699964229017496,0.9411764705882354,1.0,0.10154889523983002,0.03552973382174969,0.10154889523983002,0.000880897045135498,0.1843597547752625,0.4285714285714286,0.75,0.75,0.5875,0.5875
2034,0,271,0.361990749835968,0.362323135137558,0.05684426426887512,0.09370886236429214,0.942857142857143,1.0,0.011705100536346436,0.021390447020530702,0.011705100536346436,0.02455270290374756,0.023132616013092033,0.6923076923076923,0.5,0.5,0.275,0.275
2034,0,273,0.060662079602479935,0.07397203147411346,0.23601652681827545,0.07648859359323978,1.0,1.0,0.07156316936016083,0.07156316936016083,0.07156316936016083,0.0,0.13356780338557508,0.0,1.0,1.0,1.0,1.0
2034,0,285,0.15177543461322784,0.1419554352760315,0.08197483420372009,0.06497688665986061,0.823529411764706,0.5,0.10719642043113708,0.10719642043113708,0.10719642043113708,0.0,0.19363577853583613,0.0,1.0,1.0,1.0,1.0
2034,0,290,0.21429108083248138,0.21301709115505219,0.24504972994327545,0.06726119965314865,0.2571428571428572,0.5,0.12027864158153534,0.0367244578897953,0.12027864158153534,0.0037582814693450928,0.21464292971725307,0.4285714285714286,1.0,1.0,0.475,0.475
2034,0,299,0.122800812125206,0.11600007861852646,0.2987803891301155,0.07534894421696663,0.8285714285714287,0.5,0.10325508564710617,0.009132718294858932,0.10325508564710617,0.013243518769741058,0.18694778675450638,0.6923076923076923,0.5,0.5,0.3125,0.3125
2034,0,302,0.3340546786785126,0.3835815489292145,0.1049652099609375,0.1909601900726557,0.7714285714285715,0.5,0.06080204248428345,0.023390902578830718,0.06080204248428345,0.0037799179553985596,0.11460917297103738,0.4285714285714286,1.0,1.0,0.55,0.55
2034,0,306,0.10844944417476654,0.12501272559165955,0.2748931050300598,0.05979501232504845,0.9411764705882354,0.5,0.09195902943611145,0.031182050704956055,0.09195902943611145,0.005951844155788422,0.16834456505109535,0.6,0.75,0.75,0.4,0.4
2034,0,308,0.12123924493789673,0.127316415309906,0.09912970662117004,0.09654672928154469,0.823529411764706,0.5,0.10685846209526062,0.10685846209526062,0.10685846209526062,0.0,0.19308423932176427,0.0,1.0,1.0,1.0,1.0
2034,0,314,0.26140454411506653,0.28150227665901184,0.1572798490524292,0.22099852710962295,-0.028571428571428574,0.5,0.08706453442573547,0.021706770360469817,0.08706453442573547,0.0009614825248718262,0.16017047967063144,0.6,0.75,0.75,0.45,0.45
2034,0,321,0.15438179671764374,0.15178295969963074,0.06364797055721283,0.13030409514904023,0.942857142857143,1.0,0.10618218779563904,0.10618218779563904,0.10618218779563904,0.0,0.19197956533224456,0.0,1.0,1.0,1.0,1.0
2034,0,330,0.23410674929618835,0.27733030915260315,0.03431686758995056,0.14353292360901831,0.942857142857143,1.0,0.005992084741592407,0.03421294987201691,0.005992084741592407,0.017514169216156006,0.011911522276835567,0.4285714285714286,0.75,0.75,0.5625,0.5625
2034,0,335,0.20668525993824005,0.20783640444278717,0.10635416209697723,0.11561562977731228,0.7142857142857143,0.5,0.0049575865268707275,0.03616781383752823,0.0049575865268707275,0.11042340099811554,0.009860222299328682,0.6,0.0,0.0,0.45,0.45
2034,0,356,0.1480923295021057,0.17206576466560364,0.2330959439277649,0.06874071098864079,0.942857142857143,0.5,0.09558835625648499,0.03211774155497551,0.09558835625648499,0.005207851529121399,0.17441717983203428,0.6,1.0,1.0,0.3625,0.3625
2034,0,363,0.3570742607116699,0.3392329216003418,0.15256839990615845,0.17662083841860293,0.4285714285714286,0.5,0.10858505964279175,0.01840622127056122,0.10858505964279175,0.019335299730300903,0.1955208784749619,0.6,0.5,0.5,0.4125,0.4125
2034,0,368,0.2323567420244217,0.17232176661491394,0.11030745506286621,0.05985542796552181,1.0,1.0,0.1159617006778717,0.024010930955410004,0.1159617006778717,0.0003224015235900879,0.2078168356686114,0.4285714285714286,0.75,0.75,0.5375,0.5375
2034,0,382,0.30186226963996887,0.4020611047744751,0.08335655927658081,0.11924391016364097,0.8857142857142858,1.0,0.055982351303100586,0.055982351303100586,0.055982351303100586,0.0,0.10602895253697638,0.0,1.0,1.0,1.0,1.0
2034,0,383,0.23737318813800812,0.22218865156173706,0.3745420575141907,0.11120922565460205,0.6571428571428573,0.5,0.09934812784194946,0.09934812784194946,0.09934812784194946,0.0,0.180740068274774,0.0,1.0,1.0,1.0,1.0
2034,0,389,0.20174258947372437,0.20239244401454926,0.050458505749702454,0.07276445776224136,0.942857142857143,1.0,0.1424199789762497,0.03662616685032845,0.1424199789762497,0.01247379183769226,0.2489383360125013,0.6,0.5,0.5,0.4125,0.4125
2034,0,392,0.1670473963022232,0.16897408664226532,0.0922107845544815,0.07742066532373429,0.9411764705882354,0.5,0.11686934530735016,0.11686934530735016,0.11686934530735016,0.0,0.20928024535437312,0.0,1.0,1.0,1.0,1.0
2034,0,394,0.08976282179355621,0.11244422197341919,0.29487767815589905,0.07682600561529399,0.5294117647058824,0.0,0.05125980079174042,0.04147820584475994,0.05125980079174042,0.050504349172115326,0.09726843423194366,0.6,0.25,0.25,0.4125,0.4125
2034,0,397,0.08946621417999268,0.09909931570291519,0.1328255906701088,0.07706603296101093,0.7714285714285715,0.5,0.023752860724925995,0.05156757608056069,0.023752860724925995,0.030877240002155304,0.04636922785318774,0.4285714285714286,0.5,0.5,0.5375,0.5375
2034,0,400,0.10998415946960449,0.1189861074090004,0.283074788749218,0.09286940619349479,0.823529411764706,0.5,0.07535583525896072,0.07535583525896072,0.07535583525896072,0.0,0.1401505116505254,0.0,1.0,1.0,1.0,1.0
2034,0,402,0.17694741487503052,0.19229447841644287,0.0473862886428833,0.07278409674763679,0.942857142857143,1.0,0.12818121910095215,0.12818121910095215,0.12818121910095215,0.0,0.22723515855564375,0.0,1.0,1.0,1.0,1.0
2034,0,403,0.10036629438400269,0.09291885793209076,0.21542413532733917,0.05030081979930401,1.0,1.0,0.07662159204483032,0.02681603506207466,0.07662159204483032,0.015735618770122528,0.1421753247430762,0.6,0.5,0.5,0.425,0.425
2034,0,414,0.08535148948431015,0.09450192004442215,0.10972421616315842,0.07437068857252598,0.8285714285714287,0.5,0.108519546687603,0.108519546687603,0.108519546687603,0.0,0.19579185051246623,0.0,1.0,1.0,1.0,1.0
2034,0,418,0.26657313108444214,0.31169694662094116,0.006368309259414673,0.10772244334220886,0.8857142857142858,1.0,0.03959345817565918,0.03523506075143814,0.03959345817565918,0.04924499988555908,0.0760210772626923,0.6,0.5,0.5,0.4125,0.4125
2034,0,423,0.28091397881507874,0.26344776153564453,0.3000119924545288,0.09720992930233478,0.6571428571428573,0.5,0.1048409640789032,0.058938626945018766,0.1048409640789032,0.003421992063522339,0.18972289707469123,0.4285714285714286,0.75,0.75,0.5875,0.5875
2034,0,424,0.38044241070747375,0.3365212082862854,0.07921075820922852,0.14293069541454315,0.8285714285714287,0.5,0.11441987752914429,0.03181461840867996,0.11441987752914429,0.003146648406982422,0.2052777578271914,0.6,0.5,0.5,0.425,0.425
2034,0,428,0.08690312504768372,0.10149891674518585,0.12104718387126923,0.08776191286742688,0.823529411764706,0.5,0.09494756162166595,0.022632424533367158,0.09494756162166595,1.2934207916259766e-05,0.17342831466464315,0.6,0.75,0.75,0.3,0.3
2034,0,429,0.15772345662117004,0.13126133382320404,0.1294104903936386,0.060239088535308835,0.7714285714285715,0.5,0.11370301246643066,0.11370301246643066,0.11370301246643066,0.0,0.2041891082158816,0.0,1.0,1.0,1.0,1.0
2034,0,441,0.16803984344005585,0.1372634768486023,0.0696210116147995,0.1320749780163169,0.8823529411764706,1.0,0.1259492039680481,0.1259492039680481,0.1259492039680481,0.0,0.22372093434442758,0.0,1.0,1.0,1.0,1.0
2034,0,454,0.06120898574590683,0.07314737886190414,0.10650502890348434,0.08825157452374696,0.823529411764706,0.5,0.11174871772527695,0.11174871772527695,0.11174871772527695,0.0,0.2010323303163747,0.0,1.0,1.0,1.0,1.0
2034,0,458,0.08441073447465897,0.08783765137195587,0.2851379066705704,0.08088564965873957,0.8285714285714287,0.5,0.1347561627626419,0.018284399062395096,0.1347561627626419,0.0014297962188720703,0.23746644017649304,0.4285714285714286,0.75,0.75,0.525,0.525
2034,0,470,0.10012370347976685,0.0980561226606369,0.08081166446208954,0.05058204028755427,0.9411764705882354,1.0,0.012138336896896362,0.011068552732467651,0.012138336896896362,0.009673215448856354,0.023982719980397745,0.75,0.75,0.75,0.2875,0.2875
2034,0,472,0.08582867681980133,0.09016672521829605,0.2679712101817131,0.07188030909746886,0.823529411764706,0.5,0.10366079956293106,0.030946382880210878,0.10366079956293106,0.001520596444606781,0.1878221537093473,0.4285714285714286,0.75,0.75,0.5375,0.5375
2034,0,473,0.20791903138160706,0.2120671272277832,0.08778619766235352,0.08550859801471233,1.0,1.0,0.03189975023269653,0.03355007618665695,0.03189975023269653,0.0027665793895721436,0.06182192536872263,0.4285714285714286,0.5,0.5,0.575,0.575
2034,0,479,0.09922181814908981,0.0900709480047226,0.33648745715618134,0.06908508595079184,0.8285714285714287,0.5,0.08932521939277649,0.08932521939277649,0.08932521939277649,0.0,0.1640010123745581,0.0,1.0,1.0,1.0,1.0
2034,0,482,0.25078025460243225,0.3207976520061493,0.026953458786010742,0.12623619213700293,0.7714285714285715,1.0,0.08888745307922363,0.03691373467445373,0.08888745307922363,0.0027229785919189453,0.16322650303811756,0.6,0.75,0.75,0.4,0.4
2034,0,488,0.5400229096412659,0.5021845698356628,0.04164016246795654,0.12128059715032577,0.8857142857142858,1.0,0.002315312623977661,0.015130069851875306,0.002315312623977661,0.005642592906951904,0.004619868110851635,0.6,1.0,1.0,0.45,0.45
2034,0,492,0.13150928914546967,0.1460428237915039,0.231469064950943,0.08869153335690498,1.0,1.0,0.056790098547935486,0.009900614991784096,0.056790098547935486,0.006728455424308777,0.10743748097210046,0.75,0.75,0.75,0.25,0.25
2034,0,496,0.09180773049592972,0.08575353026390076,0.3229564428329468,0.09451638944447041,0.5428571428571429,0.5,0.035597532987594604,0.02430837955325842,0.035597532987594604,0.022488705813884735,0.06869348999279849,0.6923076923076923,0.75,0.75,0.325,0.325
2034,0,501,0.1799851655960083,0.19766254723072052,0.09749628603458405,0.08616384342312813,0.8857142857142858,1.0,0.1344161182641983,0.1344161182641983,0.1344161182641983,0.0,0.23697850568250417,0.0,1.0,1.0,1.0,1.0
2034,0,517,0.11398020386695862,0.11306993663311005,0.10579641163349152,0.093109842389822,0.8285714285714287,0.5,0.0033236294984817505,0.03209277577698231,0.0033236294984817505,0.014332406222820282,0.006624920046357668,0.6,0.75,0.75,0.4125,0.4125
2034,0,519,0.28135672211647034,0.2650505602359772,0.04091125726699829,0.10140156894922256,0.8857142857142858,1.0,0.12598517537117004,0.12598517537117004,0.12598517537117004,0.0,0.22377768042930096,0.0,1.0,1.0,1.0,1.0
2034,0,520,0.09576746821403503,0.10216402262449265,0.13489916175603867,0.10953808911144733,0.6470588235294118,0.5,0.11094813793897629,0.11094813793897629,0.11094813793897629,0.0,0.19973594473060918,0.0,1.0,1.0,1.0,1.0
2034,0,524,0.20337839424610138,0.19513387978076935,0.058758750557899475,0.10881310626864434,0.9411764705882354,1.0,0.13234110176563263,0.03200146481394768,0.13234110176563263,0.003927990794181824,0.23364008421121665,0.7142857142857143,0.75,0.75,0.275,0.275
2034,0,530,0.6559353470802307,0.6214401721954346,0.04382044076919556,0.181690963357687,0.7142857142857143,0.5,0.003469526767730713,0.003469526767730713,0.003469526767730713,0.0,0.0069150615443328576,0.0,1.0,1.0,1.0,1.0
2034,0,531,0.08946197479963303,0.10776231437921524,0.32968275994062424,0.11275907941162586,0.7142857142857143,0.5,0.09778741747140884,0.028305352106690405,0.09778741747140884,0.0014497414231300354,0.17813061273895267,0.6,0.75,0.75,0.375,0.375
2034,0,537,0.3708382546901703,0.4317813217639923,0.10152646899223328,0.16813477054238318,0.7142857142857143,0.5,0.0746181309223175,0.04710383415222168,0.0746181309223175,0.009035050868988037,0.13878589797049867,0.4285714285714286,1.0,1.0,0.525,0.525
2034,0,542,0.11793427169322968,0.11328527331352234,0.09086073935031891,0.07266955934464932,0.823529411764706,0.5,0.06767547130584717,0.022609952837228775,0.06767547130584717,0.026587948203086853,0.12655250959845674,0.75,0.5,0.5,0.225,0.225
2034,0,550,0.1412712037563324,0.14645405113697052,0.3020864576101303,0.088139957934618,0.8285714285714287,0.5,0.08374574780464172,0.030257179588079452,0.08374574780464172,0.004189714789390564,0.15449846873365194,0.4285714285714286,0.75,0.75,0.5875,0.5875
2034,0,564,0.38995662331581116,0.36863353848457336,0.12421828508377075,0.19213902316987513,0.48571428571428577,0.5,0.06164497137069702,0.01214507520198822,0.06164497137069702,0.014097124338150024,0.11603470851785222,0.6923076923076923,0.75,0.75,0.375,0.375
2034,0,574,0.11234891414642334,0.11939509958028793,0.04611494392156601,0.07173753920942545,0.8823529411764706,1.0,0.039750777184963226,0.032228590175509456,0.039750777184963226,0.019645318388938904,0.07640359175599529,0.6,0.5,0.5,0.4,0.4
2034,0,579,0.10039258003234863,0.10329629480838776,0.32948507368564606,0.09977783244103193,0.7142857142857143,0.5,0.11295519769191742,0.049948762729763986,0.11295519769191742,0.0017165765166282654,0.20294705260129933,0.4285714285714286,1.0,1.0,0.625,0.625
2034,0,582,0.1622626781463623,0.1548621952533722,0.0260104238986969,0.1137225341051817,0.8857142857142858,1.0,0.12078648805618286,0.022392860800027847,0.12078648805618286,0.010791122913360596,0.2152857029306994,0.6,0.75,0.75,0.4125,0.4125
2034,0,585,0.11204370111227036,0.1222064420580864,0.12013610452413559,0.11055946350097656,0.8857142857142858,1.0,0.018165402114391327,0.013788965344429017,0.018165402114391327,0.020277075469493866,0.0356694439840206,0.75,0.5,0.5,0.225,0.225
2034,0,591,0.31937581300735474,0.35672086477279663,0.018758773803710938,0.09010417610406876,0.7714285714285715,1.0,0.08025124669075012,0.021944868564605712,0.08025124669075012,0.0065721869468688965,0.14850586825041887,0.6,0.75,0.75,0.35,0.35
2034,0,592,0.12145192176103592,0.135332852602005,0.33241674304008484,0.07201919741928578,0.8285714285714287,0.5,0.09208300709724426,0.004060544446110726,0.09208300709724426,0.01743987202644348,0.16838537051966992,0.75,0.5,0.5,0.1875,0.1875
2034,0,594,0.12121827155351639,0.14488288760185242,0.1713695526123047,0.1312248758971691,0.48571428571428577,0.0,0.13221609592437744,0.014635354280471802,0.13221609592437744,0.0017106831073760986,0.23350603117178004,0.6,0.75,0.75,0.35,0.35
2034,0,599,0.25979894399642944,0.23748590052127838,0.21142683923244476,0.05769777074456215,0.8857142857142858,0.5,0.10408838093280792,0.10408838093280792,0.10408838093280792,0.0,0.18855081301528973,0.0,1.0,1.0,1.0,1.0
2035,0,2,0.08976412564516068,0.09695984423160553,0.09966039657592773,0.12083511836826802,0.6470588235294118,0.5,0.1267520636320114,0.0209694504737854,0.1267520636320114,0.0005848482251167297,0.22497180024335273,0.6,1.0,1.0,0.3375,0.3375
2035,0,4,0.295860230922699,0.276388555765152,0.000976651906967163,0.11413459703326226,0.9411764705882354,1.0,0.09163007140159607,0.09163007140159607,0.09163007140159607,0.0,0.16787751419113592,0.0,1.0,1.0,1.0,1.0
2035,0,8,0.103850357234478,0.10720367729663849,0.29949311912059784,0.06548783406615258,0.5428571428571429,0.5,0.12618429958820343,0.04293421413749456,0.12618429958820343,0.012691415846347809,0.22376944475871804,0.6,0.75,0.75,0.4375,0.4375
2035,0,12,0.051670271903276443,0.05770713463425636,0.1690709851682186,0.036334865167737006,0.9411764705882354,1.0,0.09725688025355339,0.029757863841950893,0.09725688025355339,0.001714468002319336,0.1772457832003827,0.4285714285714286,0.75,0.75,0.5625,0.5625
2035,0,21,0.38814279437065125,0.39825934171676636,0.016769587993621826,0.15910419560968875,0.7714285714285715,0.5,0.06305935978889465,0.02478056252002716,0.06305935978889465,0.004900157451629639,0.11860286969772968,0.4285714285714286,0.75,0.75,0.6,0.6
2035,0,22,0.07907745987176895,0.09639538079500198,0.2635084316134453,0.04963959380984306,0.7058823529411765,0.5,0.03176175802946091,0.02955556884407997,0.03176175802946091,0.01646379381418228,0.06153629790488615,0.6,0.75,0.75,0.4,0.4
2035,0,24,0.17524446547031403,0.15922509133815765,0.20863841474056244,0.05952969156205654,0.9411764705882354,0.5,0.11733035743236542,0.11733035743236542,0.11733035743236542,0.0,0.2100190989207374,0.0,1.0,1.0,1.0,1.0
2035,0,26,0.26520344614982605,0.20402739942073822,0.061821773648262024,0.07977194711565971,1.0,1.0,0.08962945640087128,0.08962945640087128,0.08962945640087128,0.0,0.16451364429321536,0.0,1.0,1.0,1.0,1.0
2035,0,27,0.21064436435699463,0.2404593676328659,0.002552717924118042,0.10187520645558834,0.942857142857143,1.0,0.12177015841007233,0.05110341608524323,0.12177015841007233,0.004386693239212036,0.2169997925661067,0.4285714285714286,0.75,0.75,0.525,0.525
2035,0,30,0.3532301187515259,0.37071338295936584,0.044541358947753906,0.1127164214849472,0.942857142857143,1.0,0.04448789358139038,0.04448789358139038,0.04448789358139038,0.0,0.08518603969424318,0.0,1.0,1.0,1.0,1.0
2035,0,31,0.06128780543804169,0.07724674046039581,0.3078048378229141,0.07212959975004196,0.2571428571428572,0.0,0.10032033920288086,0.10032033920288086,0.10032033920288086,0.0,0.18234751395317694,0.0,1.0,1.0,1.0,1.0
2035,0,38,0.11696226894855499,0.12690377235412598,0.06691960990428925,0.0685216836631298,0.8823529411764706,1.0,0.14203360676765442,0.14203360676765442,0.14203360676765442,0.0,0.24873805101000152,0.0,1.0,1.0,1.0,1.0
2035,0,40,0.35531580448150635,0.36223849654197693,0.17947393655776978,0.08011418730020523,0.6,0.5,0.0164107084274292,0.027959294617176056,0.0164107084274292,0.014837414026260376,0.032283640233625475,0.6,0.75,0.75,0.35,0.35
2035,0,41,0.2777248024940491,0.23872110247612,0.060946494340896606,0.1354750894010067,0.7714285714285715,0.5,0.1303919553756714,0.012574728578329086,0.1303919553756714,0.0012225359678268433,0.23066963076029012,0.6,0.75,0.75,0.375,0.375
2035,0,48,0.45899924635887146,0.4219137132167816,0.003818124532699585,0.14311396479606628,0.7714285714285715,0.5,0.05118381977081299,0.05118381977081299,0.05118381977081299,0.0,0.09738319560887547,0.0,1.0,1.0,1.0,1.0
2035,0,53,0.07450789958238602,0.0690552145242691,0.08887451887130737,0.043744674883782864,0.9411764705882354,0.5,0.12918289005756378,0.032920825853943826,0.12918289005756378,0.0020209401845932007,0.22875473959782594,0.4285714285714286,1.0,1.0,0.525,0.525
2035,0,67,0.30876341462135315,0.336652010679245,0.042215436697006226,0.13635517433285713,0.6571428571428573,0.5,0.11276936531066895,0.05630321204662323,0.11276936531066895,0.006630599498748779,0.2025453591825624,0.4285714285714286,1.0,1.0,0.55,0.55
2035,0,69,0.5828684568405151,0.5305606722831726,0.37497641146183014,0.22125904262065887,0.7714285714285715,1.0,0.02270984649658203,0.023626135289669038,0.02270984649658203,0.040667593479156494,0.044369357070623734,0.6,0.5,0.5,0.35,0.35
2035,0,76,0.1146264523267746,0.12395306676626205,0.142893947660923,0.06671267598867417,0.8857142857142858,1.0,0.027204714715480804,0.048206227645277974,0.027204714715480804,0.02668708562850952,0.05293000222001666,0.6,0.5,0.5,0.4625,0.4625
2035,0,79,0.3406699001789093,0.3568054735660553,0.06767651438713074,0.1701913796365261,0.2,0.5,0.08355963230133057,0.016794456541538237,0.08355963230133057,0.011761516332626343,0.15409029572073143,0.6923076923076923,1.0,1.0,0.275,0.275
2035,0,86,0.2721497714519501,0.25151270627975464,0.010269373655319214,0.09088368490338325,0.9411764705882354,1.0,0.1367340385913849,0.04074346572160721,0.1367340385913849,0.003529280424118042,0.24047104434336006,0.6,0.75,0.75,0.375,0.375
2035,0,87,0.05416214093565941,0.06334029883146286,0.23465684801340103,0.05545366518199444,0.3714285714285715,0.0,0.11425524204969406,0.02225661613047123,0.11425524204969406,0.003896191716194153,0.2049969002151242,0.6,0.75,0.75,0.3625,0.3625
2035,0,88,0.17879851162433624,0.21332687139511108,0.17802584171295166,0.07524224445223808,0.2571428571428572,0.5,0.0700068473815918,0.03770015016198158,0.0700068473815918,0.011005803942680359,0.13075788012414505,0.4285714285714286,1.0,1.0,0.5625,0.5625
2035,0,108,0.13496553897857666,0.18395212292671204,0.05619494616985321,0.09822422005236149,1.0,1.0,0.14758187532424927,0.04242626577615738,0.14758187532424927,0.0036802291870117188,0.2570828369654542,0.4285714285714286,1.0,1.0,0.4625,0.4625
2035,0,121,0.30091559886932373,0.2807699739933014,0.005271434783935547,0.07476158365607262,0.7714285714285715,1.0,0.07938984036445618,0.04986479580402374,0.07938984036445618,0.02765616774559021,0.14679423818355825,0.6,0.5,0.5,0.4125,0.4125
2035,0,128,0.07846196740865707,0.08266551047563553,0.25663500279188156,0.08358801137655973,0.4705882352941177,0.0,0.10568390041589737,0.04971513450145722,0.10568390041589737,0.0008644387125968933,0.19114895568238374,0.6,0.75,0.75,0.4375,0.4375
2035,0,134,0.35118401050567627,0.35874563455581665,0.013446062803268433,0.16318315640091896,0.7714285714285715,0.5,0.10119298100471497,0.10119298100471497,0.10119298100471497,0.0,0.1837879150162903,0.0,1.0,1.0,1.0,1.0
2035,0,137,0.2157367318868637,0.1669154316186905,0.021518364548683167,0.09658078327775002,0.9411764705882354,1.0,0.12264464795589447,0.04409197643399239,0.12264464795589447,0.004067271947860718,0.2183949388563906,0.4285714285714286,1.0,1.0,0.5875,0.5875
2035,0,146,0.1256185621023178,0.1167394295334816,0.1264142170548439,0.0880670364946127,0.8857142857142858,1.0,0.11559552699327469,0.009052211791276932,0.11559552699327469,0.00029875338077545166,0.20722913429485745,0.6,0.75,0.75,0.4,0.4
2035,0,163,0.33038902282714844,0.32444772124290466,0.038763850927352905,0.10905305147171021,0.942857142857143,0.5,0.11871606111526489,0.023143254220485687,0.11871606111526489,0.004622668027877808,0.21213172415947176,0.6923076923076923,0.75,0.75,0.325,0.325
2035,0,169,0.19348852336406708,0.137212872505188,0.05203568935394287,0.08356335982680321,0.7714285714285715,1.0,0.013712972402572632,0.010865975916385651,0.013712972402572632,0.00019812583923339844,0.02705486861864173,0.6,0.75,0.75,0.4125,0.4125
2035,0,173,0.2016931027173996,0.20372293889522552,0.20209692418575287,0.0666072927415371,0.8285714285714287,0.5,0.11623235046863556,0.024043407291173935,0.11623235046863556,0.009477481245994568,0.20805105764342627,0.6,0.75,0.75,0.425,0.425
2035,0,176,0.029527606442570686,0.040797434747219086,0.19706933945417404,0.03774375207722187,0.5294117647058824,0.0,0.0924622192978859,0.0924622192978859,0.0924622192978859,0.0,0.16927307446350026,0.0,1.0,1.0,1.0,1.0
2035,0,179,0.23051688075065613,0.19935783743858337,0.035315558314323425,0.09125097580254078,0.9411764705882354,1.0,0.10657402873039246,0.02895122691988945,0.10657402873039246,0.010073617100715637,0.19243119592683325,0.6,0.75,0.75,0.3625,0.3625
2035,0,181,0.12108048051595688,0.12862981855869293,0.09674113988876343,0.1352053064852953,0.6571428571428573,0.5,0.040581926703453064,0.03227378688752651,0.040581926703453064,0.011125415563583374,0.07796431509296431,0.6,0.75,0.75,0.3625,0.3625
2035,0,183,0.09725654125213623,0.07693330198526382,0.12284012883901596,0.029643182829022407,0.7647058823529412,0.5,0.11793413013219833,0.11793413013219833,0.11793413013219833,0.0,0.21098582994018145,0.0,1.0,1.0,1.0,1.0
2035,0,184,0.19464826583862305,0.18577179312705994,0.049016281962394714,0.08731311708688735,0.942857142857143,1.0,0.14271971583366394,0.14271971583366394,0.14271971583366394,0.0,0.24978953956271535,0.0,1.0,1.0,1.0,1.0
2035,0,189,0.1257532835006714,0.141708105802536,0.06278388202190399,0.10679996684193611,0.8823529411764706,1.0,0.1479445993900299,0.1479445993900299,0.1479445993900299,0.0,0.25775564337972673,0.0,1.0,1.0,1.0,1.0
2035,0,194,0.2431805580854416,0.23129811882972717,0.05094835162162781,0.10051702782511711,0.9411764705882354,1.0,0.11061501502990723,0.05117584615945816,0.11061501502990723,0.0034552663564682007,0.19912720060864086,0.4285714285714286,0.75,0.75,0.6125,0.6125
2035,0,203,0.08931990712881088,0.10120172798633575,0.19997577369213104,0.06006134077906609,1.0,1.0,0.11820890009403229,0.015657339245080948,0.11820890009403229,0.0002004280686378479,0.21142095193319105,0.6,0.75,0.75,0.425,0.425
2035,0,213,0.042120493948459625,0.04858902841806412,0.1844281479716301,0.08055631220340728,0.823529411764706,0.5,0.09377642720937729,0.019827037863433362,0.09377642720937729,0.0021728239953517914,0.1714407450884752,0.6,0.75,0.75,0.4125,0.4125
2035,0,224,0.3554912507534027,0.3749951422214508,0.07872313261032104,0.1119282603263855,0.7714285714285715,1.0,0.0812976062297821,0.040691033005714417,0.0812976062297821,0.00041598081588745117,0.1503657497260075,0.4285714285714286,0.75,0.75,0.575,0.575
2035,0,231,0.2046235203742981,0.2350255697965622,0.003937959671020508,0.13752715289592743,0.942857142857143,1.0,0.08715154230594635,0.03827621638774872,0.08715154230594635,0.016940519213676453,0.16010889082689686,0.4285714285714286,0.75,0.75,0.5125,0.5125
2035,0,237,0.18059399724006653,0.16787846386432648,0.07741925120353699,0.07918298095464707,0.9411764705882354,1.0,0.12094344198703766,0.032564128190279006,0.12094344198703766,0.0020208507776260376,0.2157415254397344,0.6,0.75,0.75,0.4625,0.4625
2035,0,239,0.07196788489818573,0.0988885685801506,0.09117665141820908,0.0836133424192667,0.7058823529411765,0.5,0.12763822823762894,0.12763822823762894,0.12763822823762894,0.0,0.22638152031633954,0.0,1.0,1.0,1.0,1.0
2035,0,240,0.18161636590957642,0.18299570679664612,0.10209974646568298,0.07963634990155696,0.7714285714285715,1.0,0.16271910071372986,0.16271910071372986,0.16271910071372986,0.0,0.27989408725434284,0.0,1.0,1.0,1.0,1.0
2035,0,241,0.07646313309669495,0.10106080770492554,0.24162143468856812,0.07517819181084633,0.6571428571428573,0.5,0.13197901844978333,0.029446565359830857,0.13197901844978333,0.010924763977527618,0.23288289269226312,0.6,0.75,0.75,0.375,0.375
2035,0,244,0.06258616596460342,0.07274769246578217,0.09721502661705017,0.06726397797465325,0.823529411764706,0.5,0.12943241000175476,0.038870994746685025,0.12943241000175476,0.0021828114986419678,0.22914159139272358,0.4285714285714286,0.75,0.75,0.55,0.55
2035,0,248,0.26475927233695984,0.22120468318462372,0.15097181499004364,0.1239271480590105,1.0,1.0,0.10776452720165253,0.10776452720165253,0.10776452720165253,0.0,0.1945621556846179,0.0,1.0,1.0,1.0,1.0
2035,0,252,0.1074773445725441,0.10303090512752533,0.09370127320289612,0.07615831792354584,0.9411764705882354,1.0,0.08552335202693939,0.08552335202693939,0.08552335202693939,0.0,0.15757072727591948,0.0,1.0,1.0,1.0,1.0
2035,0,256,0.3131384253501892,0.28194770216941833,0.08449122309684753,0.11667769327759743,0.7714285714285715,0.5,0.12079426646232605,0.030405279994010926,0.12079426646232605,0.00915151834487915,0.2153368350030284,0.6923076923076923,0.75,0.75,0.3125,0.3125
2035,0,264,0.500786304473877,0.45766282081604004,0.27252620458602905,0.08829880803823471,0.823529411764706,0.5,0.0961376428604126,0.043047235906124116,0.0961376428604126,0.005924850702285767,0.17531997857118076,0.4285714285714286,0.75,0.75,0.6125,0.6125
2035,0,265,0.13112901151180267,0.1340942531824112,0.2522909492254257,0.0952185869216919,0.8285714285714287,0.5,0.12107713520526886,0.03972077555954456,0.12107713520526886,0.0035214126110076904,0.2159190279557196,0.4285714285714286,1.0,1.0,0.5875,0.5875
2035,0,273,0.05660117417573929,0.0735076293349266,0.22563979774713516,0.08508554585278034,0.7058823529411765,0.5,0.10168292373418808,0.0347628029063344,0.10168292373418808,0.0006520748138427734,0.18458450816390276,0.4285714285714286,0.75,0.75,0.5125,0.5125
2035,0,277,0.10994727164506912,0.11500421166419983,0.2182493805885315,0.07226474210619926,1.0,1.0,0.03683139383792877,0.05093644559383392,0.03683139383792877,0.02498042583465576,0.07098146085018565,0.4285714285714286,0.75,0.75,0.6,0.6
2035,0,281,0.4729110300540924,0.5666406154632568,0.014381349086761475,0.15104408785700799,1.0,1.0,0.02858877182006836,0.02858877182006836,0.02858877182006836,0.0,0.05558834123666559,0.0,1.0,1.0,1.0,1.0
2035,0,284,0.6220318078994751,0.6348070502281189,0.07292097806930542,0.103620745241642,0.5428571428571429,1.0,0.06727415323257446,0.03156442046165466,0.06727415323257446,0.0069203972816467285,0.12601188799582186,0.4285714285714286,1.0,1.0,0.575,0.575
2035,0,285,0.19967801868915558,0.18778495490550995,0.05252084136009216,0.08083769418299198,0.9411764705882354,1.0,0.10990945994853973,0.02230965346097946,0.10990945994853973,0.006617724895477295,0.19792065128438355,0.6,0.75,0.75,0.375,0.375
2035,0,298,0.38286784291267395,0.41788673400878906,0.0007359087467193604,0.14603987485170364,0.6,1.0,0.08948224782943726,0.043501994013786315,0.08948224782943726,0.04044139385223389,0.1636989840322266,0.6,0.5,0.5,0.4625,0.4625
2035,0,304,0.157810777425766,0.16776272654533386,0.216435968875885,0.06009325012564659,0.823529411764706,0.5,0.12806183099746704,0.12806183099746704,0.12806183099746704,0.0,0.22704753849216014,0.0,1.0,1.0,1.0,1.0
2035,0,305,0.5647287368774414,0.5422876477241516,0.051326632499694824,0.15295184552669525,0.8857142857142858,1.0,0.004512667655944824,0.011366796493530274,0.004512667655944824,0.005803108215332031,0.00898455434773343,0.6,0.5,0.5,0.425,0.425
2035,0,309,0.09852936863899231,0.11201123148202896,0.12381497770547867,0.06522936783730984,0.9411764705882354,1.0,0.028831206262111664,0.013329911977052689,0.028831206262111664,0.04709385335445404,0.05596900959508651,0.75,0.25,0.25,0.1875,0.1875
2035,0,314,0.48441454768180847,0.4697282314300537,0.003622978925704956,0.12960005775094033,0.8285714285714287,0.5,0.015004932880401611,0.03113279342651367,0.015004932880401611,0.0012443959712982178,0.02956568194707573,0.4285714285714286,0.75,0.75,0.525,0.525
2035,0,316,0.3028585612773895,0.31252238154411316,0.024374067783355713,0.09622418135404587,0.942857142857143,1.0,0.12272685766220093,0.010765790939331055,0.12272685766220093,0.012677580118179321,0.21831639467326378,0.6,0.5,0.5,0.375,0.375
2035,0,317,0.13773611187934875,0.14668193459510803,0.07560159265995026,0.09427976161241532,0.8857142857142858,1.0,0.15668416023254395,0.030046699941158293,0.15668416023254395,0.009784847497940063,0.2705573678466893,0.6,0.5,0.5,0.45,0.45
2035,0,319,0.09630922228097916,0.09124717861413956,0.22089748829603195,0.053063306212425235,0.823529411764706,0.5,0.11165060847997665,0.11165060847997665,0.11165060847997665,0.0,0.20087356158180475,0.0,1.0,1.0,1.0,1.0
2035,0,320,0.492391973733902,0.4687001705169678,0.027725905179977417,0.12335029765963554,0.7714285714285715,0.5,0.05338931083679199,0.03386902362108231,0.05338931083679199,0.07451510429382324,0.1009547507562079,0.6923076923076923,0.25,0.25,0.3375,0.3375
2035,0,322,0.18425880372524261,0.21113349497318268,0.022399872541427612,0.049350325018167496,1.0,1.0,0.07807107269763947,0.07807107269763947,0.07807107269763947,0.0,0.14483474174347988,0.0,1.0,1.0,1.0,1.0
2035,0,332,0.17608289420604706,0.14716210961341858,0.20775583386421204,0.07743692733347415,0.8285714285714287,0.5,0.1289621889591217,0.05553442016243935,0.1289621889591217,0.005924135446548462,0.2283060651119944,0.4285714285714286,0.75,0.75,0.5125,0.5125
2035,0,338,0.11904214322566986,0.11659416556358337,0.076001837849617,0.11197542175650596,0.823529411764706,0.5,0.12307550013065338,0.04163100086152553,0.12307550013065338,0.003314666450023651,0.21909597515809665,0.4285714285714286,0.75,0.75,0.5625,0.5625
2035,0,340,0.3889232277870178,0.3431670069694519,0.005006849765777588,0.09895795062184334,0.942857142857143,1.0,0.00858449935913086,0.037628491222858426,0.00858449935913086,0.029524534940719604,0.01701845915597721,0.4285714285714286,0.5,0.5,0.5875,0.5875
2035,0,348,0.06892062723636627,0.07972024381160736,0.07024642825126648,0.04373651184141636,0.942857142857143,1.0,0.1361173689365387,0.02451889794319868,0.1361173689365387,0.002049572765827179,0.23955955180612945,0.6,0.75,0.75,0.4125,0.4125
2035,0,356,0.29761824011802673,0.23947839438915253,0.22203440964221954,0.0707681879401207,0.6,0.5,0.08771313726902008,0.033903761953115466,0.08771313726902008,0.0024792850017547607,0.16124758957811097,0.4285714285714286,1.0,1.0,0.575,0.575
2035,0,361,0.2667824923992157,0.2473888099193573,0.05770498514175415,0.147372030839324,0.942857142857143,1.0,0.10396626591682434,0.10396626591682434,0.10396626591682434,0.0,0.18835043991218736,0.0,1.0,1.0,1.0,1.0
2035,0,373,0.08704859763383865,0.09161890298128128,0.21859752386808395,0.05949881356209517,0.7058823529411765,0.5,0.023212693631649017,0.023464453220367432,0.023212693631649017,0.02257481962442398,0.04534841594403552,0.6,0.5,0.5,0.35,0.35
2035,0,375,0.1478661298751831,0.14724791049957275,0.04632839560508728,0.09796253740787506,0.8823529411764706,1.0,0.04816809296607971,0.07832251265645027,0.04816809296607971,0.045565977692604065,0.09170789890853583,0.4285714285714286,0.75,0.75,0.575,0.575
2035,0,390,0.126388818025589,0.14836512506008148,0.0961185097694397,0.11345480754971504,0.7058823529411765,0.5,0.1424628049135208,0.05566943287849426,0.1424628049135208,0.0026301294565200806,0.24931397801329208,0.4285714285714286,1.0,1.0,0.5,0.5
2035,0,393,0.2667005956172943,0.21969373524188995,0.08380185067653656,0.06284450218081475,1.0,1.0,0.006436571478843689,0.0135881207883358,0.006436571478843689,0.011451810598373413,0.012789866401038201,0.6,0.5,0.5,0.375,0.375
2035,0,398,0.15518397092819214,0.15583717823028564,0.12909698486328125,0.1182407159358263,0.6,0.5,0.11778232455253601,0.020088138431310652,0.11778232455253601,0.01592932641506195,0.2103840197462579,0.6923076923076923,0.5,0.5,0.3375,0.3375
2035,0,401,0.08398941904306412,0.10378514975309372,0.07869265228509903,0.06281988620758057,0.8823529411764706,1.0,0.13628148287534714,0.05001791231334209,0.13628148287534714,0.0010309666395187378,0.23984306417991993,0.4285714285714286,1.0,1.0,0.5875,0.5875
2035,0,402,0.1142989918589592,0.1310800015926361,0.07656098902225494,0.11571584604680538,0.9411764705882354,1.0,0.11608511209487915,0.05078962966799736,0.11608511209487915,0.002894356846809387,0.20795918365326435,0.4285714285714286,0.75,0.75,0.5875,0.5875
2035,0,410,0.11009833961725235,0.10259518772363663,0.13543760031461716,0.09965198766440153,0.4285714285714286,0.5,0.1575109288096428,0.04796071387827396,0.1575109288096428,0.0015568360686302185,0.2720968092107501,0.6,0.75,0.75,0.4625,0.4625
2035,0,411,0.5281279683113098,0.4875112473964691,0.01453980803489685,0.1344918467104435,0.7714285714285715,0.5,0.06183376908302307,0.043471412360668184,0.06183376908302307,0.01292303204536438,0.11637728006494073,0.4285714285714286,1.0,1.0,0.525,0.525
2035,0,415,0.16235056519508362,0.1582929641008377,0.13465236127376556,0.06788508221507072,0.942857142857143,1.0,0.10908286273479462,0.10908286273479462,0.10908286273479462,0.0,0.1967082287536502,0.0,1.0,1.0,1.0,1.0
2035,0,428,0.5485725402832031,0.46576327085494995,0.01792767643928528,0.1700761877000332,0.942857142857143,0.5,0.01882702112197876,0.02996293306350708,0.01882702112197876,0.07443243265151978,0.036903388378179844,0.6,0.5,0.5,0.4,0.4
2035,0,434,0.09616964310407639,0.12150802463293076,0.21956754475831985,0.08834659866988659,0.6571428571428573,0.5,0.1754879727959633,0.057681319490075114,0.1754879727959633,0.001562654972076416,0.298509186201945,0.4285714285714286,0.75,0.75,0.5875,0.5875
2035,0,440,0.39336666464805603,0.45219647884368896,0.013042151927947998,0.12656680792570113,0.8285714285714287,0.5,0.018853962421417236,0.018853962421417236,0.018853962421417236,0.0,0.03701013710857785,0.0,1.0,1.0,1.0,1.0
2035,0,441,0.09629888832569122,0.08293157070875168,0.07935012131929398,0.06438220422714949,0.9411764705882354,1.0,0.1168316975235939,0.1168316975235939,0.1168316975235939,0.0,0.20921988117395057,0.0,1.0,1.0,1.0,1.0
2035,0,443,0.10258799046278,0.11260880529880524,0.06356970965862274,0.05142657868564129,0.9411764705882354,1.0,0.005009673535823822,0.01897459514439106,0.005009673535823822,0.0025007203221321106,0.009969279032145189,0.6,0.5,0.5,0.375,0.375
2035,0,446,0.0751749724149704,0.08294730633497238,0.07779575139284134,0.047938788309693336,0.9411764705882354,1.0,0.11152426153421402,0.05576377622783184,0.11152426153421402,0.003436744213104248,0.20059964476895795,0.4285714285714286,0.75,0.75,0.525,0.525
2035,0,447,0.21466399729251862,0.2266513854265213,0.040165409445762634,0.07993846349418163,1.0,1.0,0.11862833797931671,0.11862833797931671,0.11862833797931671,0.0,0.21209607150415338,0.0,1.0,1.0,1.0,1.0
2035,0,449,0.08424558490514755,0.08401532471179962,0.10970455408096313,0.06486916430294513,0.823529411764706,0.5,0.08780118823051453,0.08780118823051453,0.08780118823051453,0.0,0.16142874117160588,0.0,1.0,1.0,1.0,1.0
2035,0,454,0.2529407739639282,0.24879340827465057,0.02568918466567993,0.0864027850329876,0.8823529411764706,1.0,0.14624722301959991,0.07946529239416122,0.14624722301959991,0.011458560824394226,0.2547988804180738,0.4285714285714286,0.75,0.75,0.65,0.65
2035,0,460,0.2841329276561737,0.2736852169036865,0.18607982993125916,0.07872143611311913,0.8285714285714287,0.5,0.11572015285491943,0.11572015285491943,0.11572015285491943,0.0,0.20743580289163582,0.0,1.0,1.0,1.0,1.0
2035,0,475,0.16577182710170746,0.17472444474697113,0.20450808107852936,0.06045173183083534,0.823529411764706,0.5,0.08423332870006561,0.055615395307540894,0.08423332870006561,0.002610906958580017,0.1553470076567957,0.4285714285714286,1.0,1.0,0.6,0.6
2035,0,476,0.3479769229888916,0.38600674271583557,0.02372834086418152,0.18257704712450504,0.7714285714285715,0.5,0.06603115797042847,0.028313590586185454,0.06603115797042847,0.0553358793258667,0.12343436661717354,0.6,0.75,0.75,0.3125,0.3125
2035,0,479,0.6190120577812195,0.5096479654312134,0.06358405947685242,0.10412963181734085,0.8857142857142858,1.0,0.011997222900390625,0.013593384623527527,0.011997222900390625,0.0014619827270507812,0.023709580213516886,0.6,0.75,0.75,0.3625,0.3625
2035,0,490,0.21795792877674103,0.20225825905799866,0.10956770181655884,0.06251485385000706,0.942857142857143,1.0,0.029976263642311096,0.06593477502465248,0.029976263642311096,0.026088625192642212,0.05816233414439977,0.4285714285714286,0.5,0.5,0.6125,0.6125
2035,0,496,0.11790201812982559,0.12020837515592575,0.1024501845240593,0.06840533446520566,0.942857142857143,1.0,0.12397081404924393,0.016722002997994423,0.12397081404924393,0.0010692030191421509,0.22056832560240616,0.6,0.75,0.75,0.4375,0.4375
2035,0,498,0.14876067638397217,0.16790743172168732,0.0966949611902237,0.08377236202359199,0.9411764705882354,0.5,0.09468640387058258,0.05397883392870426,0.09468640387058258,0.0033875107765197754,0.1729419011679459,0.4285714285714286,0.75,0.75,0.6,0.6
2035,0,502,0.09093419462442398,0.08507458865642548,0.06737858057022095,0.04649079628288746,0.9411764705882354,1.0,0.1114877462387085,0.053192494064569475,0.1114877462387085,0.0017600208520889282,0.20057447053835292,0.4285714285714286,0.75,0.75,0.6125,0.6125
2035,0,509,0.11010913550853729,0.11733447760343552,0.07503052800893784,0.06543502919375896,1.0,1.0,0.13563222438097,0.028208431601524354,0.13563222438097,0.0032717138528823853,0.23877285245582971,0.6,0.75,0.75,0.425,0.425
2035,0,520,0.21195919811725616,0.2084445208311081,0.039792031049728394,0.08770098946988583,0.9411764705882354,1.0,0.10702268779277802,0.03984310030937195,0.10702268779277802,0.0014044344425201416,0.19332600763430735,0.6,0.75,0.75,0.3625,0.3625
2035,0,521,0.15917709469795227,0.16222529113292694,0.085354745388031,0.06869510635733604,0.8823529411764706,1.0,0.12447281181812286,0.024441300332546233,0.12447281181812286,0.0038778483867645264,0.22129338284003963,0.6923076923076923,0.5,0.5,0.4,0.4
2035,0,523,0.1978868842124939,0.20289108157157898,0.13245049118995667,0.11562068611383439,0.6571428571428573,0.5,0.13511717319488525,0.028233185410499573,0.13511717319488525,0.002229541540145874,0.23800405278949482,0.4285714285714286,0.75,0.75,0.4125,0.4125
2035,0,530,0.12650758028030396,0.147359699010849,0.10121569037437439,0.0721522644162178,0.8857142857142858,1.0,0.14704862236976624,0.05936315469443798,0.14704862236976624,0.00732557475566864,0.25615241702702385,0.4285714285714286,1.0,1.0,0.6125,0.6125
2035,0,531,0.49918147921562195,0.43142983317375183,0.07788881659507751,0.1202224150300026,0.8857142857142858,1.0,0.04717153310775757,0.05379711985588074,0.04717153310775757,0.00900954008102417,0.09005634882327292,0.4285714285714286,0.75,0.75,0.5375,0.5375
2035,0,534,0.48556041717529297,0.47023579478263855,0.021807730197906494,0.12851974219083787,0.942857142857143,1.0,0.07660454511642456,0.0520148903131485,0.07660454511642456,0.054904550313949585,0.14172185060801418,0.4285714285714286,0.75,0.75,0.525,0.525
2035,0,541,0.12342208623886108,0.125637486577034,0.10497640073299408,0.09680789485573768,0.8823529411764706,1.0,0.11423942446708679,0.02401389479637146,0.11423942446708679,0.0061888545751571655,0.20492280111977812,0.6,0.75,0.75,0.4,0.4
2035,0,545,0.1371469646692276,0.14846393465995789,0.08525562286376953,0.08963923305273055,0.8823529411764706,1.0,0.10928937792778015,0.05534450076520443,0.10928937792778015,0.00010962784290313721,0.1970418171818653,0.4285714285714286,0.75,0.75,0.6125,0.6125
2035,0,546,0.15268929302692413,0.17473895847797394,0.018096134066581726,0.08031494319438934,0.9411764705882354,1.0,0.13468630611896515,0.03789015412330628,0.13468630611896515,0.004271164536476135,0.23727749887882135,0.6,0.75,0.75,0.4625,0.4625
2035,0,573,0.40586137771606445,0.3789687156677246,0.07842183113098145,0.07804210633039474,0.8857142857142858,1.0,0.08440345525741577,0.06319017559289933,0.08440345525741577,0.03605717420578003,0.15521608964170497,0.4285714285714286,0.75,0.75,0.6,0.6
2035,0,579,0.08730639517307281,0.10817825794219971,0.1108274757862091,0.08545603863894939,0.942857142857143,1.0,0.002780333161354065,0.008900853618979455,0.002780333161354065,0.0019950270652770996,0.005545217949433586,0.75,0.5,0.5,0.2125,0.2125
2035,0,581,0.4218696653842926,0.5177881717681885,0.0013654828071594238,0.1518926665186882,0.7714285714285715,0.5,0.005781352519989014,0.005781352519989014,0.005781352519989014,0.0,0.011496241216848599,0.0,1.0,1.0,1.0,1.0
2035,0,582,0.33253148198127747,0.3501027226448059,0.005468934774398804,0.10963506177067757,0.8857142857142858,1.0,0.09035870432853699,0.09035870432853699,0.09035870432853699,0.0,0.16574124454609007,0.0,1.0,1.0,1.0,1.0
2035,0,584,0.570395290851593,0.5887002944946289,0.02943563461303711,0.11070380508899688,0.6,0.5,0.05140388011932373,0.049125395715236664,0.05140388011932373,0.0019994378089904785,0.09777183932048462,0.4285714285714286,0.75,0.75,0.55,0.55
2035,0,587,0.08893698453903198,0.09096987545490265,0.2147187739610672,0.0715175747871399,1.0,1.0,0.08996103703975677,0.030398676358163356,0.08996103703975677,0.004737630486488342,0.16500719455074944,0.4285714285714286,0.75,0.75,0.5625,0.5625
2035,0,588,0.23385895788669586,0.22154611349105835,0.04913321137428284,0.09127817451953887,1.0,1.0,0.13758262991905212,0.03384993076324463,0.13758262991905212,0.0009930431842803955,0.24185687785684293,0.6,1.0,1.0,0.4,0.4
2035,0,594,0.14902885258197784,0.1739218831062317,0.16306158900260925,0.05989786610007286,0.9411764705882354,0.5,0.03777407109737396,0.04322051703929901,0.03777407109737396,0.01320655643939972,0.07276280998997704,0.4285714285714286,0.75,0.75,0.5,0.5
2035,0,595,0.4551803171634674,0.5104978084564209,0.09423491358757019,0.1191593050956726,0.5428571428571429,1.0,0.049477070569992065,0.023691019415855406,0.049477070569992065,0.025975942611694336,0.09417059875723902,0.6923076923076923,0.5,0.5,0.3375,0.3375
