data_seed,model_seed,node_index,repetition,top_k,jaccard
2026,0,439,0,2,1.0
2026,0,439,0,4,1.0
2026,0,439,0,6,1.0
2026,0,439,0,8,1.0
2026,0,439,1,2,1.0
2026,0,439,1,4,1.0
2026,0,439,1,6,1.0
2026,0,439,1,8,1.0
2026,0,439,2,2,1.0
2026,0,439,2,4,1.0
2026,0,439,2,6,1.0
2026,0,439,2,8,1.0
2026,0,439,3,2,1.0
2026,0,439,3,4,1.0
2026,0,439,3,6,1.0
2026,0,439,3,8,1.0
2026,0,439,4,2,1.0
2026,0,439,4,4,1.0
2026,0,439,4,6,1.0
2026,0,439,4,8,1.0
2026,0,439,5,2,1.0
2026,0,439,5,4,1.0
2026,0,439,5,6,1.0
2026,0,439,5,8,1.0
2026,0,439,6,2,1.0
2026,0,439,6,4,1.0
2026,0,439,6,6,1.0
2026,0,439,6,8,1.0
2026,0,439,7,2,1.0
2026,0,439,7,4,1.0
2026,0,439,7,6,1.0
2026,0,439,7,8,1.0
2026,0,439,8,2,1.0
2026,0,439,8,4,1.0
2026,0,439,8,6,1.0
2026,0,439,8,8,1.0
2026,0,439,9,2,1.0
2026,0,439,9,4,1.0
2026,0,439,9,6,1.0
2026,0,439,9,8,1.0
2026,0,546,0,2,1.0
2026,0,546,0,4,1.0
2026,0,546,0,6,1.0
2026,0,546,0,8,1.0
2026,0,546,1,2,1.0
2026,0,546,1,4,1.0
2026,0,546,1,6,1.0
2026,0,546,1,8,1.0
2026,0,546,2,2,1.0
2026,0,546,2,4,1.0
2026,0,546,2,6,1.0
2026,0,546,2,8,1.0
2026,0,546,3,2,1.0
2026,0,546,3,4,1.0
2026,0,546,3,6,1.0
2026,0,546,3,8,1.0
2026,0,546,4,2,1.0
2026,0,546,4,4,1.0
2026,0,546,4,6,1.0
2026,0,546,4,8,1.0
2026,0,546,5,2,1.0
2026,0,546,5,4,1.0
2026,0,546,5,6,1.0
2026,0,546,5,8,1.0
2026,0,546,6,2,1.0
2026,0,546,6,4,1.0
2026,0,546,6,6,1.0
2026,0,546,6,8,1.0
2026,0,546,7,2,1.0
2026,0,546,7,4,1.0
2026,0,546,7,6,1.0
2026,0,546,7,8,1.0
2026,0,546,8,2,1.0
2026,0,546,8,4,1.0
2026,0,546,8,6,1.0
2026,0,546,8,8,1.0
2026,0,546,9,2,1.0
2026,0,546,9,4,1.0
2026,0,546,9,6,1.0
2026,0,546,9,8,1.0
2026,0,94,0,2,1.0
2026,0,94,0,4,1.0
2026,0,94,0,6,1.0
2026,0,94,0,8,1.0
2026,0,94,1,2,1.0
2026,0,94,1,4,1.0
2026,0,94,1,6,1.0
2026,0,94,1,8,1.0
2026,0,94,2,2,1.0
2026,0,94,2,4,1.0
2026,0,94,2,6,1.0
2026,0,94,2,8,1.0
2026,0,94,3,2,1.0
2026,0,94,3,4,1.0
2026,0,94,3,6,1.0
2026,0,94,3,8,1.0
2026,0,94,4,2,1.0
2026,0,94,4,4,1.0
2026,0,94,4,6,1.0
2026,0,94,4,8,1.0
2026,0,94,5,2,1.0
2026,0,94,5,4,1.0
2026,0,94,5,6,1.0
2026,0,94,5,8,1.0
2026,0,94,6,2,1.0
2026,0,94,6,4,1.0
2026,0,94,6,6,1.0
2026,0,94,6,8,1.0
2026,0,94,7,2,1.0
2026,0,94,7,4,1.0
2026,0,94,7,6,1.0
2026,0,94,7,8,1.0
2026,0,94,8,2,1.0
2026,0,94,8,4,1.0
2026,0,94,8,6,1.0
2026,0,94,8,8,1.0
2026,0,94,9,2,1.0
2026,0,94,9,4,1.0
2026,0,94,9,6,1.0
2026,0,94,9,8,1.0
2026,0,526,0,2,1.0
2026,0,526,0,4,1.0
2026,0,526,0,6,1.0
2026,0,526,0,8,1.0
2026,0,526,1,2,1.0
2026,0,526,1,4,1.0
2026,0,526,1,6,1.0
2026,0,526,1,8,1.0
2026,0,526,2,2,1.0
2026,0,526,2,4,1.0
2026,0,526,2,6,1.0
2026,0,526,2,8,1.0
2026,0,526,3,2,1.0
2026,0,526,3,4,1.0
2026,0,526,3,6,1.0
2026,0,526,3,8,1.0
2026,0,526,4,2,1.0
2026,0,526,4,4,1.0
2026,0,526,4,6,1.0
2026,0,526,4,8,1.0
2026,0,526,5,2,1.0
2026,0,526,5,4,1.0
2026,0,526,5,6,1.0
2026,0,526,5,8,1.0
2026,0,526,6,2,1.0
2026,0,526,6,4,1.0
2026,0,526,6,6,1.0
2026,0,526,6,8,1.0
2026,0,526,7,2,1.0
2026,0,526,7,4,1.0
2026,0,526,7,6,1.0
2026,0,526,7,8,1.0
2026,0,526,8,2,1.0
2026,0,526,8,4,1.0
2026,0,526,8,6,1.0
2026,0,526,8,8,1.0
2026,0,526,9,2,1.0
2026,0,526,9,4,1.0
2026,0,526,9,6,1.0
2026,0,526,9,8,1.0
2026,0,69,0,2,1.0
2026,0,69,0,4,1.0
2026,0,69,0,6,1.0
2026,0,69,0,8,1.0
2026,0,69,1,2,1.0
2026,0,69,1,4,1.0
2026,0,69,1,6,1.0
2026,0,69,1,8,1.0
2026,0,69,2,2,1.0
2026,0,69,2,4,1.0
2026,0,69,2,6,1.0
2026,0,69,2,8,1.0
2026,0,69,3,2,1.0
2026,0,69,3,4,1.0
2026,0,69,3,6,1.0
2026,0,69,3,8,1.0
2026,0,69,4,2,1.0
2026,0,69,4,4,1.0
2026,0,69,4,6,1.0
2026,0,69,4,8,1.0
2026,0,69,5,2,1.0
2026,0,69,5,4,1.0
2026,0,69,5,6,1.0
2026,0,69,5,8,1.0
2026,0,69,6,2,1.0
2026,0,69,6,4,1.0
2026,0,69,6,6,1.0
2026,0,69,6,8,1.0
2026,0,69,7,2,1.0
2026,0,69,7,4,1.0
2026,0,69,7,6,1.0
2026,0,69,7,8,1.0
2026,0,69,8,2,1.0
2026,0,69,8,4,1.0
2026,0,69,8,6,1.0
2026,0,69,8,8,1.0
2026,0,69,9,2,1.0
2026,0,69,9,4,1.0
2026,0,69,9,6,1.0
2026,0,69,9,8,1.0
2026,0,575,0,2,1.0
2026,0,575,0,4,1.0
2026,0,575,0,6,1.0
2026,0,575,0,8,1.0
2026,0,575,1,2,1.0
2026,0,575,1,4,1.0
2026,0,575,1,6,1.0
2026,0,575,1,8,1.0
2026,0,575,2,2,1.0
2026,0,575,2,4,1.0
2026,0,575,2,6,1.0
2026,0,575,2,8,1.0
2026,0,575,3,2,1.0
2026,0,575,3,4,1.0
2026,0,575,3,6,1.0
2026,0,575,3,8,1.0
2026,0,575,4,2,1.0
2026,0,575,4,4,1.0
2026,0,575,4,6,1.0
2026,0,575,4,8,1.0
2026,0,575,5,2,1.0
2026,0,575,5,4,1.0
2026,0,575,5,6,1.0
2026,0,575,5,8,1.0
2026,0,575,6,2,1.0
2026,0,575,6,4,1.0
2026,0,575,6,6,1.0
2026,0,575,6,8,1.0
2026,0,575,7,2,1.0
2026,0,575,7,4,1.0
2026,0,575,7,6,1.0
2026,0,575,7,8,1.0
2026,0,575,8,2,1.0
2026,0,575,8,4,1.0
2026,0,575,8,6,1.0
2026,0,575,8,8,1.0
2026,0,575,9,2,1.0
2026,0,575,9,4,1.0
2026,0,575,9,6,1.0
2026,0,575,9,8,1.0
2026,0,448,0,2,1.0
2026,0,448,0,4,1.0
2026,0,448,0,6,1.0
2026,0,448,0,8,1.0
2026,0,448,1,2,1.0
2026,0,448,1,4,1.0
2026,0,448,1,6,1.0
2026,0,448,1,8,1.0
2026,0,448,2,2,1.0
2026,0,448,2,4,1.0
2026,0,448,2,6,1.0
2026,0,448,2,8,1.0
2026,0,448,3,2,1.0
2026,0,448,3,4,1.0
2026,0,448,3,6,1.0
2026,0,448,3,8,1.0
2026,0,448,4,2,1.0
2026,0,448,4,4,1.0
2026,0,448,4,6,1.0
2026,0,448,4,8,1.0
2026,0,448,5,2,1.0
2026,0,448,5,4,1.0
2026,0,448,5,6,1.0
2026,0,448,5,8,1.0
2026,0,448,6,2,1.0
2026,0,448,6,4,1.0
2026,0,448,6,6,1.0
2026,0,448,6,8,1.0
2026,0,448,7,2,1.0
2026,0,448,7,4,1.0
2026,0,448,7,6,1.0
2026,0,448,7,8,1.0
2026,0,448,8,2,1.0
2026,0,448,8,4,1.0
2026,0,448,8,6,1.0
2026,0,448,8,8,1.0
2026,0,448,9,2,1.0
2026,0,448,9,4,1.0
2026,0,448,9,6,1.0
2026,0,448,9,8,1.0
2026,0,594,0,2,1.0
2026,0,594,0,4,1.0
2026,0,594,0,6,1.0
2026,0,594,0,8,1.0
2026,0,594,1,2,1.0
2026,0,594,1,4,1.0
2026,0,594,1,6,1.0
2026,0,594,1,8,1.0
2026,0,594,2,2,1.0
2026,0,594,2,4,1.0
2026,0,594,2,6,1.0
2026,0,594,2,8,1.0
2026,0,594,3,2,1.0
2026,0,594,3,4,1.0
2026,0,594,3,6,1.0
2026,0,594,3,8,1.0
2026,0,594,4,2,1.0
2026,0,594,4,4,1.0
2026,0,594,4,6,1.0
2026,0,594,4,8,1.0
2026,0,594,5,2,1.0
2026,0,594,5,4,1.0
2026,0,594,5,6,1.0
2026,0,594,5,8,1.0
2026,0,594,6,2,1.0
2026,0,594,6,4,1.0
2026,0,594,6,6,1.0
2026,0,594,6,8,1.0
2026,0,594,7,2,1.0
2026,0,594,7,4,1.0
2026,0,594,7,6,1.0
2026,0,594,7,8,1.0
2026,0,594,8,2,1.0
2026,0,594,8,4,1.0
2026,0,594,8,6,1.0
2026,0,594,8,8,1.0
2026,0,594,9,2,1.0
2026,0,594,9,4,1.0
2026,0,594,9,6,1.0
2026,0,594,9,8,1.0
2026,0,256,0,2,1.0
2026,0,256,0,4,1.0
2026,0,256,0,6,1.0
2026,0,256,0,8,1.0
2026,0,256,1,2,1.0
2026,0,256,1,4,1.0
2026,0,256,1,6,1.0
2026,0,256,1,8,1.0
2026,0,256,2,2,1.0
2026,0,256,2,4,1.0
2026,0,256,2,6,1.0
2026,0,256,2,8,1.0
2026,0,256,3,2,1.0
2026,0,256,3,4,1.0
2026,0,256,3,6,1.0
2026,0,256,3,8,1.0
2026,0,256,4,2,1.0
2026,0,256,4,4,1.0
2026,0,256,4,6,1.0
2026,0,256,4,8,1.0
2026,0,256,5,2,1.0
2026,0,256,5,4,1.0
2026,0,256,5,6,1.0
2026,0,256,5,8,1.0
2026,0,256,6,2,1.0
2026,0,256,6,4,1.0
2026,0,256,6,6,1.0
2026,0,256,6,8,1.0
2026,0,256,7,2,1.0
2026,0,256,7,4,1.0
2026,0,256,7,6,1.0
2026,0,256,7,8,1.0
2026,0,256,8,2,1.0
2026,0,256,8,4,1.0
2026,0,256,8,6,1.0
2026,0,256,8,8,1.0
2026,0,256,9,2,1.0
2026,0,256,9,4,1.0
2026,0,256,9,6,1.0
2026,0,256,9,8,1.0
2026,0,126,0,2,1.0
2026,0,126,0,4,1.0
2026,0,126,0,6,1.0
2026,0,126,0,8,1.0
2026,0,126,1,2,1.0
2026,0,126,1,4,1.0
2026,0,126,1,6,1.0
2026,0,126,1,8,1.0
2026,0,126,2,2,1.0
2026,0,126,2,4,1.0
2026,0,126,2,6,1.0
2026,0,126,2,8,1.0
2026,0,126,3,2,1.0
2026,0,126,3,4,1.0
2026,0,126,3,6,1.0
2026,0,126,3,8,1.0
2026,0,126,4,2,1.0
2026,0,126,4,4,1.0
2026,0,126,4,6,1.0
2026,0,126,4,8,1.0
2026,0,126,5,2,1.0
2026,0,126,5,4,1.0
2026,0,126,5,6,1.0
2026,0,126,5,8,1.0
2026,0,126,6,2,1.0
2026,0,126,6,4,1.0
2026,0,126,6,6,1.0
2026,0,126,6,8,1.0
2026,0,126,7,2,1.0
2026,0,126,7,4,1.0
2026,0,126,7,6,1.0
2026,0,126,7,8,1.0
2026,0,126,8,2,1.0
2026,0,126,8,4,1.0
2026,0,126,8,6,1.0
2026,0,126,8,8,1.0
2026,0,126,9,2,1.0
2026,0,126,9,4,1.0
2026,0,126,9,6,1.0
2026,0,126,9,8,1.0
2026,0,251,0,2,1.0
2026,0,251,0,4,1.0
2026,0,251,0,6,1.0
2026,0,251,0,8,1.0
2026,0,251,1,2,1.0
2026,0,251,1,4,1.0
2026,0,251,1,6,1.0
2026,0,251,1,8,1.0
2026,0,251,2,2,1.0
2026,0,251,2,4,1.0
2026,0,251,2,6,1.0
2026,0,251,2,8,1.0
2026,0,251,3,2,1.0
2026,0,251,3,4,1.0
2026,0,251,3,6,1.0
2026,0,251,3,8,1.0
2026,0,251,4,2,1.0
2026,0,251,4,4,1.0
2026,0,251,4,6,1.0
2026,0,251,4,8,1.0
2026,0,251,5,2,1.0
2026,0,251,5,4,1.0
2026,0,251,5,6,1.0
2026,0,251,5,8,1.0
2026,0,251,6,2,1.0
2026,0,251,6,4,1.0
2026,0,251,6,6,1.0
2026,0,251,6,8,1.0
2026,0,251,7,2,1.0
2026,0,251,7,4,1.0
2026,0,251,7,6,1.0
2026,0,251,7,8,1.0
2026,0,251,8,2,1.0
2026,0,251,8,4,1.0
2026,0,251,8,6,1.0
2026,0,251,8,8,1.0
2026,0,251,9,2,1.0
2026,0,251,9,4,1.0
2026,0,251,9,6,1.0
2026,0,251,9,8,1.0
2026,0,110,0,2,1.0
2026,0,110,0,4,1.0
2026,0,110,0,6,1.0
2026,0,110,0,8,1.0
2026,0,110,1,2,1.0
2026,0,110,1,4,1.0
2026,0,110,1,6,1.0
2026,0,110,1,8,1.0
2026,0,110,2,2,1.0
2026,0,110,2,4,1.0
2026,0,110,2,6,1.0
2026,0,110,2,8,1.0
2026,0,110,3,2,1.0
2026,0,110,3,4,1.0
2026,0,110,3,6,1.0
2026,0,110,3,8,1.0
2026,0,110,4,2,1.0
2026,0,110,4,4,1.0
2026,0,110,4,6,1.0
2026,0,110,4,8,1.0
2026,0,110,5,2,1.0
2026,0,110,5,4,1.0
2026,0,110,5,6,1.0
2026,0,110,5,8,1.0
2026,0,110,6,2,1.0
2026,0,110,6,4,1.0
2026,0,110,6,6,1.0
2026,0,110,6,8,1.0
2026,0,110,7,2,1.0
2026,0,110,7,4,1.0
2026,0,110,7,6,1.0
2026,0,110,7,8,1.0
2026,0,110,8,2,1.0
2026,0,110,8,4,1.0
2026,0,110,8,6,1.0
2026,0,110,8,8,1.0
2026,0,110,9,2,1.0
2026,0,110,9,4,1.0
2026,0,110,9,6,1.0
2026,0,110,9,8,1.0
2026,0,403,0,2,1.0
2026,0,403,0,4,1.0
2026,0,403,0,6,1.0
2026,0,403,0,8,1.0
2026,0,403,1,2,1.0
2026,0,403,1,4,1.0
2026,0,403,1,6,1.0
2026,0,403,1,8,1.0
2026,0,403,2,2,1.0
2026,0,403,2,4,1.0
2026,0,403,2,6,1.0
2026,0,403,2,8,1.0
2026,0,403,3,2,1.0
2026,0,403,3,4,1.0
2026,0,403,3,6,1.0
2026,0,403,3,8,1.0
2026,0,403,4,2,1.0
2026,0,403,4,4,1.0
2026,0,403,4,6,1.0
2026,0,403,4,8,1.0
2026,0,403,5,2,1.0
2026,0,403,5,4,1.0
2026,0,403,5,6,1.0
2026,0,403,5,8,1.0
2026,0,403,6,2,1.0
2026,0,403,6,4,1.0
2026,0,403,6,6,1.0
2026,0,403,6,8,1.0
2026,0,403,7,2,1.0
2026,0,403,7,4,1.0
2026,0,403,7,6,1.0
2026,0,403,7,8,1.0
2026,0,403,8,2,1.0
2026,0,403,8,4,1.0
2026,0,403,8,6,1.0
2026,0,403,8,8,1.0
2026,0,403,9,2,1.0
2026,0,403,9,4,1.0
2026,0,403,9,6,1.0
2026,0,403,9,8,1.0
2026,0,396,0,2,1.0
2026,0,396,0,4,1.0
2026,0,396,0,6,1.0
2026,0,396,0,8,1.0
2026,0,396,1,2,1.0
2026,0,396,1,4,1.0
2026,0,396,1,6,1.0
2026,0,396,1,8,1.0
2026,0,396,2,2,1.0
2026,0,396,2,4,1.0
2026,0,396,2,6,1.0
2026,0,396,2,8,1.0
2026,0,396,3,2,1.0
2026,0,396,3,4,1.0
2026,0,396,3,6,1.0
2026,0,396,3,8,1.0
2026,0,396,4,2,1.0
2026,0,396,4,4,1.0
2026,0,396,4,6,1.0
2026,0,396,4,8,1.0
2026,0,396,5,2,1.0
2026,0,396,5,4,1.0
2026,0,396,5,6,1.0
2026,0,396,5,8,1.0
2026,0,396,6,2,1.0
2026,0,396,6,4,1.0
2026,0,396,6,6,1.0
2026,0,396,6,8,1.0
2026,0,396,7,2,1.0
2026,0,396,7,4,1.0
2026,0,396,7,6,1.0
2026,0,396,7,8,1.0
2026,0,396,8,2,1.0
2026,0,396,8,4,1.0
2026,0,396,8,6,1.0
2026,0,396,8,8,1.0
2026,0,396,9,2,1.0
2026,0,396,9,4,1.0
2026,0,396,9,6,1.0
2026,0,396,9,8,1.0
2026,0,299,0,2,1.0
2026,0,299,0,4,1.0
2026,0,299,0,6,1.0
2026,0,299,0,8,1.0
2026,0,299,1,2,1.0
2026,0,299,1,4,1.0
2026,0,299,1,6,1.0
2026,0,299,1,8,1.0
2026,0,299,2,2,1.0
2026,0,299,2,4,1.0
2026,0,299,2,6,1.0
2026,0,299,2,8,1.0
2026,0,299,3,2,1.0
2026,0,299,3,4,1.0
2026,0,299,3,6,1.0
2026,0,299,3,8,1.0
2026,0,299,4,2,1.0
2026,0,299,4,4,1.0
2026,0,299,4,6,1.0
2026,0,299,4,8,1.0
2026,0,299,5,2,1.0
2026,0,299,5,4,1.0
2026,0,299,5,6,1.0
2026,0,299,5,8,1.0
2026,0,299,6,2,1.0
2026,0,299,6,4,1.0
2026,0,299,6,6,1.0
2026,0,299,6,8,1.0
2026,0,299,7,2,1.0
2026,0,299,7,4,1.0
2026,0,299,7,6,1.0
2026,0,299,7,8,1.0
2026,0,299,8,2,1.0
2026,0,299,8,4,1.0
2026,0,299,8,6,1.0
2026,0,299,8,8,1.0
2026,0,299,9,2,1.0
2026,0,299,9,4,1.0
2026,0,299,9,6,1.0
2026,0,299,9,8,1.0
2026,0,167,0,2,1.0
2026,0,167,0,4,1.0
2026,0,167,0,6,1.0
2026,0,167,0,8,1.0
2026,0,167,1,2,1.0
2026,0,167,1,4,1.0
2026,0,167,1,6,1.0
2026,0,167,1,8,1.0
2026,0,167,2,2,1.0
2026,0,167,2,4,1.0
2026,0,167,2,6,1.0
2026,0,167,2,8,1.0
2026,0,167,3,2,1.0
2026,0,167,3,4,1.0
2026,0,167,3,6,1.0
2026,0,167,3,8,1.0
2026,0,167,4,2,1.0
2026,0,167,4,4,1.0
2026,0,167,4,6,1.0
2026,0,167,4,8,1.0
2026,0,167,5,2,1.0
2026,0,167,5,4,1.0
2026,0,167,5,6,1.0
2026,0,167,5,8,1.0
2026,0,167,6,2,1.0
2026,0,167,6,4,1.0
2026,0,167,6,6,1.0
2026,0,167,6,8,1.0
2026,0,167,7,2,1.0
2026,0,167,7,4,1.0
2026,0,167,7,6,1.0
2026,0,167,7,8,1.0
2026,0,167,8,2,1.0
2026,0,167,8,4,1.0
2026,0,167,8,6,1.0
2026,0,167,8,8,1.0
2026,0,167,9,2,1.0
2026,0,167,9,4,1.0
2026,0,167,9,6,1.0
2026,0,167,9,8,1.0
2026,0,346,0,2,1.0
2026,0,346,0,4,1.0
2026,0,346,0,6,1.0
2026,0,346,0,8,1.0
2026,0,346,1,2,1.0
2026,0,346,1,4,1.0
2026,0,346,1,6,1.0
2026,0,346,1,8,1.0
2026,0,346,2,2,1.0
2026,0,346,2,4,1.0
2026,0,346,2,6,1.0
2026,0,346,2,8,1.0
2026,0,346,3,2,1.0
2026,0,346,3,4,1.0
2026,0,346,3,6,1.0
2026,0,346,3,8,1.0
2026,0,346,4,2,1.0
2026,0,346,4,4,1.0
2026,0,346,4,6,1.0
2026,0,346,4,8,1.0
2026,0,346,5,2,1.0
2026,0,346,5,4,1.0
2026,0,346,5,6,1.0
2026,0,346,5,8,1.0
2026,0,346,6,2,1.0
2026,0,346,6,4,1.0
2026,0,346,6,6,1.0
2026,0,346,6,8,1.0
2026,0,346,7,2,1.0
2026,0,346,7,4,1.0
2026,0,346,7,6,1.0
2026,0,346,7,8,1.0
2026,0,346,8,2,1.0
2026,0,346,8,4,1.0
2026,0,346,8,6,1.0
2026,0,346,8,8,1.0
2026,0,346,9,2,1.0
2026,0,346,9,4,1.0
2026,0,346,9,6,1.0
2026,0,346,9,8,1.0
2026,0,260,0,2,1.0
2026,0,260,0,4,1.0
2026,0,260,0,6,1.0
2026,0,260,0,8,1.0
2026,0,260,1,2,1.0
2026,0,260,1,4,1.0
2026,0,260,1,6,1.0
2026,0,260,1,8,1.0
2026,0,260,2,2,1.0
2026,0,260,2,4,1.0
2026,0,260,2,6,1.0
2026,0,260,2,8,1.0
2026,0,260,3,2,1.0
2026,0,260,3,4,1.0
2026,0,260,3,6,1.0
2026,0,260,3,8,1.0
2026,0,260,4,2,1.0
2026,0,260,4,4,1.0
2026,0,260,4,6,1.0
2026,0,260,4,8,1.0
2026,0,260,5,2,1.0
2026,0,260,5,4,1.0
2026,0,260,5,6,1.0
2026,0,260,5,8,1.0
2026,0,260,6,2,1.0
2026,0,260,6,4,1.0
2026,0,260,6,6,1.0
2026,0,260,6,8,1.0
2026,0,260,7,2,1.0
2026,0,260,7,4,1.0
2026,0,260,7,6,1.0
2026,0,260,7,8,1.0
2026,0,260,8,2,1.0
2026,0,260,8,4,1.0
2026,0,260,8,6,1.0
2026,0,260,8,8,1.0
2026,0,260,9,2,1.0
2026,0,260,9,4,1.0
2026,0,260,9,6,1.0
2026,0,260,9,8,1.0
2026,0,145,0,2,1.0
2026,0,145,0,4,1.0
2026,0,145,0,6,1.0
2026,0,145,0,8,1.0
2026,0,145,1,2,1.0
2026,0,145,1,4,1.0
2026,0,145,1,6,1.0
2026,0,145,1,8,1.0
2026,0,145,2,2,1.0
2026,0,145,2,4,1.0
2026,0,145,2,6,1.0
2026,0,145,2,8,1.0
2026,0,145,3,2,1.0
2026,0,145,3,4,1.0
2026,0,145,3,6,1.0
2026,0,145,3,8,1.0
2026,0,145,4,2,1.0
2026,0,145,4,4,1.0
2026,0,145,4,6,1.0
2026,0,145,4,8,1.0
2026,0,145,5,2,1.0
2026,0,145,5,4,1.0
2026,0,145,5,6,1.0
2026,0,145,5,8,1.0
2026,0,145,6,2,1.0
2026,0,145,6,4,1.0
2026,0,145,6,6,1.0
2026,0,145,6,8,1.0
2026,0,145,7,2,1.0
2026,0,145,7,4,1.0
2026,0,145,7,6,1.0
2026,0,145,7,8,1.0
2026,0,145,8,2,1.0
2026,0,145,8,4,1.0
2026,0,145,8,6,1.0
2026,0,145,8,8,1.0
2026,0,145,9,2,1.0
2026,0,145,9,4,1.0
2026,0,145,9,6,1.0
2026,0,145,9,8,1.0
2026,0,76,0,2,1.0
2026,0,76,0,4,1.0
2026,0,76,0,6,1.0
2026,0,76,0,8,1.0
2026,0,76,1,2,1.0
2026,0,76,1,4,1.0
2026,0,76,1,6,1.0
2026,0,76,1,8,1.0
2026,0,76,2,2,1.0
2026,0,76,2,4,1.0
2026,0,76,2,6,1.0
2026,0,76,2,8,1.0
2026,0,76,3,2,1.0
2026,0,76,3,4,1.0
2026,0,76,3,6,1.0
2026,0,76,3,8,1.0
2026,0,76,4,2,1.0
2026,0,76,4,4,1.0
2026,0,76,4,6,1.0
2026,0,76,4,8,1.0
2026,0,76,5,2,1.0
2026,0,76,5,4,1.0
2026,0,76,5,6,1.0
2026,0,76,5,8,1.0
2026,0,76,6,2,1.0
2026,0,76,6,4,1.0
2026,0,76,6,6,1.0
2026,0,76,6,8,1.0
2026,0,76,7,2,1.0
2026,0,76,7,4,1.0
2026,0,76,7,6,1.0
2026,0,76,7,8,1.0
2026,0,76,8,2,1.0
2026,0,76,8,4,1.0
2026,0,76,8,6,1.0
2026,0,76,8,8,1.0
2026,0,76,9,2,1.0
2026,0,76,9,4,1.0
2026,0,76,9,6,1.0
2026,0,76,9,8,1.0
2026,1,439,0,2,1.0
2026,1,439,0,4,1.0
2026,1,439,0,6,1.0
2026,1,439,0,8,1.0
2026,1,439,1,2,1.0
2026,1,439,1,4,1.0
2026,1,439,1,6,1.0
2026,1,439,1,8,1.0
2026,1,439,2,2,1.0
2026,1,439,2,4,1.0
2026,1,439,2,6,1.0
2026,1,439,2,8,1.0
2026,1,439,3,2,1.0
2026,1,439,3,4,1.0
2026,1,439,3,6,1.0
2026,1,439,3,8,1.0
2026,1,439,4,2,1.0
2026,1,439,4,4,1.0
2026,1,439,4,6,1.0
2026,1,439,4,8,1.0
2026,1,439,5,2,1.0
2026,1,439,5,4,1.0
2026,1,439,5,6,1.0
2026,1,439,5,8,1.0
2026,1,439,6,2,1.0
2026,1,439,6,4,1.0
2026,1,439,6,6,1.0
2026,1,439,6,8,1.0
2026,1,439,7,2,1.0
2026,1,439,7,4,1.0
2026,1,439,7,6,1.0
2026,1,439,7,8,1.0
2026,1,439,8,2,1.0
2026,1,439,8,4,1.0
2026,1,439,8,6,1.0
2026,1,439,8,8,1.0
2026,1,439,9,2,1.0
2026,1,439,9,4,1.0
2026,1,439,9,6,1.0
2026,1,439,9,8,1.0
2026,1,546,0,2,1.0
2026,1,546,0,4,1.0
2026,1,546,0,6,1.0
2026,1,546,0,8,1.0
2026,1,546,1,2,1.0
2026,1,546,1,4,1.0
2026,1,546,1,6,1.0
2026,1,546,1,8,1.0
2026,1,546,2,2,1.0
2026,1,546,2,4,1.0
2026,1,546,2,6,1.0
2026,1,546,2,8,1.0
2026,1,546,3,2,1.0
2026,1,546,3,4,1.0
2026,1,546,3,6,1.0
2026,1,546,3,8,1.0
2026,1,546,4,2,1.0
2026,1,546,4,4,1.0
2026,1,546,4,6,1.0
2026,1,546,4,8,1.0
2026,1,546,5,2,1.0
2026,1,546,5,4,1.0
2026,1,546,5,6,1.0
2026,1,546,5,8,1.0
2026,1,546,6,2,1.0
2026,1,546,6,4,1.0
2026,1,546,6,6,1.0
2026,1,546,6,8,1.0
2026,1,546,7,2,1.0
2026,1,546,7,4,1.0
2026,1,546,7,6,1.0
2026,1,546,7,8,1.0
2026,1,546,8,2,1.0
2026,1,546,8,4,1.0
2026,1,546,8,6,1.0
2026,1,546,8,8,1.0
2026,1,546,9,2,1.0
2026,1,546,9,4,1.0
2026,1,546,9,6,1.0
2026,1,546,9,8,1.0
2026,1,94,0,2,1.0
2026,1,94,0,4,1.0
2026,1,94,0,6,1.0
2026,1,94,0,8,1.0
2026,1,94,1,2,1.0
2026,1,94,1,4,1.0
2026,1,94,1,6,1.0
2026,1,94,1,8,1.0
2026,1,94,2,2,1.0
2026,1,94,2,4,1.0
2026,1,94,2,6,1.0
2026,1,94,2,8,1.0
2026,1,94,3,2,1.0
2026,1,94,3,4,1.0
2026,1,94,3,6,1.0
2026,1,94,3,8,1.0
2026,1,94,4,2,1.0
2026,1,94,4,4,1.0
2026,1,94,4,6,1.0
2026,1,94,4,8,1.0
2026,1,94,5,2,1.0
2026,1,94,5,4,1.0
2026,1,94,5,6,1.0
2026,1,94,5,8,1.0
2026,1,94,6,2,1.0
2026,1,94,6,4,1.0
2026,1,94,6,6,1.0
2026,1,94,6,8,1.0
2026,1,94,7,2,1.0
2026,1,94,7,4,1.0
2026,1,94,7,6,1.0
2026,1,94,7,8,1.0
2026,1,94,8,2,1.0
2026,1,94,8,4,1.0
2026,1,94,8,6,1.0
2026,1,94,8,8,1.0
2026,1,94,9,2,1.0
2026,1,94,9,4,1.0
2026,1,94,9,6,1.0
2026,1,94,9,8,1.0
2026,1,526,0,2,1.0
2026,1,526,0,4,1.0
2026,1,526,0,6,1.0
2026,1,526,0,8,1.0
2026,1,526,1,2,1.0
2026,1,526,1,4,1.0
2026,1,526,1,6,1.0
2026,1,526,1,8,1.0
2026,1,526,2,2,1.0
2026,1,526,2,4,1.0
2026,1,526,2,6,1.0
2026,1,526,2,8,1.0
2026,1,526,3,2,1.0
2026,1,526,3,4,1.0
2026,1,526,3,6,1.0
2026,1,526,3,8,1.0
2026,1,526,4,2,1.0
2026,1,526,4,4,1.0
2026,1,526,4,6,1.0
2026,1,526,4,8,1.0
2026,1,526,5,2,1.0
2026,1,526,5,4,1.0
2026,1,526,5,6,1.0
2026,1,526,5,8,1.0
2026,1,526,6,2,1.0
2026,1,526,6,4,1.0
2026,1,526,6,6,1.0
2026,1,526,6,8,1.0
2026,1,526,7,2,1.0
2026,1,526,7,4,1.0
2026,1,526,7,6,1.0
2026,1,526,7,8,1.0
2026,1,526,8,2,1.0
2026,1,526,8,4,1.0
2026,1,526,8,6,1.0
2026,1,526,8,8,1.0
2026,1,526,9,2,1.0
2026,1,526,9,4,1.0
2026,1,526,9,6,1.0
2026,1,526,9,8,1.0
2026,1,69,0,2,1.0
2026,1,69,0,4,1.0
2026,1,69,0,6,1.0
2026,1,69,0,8,1.0
2026,1,69,1,2,1.0
2026,1,69,1,4,1.0
2026,1,69,1,6,1.0
2026,1,69,1,8,1.0
2026,1,69,2,2,1.0
2026,1,69,2,4,1.0
2026,1,69,2,6,1.0
2026,1,69,2,8,1.0
2026,1,69,3,2,1.0
2026,1,69,3,4,1.0
2026,1,69,3,6,1.0
2026,1,69,3,8,1.0
2026,1,69,4,2,1.0
2026,1,69,4,4,1.0
2026,1,69,4,6,1.0
2026,1,69,4,8,1.0
2026,1,69,5,2,1.0
2026,1,69,5,4,1.0
2026,1,69,5,6,1.0
2026,1,69,5,8,1.0
2026,1,69,6,2,1.0
2026,1,69,6,4,1.0
2026,1,69,6,6,1.0
2026,1,69,6,8,1.0
2026,1,69,7,2,1.0
2026,1,69,7,4,1.0
2026,1,69,7,6,1.0
2026,1,69,7,8,1.0
2026,1,69,8,2,1.0
2026,1,69,8,4,1.0
2026,1,69,8,6,1.0
2026,1,69,8,8,1.0
2026,1,69,9,2,1.0
2026,1,69,9,4,1.0
2026,1,69,9,6,1.0
2026,1,69,9,8,1.0
2026,1,575,0,2,1.0
2026,1,575,0,4,1.0
2026,1,575,0,6,1.0
2026,1,575,0,8,1.0
2026,1,575,1,2,1.0
2026,1,575,1,4,1.0
2026,1,575,1,6,1.0
2026,1,575,1,8,1.0
2026,1,575,2,2,1.0
2026,1,575,2,4,1.0
2026,1,575,2,6,1.0
2026,1,575,2,8,1.0
2026,1,575,3,2,1.0
2026,1,575,3,4,1.0
2026,1,575,3,6,1.0
2026,1,575,3,8,1.0
2026,1,575,4,2,1.0
2026,1,575,4,4,1.0
2026,1,575,4,6,1.0
2026,1,575,4,8,1.0
2026,1,575,5,2,1.0
2026,1,575,5,4,1.0
2026,1,575,5,6,1.0
2026,1,575,5,8,1.0
2026,1,575,6,2,1.0
2026,1,575,6,4,1.0
2026,1,575,6,6,1.0
2026,1,575,6,8,1.0
2026,1,575,7,2,1.0
2026,1,575,7,4,1.0
2026,1,575,7,6,1.0
2026,1,575,7,8,1.0
2026,1,575,8,2,1.0
2026,1,575,8,4,1.0
2026,1,575,8,6,1.0
2026,1,575,8,8,1.0
2026,1,575,9,2,1.0
2026,1,575,9,4,1.0
2026,1,575,9,6,1.0
2026,1,575,9,8,1.0
2026,1,448,0,2,1.0
2026,1,448,0,4,1.0
2026,1,448,0,6,1.0
2026,1,448,0,8,1.0
2026,1,448,1,2,1.0
2026,1,448,1,4,1.0
2026,1,448,1,6,1.0
2026,1,448,1,8,1.0
2026,1,448,2,2,1.0
2026,1,448,2,4,1.0
2026,1,448,2,6,1.0
2026,1,448,2,8,1.0
2026,1,448,3,2,1.0
2026,1,448,3,4,1.0
2026,1,448,3,6,1.0
2026,1,448,3,8,1.0
2026,1,448,4,2,1.0
2026,1,448,4,4,1.0
2026,1,448,4,6,1.0
2026,1,448,4,8,1.0
2026,1,448,5,2,1.0
2026,1,448,5,4,1.0
2026,1,448,5,6,1.0
2026,1,448,5,8,1.0
2026,1,448,6,2,1.0
2026,1,448,6,4,1.0
2026,1,448,6,6,1.0
2026,1,448,6,8,1.0
2026,1,448,7,2,1.0
2026,1,448,7,4,1.0
2026,1,448,7,6,1.0
2026,1,448,7,8,1.0
2026,1,448,8,2,1.0
2026,1,448,8,4,1.0
2026,1,448,8,6,1.0
2026,1,448,8,8,1.0
2026,1,448,9,2,1.0
2026,1,448,9,4,1.0
2026,1,448,9,6,1.0
2026,1,448,9,8,1.0
2026,1,594,0,2,1.0
2026,1,594,0,4,1.0
2026,1,594,0,6,1.0
2026,1,594,0,8,1.0
2026,1,594,1,2,1.0
2026,1,594,1,4,1.0
2026,1,594,1,6,1.0
2026,1,594,1,8,1.0
2026,1,594,2,2,1.0
2026,1,594,2,4,1.0
2026,1,594,2,6,1.0
2026,1,594,2,8,1.0
2026,1,594,3,2,1.0
2026,1,594,3,4,1.0
2026,1,594,3,6,1.0
2026,1,594,3,8,1.0
2026,1,594,4,2,1.0
2026,1,594,4,4,1.0
2026,1,594,4,6,1.0
2026,1,594,4,8,1.0
2026,1,594,5,2,1.0
2026,1,594,5,4,1.0
2026,1,594,5,6,1.0
2026,1,594,5,8,1.0
2026,1,594,6,2,1.0
2026,1,594,6,4,1.0
2026,1,594,6,6,1.0
2026,1,594,6,8,1.0
2026,1,594,7,2,1.0
2026,1,594,7,4,1.0
2026,1,594,7,6,1.0
2026,1,594,7,8,1.0
2026,1,594,8,2,1.0
2026,1,594,8,4,1.0
2026,1,594,8,6,1.0
2026,1,594,8,8,1.0
2026,1,594,9,2,1.0
2026,1,594,9,4,1.0
2026,1,594,9,6,1.0
2026,1,594,9,8,1.0
2026,1,256,0,2,1.0
2026,1,256,0,4,1.0
2026,1,256,0,6,1.0
2026,1,256,0,8,1.0
2026,1,256,1,2,1.0
2026,1,256,1,4,1.0
2026,1,256,1,6,1.0
2026,1,256,1,8,1.0
2026,1,256,2,2,1.0
2026,1,256,2,4,1.0
2026,1,256,2,6,1.0
2026,1,256,2,8,1.0
2026,1,256,3,2,1.0
2026,1,256,3,4,1.0
2026,1,256,3,6,1.0
2026,1,256,3,8,1.0
2026,1,256,4,2,1.0
2026,1,256,4,4,1.0
2026,1,256,4,6,1.0
2026,1,256,4,8,1.0
2026,1,256,5,2,1.0
2026,1,256,5,4,1.0
2026,1,256,5,6,1.0
2026,1,256,5,8,1.0
2026,1,256,6,2,1.0
2026,1,256,6,4,1.0
2026,1,256,6,6,1.0
2026,1,256,6,8,1.0
2026,1,256,7,2,1.0
2026,1,256,7,4,1.0
2026,1,256,7,6,1.0
2026,1,256,7,8,1.0
2026,1,256,8,2,1.0
2026,1,256,8,4,1.0
2026,1,256,8,6,1.0
2026,1,256,8,8,1.0
2026,1,256,9,2,1.0
2026,1,256,9,4,1.0
2026,1,256,9,6,1.0
2026,1,256,9,8,1.0
2026,1,126,0,2,1.0
2026,1,126,0,4,1.0
2026,1,126,0,6,1.0
2026,1,126,0,8,1.0
2026,1,126,1,2,1.0
2026,1,126,1,4,1.0
2026,1,126,1,6,1.0
2026,1,126,1,8,1.0
2026,1,126,2,2,1.0
2026,1,126,2,4,1.0
2026,1,126,2,6,1.0
2026,1,126,2,8,1.0
2026,1,126,3,2,1.0
2026,1,126,3,4,1.0
2026,1,126,3,6,1.0
2026,1,126,3,8,1.0
2026,1,126,4,2,1.0
2026,1,126,4,4,1.0
2026,1,126,4,6,1.0
2026,1,126,4,8,1.0
2026,1,126,5,2,1.0
2026,1,126,5,4,1.0
2026,1,126,5,6,1.0
2026,1,126,5,8,1.0
2026,1,126,6,2,1.0
2026,1,126,6,4,1.0
2026,1,126,6,6,1.0
2026,1,126,6,8,1.0
2026,1,126,7,2,1.0
2026,1,126,7,4,1.0
2026,1,126,7,6,1.0
2026,1,126,7,8,1.0
2026,1,126,8,2,1.0
2026,1,126,8,4,1.0
2026,1,126,8,6,1.0
2026,1,126,8,8,1.0
2026,1,126,9,2,1.0
2026,1,126,9,4,1.0
2026,1,126,9,6,1.0
2026,1,126,9,8,1.0
2026,1,251,0,2,1.0
2026,1,251,0,4,1.0
2026,1,251,0,6,1.0
2026,1,251,0,8,1.0
2026,1,251,1,2,1.0
2026,1,251,1,4,1.0
2026,1,251,1,6,1.0
2026,1,251,1,8,1.0
2026,1,251,2,2,1.0
2026,1,251,2,4,1.0
2026,1,251,2,6,1.0
2026,1,251,2,8,1.0
2026,1,251,3,2,1.0
2026,1,251,3,4,1.0
2026,1,251,3,6,1.0
2026,1,251,3,8,1.0
2026,1,251,4,2,1.0
2026,1,251,4,4,1.0
2026,1,251,4,6,1.0
2026,1,251,4,8,1.0
2026,1,251,5,2,1.0
2026,1,251,5,4,1.0
2026,1,251,5,6,1.0
2026,1,251,5,8,1.0
2026,1,251,6,2,1.0
2026,1,251,6,4,1.0
2026,1,251,6,6,1.0
2026,1,251,6,8,1.0
2026,1,251,7,2,1.0
2026,1,251,7,4,1.0
2026,1,251,7,6,1.0
2026,1,251,7,8,1.0
2026,1,251,8,2,1.0
2026,1,251,8,4,1.0
2026,1,251,8,6,1.0
2026,1,251,8,8,1.0
2026,1,251,9,2,1.0
2026,1,251,9,4,1.0
2026,1,251,9,6,1.0
2026,1,251,9,8,1.0
2026,1,110,0,2,1.0
2026,1,110,0,4,1.0
2026,1,110,0,6,1.0
2026,1,110,0,8,1.0
2026,1,110,1,2,1.0
2026,1,110,1,4,1.0
2026,1,110,1,6,1.0
2026,1,110,1,8,1.0
2026,1,110,2,2,1.0
2026,1,110,2,4,1.0
2026,1,110,2,6,1.0
2026,1,110,2,8,1.0
2026,1,110,3,2,1.0
2026,1,110,3,4,1.0
2026,1,110,3,6,1.0
2026,1,110,3,8,1.0
2026,1,110,4,2,1.0
2026,1,110,4,4,1.0
2026,1,110,4,6,1.0
2026,1,110,4,8,1.0
2026,1,110,5,2,1.0
2026,1,110,5,4,1.0
2026,1,110,5,6,1.0
2026,1,110,5,8,1.0
2026,1,110,6,2,1.0
2026,1,110,6,4,1.0
2026,1,110,6,6,1.0
2026,1,110,6,8,1.0
2026,1,110,7,2,1.0
2026,1,110,7,4,1.0
2026,1,110,7,6,1.0
2026,1,110,7,8,1.0
2026,1,110,8,2,1.0
2026,1,110,8,4,1.0
2026,1,110,8,6,1.0
2026,1,110,8,8,1.0
2026,1,110,9,2,1.0
2026,1,110,9,4,1.0
2026,1,110,9,6,1.0
2026,1,110,9,8,1.0
2026,1,403,0,2,1.0
2026,1,403,0,4,1.0
2026,1,403,0,6,1.0
2026,1,403,0,8,1.0
2026,1,403,1,2,1.0
2026,1,403,1,4,1.0
2026,1,403,1,6,1.0
2026,1,403,1,8,1.0
2026,1,403,2,2,1.0
2026,1,403,2,4,1.0
2026,1,403,2,6,1.0
2026,1,403,2,8,1.0
2026,1,403,3,2,1.0
2026,1,403,3,4,1.0
2026,1,403,3,6,1.0
2026,1,403,3,8,1.0
2026,1,403,4,2,1.0
2026,1,403,4,4,1.0
2026,1,403,4,6,1.0
2026,1,403,4,8,1.0
2026,1,403,5,2,1.0
2026,1,403,5,4,1.0
2026,1,403,5,6,1.0
2026,1,403,5,8,1.0
2026,1,403,6,2,1.0
2026,1,403,6,4,1.0
2026,1,403,6,6,1.0
2026,1,403,6,8,1.0
2026,1,403,7,2,1.0
2026,1,403,7,4,1.0
2026,1,403,7,6,1.0
2026,1,403,7,8,1.0
2026,1,403,8,2,1.0
2026,1,403,8,4,1.0
2026,1,403,8,6,1.0
2026,1,403,8,8,1.0
2026,1,403,9,2,1.0
2026,1,403,9,4,1.0
2026,1,403,9,6,1.0
2026,1,403,9,8,1.0
2026,1,396,0,2,1.0
2026,1,396,0,4,1.0
2026,1,396,0,6,1.0
2026,1,396,0,8,1.0
2026,1,396,1,2,1.0
2026,1,396,1,4,1.0
2026,1,396,1,6,1.0
2026,1,396,1,8,1.0
2026,1,396,2,2,1.0
2026,1,396,2,4,1.0
2026,1,396,2,6,1.0
2026,1,396,2,8,1.0
2026,1,396,3,2,1.0
2026,1,396,3,4,1.0
2026,1,396,3,6,1.0
2026,1,396,3,8,1.0
2026,1,396,4,2,1.0
2026,1,396,4,4,1.0
2026,1,396,4,6,1.0
2026,1,396,4,8,1.0
2026,1,396,5,2,1.0
2026,1,396,5,4,1.0
2026,1,396,5,6,1.0
2026,1,396,5,8,1.0
2026,1,396,6,2,1.0
2026,1,396,6,4,1.0
2026,1,396,6,6,1.0
2026,1,396,6,8,1.0
2026,1,396,7,2,1.0
2026,1,396,7,4,1.0
2026,1,396,7,6,1.0
2026,1,396,7,8,1.0
2026,1,396,8,2,1.0
2026,1,396,8,4,1.0
2026,1,396,8,6,1.0
2026,1,396,8,8,1.0
2026,1,396,9,2,1.0
2026,1,396,9,4,1.0
2026,1,396,9,6,1.0
2026,1,396,9,8,1.0
2026,1,299,0,2,1.0
2026,1,299,0,4,1.0
2026,1,299,0,6,1.0
2026,1,299,0,8,1.0
2026,1,299,1,2,1.0
2026,1,299,1,4,1.0
2026,1,299,1,6,1.0
2026,1,299,1,8,1.0
2026,1,299,2,2,1.0
2026,1,299,2,4,1.0
2026,1,299,2,6,1.0
2026,1,299,2,8,1.0
2026,1,299,3,2,1.0
2026,1,299,3,4,1.0
2026,1,299,3,6,1.0
2026,1,299,3,8,1.0
2026,1,299,4,2,1.0
2026,1,299,4,4,1.0
2026,1,299,4,6,1.0
2026,1,299,4,8,1.0
2026,1,299,5,2,1.0
2026,1,299,5,4,1.0
2026,1,299,5,6,1.0
2026,1,299,5,8,1.0
2026,1,299,6,2,1.0
2026,1,299,6,4,1.0
2026,1,299,6,6,1.0
2026,1,299,6,8,1.0
2026,1,299,7,2,1.0
2026,1,299,7,4,1.0
2026,1,299,7,6,1.0
2026,1,299,7,8,1.0
2026,1,299,8,2,1.0
2026,1,299,8,4,1.0
2026,1,299,8,6,1.0
2026,1,299,8,8,1.0
2026,1,299,9,2,1.0
2026,1,299,9,4,1.0
2026,1,299,9,6,1.0
2026,1,299,9,8,1.0
2026,1,167,0,2,1.0
2026,1,167,0,4,1.0
2026,1,167,0,6,1.0
2026,1,167,0,8,1.0
2026,1,167,1,2,1.0
2026,1,167,1,4,1.0
2026,1,167,1,6,1.0
2026,1,167,1,8,1.0
2026,1,167,2,2,1.0
2026,1,167,2,4,1.0
2026,1,167,2,6,1.0
2026,1,167,2,8,1.0
2026,1,167,3,2,1.0
2026,1,167,3,4,1.0
2026,1,167,3,6,1.0
2026,1,167,3,8,1.0
2026,1,167,4,2,1.0
2026,1,167,4,4,1.0
2026,1,167,4,6,1.0
2026,1,167,4,8,1.0
2026,1,167,5,2,1.0
2026,1,167,5,4,1.0
2026,1,167,5,6,1.0
2026,1,167,5,8,1.0
2026,1,167,6,2,1.0
2026,1,167,6,4,1.0
2026,1,167,6,6,1.0
2026,1,167,6,8,1.0
2026,1,167,7,2,1.0
2026,1,167,7,4,1.0
2026,1,167,7,6,1.0
2026,1,167,7,8,1.0
2026,1,167,8,2,1.0
2026,1,167,8,4,1.0
2026,1,167,8,6,1.0
2026,1,167,8,8,1.0
2026,1,167,9,2,1.0
2026,1,167,9,4,1.0
2026,1,167,9,6,1.0
2026,1,167,9,8,1.0
2026,1,346,0,2,1.0
2026,1,346,0,4,1.0
2026,1,346,0,6,1.0
2026,1,346,0,8,1.0
2026,1,346,1,2,1.0
2026,1,346,1,4,1.0
2026,1,346,1,6,1.0
2026,1,346,1,8,1.0
2026,1,346,2,2,1.0
2026,1,346,2,4,1.0
2026,1,346,2,6,1.0
2026,1,346,2,8,1.0
2026,1,346,3,2,1.0
2026,1,346,3,4,1.0
2026,1,346,3,6,1.0
2026,1,346,3,8,1.0
2026,1,346,4,2,1.0
2026,1,346,4,4,1.0
2026,1,346,4,6,1.0
2026,1,346,4,8,1.0
2026,1,346,5,2,1.0
2026,1,346,5,4,1.0
2026,1,346,5,6,1.0
2026,1,346,5,8,1.0
2026,1,346,6,2,1.0
2026,1,346,6,4,1.0
2026,1,346,6,6,1.0
2026,1,346,6,8,1.0
2026,1,346,7,2,1.0
2026,1,346,7,4,1.0
2026,1,346,7,6,1.0
2026,1,346,7,8,1.0
2026,1,346,8,2,1.0
2026,1,346,8,4,1.0
2026,1,346,8,6,1.0
2026,1,346,8,8,1.0
2026,1,346,9,2,1.0
2026,1,346,9,4,1.0
2026,1,346,9,6,1.0
2026,1,346,9,8,1.0
2026,1,260,0,2,1.0
2026,1,260,0,4,1.0
2026,1,260,0,6,1.0
2026,1,260,0,8,1.0
2026,1,260,1,2,1.0
2026,1,260,1,4,1.0
2026,1,260,1,6,1.0
2026,1,260,1,8,1.0
2026,1,260,2,2,1.0
2026,1,260,2,4,1.0
2026,1,260,2,6,1.0
2026,1,260,2,8,1.0
2026,1,260,3,2,1.0
2026,1,260,3,4,1.0
2026,1,260,3,6,1.0
2026,1,260,3,8,1.0
2026,1,260,4,2,1.0
2026,1,260,4,4,1.0
2026,1,260,4,6,1.0
2026,1,260,4,8,1.0
2026,1,260,5,2,1.0
2026,1,260,5,4,1.0
2026,1,260,5,6,1.0
2026,1,260,5,8,1.0
2026,1,260,6,2,1.0
2026,1,260,6,4,1.0
2026,1,260,6,6,1.0
2026,1,260,6,8,1.0
2026,1,260,7,2,1.0
2026,1,260,7,4,1.0
2026,1,260,7,6,1.0
2026,1,260,7,8,1.0
2026,1,260,8,2,1.0
2026,1,260,8,4,1.0
2026,1,260,8,6,1.0
2026,1,260,8,8,1.0
2026,1,260,9,2,1.0
2026,1,260,9,4,1.0
2026,1,260,9,6,1.0
2026,1,260,9,8,1.0
2026,1,145,0,2,1.0
2026,1,145,0,4,1.0
2026,1,145,0,6,1.0
2026,1,145,0,8,1.0
2026,1,145,1,2,1.0
2026,1,145,1,4,1.0
2026,1,145,1,6,1.0
2026,1,145,1,8,1.0
2026,1,145,2,2,1.0
2026,1,145,2,4,1.0
2026,1,145,2,6,1.0
2026,1,145,2,8,1.0
2026,1,145,3,2,1.0
2026,1,145,3,4,1.0
2026,1,145,3,6,1.0
2026,1,145,3,8,1.0
2026,1,145,4,2,1.0
2026,1,145,4,4,1.0
2026,1,145,4,6,1.0
2026,1,145,4,8,1.0
2026,1,145,5,2,1.0
2026,1,145,5,4,1.0
2026,1,145,5,6,1.0
2026,1,145,5,8,1.0
2026,1,145,6,2,1.0
2026,1,145,6,4,1.0
2026,1,145,6,6,1.0
2026,1,145,6,8,1.0
2026,1,145,7,2,1.0
2026,1,145,7,4,1.0
2026,1,145,7,6,1.0
2026,1,145,7,8,1.0
2026,1,145,8,2,1.0
2026,1,145,8,4,1.0
2026,1,145,8,6,1.0
2026,1,145,8,8,1.0
2026,1,145,9,2,1.0
2026,1,145,9,4,1.0
2026,1,145,9,6,1.0
2026,1,145,9,8,1.0
2026,1,76,0,2,1.0
2026,1,76,0,4,1.0
2026,1,76,0,6,1.0
2026,1,76,0,8,1.0
2026,1,76,1,2,1.0
2026,1,76,1,4,1.0
2026,1,76,1,6,1.0
2026,1,76,1,8,1.0
2026,1,76,2,2,1.0
2026,1,76,2,4,1.0
2026,1,76,2,6,1.0
2026,1,76,2,8,1.0
2026,1,76,3,2,1.0
2026,1,76,3,4,1.0
2026,1,76,3,6,1.0
2026,1,76,3,8,1.0
2026,1,76,4,2,1.0
2026,1,76,4,4,1.0
2026,1,76,4,6,1.0
2026,1,76,4,8,1.0
2026,1,76,5,2,1.0
2026,1,76,5,4,1.0
2026,1,76,5,6,1.0
2026,1,76,5,8,1.0
2026,1,76,6,2,1.0
2026,1,76,6,4,1.0
2026,1,76,6,6,1.0
2026,1,76,6,8,1.0
2026,1,76,7,2,1.0
2026,1,76,7,4,1.0
2026,1,76,7,6,1.0
2026,1,76,7,8,1.0
2026,1,76,8,2,1.0
2026,1,76,8,4,1.0
2026,1,76,8,6,1.0
2026,1,76,8,8,1.0
2026,1,76,9,2,1.0
2026,1,76,9,4,1.0
2026,1,76,9,6,1.0
2026,1,76,9,8,1.0
2026,2,439,0,2,1.0
2026,2,439,0,4,1.0
2026,2,439,0,6,1.0
2026,2,439,0,8,1.0
2026,2,439,1,2,1.0
2026,2,439,1,4,1.0
2026,2,439,1,6,1.0
2026,2,439,1,8,1.0
2026,2,439,2,2,1.0
2026,2,439,2,4,1.0
2026,2,439,2,6,1.0
2026,2,439,2,8,1.0
2026,2,439,3,2,1.0
2026,2,439,3,4,1.0
2026,2,439,3,6,1.0
2026,2,439,3,8,1.0
2026,2,439,4,2,1.0
2026,2,439,4,4,1.0
2026,2,439,4,6,1.0
2026,2,439,4,8,1.0
2026,2,439,5,2,1.0
2026,2,439,5,4,1.0
2026,2,439,5,6,1.0
2026,2,439,5,8,1.0
2026,2,439,6,2,1.0
2026,2,439,6,4,1.0
2026,2,439,6,6,1.0
2026,2,439,6,8,1.0
2026,2,439,7,2,1.0
2026,2,439,7,4,1.0
2026,2,439,7,6,1.0
2026,2,439,7,8,1.0
2026,2,439,8,2,1.0
2026,2,439,8,4,1.0
2026,2,439,8,6,1.0
2026,2,439,8,8,1.0
2026,2,439,9,2,1.0
2026,2,439,9,4,1.0
2026,2,439,9,6,1.0
2026,2,439,9,8,1.0
2026,2,546,0,2,1.0
2026,2,546,0,4,1.0
2026,2,546,0,6,1.0
2026,2,546,0,8,1.0
2026,2,546,1,2,1.0
2026,2,546,1,4,1.0
2026,2,546,1,6,1.0
2026,2,546,1,8,1.0
2026,2,546,2,2,1.0
2026,2,546,2,4,1.0
2026,2,546,2,6,1.0
2026,2,546,2,8,1.0
2026,2,546,3,2,1.0
2026,2,546,3,4,1.0
2026,2,546,3,6,1.0
2026,2,546,3,8,1.0
2026,2,546,4,2,1.0
2026,2,546,4,4,1.0
2026,2,546,4,6,1.0
2026,2,546,4,8,1.0
2026,2,546,5,2,1.0
2026,2,546,5,4,1.0
2026,2,546,5,6,1.0
2026,2,546,5,8,1.0
2026,2,546,6,2,1.0
2026,2,546,6,4,1.0
2026,2,546,6,6,1.0
2026,2,546,6,8,1.0
2026,2,546,7,2,1.0
2026,2,546,7,4,1.0
2026,2,546,7,6,1.0
2026,2,546,7,8,1.0
2026,2,546,8,2,1.0
2026,2,546,8,4,1.0
2026,2,546,8,6,1.0
2026,2,546,8,8,1.0
2026,2,546,9,2,1.0
2026,2,546,9,4,1.0
2026,2,546,9,6,1.0
2026,2,546,9,8,1.0
2026,2,94,0,2,1.0
2026,2,94,0,4,1.0
2026,2,94,0,6,1.0
2026,2,94,0,8,1.0
2026,2,94,1,2,1.0
2026,2,94,1,4,1.0
2026,2,94,1,6,1.0
2026,2,94,1,8,1.0
2026,2,94,2,2,1.0
2026,2,94,2,4,1.0
2026,2,94,2,6,1.0
2026,2,94,2,8,1.0
2026,2,94,3,2,1.0
2026,2,94,3,4,1.0
2026,2,94,3,6,1.0
2026,2,94,3,8,1.0
2026,2,94,4,2,1.0
2026,2,94,4,4,1.0
2026,2,94,4,6,1.0
2026,2,94,4,8,1.0
2026,2,94,5,2,1.0
2026,2,94,5,4,1.0
2026,2,94,5,6,1.0
2026,2,94,5,8,1.0
2026,2,94,6,2,1.0
2026,2,94,6,4,1.0
2026,2,94,6,6,1.0
2026,2,94,6,8,1.0
2026,2,94,7,2,1.0
2026,2,94,7,4,1.0
2026,2,94,7,6,1.0
2026,2,94,7,8,1.0
2026,2,94,8,2,1.0
2026,2,94,8,4,1.0
2026,2,94,8,6,1.0
2026,2,94,8,8,1.0
2026,2,94,9,2,1.0
2026,2,94,9,4,1.0
2026,2,94,9,6,1.0
2026,2,94,9,8,1.0
2026,2,526,0,2,1.0
2026,2,526,0,4,1.0
2026,2,526,0,6,1.0
2026,2,526,0,8,1.0
2026,2,526,1,2,1.0
2026,2,526,1,4,1.0
2026,2,526,1,6,1.0
2026,2,526,1,8,1.0
2026,2,526,2,2,1.0
2026,2,526,2,4,1.0
2026,2,526,2,6,1.0
2026,2,526,2,8,1.0
2026,2,526,3,2,1.0
2026,2,526,3,4,1.0
2026,2,526,3,6,1.0
2026,2,526,3,8,1.0
2026,2,526,4,2,1.0
2026,2,526,4,4,1.0
2026,2,526,4,6,1.0
2026,2,526,4,8,1.0
2026,2,526,5,2,1.0
2026,2,526,5,4,1.0
2026,2,526,5,6,1.0
2026,2,526,5,8,1.0
2026,2,526,6,2,1.0
2026,2,526,6,4,1.0
2026,2,526,6,6,1.0
2026,2,526,6,8,1.0
2026,2,526,7,2,1.0
2026,2,526,7,4,1.0
2026,2,526,7,6,1.0
2026,2,526,7,8,1.0
2026,2,526,8,2,1.0
2026,2,526,8,4,1.0
2026,2,526,8,6,1.0
2026,2,526,8,8,1.0
2026,2,526,9,2,1.0
2026,2,526,9,4,1.0
2026,2,526,9,6,1.0
2026,2,526,9,8,1.0
2026,2,69,0,2,1.0
2026,2,69,0,4,1.0
2026,2,69,0,6,1.0
2026,2,69,0,8,1.0
2026,2,69,1,2,1.0
2026,2,69,1,4,1.0
2026,2,69,1,6,1.0
2026,2,69,1,8,1.0
2026,2,69,2,2,1.0
2026,2,69,2,4,1.0
2026,2,69,2,6,1.0
2026,2,69,2,8,1.0
2026,2,69,3,2,1.0
2026,2,69,3,4,1.0
2026,2,69,3,6,1.0
2026,2,69,3,8,1.0
2026,2,69,4,2,1.0
2026,2,69,4,4,1.0
2026,2,69,4,6,1.0
2026,2,69,4,8,1.0
2026,2,69,5,2,1.0
2026,2,69,5,4,1.0
2026,2,69,5,6,1.0
2026,2,69,5,8,1.0
2026,2,69,6,2,1.0
2026,2,69,6,4,1.0
2026,2,69,6,6,1.0
2026,2,69,6,8,1.0
2026,2,69,7,2,1.0
2026,2,69,7,4,1.0
2026,2,69,7,6,1.0
2026,2,69,7,8,1.0
2026,2,69,8,2,1.0
2026,2,69,8,4,1.0
2026,2,69,8,6,1.0
2026,2,69,8,8,1.0
2026,2,69,9,2,1.0
2026,2,69,9,4,1.0
2026,2,69,9,6,1.0
2026,2,69,9,8,1.0
2026,2,575,0,2,1.0
2026,2,575,0,4,1.0
2026,2,575,0,6,1.0
2026,2,575,0,8,1.0
2026,2,575,1,2,1.0
2026,2,575,1,4,1.0
2026,2,575,1,6,1.0
2026,2,575,1,8,1.0
2026,2,575,2,2,1.0
2026,2,575,2,4,1.0
2026,2,575,2,6,1.0
2026,2,575,2,8,1.0
2026,2,575,3,2,1.0
2026,2,575,3,4,1.0
2026,2,575,3,6,1.0
2026,2,575,3,8,1.0
2026,2,575,4,2,1.0
2026,2,575,4,4,1.0
2026,2,575,4,6,1.0
2026,2,575,4,8,1.0
2026,2,575,5,2,1.0
2026,2,575,5,4,1.0
2026,2,575,5,6,1.0
2026,2,575,5,8,1.0
2026,2,575,6,2,1.0
2026,2,575,6,4,1.0
2026,2,575,6,6,1.0
2026,2,575,6,8,1.0
2026,2,575,7,2,1.0
2026,2,575,7,4,1.0
2026,2,575,7,6,1.0
2026,2,575,7,8,1.0
2026,2,575,8,2,1.0
2026,2,575,8,4,1.0
2026,2,575,8,6,1.0
2026,2,575,8,8,1.0
2026,2,575,9,2,1.0
2026,2,575,9,4,1.0
2026,2,575,9,6,1.0
2026,2,575,9,8,1.0
2026,2,448,0,2,1.0
2026,2,448,0,4,1.0
2026,2,448,0,6,1.0
2026,2,448,0,8,1.0
2026,2,448,1,2,1.0
2026,2,448,1,4,1.0
2026,2,448,1,6,1.0
2026,2,448,1,8,1.0
2026,2,448,2,2,1.0
2026,2,448,2,4,1.0
2026,2,448,2,6,1.0
2026,2,448,2,8,1.0
2026,2,448,3,2,1.0
2026,2,448,3,4,1.0
2026,2,448,3,6,1.0
2026,2,448,3,8,1.0
2026,2,448,4,2,1.0
2026,2,448,4,4,1.0
2026,2,448,4,6,1.0
2026,2,448,4,8,1.0
2026,2,448,5,2,1.0
2026,2,448,5,4,1.0
2026,2,448,5,6,1.0
2026,2,448,5,8,1.0
2026,2,448,6,2,1.0
2026,2,448,6,4,1.0
2026,2,448,6,6,1.0
2026,2,448,6,8,1.0
2026,2,448,7,2,1.0
2026,2,448,7,4,1.0
2026,2,448,7,6,1.0
2026,2,448,7,8,1.0
2026,2,448,8,2,1.0
2026,2,448,8,4,1.0
2026,2,448,8,6,1.0
2026,2,448,8,8,1.0
2026,2,448,9,2,1.0
2026,2,448,9,4,1.0
2026,2,448,9,6,1.0
2026,2,448,9,8,1.0
2026,2,594,0,2,1.0
2026,2,594,0,4,1.0
2026,2,594,0,6,1.0
2026,2,594,0,8,1.0
2026,2,594,1,2,1.0
2026,2,594,1,4,1.0
2026,2,594,1,6,1.0
2026,2,594,1,8,1.0
2026,2,594,2,2,1.0
2026,2,594,2,4,1.0
2026,2,594,2,6,1.0
2026,2,594,2,8,1.0
2026,2,594,3,2,1.0
2026,2,594,3,4,1.0
2026,2,594,3,6,1.0
2026,2,594,3,8,1.0
2026,2,594,4,2,1.0
2026,2,594,4,4,1.0
2026,2,594,4,6,1.0
2026,2,594,4,8,1.0
2026,2,594,5,2,1.0
2026,2,594,5,4,1.0
2026,2,594,5,6,1.0
2026,2,594,5,8,1.0
2026,2,594,6,2,1.0
2026,2,594,6,4,1.0
2026,2,594,6,6,1.0
2026,2,594,6,8,1.0
2026,2,594,7,2,1.0
2026,2,594,7,4,1.0
2026,2,594,7,6,1.0
2026,2,594,7,8,1.0
2026,2,594,8,2,1.0
2026,2,594,8,4,1.0
2026,2,594,8,6,1.0
2026,2,594,8,8,1.0
2026,2,594,9,2,1.0
2026,2,594,9,4,1.0
2026,2,594,9,6,1.0
2026,2,594,9,8,1.0
2026,2,256,0,2,1.0
2026,2,256,0,4,1.0
2026,2,256,0,6,1.0
2026,2,256,0,8,1.0
2026,2,256,1,2,1.0
2026,2,256,1,4,1.0
2026,2,256,1,6,1.0
2026,2,256,1,8,1.0
2026,2,256,2,2,1.0
2026,2,256,2,4,1.0
2026,2,256,2,6,1.0
2026,2,256,2,8,1.0
2026,2,256,3,2,1.0
2026,2,256,3,4,1.0
2026,2,256,3,6,1.0
2026,2,256,3,8,1.0
2026,2,256,4,2,1.0
2026,2,256,4,4,1.0
2026,2,256,4,6,1.0
2026,2,256,4,8,1.0
2026,2,256,5,2,1.0
2026,2,256,5,4,1.0
2026,2,256,5,6,1.0
2026,2,256,5,8,1.0
2026,2,256,6,2,1.0
2026,2,256,6,4,1.0
2026,2,256,6,6,1.0
2026,2,256,6,8,1.0
2026,2,256,7,2,1.0
2026,2,256,7,4,1.0
2026,2,256,7,6,1.0
2026,2,256,7,8,1.0
2026,2,256,8,2,1.0
2026,2,256,8,4,1.0
2026,2,256,8,6,1.0
2026,2,256,8,8,1.0
2026,2,256,9,2,1.0
2026,2,256,9,4,1.0
2026,2,256,9,6,1.0
2026,2,256,9,8,1.0
2026,2,126,0,2,1.0
2026,2,126,0,4,1.0
2026,2,126,0,6,1.0
2026,2,126,0,8,1.0
2026,2,126,1,2,1.0
2026,2,126,1,4,1.0
2026,2,126,1,6,1.0
2026,2,126,1,8,1.0
2026,2,126,2,2,1.0
2026,2,126,2,4,1.0
2026,2,126,2,6,1.0
2026,2,126,2,8,1.0
2026,2,126,3,2,1.0
2026,2,126,3,4,1.0
2026,2,126,3,6,1.0
2026,2,126,3,8,1.0
2026,2,126,4,2,1.0
2026,2,126,4,4,1.0
2026,2,126,4,6,1.0
2026,2,126,4,8,1.0
2026,2,126,5,2,1.0
2026,2,126,5,4,1.0
2026,2,126,5,6,1.0
2026,2,126,5,8,1.0
2026,2,126,6,2,1.0
2026,2,126,6,4,1.0
2026,2,126,6,6,1.0
2026,2,126,6,8,1.0
2026,2,126,7,2,1.0
2026,2,126,7,4,1.0
2026,2,126,7,6,1.0
2026,2,126,7,8,1.0
2026,2,126,8,2,1.0
2026,2,126,8,4,1.0
2026,2,126,8,6,1.0
2026,2,126,8,8,1.0
2026,2,126,9,2,1.0
2026,2,126,9,4,1.0
2026,2,126,9,6,1.0
2026,2,126,9,8,1.0
2026,2,251,0,2,1.0
2026,2,251,0,4,1.0
2026,2,251,0,6,1.0
2026,2,251,0,8,1.0
2026,2,251,1,2,1.0
2026,2,251,1,4,1.0
2026,2,251,1,6,1.0
2026,2,251,1,8,1.0
2026,2,251,2,2,1.0
2026,2,251,2,4,1.0
2026,2,251,2,6,1.0
2026,2,251,2,8,1.0
2026,2,251,3,2,1.0
2026,2,251,3,4,1.0
2026,2,251,3,6,1.0
2026,2,251,3,8,1.0
2026,2,251,4,2,1.0
2026,2,251,4,4,1.0
2026,2,251,4,6,1.0
2026,2,251,4,8,1.0
2026,2,251,5,2,1.0
2026,2,251,5,4,1.0
2026,2,251,5,6,1.0
2026,2,251,5,8,1.0
2026,2,251,6,2,1.0
2026,2,251,6,4,1.0
2026,2,251,6,6,1.0
2026,2,251,6,8,1.0
2026,2,251,7,2,1.0
2026,2,251,7,4,1.0
2026,2,251,7,6,1.0
2026,2,251,7,8,1.0
2026,2,251,8,2,1.0
2026,2,251,8,4,1.0
2026,2,251,8,6,1.0
2026,2,251,8,8,1.0
2026,2,251,9,2,1.0
2026,2,251,9,4,1.0
2026,2,251,9,6,1.0
2026,2,251,9,8,1.0
2026,2,110,0,2,1.0
2026,2,110,0,4,1.0
2026,2,110,0,6,1.0
2026,2,110,0,8,1.0
2026,2,110,1,2,1.0
2026,2,110,1,4,1.0
2026,2,110,1,6,1.0
2026,2,110,1,8,1.0
2026,2,110,2,2,1.0
2026,2,110,2,4,1.0
2026,2,110,2,6,1.0
2026,2,110,2,8,1.0
2026,2,110,3,2,1.0
2026,2,110,3,4,1.0
2026,2,110,3,6,1.0
2026,2,110,3,8,1.0
2026,2,110,4,2,1.0
2026,2,110,4,4,1.0
2026,2,110,4,6,1.0
2026,2,110,4,8,1.0
2026,2,110,5,2,1.0
2026,2,110,5,4,1.0
2026,2,110,5,6,1.0
2026,2,110,5,8,1.0
2026,2,110,6,2,1.0
2026,2,110,6,4,1.0
2026,2,110,6,6,1.0
2026,2,110,6,8,1.0
2026,2,110,7,2,1.0
2026,2,110,7,4,1.0
2026,2,110,7,6,1.0
2026,2,110,7,8,1.0
2026,2,110,8,2,1.0
2026,2,110,8,4,1.0
2026,2,110,8,6,1.0
2026,2,110,8,8,1.0
2026,2,110,9,2,1.0
2026,2,110,9,4,1.0
2026,2,110,9,6,1.0
2026,2,110,9,8,1.0
2026,2,403,0,2,1.0
2026,2,403,0,4,1.0
2026,2,403,0,6,1.0
2026,2,403,0,8,1.0
2026,2,403,1,2,1.0
2026,2,403,1,4,1.0
2026,2,403,1,6,1.0
2026,2,403,1,8,1.0
2026,2,403,2,2,1.0
2026,2,403,2,4,1.0
2026,2,403,2,6,1.0
2026,2,403,2,8,1.0
2026,2,403,3,2,1.0
2026,2,403,3,4,1.0
2026,2,403,3,6,1.0
2026,2,403,3,8,1.0
2026,2,403,4,2,1.0
2026,2,403,4,4,1.0
2026,2,403,4,6,1.0
2026,2,403,4,8,1.0
2026,2,403,5,2,1.0
2026,2,403,5,4,1.0
2026,2,403,5,6,1.0
2026,2,403,5,8,1.0
2026,2,403,6,2,1.0
2026,2,403,6,4,1.0
2026,2,403,6,6,1.0
2026,2,403,6,8,1.0
2026,2,403,7,2,1.0
2026,2,403,7,4,1.0
2026,2,403,7,6,1.0
2026,2,403,7,8,1.0
2026,2,403,8,2,1.0
2026,2,403,8,4,1.0
2026,2,403,8,6,1.0
2026,2,403,8,8,1.0
2026,2,403,9,2,1.0
2026,2,403,9,4,1.0
2026,2,403,9,6,1.0
2026,2,403,9,8,1.0
2026,2,396,0,2,1.0
2026,2,396,0,4,1.0
2026,2,396,0,6,1.0
2026,2,396,0,8,1.0
2026,2,396,1,2,1.0
2026,2,396,1,4,1.0
2026,2,396,1,6,1.0
2026,2,396,1,8,1.0
2026,2,396,2,2,1.0
2026,2,396,2,4,1.0
2026,2,396,2,6,1.0
2026,2,396,2,8,1.0
2026,2,396,3,2,1.0
2026,2,396,3,4,1.0
2026,2,396,3,6,1.0
2026,2,396,3,8,1.0
2026,2,396,4,2,1.0
2026,2,396,4,4,1.0
2026,2,396,4,6,1.0
2026,2,396,4,8,1.0
2026,2,396,5,2,1.0
2026,2,396,5,4,1.0
2026,2,396,5,6,1.0
2026,2,396,5,8,1.0
2026,2,396,6,2,1.0
2026,2,396,6,4,1.0
2026,2,396,6,6,1.0
2026,2,396,6,8,1.0
2026,2,396,7,2,1.0
2026,2,396,7,4,1.0
2026,2,396,7,6,1.0
2026,2,396,7,8,1.0
2026,2,396,8,2,1.0
2026,2,396,8,4,1.0
2026,2,396,8,6,1.0
2026,2,396,8,8,1.0
2026,2,396,9,2,1.0
2026,2,396,9,4,1.0
2026,2,396,9,6,1.0
2026,2,396,9,8,1.0
2026,2,299,0,2,1.0
2026,2,299,0,4,1.0
2026,2,299,0,6,1.0
2026,2,299,0,8,1.0
2026,2,299,1,2,1.0
2026,2,299,1,4,1.0
2026,2,299,1,6,1.0
2026,2,299,1,8,1.0
2026,2,299,2,2,1.0
2026,2,299,2,4,1.0
2026,2,299,2,6,1.0
2026,2,299,2,8,1.0
2026,2,299,3,2,1.0
2026,2,299,3,4,1.0
2026,2,299,3,6,1.0
2026,2,299,3,8,1.0
2026,2,299,4,2,1.0
2026,2,299,4,4,1.0
2026,2,299,4,6,1.0
2026,2,299,4,8,1.0
2026,2,299,5,2,1.0
2026,2,299,5,4,1.0
2026,2,299,5,6,1.0
2026,2,299,5,8,1.0
2026,2,299,6,2,1.0
2026,2,299,6,4,1.0
2026,2,299,6,6,1.0
2026,2,299,6,8,1.0
2026,2,299,7,2,1.0
2026,2,299,7,4,1.0
2026,2,299,7,6,1.0
2026,2,299,7,8,1.0
2026,2,299,8,2,1.0
2026,2,299,8,4,1.0
2026,2,299,8,6,1.0
2026,2,299,8,8,1.0
2026,2,299,9,2,1.0
2026,2,299,9,4,1.0
2026,2,299,9,6,1.0
2026,2,299,9,8,1.0
2026,2,167,0,2,1.0
2026,2,167,0,4,1.0
2026,2,167,0,6,1.0
2026,2,167,0,8,1.0
2026,2,167,1,2,1.0
2026,2,167,1,4,1.0
2026,2,167,1,6,1.0
2026,2,167,1,8,1.0
2026,2,167,2,2,1.0
2026,2,167,2,4,1.0
2026,2,167,2,6,1.0
2026,2,167,2,8,1.0
2026,2,167,3,2,1.0
2026,2,167,3,4,1.0
2026,2,167,3,6,1.0
2026,2,167,3,8,1.0
2026,2,167,4,2,1.0
2026,2,167,4,4,1.0
2026,2,167,4,6,1.0
2026,2,167,4,8,1.0
2026,2,167,5,2,1.0
2026,2,167,5,4,1.0
2026,2,167,5,6,1.0
2026,2,167,5,8,1.0
2026,2,167,6,2,1.0
2026,2,167,6,4,1.0
2026,2,167,6,6,1.0
2026,2,167,6,8,1.0
2026,2,167,7,2,1.0
2026,2,167,7,4,1.0
2026,2,167,7,6,1.0
2026,2,167,7,8,1.0
2026,2,167,8,2,1.0
2026,2,167,8,4,1.0
2026,2,167,8,6,1.0
2026,2,167,8,8,1.0
2026,2,167,9,2,1.0
2026,2,167,9,4,1.0
2026,2,167,9,6,1.0
2026,2,167,9,8,1.0
2026,2,346,0,2,1.0
2026,2,346,0,4,1.0
2026,2,346,0,6,1.0
2026,2,346,0,8,1.0
2026,2,346,1,2,1.0
2026,2,346,1,4,1.0
2026,2,346,1,6,1.0
2026,2,346,1,8,1.0
2026,2,346,2,2,1.0
2026,2,346,2,4,1.0
2026,2,346,2,6,1.0
2026,2,346,2,8,1.0
2026,2,346,3,2,1.0
2026,2,346,3,4,1.0
2026,2,346,3,6,1.0
2026,2,346,3,8,1.0
2026,2,346,4,2,1.0
2026,2,346,4,4,1.0
2026,2,346,4,6,1.0
2026,2,346,4,8,1.0
2026,2,346,5,2,1.0
2026,2,346,5,4,1.0
2026,2,346,5,6,1.0
2026,2,346,5,8,1.0
2026,2,346,6,2,1.0
2026,2,346,6,4,1.0
2026,2,346,6,6,1.0
2026,2,346,6,8,1.0
2026,2,346,7,2,1.0
2026,2,346,7,4,1.0
2026,2,346,7,6,1.0
2026,2,346,7,8,1.0
2026,2,346,8,2,1.0
2026,2,346,8,4,1.0
2026,2,346,8,6,1.0
2026,2,346,8,8,1.0
2026,2,346,9,2,1.0
2026,2,346,9,4,1.0
2026,2,346,9,6,1.0
2026,2,346,9,8,1.0
2026,2,260,0,2,1.0
2026,2,260,0,4,1.0
2026,2,260,0,6,1.0
2026,2,260,0,8,1.0
2026,2,260,1,2,0.3333333333333333
2026,2,260,1,4,0.6
2026,2,260,1,6,1.0
2026,2,260,1,8,1.0
2026,2,260,2,2,1.0
2026,2,260,2,4,1.0
2026,2,260,2,6,1.0
2026,2,260,2,8,1.0
2026,2,260,3,2,1.0
2026,2,260,3,4,1.0
2026,2,260,3,6,1.0
2026,2,260,3,8,1.0
2026,2,260,4,2,1.0
2026,2,260,4,4,1.0
2026,2,260,4,6,1.0
2026,2,260,4,8,1.0
2026,2,260,5,2,1.0
2026,2,260,5,4,1.0
2026,2,260,5,6,1.0
2026,2,260,5,8,1.0
2026,2,260,6,2,0.3333333333333333
2026,2,260,6,4,0.6
2026,2,260,6,6,1.0
2026,2,260,6,8,1.0
2026,2,260,7,2,0.3333333333333333
2026,2,260,7,4,0.6
2026,2,260,7,6,1.0
2026,2,260,7,8,1.0
2026,2,260,8,2,1.0
2026,2,260,8,4,1.0
2026,2,260,8,6,1.0
2026,2,260,8,8,1.0
2026,2,260,9,2,1.0
2026,2,260,9,4,1.0
2026,2,260,9,6,1.0
2026,2,260,9,8,1.0
2026,2,145,0,2,1.0
2026,2,145,0,4,1.0
2026,2,145,0,6,1.0
2026,2,145,0,8,1.0
2026,2,145,1,2,1.0
2026,2,145,1,4,1.0
2026,2,145,1,6,1.0
2026,2,145,1,8,1.0
2026,2,145,2,2,1.0
2026,2,145,2,4,1.0
2026,2,145,2,6,1.0
2026,2,145,2,8,1.0
2026,2,145,3,2,1.0
2026,2,145,3,4,1.0
2026,2,145,3,6,1.0
2026,2,145,3,8,1.0
2026,2,145,4,2,1.0
2026,2,145,4,4,1.0
2026,2,145,4,6,1.0
2026,2,145,4,8,1.0
2026,2,145,5,2,1.0
2026,2,145,5,4,1.0
2026,2,145,5,6,1.0
2026,2,145,5,8,1.0
2026,2,145,6,2,1.0
2026,2,145,6,4,1.0
2026,2,145,6,6,1.0
2026,2,145,6,8,1.0
2026,2,145,7,2,1.0
2026,2,145,7,4,1.0
2026,2,145,7,6,1.0
2026,2,145,7,8,1.0
2026,2,145,8,2,1.0
2026,2,145,8,4,1.0
2026,2,145,8,6,1.0
2026,2,145,8,8,1.0
2026,2,145,9,2,1.0
2026,2,145,9,4,1.0
2026,2,145,9,6,1.0
2026,2,145,9,8,1.0
2026,2,76,0,2,1.0
2026,2,76,0,4,1.0
2026,2,76,0,6,1.0
2026,2,76,0,8,1.0
2026,2,76,1,2,1.0
2026,2,76,1,4,1.0
2026,2,76,1,6,1.0
2026,2,76,1,8,1.0
2026,2,76,2,2,1.0
2026,2,76,2,4,1.0
2026,2,76,2,6,1.0
2026,2,76,2,8,1.0
2026,2,76,3,2,1.0
2026,2,76,3,4,1.0
2026,2,76,3,6,1.0
2026,2,76,3,8,1.0
2026,2,76,4,2,1.0
2026,2,76,4,4,1.0
2026,2,76,4,6,1.0
2026,2,76,4,8,1.0
2026,2,76,5,2,1.0
2026,2,76,5,4,1.0
2026,2,76,5,6,1.0
2026,2,76,5,8,1.0
2026,2,76,6,2,1.0
2026,2,76,6,4,1.0
2026,2,76,6,6,1.0
2026,2,76,6,8,1.0
2026,2,76,7,2,1.0
2026,2,76,7,4,1.0
2026,2,76,7,6,1.0
2026,2,76,7,8,1.0
2026,2,76,8,2,1.0
2026,2,76,8,4,1.0
2026,2,76,8,6,1.0
2026,2,76,8,8,1.0
2026,2,76,9,2,1.0
2026,2,76,9,4,1.0
2026,2,76,9,6,1.0
2026,2,76,9,8,1.0
2027,0,56,0,2,1.0
2027,0,56,0,4,1.0
2027,0,56,0,6,1.0
2027,0,56,0,8,1.0
2027,0,56,1,2,1.0
2027,0,56,1,4,1.0
2027,0,56,1,6,1.0
2027,0,56,1,8,1.0
2027,0,56,2,2,1.0
2027,0,56,2,4,1.0
2027,0,56,2,6,1.0
2027,0,56,2,8,1.0
2027,0,56,3,2,1.0
2027,0,56,3,4,1.0
2027,0,56,3,6,1.0
2027,0,56,3,8,1.0
2027,0,56,4,2,1.0
2027,0,56,4,4,1.0
2027,0,56,4,6,1.0
2027,0,56,4,8,1.0
2027,0,56,5,2,1.0
2027,0,56,5,4,1.0
2027,0,56,5,6,1.0
2027,0,56,5,8,1.0
2027,0,56,6,2,1.0
2027,0,56,6,4,1.0
2027,0,56,6,6,1.0
2027,0,56,6,8,1.0
2027,0,56,7,2,1.0
2027,0,56,7,4,1.0
2027,0,56,7,6,1.0
2027,0,56,7,8,1.0
2027,0,56,8,2,1.0
2027,0,56,8,4,1.0
2027,0,56,8,6,1.0
2027,0,56,8,8,1.0
2027,0,56,9,2,1.0
2027,0,56,9,4,1.0
2027,0,56,9,6,1.0
2027,0,56,9,8,1.0
2027,0,484,0,2,1.0
2027,0,484,0,4,1.0
2027,0,484,0,6,1.0
2027,0,484,0,8,1.0
2027,0,484,1,2,1.0
2027,0,484,1,4,1.0
2027,0,484,1,6,1.0
2027,0,484,1,8,1.0
2027,0,484,2,2,1.0
2027,0,484,2,4,1.0
2027,0,484,2,6,1.0
2027,0,484,2,8,1.0
2027,0,484,3,2,1.0
2027,0,484,3,4,1.0
2027,0,484,3,6,1.0
2027,0,484,3,8,1.0
2027,0,484,4,2,1.0
2027,0,484,4,4,1.0
2027,0,484,4,6,1.0
2027,0,484,4,8,1.0
2027,0,484,5,2,1.0
2027,0,484,5,4,1.0
2027,0,484,5,6,1.0
2027,0,484,5,8,1.0
2027,0,484,6,2,1.0
2027,0,484,6,4,1.0
2027,0,484,6,6,1.0
2027,0,484,6,8,1.0
2027,0,484,7,2,1.0
2027,0,484,7,4,1.0
2027,0,484,7,6,1.0
2027,0,484,7,8,1.0
2027,0,484,8,2,1.0
2027,0,484,8,4,1.0
2027,0,484,8,6,1.0
2027,0,484,8,8,1.0
2027,0,484,9,2,1.0
2027,0,484,9,4,1.0
2027,0,484,9,6,1.0
2027,0,484,9,8,1.0
2027,0,474,0,2,1.0
2027,0,474,0,4,1.0
2027,0,474,0,6,1.0
2027,0,474,0,8,1.0
2027,0,474,1,2,1.0
2027,0,474,1,4,1.0
2027,0,474,1,6,1.0
2027,0,474,1,8,1.0
2027,0,474,2,2,1.0
2027,0,474,2,4,1.0
2027,0,474,2,6,1.0
2027,0,474,2,8,1.0
2027,0,474,3,2,1.0
2027,0,474,3,4,1.0
2027,0,474,3,6,1.0
2027,0,474,3,8,1.0
2027,0,474,4,2,1.0
2027,0,474,4,4,1.0
2027,0,474,4,6,1.0
2027,0,474,4,8,1.0
2027,0,474,5,2,1.0
2027,0,474,5,4,1.0
2027,0,474,5,6,1.0
2027,0,474,5,8,1.0
2027,0,474,6,2,1.0
2027,0,474,6,4,1.0
2027,0,474,6,6,1.0
2027,0,474,6,8,1.0
2027,0,474,7,2,1.0
2027,0,474,7,4,1.0
2027,0,474,7,6,1.0
2027,0,474,7,8,1.0
2027,0,474,8,2,1.0
2027,0,474,8,4,1.0
2027,0,474,8,6,1.0
2027,0,474,8,8,1.0
2027,0,474,9,2,1.0
2027,0,474,9,4,1.0
2027,0,474,9,6,1.0
2027,0,474,9,8,1.0
2027,0,156,0,2,1.0
2027,0,156,0,4,1.0
2027,0,156,0,6,1.0
2027,0,156,0,8,1.0
2027,0,156,1,2,1.0
2027,0,156,1,4,1.0
2027,0,156,1,6,1.0
2027,0,156,1,8,1.0
2027,0,156,2,2,1.0
2027,0,156,2,4,1.0
2027,0,156,2,6,1.0
2027,0,156,2,8,1.0
2027,0,156,3,2,1.0
2027,0,156,3,4,1.0
2027,0,156,3,6,1.0
2027,0,156,3,8,1.0
2027,0,156,4,2,1.0
2027,0,156,4,4,1.0
2027,0,156,4,6,1.0
2027,0,156,4,8,1.0
2027,0,156,5,2,1.0
2027,0,156,5,4,1.0
2027,0,156,5,6,1.0
2027,0,156,5,8,1.0
2027,0,156,6,2,1.0
2027,0,156,6,4,1.0
2027,0,156,6,6,1.0
2027,0,156,6,8,1.0
2027,0,156,7,2,1.0
2027,0,156,7,4,1.0
2027,0,156,7,6,1.0
2027,0,156,7,8,1.0
2027,0,156,8,2,1.0
2027,0,156,8,4,1.0
2027,0,156,8,6,1.0
2027,0,156,8,8,1.0
2027,0,156,9,2,1.0
2027,0,156,9,4,1.0
2027,0,156,9,6,1.0
2027,0,156,9,8,1.0
2027,0,408,0,2,1.0
2027,0,408,0,4,1.0
2027,0,408,0,6,1.0
2027,0,408,0,8,1.0
2027,0,408,1,2,1.0
2027,0,408,1,4,1.0
2027,0,408,1,6,1.0
2027,0,408,1,8,1.0
2027,0,408,2,2,1.0
2027,0,408,2,4,1.0
2027,0,408,2,6,1.0
2027,0,408,2,8,1.0
2027,0,408,3,2,1.0
2027,0,408,3,4,1.0
2027,0,408,3,6,1.0
2027,0,408,3,8,1.0
2027,0,408,4,2,1.0
2027,0,408,4,4,1.0
2027,0,408,4,6,1.0
2027,0,408,4,8,1.0
2027,0,408,5,2,1.0
2027,0,408,5,4,1.0
2027,0,408,5,6,1.0
2027,0,408,5,8,1.0
2027,0,408,6,2,1.0
2027,0,408,6,4,1.0
2027,0,408,6,6,1.0
2027,0,408,6,8,1.0
2027,0,408,7,2,1.0
2027,0,408,7,4,1.0
2027,0,408,7,6,1.0
2027,0,408,7,8,1.0
2027,0,408,8,2,1.0
2027,0,408,8,4,1.0
2027,0,408,8,6,1.0
2027,0,408,8,8,1.0
2027,0,408,9,2,1.0
2027,0,408,9,4,1.0
2027,0,408,9,6,1.0
2027,0,408,9,8,1.0
2027,0,36,0,2,1.0
2027,0,36,0,4,1.0
2027,0,36,0,6,1.0
2027,0,36,0,8,1.0
2027,0,36,1,2,1.0
2027,0,36,1,4,1.0
2027,0,36,1,6,1.0
2027,0,36,1,8,1.0
2027,0,36,2,2,1.0
2027,0,36,2,4,1.0
2027,0,36,2,6,1.0
2027,0,36,2,8,1.0
2027,0,36,3,2,1.0
2027,0,36,3,4,1.0
2027,0,36,3,6,1.0
2027,0,36,3,8,1.0
2027,0,36,4,2,1.0
2027,0,36,4,4,1.0
2027,0,36,4,6,1.0
2027,0,36,4,8,1.0
2027,0,36,5,2,1.0
2027,0,36,5,4,1.0
2027,0,36,5,6,1.0
2027,0,36,5,8,1.0
2027,0,36,6,2,1.0
2027,0,36,6,4,1.0
2027,0,36,6,6,1.0
2027,0,36,6,8,1.0
2027,0,36,7,2,1.0
2027,0,36,7,4,1.0
2027,0,36,7,6,1.0
2027,0,36,7,8,1.0
2027,0,36,8,2,1.0
2027,0,36,8,4,1.0
2027,0,36,8,6,1.0
2027,0,36,8,8,1.0
2027,0,36,9,2,1.0
2027,0,36,9,4,1.0
2027,0,36,9,6,1.0
2027,0,36,9,8,1.0
2027,0,253,0,2,1.0
2027,0,253,0,4,1.0
2027,0,253,0,6,1.0
2027,0,253,0,8,1.0
2027,0,253,1,2,1.0
2027,0,253,1,4,1.0
2027,0,253,1,6,1.0
2027,0,253,1,8,1.0
2027,0,253,2,2,1.0
2027,0,253,2,4,1.0
2027,0,253,2,6,1.0
2027,0,253,2,8,1.0
2027,0,253,3,2,1.0
2027,0,253,3,4,1.0
2027,0,253,3,6,1.0
2027,0,253,3,8,1.0
2027,0,253,4,2,1.0
2027,0,253,4,4,1.0
2027,0,253,4,6,1.0
2027,0,253,4,8,1.0
2027,0,253,5,2,1.0
2027,0,253,5,4,1.0
2027,0,253,5,6,1.0
2027,0,253,5,8,1.0
2027,0,253,6,2,1.0
2027,0,253,6,4,1.0
2027,0,253,6,6,1.0
2027,0,253,6,8,1.0
2027,0,253,7,2,1.0
2027,0,253,7,4,1.0
2027,0,253,7,6,1.0
2027,0,253,7,8,1.0
2027,0,253,8,2,1.0
2027,0,253,8,4,1.0
2027,0,253,8,6,1.0
2027,0,253,8,8,1.0
2027,0,253,9,2,1.0
2027,0,253,9,4,1.0
2027,0,253,9,6,1.0
2027,0,253,9,8,1.0
2027,0,591,0,2,1.0
2027,0,591,0,4,1.0
2027,0,591,0,6,1.0
2027,0,591,0,8,1.0
2027,0,591,1,2,1.0
2027,0,591,1,4,1.0
2027,0,591,1,6,1.0
2027,0,591,1,8,1.0
2027,0,591,2,2,1.0
2027,0,591,2,4,1.0
2027,0,591,2,6,1.0
2027,0,591,2,8,1.0
2027,0,591,3,2,1.0
2027,0,591,3,4,1.0
2027,0,591,3,6,1.0
2027,0,591,3,8,1.0
2027,0,591,4,2,1.0
2027,0,591,4,4,1.0
2027,0,591,4,6,1.0
2027,0,591,4,8,1.0
2027,0,591,5,2,1.0
2027,0,591,5,4,1.0
2027,0,591,5,6,1.0
2027,0,591,5,8,1.0
2027,0,591,6,2,1.0
2027,0,591,6,4,1.0
2027,0,591,6,6,1.0
2027,0,591,6,8,1.0
2027,0,591,7,2,1.0
2027,0,591,7,4,1.0
2027,0,591,7,6,1.0
2027,0,591,7,8,1.0
2027,0,591,8,2,1.0
2027,0,591,8,4,1.0
2027,0,591,8,6,1.0
2027,0,591,8,8,1.0
2027,0,591,9,2,1.0
2027,0,591,9,4,1.0
2027,0,591,9,6,1.0
2027,0,591,9,8,1.0
2027,0,519,0,2,1.0
2027,0,519,0,4,1.0
2027,0,519,0,6,1.0
2027,0,519,0,8,1.0
2027,0,519,1,2,1.0
2027,0,519,1,4,1.0
2027,0,519,1,6,1.0
2027,0,519,1,8,1.0
2027,0,519,2,2,1.0
2027,0,519,2,4,1.0
2027,0,519,2,6,1.0
2027,0,519,2,8,1.0
2027,0,519,3,2,1.0
2027,0,519,3,4,1.0
2027,0,519,3,6,1.0
2027,0,519,3,8,1.0
2027,0,519,4,2,1.0
2027,0,519,4,4,1.0
2027,0,519,4,6,1.0
2027,0,519,4,8,1.0
2027,0,519,5,2,1.0
2027,0,519,5,4,1.0
2027,0,519,5,6,1.0
2027,0,519,5,8,1.0
2027,0,519,6,2,1.0
2027,0,519,6,4,1.0
2027,0,519,6,6,1.0
2027,0,519,6,8,1.0
2027,0,519,7,2,1.0
2027,0,519,7,4,1.0
2027,0,519,7,6,1.0
2027,0,519,7,8,1.0
2027,0,519,8,2,1.0
2027,0,519,8,4,1.0
2027,0,519,8,6,1.0
2027,0,519,8,8,1.0
2027,0,519,9,2,1.0
2027,0,519,9,4,1.0
2027,0,519,9,6,1.0
2027,0,519,9,8,1.0
2027,0,138,0,2,1.0
2027,0,138,0,4,1.0
2027,0,138,0,6,1.0
2027,0,138,0,8,1.0
2027,0,138,1,2,1.0
2027,0,138,1,4,1.0
2027,0,138,1,6,1.0
2027,0,138,1,8,1.0
2027,0,138,2,2,1.0
2027,0,138,2,4,1.0
2027,0,138,2,6,1.0
2027,0,138,2,8,1.0
2027,0,138,3,2,1.0
2027,0,138,3,4,1.0
2027,0,138,3,6,1.0
2027,0,138,3,8,1.0
2027,0,138,4,2,1.0
2027,0,138,4,4,1.0
2027,0,138,4,6,1.0
2027,0,138,4,8,1.0
2027,0,138,5,2,1.0
2027,0,138,5,4,1.0
2027,0,138,5,6,1.0
2027,0,138,5,8,1.0
2027,0,138,6,2,1.0
2027,0,138,6,4,1.0
2027,0,138,6,6,1.0
2027,0,138,6,8,1.0
2027,0,138,7,2,1.0
2027,0,138,7,4,1.0
2027,0,138,7,6,1.0
2027,0,138,7,8,1.0
2027,0,138,8,2,1.0
2027,0,138,8,4,1.0
2027,0,138,8,6,1.0
2027,0,138,8,8,1.0
2027,0,138,9,2,1.0
2027,0,138,9,4,1.0
2027,0,138,9,6,1.0
2027,0,138,9,8,1.0
2027,0,322,0,2,1.0
2027,0,322,0,4,1.0
2027,0,322,0,6,1.0
2027,0,322,0,8,1.0
2027,0,322,1,2,1.0
2027,0,322,1,4,1.0
2027,0,322,1,6,1.0
2027,0,322,1,8,1.0
2027,0,322,2,2,1.0
2027,0,322,2,4,1.0
2027,0,322,2,6,1.0
2027,0,322,2,8,1.0
2027,0,322,3,2,1.0
2027,0,322,3,4,1.0
2027,0,322,3,6,1.0
2027,0,322,3,8,1.0
2027,0,322,4,2,1.0
2027,0,322,4,4,1.0
2027,0,322,4,6,1.0
2027,0,322,4,8,1.0
2027,0,322,5,2,1.0
2027,0,322,5,4,1.0
2027,0,322,5,6,1.0
2027,0,322,5,8,1.0
2027,0,322,6,2,1.0
2027,0,322,6,4,1.0
2027,0,322,6,6,1.0
2027,0,322,6,8,1.0
2027,0,322,7,2,1.0
2027,0,322,7,4,1.0
2027,0,322,7,6,1.0
2027,0,322,7,8,1.0
2027,0,322,8,2,1.0
2027,0,322,8,4,1.0
2027,0,322,8,6,1.0
2027,0,322,8,8,1.0
2027,0,322,9,2,1.0
2027,0,322,9,4,1.0
2027,0,322,9,6,1.0
2027,0,322,9,8,1.0
2027,0,164,0,2,1.0
2027,0,164,0,4,1.0
2027,0,164,0,6,1.0
2027,0,164,0,8,1.0
2027,0,164,1,2,1.0
2027,0,164,1,4,1.0
2027,0,164,1,6,1.0
2027,0,164,1,8,1.0
2027,0,164,2,2,1.0
2027,0,164,2,4,1.0
2027,0,164,2,6,1.0
2027,0,164,2,8,1.0
2027,0,164,3,2,1.0
2027,0,164,3,4,1.0
2027,0,164,3,6,1.0
2027,0,164,3,8,1.0
2027,0,164,4,2,1.0
2027,0,164,4,4,1.0
2027,0,164,4,6,1.0
2027,0,164,4,8,1.0
2027,0,164,5,2,1.0
2027,0,164,5,4,1.0
2027,0,164,5,6,1.0
2027,0,164,5,8,1.0
2027,0,164,6,2,1.0
2027,0,164,6,4,1.0
2027,0,164,6,6,1.0
2027,0,164,6,8,1.0
2027,0,164,7,2,1.0
2027,0,164,7,4,1.0
2027,0,164,7,6,1.0
2027,0,164,7,8,1.0
2027,0,164,8,2,1.0
2027,0,164,8,4,1.0
2027,0,164,8,6,1.0
2027,0,164,8,8,1.0
2027,0,164,9,2,1.0
2027,0,164,9,4,1.0
2027,0,164,9,6,1.0
2027,0,164,9,8,1.0
2027,0,468,0,2,1.0
2027,0,468,0,4,1.0
2027,0,468,0,6,1.0
2027,0,468,0,8,1.0
2027,0,468,1,2,1.0
2027,0,468,1,4,1.0
2027,0,468,1,6,1.0
2027,0,468,1,8,1.0
2027,0,468,2,2,1.0
2027,0,468,2,4,1.0
2027,0,468,2,6,1.0
2027,0,468,2,8,1.0
2027,0,468,3,2,1.0
2027,0,468,3,4,1.0
2027,0,468,3,6,1.0
2027,0,468,3,8,1.0
2027,0,468,4,2,1.0
2027,0,468,4,4,1.0
2027,0,468,4,6,1.0
2027,0,468,4,8,1.0
2027,0,468,5,2,1.0
2027,0,468,5,4,1.0
2027,0,468,5,6,1.0
2027,0,468,5,8,1.0
2027,0,468,6,2,1.0
2027,0,468,6,4,1.0
2027,0,468,6,6,1.0
2027,0,468,6,8,1.0
2027,0,468,7,2,1.0
2027,0,468,7,4,1.0
2027,0,468,7,6,1.0
2027,0,468,7,8,1.0
2027,0,468,8,2,1.0
2027,0,468,8,4,1.0
2027,0,468,8,6,1.0
2027,0,468,8,8,1.0
2027,0,468,9,2,1.0
2027,0,468,9,4,1.0
2027,0,468,9,6,1.0
2027,0,468,9,8,1.0
2027,0,285,0,2,1.0
2027,0,285,0,4,1.0
2027,0,285,0,6,1.0
2027,0,285,0,8,1.0
2027,0,285,1,2,1.0
2027,0,285,1,4,1.0
2027,0,285,1,6,1.0
2027,0,285,1,8,1.0
2027,0,285,2,2,1.0
2027,0,285,2,4,1.0
2027,0,285,2,6,1.0
2027,0,285,2,8,1.0
2027,0,285,3,2,1.0
2027,0,285,3,4,1.0
2027,0,285,3,6,1.0
2027,0,285,3,8,1.0
2027,0,285,4,2,1.0
2027,0,285,4,4,1.0
2027,0,285,4,6,1.0
2027,0,285,4,8,1.0
2027,0,285,5,2,1.0
2027,0,285,5,4,1.0
2027,0,285,5,6,1.0
2027,0,285,5,8,1.0
2027,0,285,6,2,1.0
2027,0,285,6,4,1.0
2027,0,285,6,6,1.0
2027,0,285,6,8,1.0
2027,0,285,7,2,1.0
2027,0,285,7,4,1.0
2027,0,285,7,6,1.0
2027,0,285,7,8,1.0
2027,0,285,8,2,1.0
2027,0,285,8,4,1.0
2027,0,285,8,6,1.0
2027,0,285,8,8,1.0
2027,0,285,9,2,1.0
2027,0,285,9,4,1.0
2027,0,285,9,6,1.0
2027,0,285,9,8,1.0
2027,0,76,0,2,1.0
2027,0,76,0,4,1.0
2027,0,76,0,6,1.0
2027,0,76,0,8,1.0
2027,0,76,1,2,1.0
2027,0,76,1,4,1.0
2027,0,76,1,6,1.0
2027,0,76,1,8,1.0
2027,0,76,2,2,1.0
2027,0,76,2,4,1.0
2027,0,76,2,6,1.0
2027,0,76,2,8,1.0
2027,0,76,3,2,1.0
2027,0,76,3,4,1.0
2027,0,76,3,6,1.0
2027,0,76,3,8,1.0
2027,0,76,4,2,1.0
2027,0,76,4,4,1.0
2027,0,76,4,6,1.0
2027,0,76,4,8,1.0
2027,0,76,5,2,1.0
2027,0,76,5,4,1.0
2027,0,76,5,6,1.0
2027,0,76,5,8,1.0
2027,0,76,6,2,1.0
2027,0,76,6,4,1.0
2027,0,76,6,6,1.0
2027,0,76,6,8,1.0
2027,0,76,7,2,1.0
2027,0,76,7,4,1.0
2027,0,76,7,6,1.0
2027,0,76,7,8,1.0
2027,0,76,8,2,1.0
2027,0,76,8,4,1.0
2027,0,76,8,6,1.0
2027,0,76,8,8,1.0
2027,0,76,9,2,1.0
2027,0,76,9,4,1.0
2027,0,76,9,6,1.0
2027,0,76,9,8,1.0
2027,0,75,0,2,1.0
2027,0,75,0,4,1.0
2027,0,75,0,6,1.0
2027,0,75,0,8,1.0
2027,0,75,1,2,1.0
2027,0,75,1,4,1.0
2027,0,75,1,6,1.0
2027,0,75,1,8,1.0
2027,0,75,2,2,1.0
2027,0,75,2,4,1.0
2027,0,75,2,6,1.0
2027,0,75,2,8,1.0
2027,0,75,3,2,1.0
2027,0,75,3,4,1.0
2027,0,75,3,6,1.0
2027,0,75,3,8,1.0
2027,0,75,4,2,1.0
2027,0,75,4,4,1.0
2027,0,75,4,6,1.0
2027,0,75,4,8,1.0
2027,0,75,5,2,1.0
2027,0,75,5,4,1.0
2027,0,75,5,6,1.0
2027,0,75,5,8,1.0
2027,0,75,6,2,1.0
2027,0,75,6,4,1.0
2027,0,75,6,6,1.0
2027,0,75,6,8,1.0
2027,0,75,7,2,1.0
2027,0,75,7,4,1.0
2027,0,75,7,6,1.0
2027,0,75,7,8,1.0
2027,0,75,8,2,1.0
2027,0,75,8,4,1.0
2027,0,75,8,6,1.0
2027,0,75,8,8,1.0
2027,0,75,9,2,1.0
2027,0,75,9,4,1.0
2027,0,75,9,6,1.0
2027,0,75,9,8,1.0
2027,0,232,0,2,1.0
2027,0,232,0,4,1.0
2027,0,232,0,6,1.0
2027,0,232,0,8,1.0
2027,0,232,1,2,1.0
2027,0,232,1,4,1.0
2027,0,232,1,6,1.0
2027,0,232,1,8,1.0
2027,0,232,2,2,1.0
2027,0,232,2,4,1.0
2027,0,232,2,6,1.0
2027,0,232,2,8,1.0
2027,0,232,3,2,1.0
2027,0,232,3,4,1.0
2027,0,232,3,6,1.0
2027,0,232,3,8,1.0
2027,0,232,4,2,1.0
2027,0,232,4,4,1.0
2027,0,232,4,6,1.0
2027,0,232,4,8,1.0
2027,0,232,5,2,1.0
2027,0,232,5,4,1.0
2027,0,232,5,6,1.0
2027,0,232,5,8,1.0
2027,0,232,6,2,1.0
2027,0,232,6,4,1.0
2027,0,232,6,6,1.0
2027,0,232,6,8,1.0
2027,0,232,7,2,1.0
2027,0,232,7,4,1.0
2027,0,232,7,6,1.0
2027,0,232,7,8,1.0
2027,0,232,8,2,1.0
2027,0,232,8,4,1.0
2027,0,232,8,6,1.0
2027,0,232,8,8,1.0
2027,0,232,9,2,1.0
2027,0,232,9,4,1.0
2027,0,232,9,6,1.0
2027,0,232,9,8,1.0
2027,0,165,0,2,1.0
2027,0,165,0,4,1.0
2027,0,165,0,6,1.0
2027,0,165,0,8,1.0
2027,0,165,1,2,1.0
2027,0,165,1,4,1.0
2027,0,165,1,6,1.0
2027,0,165,1,8,1.0
2027,0,165,2,2,1.0
2027,0,165,2,4,1.0
2027,0,165,2,6,1.0
2027,0,165,2,8,1.0
2027,0,165,3,2,1.0
2027,0,165,3,4,1.0
2027,0,165,3,6,1.0
2027,0,165,3,8,1.0
2027,0,165,4,2,1.0
2027,0,165,4,4,1.0
2027,0,165,4,6,1.0
2027,0,165,4,8,1.0
2027,0,165,5,2,1.0
2027,0,165,5,4,1.0
2027,0,165,5,6,1.0
2027,0,165,5,8,1.0
2027,0,165,6,2,1.0
2027,0,165,6,4,1.0
2027,0,165,6,6,1.0
2027,0,165,6,8,1.0
2027,0,165,7,2,1.0
2027,0,165,7,4,1.0
2027,0,165,7,6,1.0
2027,0,165,7,8,1.0
2027,0,165,8,2,1.0
2027,0,165,8,4,1.0
2027,0,165,8,6,1.0
2027,0,165,8,8,1.0
2027,0,165,9,2,1.0
2027,0,165,9,4,1.0
2027,0,165,9,6,1.0
2027,0,165,9,8,1.0
2027,0,275,0,2,1.0
2027,0,275,0,4,1.0
2027,0,275,0,6,1.0
2027,0,275,0,8,1.0
2027,0,275,1,2,1.0
2027,0,275,1,4,1.0
2027,0,275,1,6,1.0
2027,0,275,1,8,1.0
2027,0,275,2,2,1.0
2027,0,275,2,4,1.0
2027,0,275,2,6,1.0
2027,0,275,2,8,1.0
2027,0,275,3,2,1.0
2027,0,275,3,4,1.0
2027,0,275,3,6,1.0
2027,0,275,3,8,1.0
2027,0,275,4,2,1.0
2027,0,275,4,4,1.0
2027,0,275,4,6,1.0
2027,0,275,4,8,1.0
2027,0,275,5,2,1.0
2027,0,275,5,4,1.0
2027,0,275,5,6,1.0
2027,0,275,5,8,1.0
2027,0,275,6,2,1.0
2027,0,275,6,4,1.0
2027,0,275,6,6,1.0
2027,0,275,6,8,1.0
2027,0,275,7,2,1.0
2027,0,275,7,4,1.0
2027,0,275,7,6,1.0
2027,0,275,7,8,1.0
2027,0,275,8,2,1.0
2027,0,275,8,4,1.0
2027,0,275,8,6,1.0
2027,0,275,8,8,1.0
2027,0,275,9,2,1.0
2027,0,275,9,4,1.0
2027,0,275,9,6,1.0
2027,0,275,9,8,1.0
2027,0,586,0,2,1.0
2027,0,586,0,4,1.0
2027,0,586,0,6,1.0
2027,0,586,0,8,1.0
2027,0,586,1,2,1.0
2027,0,586,1,4,1.0
2027,0,586,1,6,1.0
2027,0,586,1,8,1.0
2027,0,586,2,2,1.0
2027,0,586,2,4,1.0
2027,0,586,2,6,1.0
2027,0,586,2,8,1.0
2027,0,586,3,2,1.0
2027,0,586,3,4,1.0
2027,0,586,3,6,1.0
2027,0,586,3,8,1.0
2027,0,586,4,2,1.0
2027,0,586,4,4,1.0
2027,0,586,4,6,1.0
2027,0,586,4,8,1.0
2027,0,586,5,2,1.0
2027,0,586,5,4,1.0
2027,0,586,5,6,1.0
2027,0,586,5,8,1.0
2027,0,586,6,2,1.0
2027,0,586,6,4,1.0
2027,0,586,6,6,1.0
2027,0,586,6,8,1.0
2027,0,586,7,2,1.0
2027,0,586,7,4,1.0
2027,0,586,7,6,1.0
2027,0,586,7,8,1.0
2027,0,586,8,2,1.0
2027,0,586,8,4,1.0
2027,0,586,8,6,1.0
2027,0,586,8,8,1.0
2027,0,586,9,2,1.0
2027,0,586,9,4,1.0
2027,0,586,9,6,1.0
2027,0,586,9,8,1.0
2027,1,56,0,2,1.0
2027,1,56,0,4,1.0
2027,1,56,0,6,1.0
2027,1,56,0,8,1.0
2027,1,56,1,2,1.0
2027,1,56,1,4,1.0
2027,1,56,1,6,1.0
2027,1,56,1,8,1.0
2027,1,56,2,2,1.0
2027,1,56,2,4,1.0
2027,1,56,2,6,1.0
2027,1,56,2,8,1.0
2027,1,56,3,2,1.0
2027,1,56,3,4,1.0
2027,1,56,3,6,1.0
2027,1,56,3,8,1.0
2027,1,56,4,2,1.0
2027,1,56,4,4,1.0
2027,1,56,4,6,1.0
2027,1,56,4,8,1.0
2027,1,56,5,2,1.0
2027,1,56,5,4,1.0
2027,1,56,5,6,1.0
2027,1,56,5,8,1.0
2027,1,56,6,2,1.0
2027,1,56,6,4,1.0
2027,1,56,6,6,1.0
2027,1,56,6,8,1.0
2027,1,56,7,2,1.0
2027,1,56,7,4,1.0
2027,1,56,7,6,1.0
2027,1,56,7,8,1.0
2027,1,56,8,2,1.0
2027,1,56,8,4,1.0
2027,1,56,8,6,1.0
2027,1,56,8,8,1.0
2027,1,56,9,2,1.0
2027,1,56,9,4,1.0
2027,1,56,9,6,1.0
2027,1,56,9,8,1.0
2027,1,484,0,2,1.0
2027,1,484,0,4,1.0
2027,1,484,0,6,1.0
2027,1,484,0,8,1.0
2027,1,484,1,2,1.0
2027,1,484,1,4,1.0
2027,1,484,1,6,1.0
2027,1,484,1,8,1.0
2027,1,484,2,2,1.0
2027,1,484,2,4,1.0
2027,1,484,2,6,1.0
2027,1,484,2,8,1.0
2027,1,484,3,2,1.0
2027,1,484,3,4,1.0
2027,1,484,3,6,1.0
2027,1,484,3,8,1.0
2027,1,484,4,2,1.0
2027,1,484,4,4,1.0
2027,1,484,4,6,1.0
2027,1,484,4,8,1.0
2027,1,484,5,2,1.0
2027,1,484,5,4,1.0
2027,1,484,5,6,1.0
2027,1,484,5,8,1.0
2027,1,484,6,2,1.0
2027,1,484,6,4,1.0
2027,1,484,6,6,1.0
2027,1,484,6,8,1.0
2027,1,484,7,2,1.0
2027,1,484,7,4,1.0
2027,1,484,7,6,1.0
2027,1,484,7,8,1.0
2027,1,484,8,2,1.0
2027,1,484,8,4,1.0
2027,1,484,8,6,1.0
2027,1,484,8,8,1.0
2027,1,484,9,2,1.0
2027,1,484,9,4,1.0
2027,1,484,9,6,1.0
2027,1,484,9,8,1.0
2027,1,474,0,2,1.0
2027,1,474,0,4,1.0
2027,1,474,0,6,1.0
2027,1,474,0,8,1.0
2027,1,474,1,2,1.0
2027,1,474,1,4,1.0
2027,1,474,1,6,1.0
2027,1,474,1,8,1.0
2027,1,474,2,2,1.0
2027,1,474,2,4,1.0
2027,1,474,2,6,1.0
2027,1,474,2,8,1.0
2027,1,474,3,2,1.0
2027,1,474,3,4,1.0
2027,1,474,3,6,1.0
2027,1,474,3,8,1.0
2027,1,474,4,2,1.0
2027,1,474,4,4,1.0
2027,1,474,4,6,1.0
2027,1,474,4,8,1.0
2027,1,474,5,2,1.0
2027,1,474,5,4,1.0
2027,1,474,5,6,1.0
2027,1,474,5,8,1.0
2027,1,474,6,2,1.0
2027,1,474,6,4,1.0
2027,1,474,6,6,1.0
2027,1,474,6,8,1.0
2027,1,474,7,2,1.0
2027,1,474,7,4,1.0
2027,1,474,7,6,1.0
2027,1,474,7,8,1.0
2027,1,474,8,2,1.0
2027,1,474,8,4,1.0
2027,1,474,8,6,1.0
2027,1,474,8,8,1.0
2027,1,474,9,2,1.0
2027,1,474,9,4,1.0
2027,1,474,9,6,1.0
2027,1,474,9,8,1.0
2027,1,156,0,2,1.0
2027,1,156,0,4,1.0
2027,1,156,0,6,1.0
2027,1,156,0,8,1.0
2027,1,156,1,2,1.0
2027,1,156,1,4,1.0
2027,1,156,1,6,1.0
2027,1,156,1,8,1.0
2027,1,156,2,2,1.0
2027,1,156,2,4,1.0
2027,1,156,2,6,1.0
2027,1,156,2,8,1.0
2027,1,156,3,2,1.0
2027,1,156,3,4,1.0
2027,1,156,3,6,1.0
2027,1,156,3,8,1.0
2027,1,156,4,2,1.0
2027,1,156,4,4,1.0
2027,1,156,4,6,1.0
2027,1,156,4,8,1.0
2027,1,156,5,2,1.0
2027,1,156,5,4,1.0
2027,1,156,5,6,1.0
2027,1,156,5,8,1.0
2027,1,156,6,2,1.0
2027,1,156,6,4,1.0
2027,1,156,6,6,1.0
2027,1,156,6,8,1.0
2027,1,156,7,2,1.0
2027,1,156,7,4,1.0
2027,1,156,7,6,1.0
2027,1,156,7,8,1.0
2027,1,156,8,2,1.0
2027,1,156,8,4,1.0
2027,1,156,8,6,1.0
2027,1,156,8,8,1.0
2027,1,156,9,2,1.0
2027,1,156,9,4,1.0
2027,1,156,9,6,1.0
2027,1,156,9,8,1.0
2027,1,408,0,2,1.0
2027,1,408,0,4,1.0
2027,1,408,0,6,1.0
2027,1,408,0,8,1.0
2027,1,408,1,2,1.0
2027,1,408,1,4,1.0
2027,1,408,1,6,1.0
2027,1,408,1,8,1.0
2027,1,408,2,2,1.0
2027,1,408,2,4,1.0
2027,1,408,2,6,1.0
2027,1,408,2,8,1.0
2027,1,408,3,2,1.0
2027,1,408,3,4,1.0
2027,1,408,3,6,1.0
2027,1,408,3,8,1.0
2027,1,408,4,2,1.0
2027,1,408,4,4,1.0
2027,1,408,4,6,1.0
2027,1,408,4,8,1.0
2027,1,408,5,2,1.0
2027,1,408,5,4,1.0
2027,1,408,5,6,1.0
2027,1,408,5,8,1.0
2027,1,408,6,2,1.0
2027,1,408,6,4,1.0
2027,1,408,6,6,1.0
2027,1,408,6,8,1.0
2027,1,408,7,2,1.0
2027,1,408,7,4,1.0
2027,1,408,7,6,1.0
2027,1,408,7,8,1.0
2027,1,408,8,2,1.0
2027,1,408,8,4,1.0
2027,1,408,8,6,1.0
2027,1,408,8,8,1.0
2027,1,408,9,2,1.0
2027,1,408,9,4,1.0
2027,1,408,9,6,1.0
2027,1,408,9,8,1.0
2027,1,36,0,2,1.0
2027,1,36,0,4,1.0
2027,1,36,0,6,1.0
2027,1,36,0,8,1.0
2027,1,36,1,2,1.0
2027,1,36,1,4,1.0
2027,1,36,1,6,1.0
2027,1,36,1,8,1.0
2027,1,36,2,2,1.0
2027,1,36,2,4,1.0
2027,1,36,2,6,1.0
2027,1,36,2,8,1.0
2027,1,36,3,2,1.0
2027,1,36,3,4,1.0
2027,1,36,3,6,1.0
2027,1,36,3,8,1.0
2027,1,36,4,2,1.0
2027,1,36,4,4,1.0
2027,1,36,4,6,1.0
2027,1,36,4,8,1.0
2027,1,36,5,2,1.0
2027,1,36,5,4,1.0
2027,1,36,5,6,1.0
2027,1,36,5,8,1.0
2027,1,36,6,2,1.0
2027,1,36,6,4,1.0
2027,1,36,6,6,1.0
2027,1,36,6,8,1.0
2027,1,36,7,2,1.0
2027,1,36,7,4,1.0
2027,1,36,7,6,1.0
2027,1,36,7,8,1.0
2027,1,36,8,2,1.0
2027,1,36,8,4,1.0
2027,1,36,8,6,1.0
2027,1,36,8,8,1.0
2027,1,36,9,2,1.0
2027,1,36,9,4,1.0
2027,1,36,9,6,1.0
2027,1,36,9,8,1.0
2027,1,253,0,2,1.0
2027,1,253,0,4,1.0
2027,1,253,0,6,1.0
2027,1,253,0,8,1.0
2027,1,253,1,2,1.0
2027,1,253,1,4,1.0
2027,1,253,1,6,1.0
2027,1,253,1,8,1.0
2027,1,253,2,2,1.0
2027,1,253,2,4,1.0
2027,1,253,2,6,1.0
2027,1,253,2,8,1.0
2027,1,253,3,2,1.0
2027,1,253,3,4,1.0
2027,1,253,3,6,1.0
2027,1,253,3,8,1.0
2027,1,253,4,2,1.0
2027,1,253,4,4,1.0
2027,1,253,4,6,1.0
2027,1,253,4,8,1.0
2027,1,253,5,2,1.0
2027,1,253,5,4,1.0
2027,1,253,5,6,1.0
2027,1,253,5,8,1.0
2027,1,253,6,2,1.0
2027,1,253,6,4,1.0
2027,1,253,6,6,1.0
2027,1,253,6,8,1.0
2027,1,253,7,2,1.0
2027,1,253,7,4,1.0
2027,1,253,7,6,1.0
2027,1,253,7,8,1.0
2027,1,253,8,2,1.0
2027,1,253,8,4,1.0
2027,1,253,8,6,1.0
2027,1,253,8,8,1.0
2027,1,253,9,2,1.0
2027,1,253,9,4,1.0
2027,1,253,9,6,1.0
2027,1,253,9,8,1.0
2027,1,591,0,2,1.0
2027,1,591,0,4,1.0
2027,1,591,0,6,1.0
2027,1,591,0,8,1.0
2027,1,591,1,2,1.0
2027,1,591,1,4,1.0
2027,1,591,1,6,1.0
2027,1,591,1,8,1.0
2027,1,591,2,2,1.0
2027,1,591,2,4,1.0
2027,1,591,2,6,1.0
2027,1,591,2,8,1.0
2027,1,591,3,2,1.0
2027,1,591,3,4,1.0
2027,1,591,3,6,1.0
2027,1,591,3,8,1.0
2027,1,591,4,2,1.0
2027,1,591,4,4,1.0
2027,1,591,4,6,1.0
2027,1,591,4,8,1.0
2027,1,591,5,2,1.0
2027,1,591,5,4,1.0
2027,1,591,5,6,1.0
2027,1,591,5,8,1.0
2027,1,591,6,2,1.0
2027,1,591,6,4,1.0
2027,1,591,6,6,1.0
2027,1,591,6,8,1.0
2027,1,591,7,2,1.0
2027,1,591,7,4,1.0
2027,1,591,7,6,1.0
2027,1,591,7,8,1.0
2027,1,591,8,2,1.0
2027,1,591,8,4,1.0
2027,1,591,8,6,1.0
2027,1,591,8,8,1.0
2027,1,591,9,2,1.0
2027,1,591,9,4,1.0
2027,1,591,9,6,1.0
2027,1,591,9,8,1.0
2027,1,519,0,2,1.0
2027,1,519,0,4,1.0
2027,1,519,0,6,1.0
2027,1,519,0,8,1.0
2027,1,519,1,2,1.0
2027,1,519,1,4,1.0
2027,1,519,1,6,1.0
2027,1,519,1,8,1.0
2027,1,519,2,2,1.0
2027,1,519,2,4,1.0
2027,1,519,2,6,1.0
2027,1,519,2,8,1.0
2027,1,519,3,2,1.0
2027,1,519,3,4,1.0
2027,1,519,3,6,1.0
2027,1,519,3,8,1.0
2027,1,519,4,2,1.0
2027,1,519,4,4,1.0
2027,1,519,4,6,1.0
2027,1,519,4,8,1.0
2027,1,519,5,2,1.0
2027,1,519,5,4,1.0
2027,1,519,5,6,1.0
2027,1,519,5,8,1.0
2027,1,519,6,2,1.0
2027,1,519,6,4,1.0
2027,1,519,6,6,1.0
2027,1,519,6,8,1.0
2027,1,519,7,2,1.0
2027,1,519,7,4,1.0
2027,1,519,7,6,1.0
2027,1,519,7,8,1.0
2027,1,519,8,2,1.0
2027,1,519,8,4,1.0
2027,1,519,8,6,1.0
2027,1,519,8,8,1.0
2027,1,519,9,2,1.0
2027,1,519,9,4,1.0
2027,1,519,9,6,1.0
2027,1,519,9,8,1.0
2027,1,138,0,2,1.0
2027,1,138,0,4,1.0
2027,1,138,0,6,1.0
2027,1,138,0,8,1.0
2027,1,138,1,2,1.0
2027,1,138,1,4,1.0
2027,1,138,1,6,1.0
2027,1,138,1,8,1.0
2027,1,138,2,2,1.0
2027,1,138,2,4,1.0
2027,1,138,2,6,1.0
2027,1,138,2,8,1.0
2027,1,138,3,2,1.0
2027,1,138,3,4,1.0
2027,1,138,3,6,1.0
2027,1,138,3,8,1.0
2027,1,138,4,2,1.0
2027,1,138,4,4,1.0
2027,1,138,4,6,1.0
2027,1,138,4,8,1.0
2027,1,138,5,2,1.0
2027,1,138,5,4,1.0
2027,1,138,5,6,1.0
2027,1,138,5,8,1.0
2027,1,138,6,2,1.0
2027,1,138,6,4,1.0
2027,1,138,6,6,1.0
2027,1,138,6,8,1.0
2027,1,138,7,2,1.0
2027,1,138,7,4,1.0
2027,1,138,7,6,1.0
2027,1,138,7,8,1.0
2027,1,138,8,2,1.0
2027,1,138,8,4,1.0
2027,1,138,8,6,1.0
2027,1,138,8,8,1.0
2027,1,138,9,2,1.0
2027,1,138,9,4,1.0
2027,1,138,9,6,1.0
2027,1,138,9,8,1.0
2027,1,322,0,2,1.0
2027,1,322,0,4,1.0
2027,1,322,0,6,1.0
2027,1,322,0,8,1.0
2027,1,322,1,2,1.0
2027,1,322,1,4,1.0
2027,1,322,1,6,1.0
2027,1,322,1,8,1.0
2027,1,322,2,2,1.0
2027,1,322,2,4,1.0
2027,1,322,2,6,1.0
2027,1,322,2,8,1.0
2027,1,322,3,2,1.0
2027,1,322,3,4,1.0
2027,1,322,3,6,1.0
2027,1,322,3,8,1.0
2027,1,322,4,2,1.0
2027,1,322,4,4,1.0
2027,1,322,4,6,1.0
2027,1,322,4,8,1.0
2027,1,322,5,2,1.0
2027,1,322,5,4,1.0
2027,1,322,5,6,1.0
2027,1,322,5,8,1.0
2027,1,322,6,2,1.0
2027,1,322,6,4,1.0
2027,1,322,6,6,1.0
2027,1,322,6,8,1.0
2027,1,322,7,2,1.0
2027,1,322,7,4,1.0
2027,1,322,7,6,1.0
2027,1,322,7,8,1.0
2027,1,322,8,2,1.0
2027,1,322,8,4,1.0
2027,1,322,8,6,1.0
2027,1,322,8,8,1.0
2027,1,322,9,2,1.0
2027,1,322,9,4,1.0
2027,1,322,9,6,1.0
2027,1,322,9,8,1.0
2027,1,164,0,2,1.0
2027,1,164,0,4,1.0
2027,1,164,0,6,1.0
2027,1,164,0,8,1.0
2027,1,164,1,2,1.0
2027,1,164,1,4,1.0
2027,1,164,1,6,1.0
2027,1,164,1,8,1.0
2027,1,164,2,2,1.0
2027,1,164,2,4,1.0
2027,1,164,2,6,1.0
2027,1,164,2,8,1.0
2027,1,164,3,2,1.0
2027,1,164,3,4,1.0
2027,1,164,3,6,1.0
2027,1,164,3,8,1.0
2027,1,164,4,2,1.0
2027,1,164,4,4,1.0
2027,1,164,4,6,1.0
2027,1,164,4,8,1.0
2027,1,164,5,2,1.0
2027,1,164,5,4,1.0
2027,1,164,5,6,1.0
2027,1,164,5,8,1.0
2027,1,164,6,2,1.0
2027,1,164,6,4,1.0
2027,1,164,6,6,1.0
2027,1,164,6,8,1.0
2027,1,164,7,2,1.0
2027,1,164,7,4,1.0
2027,1,164,7,6,1.0
2027,1,164,7,8,1.0
2027,1,164,8,2,1.0
2027,1,164,8,4,1.0
2027,1,164,8,6,1.0
2027,1,164,8,8,1.0
2027,1,164,9,2,1.0
2027,1,164,9,4,1.0
2027,1,164,9,6,1.0
2027,1,164,9,8,1.0
2027,1,468,0,2,1.0
2027,1,468,0,4,1.0
2027,1,468,0,6,1.0
2027,1,468,0,8,1.0
2027,1,468,1,2,1.0
2027,1,468,1,4,1.0
2027,1,468,1,6,1.0
2027,1,468,1,8,1.0
2027,1,468,2,2,1.0
2027,1,468,2,4,1.0
2027,1,468,2,6,1.0
2027,1,468,2,8,1.0
2027,1,468,3,2,1.0
2027,1,468,3,4,1.0
2027,1,468,3,6,1.0
2027,1,468,3,8,1.0
2027,1,468,4,2,1.0
2027,1,468,4,4,1.0
2027,1,468,4,6,1.0
2027,1,468,4,8,1.0
2027,1,468,5,2,1.0
2027,1,468,5,4,1.0
2027,1,468,5,6,1.0
2027,1,468,5,8,1.0
2027,1,468,6,2,1.0
2027,1,468,6,4,1.0
2027,1,468,6,6,1.0
2027,1,468,6,8,1.0
2027,1,468,7,2,1.0
2027,1,468,7,4,1.0
2027,1,468,7,6,1.0
2027,1,468,7,8,1.0
2027,1,468,8,2,1.0
2027,1,468,8,4,1.0
2027,1,468,8,6,1.0
2027,1,468,8,8,1.0
2027,1,468,9,2,1.0
2027,1,468,9,4,1.0
2027,1,468,9,6,1.0
2027,1,468,9,8,1.0
2027,1,285,0,2,1.0
2027,1,285,0,4,1.0
2027,1,285,0,6,1.0
2027,1,285,0,8,1.0
2027,1,285,1,2,1.0
2027,1,285,1,4,1.0
2027,1,285,1,6,1.0
2027,1,285,1,8,1.0
2027,1,285,2,2,1.0
2027,1,285,2,4,1.0
2027,1,285,2,6,1.0
2027,1,285,2,8,1.0
2027,1,285,3,2,1.0
2027,1,285,3,4,1.0
2027,1,285,3,6,1.0
2027,1,285,3,8,1.0
2027,1,285,4,2,1.0
2027,1,285,4,4,1.0
2027,1,285,4,6,1.0
2027,1,285,4,8,1.0
2027,1,285,5,2,1.0
2027,1,285,5,4,1.0
2027,1,285,5,6,1.0
2027,1,285,5,8,1.0
2027,1,285,6,2,1.0
2027,1,285,6,4,1.0
2027,1,285,6,6,1.0
2027,1,285,6,8,1.0
2027,1,285,7,2,1.0
2027,1,285,7,4,1.0
2027,1,285,7,6,1.0
2027,1,285,7,8,1.0
2027,1,285,8,2,1.0
2027,1,285,8,4,1.0
2027,1,285,8,6,1.0
2027,1,285,8,8,1.0
2027,1,285,9,2,1.0
2027,1,285,9,4,1.0
2027,1,285,9,6,1.0
2027,1,285,9,8,1.0
2027,1,76,0,2,1.0
2027,1,76,0,4,1.0
2027,1,76,0,6,1.0
2027,1,76,0,8,1.0
2027,1,76,1,2,1.0
2027,1,76,1,4,1.0
2027,1,76,1,6,1.0
2027,1,76,1,8,1.0
2027,1,76,2,2,1.0
2027,1,76,2,4,1.0
2027,1,76,2,6,1.0
2027,1,76,2,8,1.0
2027,1,76,3,2,1.0
2027,1,76,3,4,1.0
2027,1,76,3,6,1.0
2027,1,76,3,8,1.0
2027,1,76,4,2,1.0
2027,1,76,4,4,1.0
2027,1,76,4,6,1.0
2027,1,76,4,8,1.0
2027,1,76,5,2,1.0
2027,1,76,5,4,1.0
2027,1,76,5,6,1.0
2027,1,76,5,8,1.0
2027,1,76,6,2,1.0
2027,1,76,6,4,1.0
2027,1,76,6,6,1.0
2027,1,76,6,8,1.0
2027,1,76,7,2,1.0
2027,1,76,7,4,1.0
2027,1,76,7,6,1.0
2027,1,76,7,8,1.0
2027,1,76,8,2,1.0
2027,1,76,8,4,1.0
2027,1,76,8,6,1.0
2027,1,76,8,8,1.0
2027,1,76,9,2,1.0
2027,1,76,9,4,1.0
2027,1,76,9,6,1.0
2027,1,76,9,8,1.0
2027,1,75,0,2,1.0
2027,1,75,0,4,1.0
2027,1,75,0,6,1.0
2027,1,75,0,8,1.0
2027,1,75,1,2,1.0
2027,1,75,1,4,1.0
2027,1,75,1,6,1.0
2027,1,75,1,8,1.0
2027,1,75,2,2,1.0
2027,1,75,2,4,1.0
2027,1,75,2,6,1.0
2027,1,75,2,8,1.0
2027,1,75,3,2,1.0
2027,1,75,3,4,1.0
2027,1,75,3,6,1.0
2027,1,75,3,8,1.0
2027,1,75,4,2,1.0
2027,1,75,4,4,1.0
2027,1,75,4,6,1.0
2027,1,75,4,8,1.0
2027,1,75,5,2,1.0
2027,1,75,5,4,1.0
2027,1,75,5,6,1.0
2027,1,75,5,8,1.0
2027,1,75,6,2,1.0
2027,1,75,6,4,1.0
2027,1,75,6,6,1.0
2027,1,75,6,8,1.0
2027,1,75,7,2,1.0
2027,1,75,7,4,1.0
2027,1,75,7,6,1.0
2027,1,75,7,8,1.0
2027,1,75,8,2,1.0
2027,1,75,8,4,1.0
2027,1,75,8,6,1.0
2027,1,75,8,8,1.0
2027,1,75,9,2,1.0
2027,1,75,9,4,1.0
2027,1,75,9,6,1.0
2027,1,75,9,8,1.0
2027,1,232,0,2,1.0
2027,1,232,0,4,1.0
2027,1,232,0,6,1.0
2027,1,232,0,8,1.0
2027,1,232,1,2,1.0
2027,1,232,1,4,1.0
2027,1,232,1,6,1.0
2027,1,232,1,8,1.0
2027,1,232,2,2,1.0
2027,1,232,2,4,1.0
2027,1,232,2,6,1.0
2027,1,232,2,8,1.0
2027,1,232,3,2,1.0
2027,1,232,3,4,1.0
2027,1,232,3,6,1.0
2027,1,232,3,8,1.0
2027,1,232,4,2,1.0
2027,1,232,4,4,1.0
2027,1,232,4,6,1.0
2027,1,232,4,8,1.0
2027,1,232,5,2,1.0
2027,1,232,5,4,1.0
2027,1,232,5,6,1.0
2027,1,232,5,8,1.0
2027,1,232,6,2,1.0
2027,1,232,6,4,1.0
2027,1,232,6,6,1.0
2027,1,232,6,8,1.0
2027,1,232,7,2,1.0
2027,1,232,7,4,1.0
2027,1,232,7,6,1.0
2027,1,232,7,8,1.0
2027,1,232,8,2,1.0
2027,1,232,8,4,1.0
2027,1,232,8,6,1.0
2027,1,232,8,8,1.0
2027,1,232,9,2,1.0
2027,1,232,9,4,1.0
2027,1,232,9,6,1.0
2027,1,232,9,8,1.0
2027,1,165,0,2,1.0
2027,1,165,0,4,1.0
2027,1,165,0,6,1.0
2027,1,165,0,8,1.0
2027,1,165,1,2,1.0
2027,1,165,1,4,1.0
2027,1,165,1,6,1.0
2027,1,165,1,8,1.0
2027,1,165,2,2,1.0
2027,1,165,2,4,1.0
2027,1,165,2,6,1.0
2027,1,165,2,8,1.0
2027,1,165,3,2,1.0
2027,1,165,3,4,1.0
2027,1,165,3,6,1.0
2027,1,165,3,8,1.0
2027,1,165,4,2,1.0
2027,1,165,4,4,1.0
2027,1,165,4,6,1.0
2027,1,165,4,8,1.0
2027,1,165,5,2,1.0
2027,1,165,5,4,1.0
2027,1,165,5,6,1.0
2027,1,165,5,8,1.0
2027,1,165,6,2,1.0
2027,1,165,6,4,1.0
2027,1,165,6,6,1.0
2027,1,165,6,8,1.0
2027,1,165,7,2,1.0
2027,1,165,7,4,1.0
2027,1,165,7,6,1.0
2027,1,165,7,8,1.0
2027,1,165,8,2,1.0
2027,1,165,8,4,1.0
2027,1,165,8,6,1.0
2027,1,165,8,8,1.0
2027,1,165,9,2,1.0
2027,1,165,9,4,1.0
2027,1,165,9,6,1.0
2027,1,165,9,8,1.0
2027,1,275,0,2,1.0
2027,1,275,0,4,1.0
2027,1,275,0,6,1.0
2027,1,275,0,8,1.0
2027,1,275,1,2,1.0
2027,1,275,1,4,1.0
2027,1,275,1,6,1.0
2027,1,275,1,8,1.0
2027,1,275,2,2,1.0
2027,1,275,2,4,1.0
2027,1,275,2,6,1.0
2027,1,275,2,8,1.0
2027,1,275,3,2,1.0
2027,1,275,3,4,1.0
2027,1,275,3,6,1.0
2027,1,275,3,8,1.0
2027,1,275,4,2,1.0
2027,1,275,4,4,1.0
2027,1,275,4,6,1.0
2027,1,275,4,8,1.0
2027,1,275,5,2,1.0
2027,1,275,5,4,1.0
2027,1,275,5,6,1.0
2027,1,275,5,8,1.0
2027,1,275,6,2,1.0
2027,1,275,6,4,1.0
2027,1,275,6,6,1.0
2027,1,275,6,8,1.0
2027,1,275,7,2,1.0
2027,1,275,7,4,1.0
2027,1,275,7,6,1.0
2027,1,275,7,8,1.0
2027,1,275,8,2,1.0
2027,1,275,8,4,1.0
2027,1,275,8,6,1.0
2027,1,275,8,8,1.0
2027,1,275,9,2,1.0
2027,1,275,9,4,1.0
2027,1,275,9,6,1.0
2027,1,275,9,8,1.0
2027,1,586,0,2,1.0
2027,1,586,0,4,1.0
2027,1,586,0,6,1.0
2027,1,586,0,8,1.0
2027,1,586,1,2,1.0
2027,1,586,1,4,1.0
2027,1,586,1,6,1.0
2027,1,586,1,8,1.0
2027,1,586,2,2,1.0
2027,1,586,2,4,1.0
2027,1,586,2,6,1.0
2027,1,586,2,8,1.0
2027,1,586,3,2,1.0
2027,1,586,3,4,1.0
2027,1,586,3,6,1.0
2027,1,586,3,8,1.0
2027,1,586,4,2,1.0
2027,1,586,4,4,1.0
2027,1,586,4,6,1.0
2027,1,586,4,8,1.0
2027,1,586,5,2,1.0
2027,1,586,5,4,1.0
2027,1,586,5,6,1.0
2027,1,586,5,8,1.0
2027,1,586,6,2,1.0
2027,1,586,6,4,1.0
2027,1,586,6,6,1.0
2027,1,586,6,8,1.0
2027,1,586,7,2,1.0
2027,1,586,7,4,1.0
2027,1,586,7,6,1.0
2027,1,586,7,8,1.0
2027,1,586,8,2,1.0
2027,1,586,8,4,1.0
2027,1,586,8,6,1.0
2027,1,586,8,8,1.0
2027,1,586,9,2,1.0
2027,1,586,9,4,1.0
2027,1,586,9,6,1.0
2027,1,586,9,8,1.0
2027,2,56,0,2,1.0
2027,2,56,0,4,1.0
2027,2,56,0,6,1.0
2027,2,56,0,8,1.0
2027,2,56,1,2,1.0
2027,2,56,1,4,1.0
2027,2,56,1,6,1.0
2027,2,56,1,8,1.0
2027,2,56,2,2,1.0
2027,2,56,2,4,1.0
2027,2,56,2,6,1.0
2027,2,56,2,8,1.0
2027,2,56,3,2,1.0
2027,2,56,3,4,1.0
2027,2,56,3,6,1.0
2027,2,56,3,8,1.0
2027,2,56,4,2,1.0
2027,2,56,4,4,1.0
2027,2,56,4,6,1.0
2027,2,56,4,8,1.0
2027,2,56,5,2,1.0
2027,2,56,5,4,1.0
2027,2,56,5,6,1.0
2027,2,56,5,8,1.0
2027,2,56,6,2,1.0
2027,2,56,6,4,1.0
2027,2,56,6,6,1.0
2027,2,56,6,8,1.0
2027,2,56,7,2,1.0
2027,2,56,7,4,1.0
2027,2,56,7,6,1.0
2027,2,56,7,8,1.0
2027,2,56,8,2,1.0
2027,2,56,8,4,1.0
2027,2,56,8,6,1.0
2027,2,56,8,8,1.0
2027,2,56,9,2,1.0
2027,2,56,9,4,1.0
2027,2,56,9,6,1.0
2027,2,56,9,8,1.0
2027,2,484,0,2,1.0
2027,2,484,0,4,1.0
2027,2,484,0,6,1.0
2027,2,484,0,8,1.0
2027,2,484,1,2,1.0
2027,2,484,1,4,1.0
2027,2,484,1,6,1.0
2027,2,484,1,8,1.0
2027,2,484,2,2,1.0
2027,2,484,2,4,1.0
2027,2,484,2,6,1.0
2027,2,484,2,8,1.0
2027,2,484,3,2,1.0
2027,2,484,3,4,1.0
2027,2,484,3,6,1.0
2027,2,484,3,8,1.0
2027,2,484,4,2,1.0
2027,2,484,4,4,1.0
2027,2,484,4,6,1.0
2027,2,484,4,8,1.0
2027,2,484,5,2,1.0
2027,2,484,5,4,1.0
2027,2,484,5,6,1.0
2027,2,484,5,8,1.0
2027,2,484,6,2,1.0
2027,2,484,6,4,1.0
2027,2,484,6,6,1.0
2027,2,484,6,8,1.0
2027,2,484,7,2,1.0
2027,2,484,7,4,1.0
2027,2,484,7,6,1.0
2027,2,484,7,8,1.0
2027,2,484,8,2,1.0
2027,2,484,8,4,1.0
2027,2,484,8,6,1.0
2027,2,484,8,8,1.0
2027,2,484,9,2,1.0
2027,2,484,9,4,1.0
2027,2,484,9,6,1.0
2027,2,484,9,8,1.0
2027,2,474,0,2,1.0
2027,2,474,0,4,1.0
2027,2,474,0,6,1.0
2027,2,474,0,8,1.0
2027,2,474,1,2,1.0
2027,2,474,1,4,1.0
2027,2,474,1,6,1.0
2027,2,474,1,8,1.0
2027,2,474,2,2,1.0
2027,2,474,2,4,1.0
2027,2,474,2,6,1.0
2027,2,474,2,8,1.0
2027,2,474,3,2,1.0
2027,2,474,3,4,1.0
2027,2,474,3,6,1.0
2027,2,474,3,8,1.0
2027,2,474,4,2,1.0
2027,2,474,4,4,1.0
2027,2,474,4,6,1.0
2027,2,474,4,8,1.0
2027,2,474,5,2,1.0
2027,2,474,5,4,1.0
2027,2,474,5,6,1.0
2027,2,474,5,8,1.0
2027,2,474,6,2,1.0
2027,2,474,6,4,1.0
2027,2,474,6,6,1.0
2027,2,474,6,8,1.0
2027,2,474,7,2,1.0
2027,2,474,7,4,1.0
2027,2,474,7,6,1.0
2027,2,474,7,8,1.0
2027,2,474,8,2,1.0
2027,2,474,8,4,1.0
2027,2,474,8,6,1.0
2027,2,474,8,8,1.0
2027,2,474,9,2,1.0
2027,2,474,9,4,1.0
2027,2,474,9,6,1.0
2027,2,474,9,8,1.0
2027,2,156,0,2,1.0
2027,2,156,0,4,1.0
2027,2,156,0,6,1.0
2027,2,156,0,8,1.0
2027,2,156,1,2,1.0
2027,2,156,1,4,1.0
2027,2,156,1,6,1.0
2027,2,156,1,8,1.0
2027,2,156,2,2,1.0
2027,2,156,2,4,1.0
2027,2,156,2,6,1.0
2027,2,156,2,8,1.0
2027,2,156,3,2,1.0
2027,2,156,3,4,1.0
2027,2,156,3,6,1.0
2027,2,156,3,8,1.0
2027,2,156,4,2,1.0
2027,2,156,4,4,1.0
2027,2,156,4,6,1.0
2027,2,156,4,8,1.0
2027,2,156,5,2,1.0
2027,2,156,5,4,1.0
2027,2,156,5,6,1.0
2027,2,156,5,8,1.0
2027,2,156,6,2,1.0
2027,2,156,6,4,1.0
2027,2,156,6,6,1.0
2027,2,156,6,8,1.0
2027,2,156,7,2,1.0
2027,2,156,7,4,1.0
2027,2,156,7,6,1.0
2027,2,156,7,8,1.0
2027,2,156,8,2,1.0
2027,2,156,8,4,1.0
2027,2,156,8,6,1.0
2027,2,156,8,8,1.0
2027,2,156,9,2,1.0
2027,2,156,9,4,1.0
2027,2,156,9,6,1.0
2027,2,156,9,8,1.0
2027,2,408,0,2,1.0
2027,2,408,0,4,1.0
2027,2,408,0,6,1.0
2027,2,408,0,8,1.0
2027,2,408,1,2,1.0
2027,2,408,1,4,1.0
2027,2,408,1,6,1.0
2027,2,408,1,8,1.0
2027,2,408,2,2,1.0
2027,2,408,2,4,1.0
2027,2,408,2,6,1.0
2027,2,408,2,8,1.0
2027,2,408,3,2,1.0
2027,2,408,3,4,1.0
2027,2,408,3,6,1.0
2027,2,408,3,8,1.0
2027,2,408,4,2,1.0
2027,2,408,4,4,1.0
2027,2,408,4,6,1.0
2027,2,408,4,8,1.0
2027,2,408,5,2,1.0
2027,2,408,5,4,1.0
2027,2,408,5,6,1.0
2027,2,408,5,8,1.0
2027,2,408,6,2,1.0
2027,2,408,6,4,1.0
2027,2,408,6,6,1.0
2027,2,408,6,8,1.0
2027,2,408,7,2,1.0
2027,2,408,7,4,1.0
2027,2,408,7,6,1.0
2027,2,408,7,8,1.0
2027,2,408,8,2,1.0
2027,2,408,8,4,1.0
2027,2,408,8,6,1.0
2027,2,408,8,8,1.0
2027,2,408,9,2,1.0
2027,2,408,9,4,1.0
2027,2,408,9,6,1.0
2027,2,408,9,8,1.0
2027,2,36,0,2,1.0
2027,2,36,0,4,1.0
2027,2,36,0,6,1.0
2027,2,36,0,8,1.0
2027,2,36,1,2,1.0
2027,2,36,1,4,1.0
2027,2,36,1,6,1.0
2027,2,36,1,8,1.0
2027,2,36,2,2,1.0
2027,2,36,2,4,1.0
2027,2,36,2,6,1.0
2027,2,36,2,8,1.0
2027,2,36,3,2,1.0
2027,2,36,3,4,1.0
2027,2,36,3,6,1.0
2027,2,36,3,8,1.0
2027,2,36,4,2,1.0
2027,2,36,4,4,1.0
2027,2,36,4,6,1.0
2027,2,36,4,8,1.0
2027,2,36,5,2,1.0
2027,2,36,5,4,1.0
2027,2,36,5,6,1.0
2027,2,36,5,8,1.0
2027,2,36,6,2,1.0
2027,2,36,6,4,1.0
2027,2,36,6,6,1.0
2027,2,36,6,8,1.0
2027,2,36,7,2,1.0
2027,2,36,7,4,1.0
2027,2,36,7,6,1.0
2027,2,36,7,8,1.0
2027,2,36,8,2,1.0
2027,2,36,8,4,1.0
2027,2,36,8,6,1.0
2027,2,36,8,8,1.0
2027,2,36,9,2,1.0
2027,2,36,9,4,1.0
2027,2,36,9,6,1.0
2027,2,36,9,8,1.0
2027,2,253,0,2,1.0
2027,2,253,0,4,1.0
2027,2,253,0,6,1.0
2027,2,253,0,8,1.0
2027,2,253,1,2,1.0
2027,2,253,1,4,1.0
2027,2,253,1,6,1.0
2027,2,253,1,8,1.0
2027,2,253,2,2,1.0
2027,2,253,2,4,1.0
2027,2,253,2,6,1.0
2027,2,253,2,8,1.0
2027,2,253,3,2,1.0
2027,2,253,3,4,1.0
2027,2,253,3,6,1.0
2027,2,253,3,8,1.0
2027,2,253,4,2,1.0
2027,2,253,4,4,1.0
2027,2,253,4,6,1.0
2027,2,253,4,8,1.0
2027,2,253,5,2,1.0
2027,2,253,5,4,1.0
2027,2,253,5,6,1.0
2027,2,253,5,8,1.0
2027,2,253,6,2,1.0
2027,2,253,6,4,1.0
2027,2,253,6,6,1.0
2027,2,253,6,8,1.0
2027,2,253,7,2,1.0
2027,2,253,7,4,1.0
2027,2,253,7,6,1.0
2027,2,253,7,8,1.0
2027,2,253,8,2,1.0
2027,2,253,8,4,1.0
2027,2,253,8,6,1.0
2027,2,253,8,8,1.0
2027,2,253,9,2,1.0
2027,2,253,9,4,1.0
2027,2,253,9,6,1.0
2027,2,253,9,8,1.0
2027,2,591,0,2,1.0
2027,2,591,0,4,1.0
2027,2,591,0,6,1.0
2027,2,591,0,8,1.0
2027,2,591,1,2,1.0
2027,2,591,1,4,1.0
2027,2,591,1,6,1.0
2027,2,591,1,8,1.0
2027,2,591,2,2,1.0
2027,2,591,2,4,1.0
2027,2,591,2,6,1.0
2027,2,591,2,8,1.0
2027,2,591,3,2,1.0
2027,2,591,3,4,1.0
2027,2,591,3,6,1.0
2027,2,591,3,8,1.0
2027,2,591,4,2,1.0
2027,2,591,4,4,1.0
2027,2,591,4,6,1.0
2027,2,591,4,8,1.0
2027,2,591,5,2,1.0
2027,2,591,5,4,1.0
2027,2,591,5,6,1.0
2027,2,591,5,8,1.0
2027,2,591,6,2,1.0
2027,2,591,6,4,1.0
2027,2,591,6,6,1.0
2027,2,591,6,8,1.0
2027,2,591,7,2,1.0
2027,2,591,7,4,1.0
2027,2,591,7,6,1.0
2027,2,591,7,8,1.0
2027,2,591,8,2,1.0
2027,2,591,8,4,1.0
2027,2,591,8,6,1.0
2027,2,591,8,8,1.0
2027,2,591,9,2,1.0
2027,2,591,9,4,1.0
2027,2,591,9,6,1.0
2027,2,591,9,8,1.0
2027,2,519,0,2,1.0
2027,2,519,0,4,1.0
2027,2,519,0,6,1.0
2027,2,519,0,8,1.0
2027,2,519,1,2,1.0
2027,2,519,1,4,1.0
2027,2,519,1,6,1.0
2027,2,519,1,8,1.0
2027,2,519,2,2,1.0
2027,2,519,2,4,1.0
2027,2,519,2,6,1.0
2027,2,519,2,8,1.0
2027,2,519,3,2,1.0
2027,2,519,3,4,1.0
2027,2,519,3,6,1.0
2027,2,519,3,8,1.0
2027,2,519,4,2,1.0
2027,2,519,4,4,1.0
2027,2,519,4,6,1.0
2027,2,519,4,8,1.0
2027,2,519,5,2,1.0
2027,2,519,5,4,1.0
2027,2,519,5,6,1.0
2027,2,519,5,8,1.0
2027,2,519,6,2,1.0
2027,2,519,6,4,1.0
2027,2,519,6,6,1.0
2027,2,519,6,8,1.0
2027,2,519,7,2,1.0
2027,2,519,7,4,1.0
2027,2,519,7,6,1.0
2027,2,519,7,8,1.0
2027,2,519,8,2,1.0
2027,2,519,8,4,1.0
2027,2,519,8,6,1.0
2027,2,519,8,8,1.0
2027,2,519,9,2,1.0
2027,2,519,9,4,1.0
2027,2,519,9,6,1.0
2027,2,519,9,8,1.0
2027,2,138,0,2,1.0
2027,2,138,0,4,1.0
2027,2,138,0,6,1.0
2027,2,138,0,8,1.0
2027,2,138,1,2,1.0
2027,2,138,1,4,1.0
2027,2,138,1,6,1.0
2027,2,138,1,8,1.0
2027,2,138,2,2,1.0
2027,2,138,2,4,1.0
2027,2,138,2,6,1.0
2027,2,138,2,8,1.0
2027,2,138,3,2,1.0
2027,2,138,3,4,1.0
2027,2,138,3,6,1.0
2027,2,138,3,8,1.0
2027,2,138,4,2,1.0
2027,2,138,4,4,1.0
2027,2,138,4,6,1.0
2027,2,138,4,8,1.0
2027,2,138,5,2,1.0
2027,2,138,5,4,1.0
2027,2,138,5,6,1.0
2027,2,138,5,8,1.0
2027,2,138,6,2,1.0
2027,2,138,6,4,1.0
2027,2,138,6,6,1.0
2027,2,138,6,8,1.0
2027,2,138,7,2,1.0
2027,2,138,7,4,1.0
2027,2,138,7,6,1.0
2027,2,138,7,8,1.0
2027,2,138,8,2,1.0
2027,2,138,8,4,1.0
2027,2,138,8,6,1.0
2027,2,138,8,8,1.0
2027,2,138,9,2,1.0
2027,2,138,9,4,1.0
2027,2,138,9,6,1.0
2027,2,138,9,8,1.0
2027,2,322,0,2,1.0
2027,2,322,0,4,1.0
2027,2,322,0,6,1.0
2027,2,322,0,8,1.0
2027,2,322,1,2,1.0
2027,2,322,1,4,1.0
2027,2,322,1,6,1.0
2027,2,322,1,8,1.0
2027,2,322,2,2,1.0
2027,2,322,2,4,1.0
2027,2,322,2,6,1.0
2027,2,322,2,8,1.0
2027,2,322,3,2,1.0
2027,2,322,3,4,1.0
2027,2,322,3,6,1.0
2027,2,322,3,8,1.0
2027,2,322,4,2,1.0
2027,2,322,4,4,1.0
2027,2,322,4,6,1.0
2027,2,322,4,8,1.0
2027,2,322,5,2,1.0
2027,2,322,5,4,1.0
2027,2,322,5,6,1.0
2027,2,322,5,8,1.0
2027,2,322,6,2,1.0
2027,2,322,6,4,1.0
2027,2,322,6,6,1.0
2027,2,322,6,8,1.0
2027,2,322,7,2,1.0
2027,2,322,7,4,1.0
2027,2,322,7,6,1.0
2027,2,322,7,8,1.0
2027,2,322,8,2,1.0
2027,2,322,8,4,1.0
2027,2,322,8,6,1.0
2027,2,322,8,8,1.0
2027,2,322,9,2,1.0
2027,2,322,9,4,1.0
2027,2,322,9,6,1.0
2027,2,322,9,8,1.0
2027,2,164,0,2,1.0
2027,2,164,0,4,1.0
2027,2,164,0,6,1.0
2027,2,164,0,8,1.0
2027,2,164,1,2,1.0
2027,2,164,1,4,1.0
2027,2,164,1,6,1.0
2027,2,164,1,8,1.0
2027,2,164,2,2,1.0
2027,2,164,2,4,1.0
2027,2,164,2,6,1.0
2027,2,164,2,8,1.0
2027,2,164,3,2,1.0
2027,2,164,3,4,1.0
2027,2,164,3,6,1.0
2027,2,164,3,8,1.0
2027,2,164,4,2,1.0
2027,2,164,4,4,1.0
2027,2,164,4,6,1.0
2027,2,164,4,8,1.0
2027,2,164,5,2,1.0
2027,2,164,5,4,1.0
2027,2,164,5,6,1.0
2027,2,164,5,8,1.0
2027,2,164,6,2,1.0
2027,2,164,6,4,1.0
2027,2,164,6,6,1.0
2027,2,164,6,8,1.0
2027,2,164,7,2,1.0
2027,2,164,7,4,1.0
2027,2,164,7,6,1.0
2027,2,164,7,8,1.0
2027,2,164,8,2,1.0
2027,2,164,8,4,1.0
2027,2,164,8,6,1.0
2027,2,164,8,8,1.0
2027,2,164,9,2,1.0
2027,2,164,9,4,1.0
2027,2,164,9,6,1.0
2027,2,164,9,8,1.0
2027,2,468,0,2,1.0
2027,2,468,0,4,1.0
2027,2,468,0,6,1.0
2027,2,468,0,8,1.0
2027,2,468,1,2,1.0
2027,2,468,1,4,1.0
2027,2,468,1,6,1.0
2027,2,468,1,8,1.0
2027,2,468,2,2,1.0
2027,2,468,2,4,1.0
2027,2,468,2,6,1.0
2027,2,468,2,8,1.0
2027,2,468,3,2,1.0
2027,2,468,3,4,1.0
2027,2,468,3,6,1.0
2027,2,468,3,8,1.0
2027,2,468,4,2,1.0
2027,2,468,4,4,1.0
2027,2,468,4,6,1.0
2027,2,468,4,8,1.0
2027,2,468,5,2,1.0
2027,2,468,5,4,1.0
2027,2,468,5,6,1.0
2027,2,468,5,8,1.0
2027,2,468,6,2,1.0
2027,2,468,6,4,1.0
2027,2,468,6,6,1.0
2027,2,468,6,8,1.0
2027,2,468,7,2,1.0
2027,2,468,7,4,1.0
2027,2,468,7,6,1.0
2027,2,468,7,8,1.0
2027,2,468,8,2,1.0
2027,2,468,8,4,1.0
2027,2,468,8,6,1.0
2027,2,468,8,8,1.0
2027,2,468,9,2,1.0
2027,2,468,9,4,1.0
2027,2,468,9,6,1.0
2027,2,468,9,8,1.0
2027,2,285,0,2,1.0
2027,2,285,0,4,1.0
2027,2,285,0,6,1.0
2027,2,285,0,8,1.0
2027,2,285,1,2,1.0
2027,2,285,1,4,1.0
2027,2,285,1,6,1.0
2027,2,285,1,8,1.0
2027,2,285,2,2,1.0
2027,2,285,2,4,1.0
2027,2,285,2,6,1.0
2027,2,285,2,8,1.0
2027,2,285,3,2,1.0
2027,2,285,3,4,1.0
2027,2,285,3,6,1.0
2027,2,285,3,8,1.0
2027,2,285,4,2,1.0
2027,2,285,4,4,1.0
2027,2,285,4,6,1.0
2027,2,285,4,8,1.0
2027,2,285,5,2,1.0
2027,2,285,5,4,1.0
2027,2,285,5,6,1.0
2027,2,285,5,8,1.0
2027,2,285,6,2,1.0
2027,2,285,6,4,1.0
2027,2,285,6,6,1.0
2027,2,285,6,8,1.0
2027,2,285,7,2,1.0
2027,2,285,7,4,1.0
2027,2,285,7,6,1.0
2027,2,285,7,8,1.0
2027,2,285,8,2,1.0
2027,2,285,8,4,1.0
2027,2,285,8,6,1.0
2027,2,285,8,8,1.0
2027,2,285,9,2,1.0
2027,2,285,9,4,1.0
2027,2,285,9,6,1.0
2027,2,285,9,8,1.0
2027,2,76,0,2,1.0
2027,2,76,0,4,1.0
2027,2,76,0,6,1.0
2027,2,76,0,8,1.0
2027,2,76,1,2,1.0
2027,2,76,1,4,1.0
2027,2,76,1,6,1.0
2027,2,76,1,8,1.0
2027,2,76,2,2,1.0
2027,2,76,2,4,1.0
2027,2,76,2,6,1.0
2027,2,76,2,8,1.0
2027,2,76,3,2,1.0
2027,2,76,3,4,1.0
2027,2,76,3,6,1.0
2027,2,76,3,8,1.0
2027,2,76,4,2,1.0
2027,2,76,4,4,1.0
2027,2,76,4,6,1.0
2027,2,76,4,8,1.0
2027,2,76,5,2,1.0
2027,2,76,5,4,1.0
2027,2,76,5,6,1.0
2027,2,76,5,8,1.0
2027,2,76,6,2,1.0
2027,2,76,6,4,1.0
2027,2,76,6,6,1.0
2027,2,76,6,8,1.0
2027,2,76,7,2,1.0
2027,2,76,7,4,1.0
2027,2,76,7,6,1.0
2027,2,76,7,8,1.0
2027,2,76,8,2,1.0
2027,2,76,8,4,1.0
2027,2,76,8,6,1.0
2027,2,76,8,8,1.0
2027,2,76,9,2,1.0
2027,2,76,9,4,1.0
2027,2,76,9,6,1.0
2027,2,76,9,8,1.0
2027,2,75,0,2,1.0
2027,2,75,0,4,1.0
2027,2,75,0,6,1.0
2027,2,75,0,8,1.0
2027,2,75,1,2,1.0
2027,2,75,1,4,1.0
2027,2,75,1,6,1.0
2027,2,75,1,8,1.0
2027,2,75,2,2,1.0
2027,2,75,2,4,1.0
2027,2,75,2,6,1.0
2027,2,75,2,8,1.0
2027,2,75,3,2,1.0
2027,2,75,3,4,1.0
2027,2,75,3,6,1.0
2027,2,75,3,8,1.0
2027,2,75,4,2,1.0
2027,2,75,4,4,1.0
2027,2,75,4,6,1.0
2027,2,75,4,8,1.0
2027,2,75,5,2,1.0
2027,2,75,5,4,1.0
2027,2,75,5,6,1.0
2027,2,75,5,8,1.0
2027,2,75,6,2,1.0
2027,2,75,6,4,1.0
2027,2,75,6,6,1.0
2027,2,75,6,8,1.0
2027,2,75,7,2,1.0
2027,2,75,7,4,1.0
2027,2,75,7,6,1.0
2027,2,75,7,8,1.0
2027,2,75,8,2,1.0
2027,2,75,8,4,1.0
2027,2,75,8,6,1.0
2027,2,75,8,8,1.0
2027,2,75,9,2,1.0
2027,2,75,9,4,1.0
2027,2,75,9,6,1.0
2027,2,75,9,8,1.0
2027,2,232,0,2,1.0
2027,2,232,0,4,1.0
2027,2,232,0,6,1.0
2027,2,232,0,8,1.0
2027,2,232,1,2,1.0
2027,2,232,1,4,1.0
2027,2,232,1,6,1.0
2027,2,232,1,8,1.0
2027,2,232,2,2,1.0
2027,2,232,2,4,1.0
2027,2,232,2,6,1.0
2027,2,232,2,8,1.0
2027,2,232,3,2,1.0
2027,2,232,3,4,1.0
2027,2,232,3,6,1.0
2027,2,232,3,8,1.0
2027,2,232,4,2,1.0
2027,2,232,4,4,1.0
2027,2,232,4,6,1.0
2027,2,232,4,8,1.0
2027,2,232,5,2,1.0
2027,2,232,5,4,1.0
2027,2,232,5,6,1.0
2027,2,232,5,8,1.0
2027,2,232,6,2,1.0
2027,2,232,6,4,1.0
2027,2,232,6,6,1.0
2027,2,232,6,8,1.0
2027,2,232,7,2,1.0
2027,2,232,7,4,1.0
2027,2,232,7,6,1.0
2027,2,232,7,8,1.0
2027,2,232,8,2,1.0
2027,2,232,8,4,1.0
2027,2,232,8,6,1.0
2027,2,232,8,8,1.0
2027,2,232,9,2,1.0
2027,2,232,9,4,1.0
2027,2,232,9,6,1.0
2027,2,232,9,8,1.0
2027,2,165,0,2,1.0
2027,2,165,0,4,1.0
2027,2,165,0,6,1.0
2027,2,165,0,8,1.0
2027,2,165,1,2,1.0
2027,2,165,1,4,1.0
2027,2,165,1,6,1.0
2027,2,165,1,8,1.0
2027,2,165,2,2,1.0
2027,2,165,2,4,1.0
2027,2,165,2,6,1.0
2027,2,165,2,8,1.0
2027,2,165,3,2,1.0
2027,2,165,3,4,1.0
2027,2,165,3,6,1.0
2027,2,165,3,8,1.0
2027,2,165,4,2,1.0
2027,2,165,4,4,1.0
2027,2,165,4,6,1.0
2027,2,165,4,8,1.0
2027,2,165,5,2,1.0
2027,2,165,5,4,1.0
2027,2,165,5,6,1.0
2027,2,165,5,8,1.0
2027,2,165,6,2,1.0
2027,2,165,6,4,1.0
2027,2,165,6,6,1.0
2027,2,165,6,8,1.0
2027,2,165,7,2,1.0
2027,2,165,7,4,1.0
2027,2,165,7,6,1.0
2027,2,165,7,8,1.0
2027,2,165,8,2,1.0
2027,2,165,8,4,1.0
2027,2,165,8,6,1.0
2027,2,165,8,8,1.0
2027,2,165,9,2,1.0
2027,2,165,9,4,1.0
2027,2,165,9,6,1.0
2027,2,165,9,8,1.0
2027,2,275,0,2,1.0
2027,2,275,0,4,1.0
2027,2,275,0,6,1.0
2027,2,275,0,8,1.0
2027,2,275,1,2,1.0
2027,2,275,1,4,1.0
2027,2,275,1,6,1.0
2027,2,275,1,8,1.0
2027,2,275,2,2,1.0
2027,2,275,2,4,1.0
2027,2,275,2,6,1.0
2027,2,275,2,8,1.0
2027,2,275,3,2,1.0
2027,2,275,3,4,1.0
2027,2,275,3,6,1.0
2027,2,275,3,8,1.0
2027,2,275,4,2,1.0
2027,2,275,4,4,1.0
2027,2,275,4,6,1.0
2027,2,275,4,8,1.0
2027,2,275,5,2,1.0
2027,2,275,5,4,1.0
2027,2,275,5,6,1.0
2027,2,275,5,8,1.0
2027,2,275,6,2,1.0
2027,2,275,6,4,1.0
2027,2,275,6,6,1.0
2027,2,275,6,8,1.0
2027,2,275,7,2,1.0
2027,2,275,7,4,1.0
2027,2,275,7,6,1.0
2027,2,275,7,8,1.0
2027,2,275,8,2,1.0
2027,2,275,8,4,1.0
2027,2,275,8,6,1.0
2027,2,275,8,8,1.0
2027,2,275,9,2,1.0
2027,2,275,9,4,1.0
2027,2,275,9,6,1.0
2027,2,275,9,8,1.0
2027,2,586,0,2,1.0
2027,2,586,0,4,1.0
2027,2,586,0,6,1.0
2027,2,586,0,8,1.0
2027,2,586,1,2,1.0
2027,2,586,1,4,1.0
2027,2,586,1,6,1.0
2027,2,586,1,8,1.0
2027,2,586,2,2,1.0
2027,2,586,2,4,1.0
2027,2,586,2,6,1.0
2027,2,586,2,8,1.0
2027,2,586,3,2,1.0
2027,2,586,3,4,1.0
2027,2,586,3,6,1.0
2027,2,586,3,8,1.0
2027,2,586,4,2,1.0
2027,2,586,4,4,1.0
2027,2,586,4,6,1.0
2027,2,586,4,8,1.0
2027,2,586,5,2,1.0
2027,2,586,5,4,1.0
2027,2,586,5,6,1.0
2027,2,586,5,8,1.0
2027,2,586,6,2,1.0
2027,2,586,6,4,1.0
2027,2,586,6,6,1.0
2027,2,586,6,8,1.0
2027,2,586,7,2,1.0
2027,2,586,7,4,1.0
2027,2,586,7,6,1.0
2027,2,586,7,8,1.0
2027,2,586,8,2,1.0
2027,2,586,8,4,1.0
2027,2,586,8,6,1.0
2027,2,586,8,8,1.0
2027,2,586,9,2,1.0
2027,2,586,9,4,1.0
2027,2,586,9,6,1.0
2027,2,586,9,8,1.0
2028,0,329,0,2,1.0
2028,0,329,0,4,1.0
2028,0,329,0,6,1.0
2028,0,329,0,8,1.0
2028,0,329,1,2,1.0
2028,0,329,1,4,1.0
2028,0,329,1,6,1.0
2028,0,329,1,8,1.0
2028,0,329,2,2,1.0
2028,0,329,2,4,1.0
2028,0,329,2,6,1.0
2028,0,329,2,8,1.0
2028,0,329,3,2,1.0
2028,0,329,3,4,1.0
2028,0,329,3,6,1.0
2028,0,329,3,8,1.0
2028,0,329,4,2,1.0
2028,0,329,4,4,1.0
2028,0,329,4,6,1.0
2028,0,329,4,8,1.0
2028,0,329,5,2,1.0
2028,0,329,5,4,1.0
2028,0,329,5,6,1.0
2028,0,329,5,8,1.0
2028,0,329,6,2,1.0
2028,0,329,6,4,1.0
2028,0,329,6,6,1.0
2028,0,329,6,8,1.0
2028,0,329,7,2,1.0
2028,0,329,7,4,1.0
2028,0,329,7,6,1.0
2028,0,329,7,8,1.0
2028,0,329,8,2,1.0
2028,0,329,8,4,1.0
2028,0,329,8,6,1.0
2028,0,329,8,8,1.0
2028,0,329,9,2,1.0
2028,0,329,9,4,1.0
2028,0,329,9,6,1.0
2028,0,329,9,8,1.0
2028,0,86,0,2,1.0
2028,0,86,0,4,1.0
2028,0,86,0,6,1.0
2028,0,86,0,8,1.0
2028,0,86,1,2,1.0
2028,0,86,1,4,1.0
2028,0,86,1,6,1.0
2028,0,86,1,8,1.0
2028,0,86,2,2,1.0
2028,0,86,2,4,1.0
2028,0,86,2,6,1.0
2028,0,86,2,8,1.0
2028,0,86,3,2,1.0
2028,0,86,3,4,1.0
2028,0,86,3,6,1.0
2028,0,86,3,8,1.0
2028,0,86,4,2,1.0
2028,0,86,4,4,1.0
2028,0,86,4,6,1.0
2028,0,86,4,8,1.0
2028,0,86,5,2,1.0
2028,0,86,5,4,1.0
2028,0,86,5,6,1.0
2028,0,86,5,8,1.0
2028,0,86,6,2,1.0
2028,0,86,6,4,1.0
2028,0,86,6,6,1.0
2028,0,86,6,8,1.0
2028,0,86,7,2,1.0
2028,0,86,7,4,1.0
2028,0,86,7,6,1.0
2028,0,86,7,8,1.0
2028,0,86,8,2,1.0
2028,0,86,8,4,1.0
2028,0,86,8,6,1.0
2028,0,86,8,8,1.0
2028,0,86,9,2,1.0
2028,0,86,9,4,1.0
2028,0,86,9,6,1.0
2028,0,86,9,8,1.0
2028,0,4,0,2,1.0
2028,0,4,0,4,1.0
2028,0,4,0,6,1.0
2028,0,4,0,8,1.0
2028,0,4,1,2,1.0
2028,0,4,1,4,1.0
2028,0,4,1,6,1.0
2028,0,4,1,8,1.0
2028,0,4,2,2,1.0
2028,0,4,2,4,1.0
2028,0,4,2,6,1.0
2028,0,4,2,8,1.0
2028,0,4,3,2,1.0
2028,0,4,3,4,1.0
2028,0,4,3,6,1.0
2028,0,4,3,8,1.0
2028,0,4,4,2,1.0
2028,0,4,4,4,1.0
2028,0,4,4,6,1.0
2028,0,4,4,8,1.0
2028,0,4,5,2,1.0
2028,0,4,5,4,1.0
2028,0,4,5,6,1.0
2028,0,4,5,8,1.0
2028,0,4,6,2,1.0
2028,0,4,6,4,1.0
2028,0,4,6,6,1.0
2028,0,4,6,8,1.0
2028,0,4,7,2,1.0
2028,0,4,7,4,1.0
2028,0,4,7,6,1.0
2028,0,4,7,8,1.0
2028,0,4,8,2,1.0
2028,0,4,8,4,1.0
2028,0,4,8,6,1.0
2028,0,4,8,8,1.0
2028,0,4,9,2,1.0
2028,0,4,9,4,1.0
2028,0,4,9,6,1.0
2028,0,4,9,8,1.0
2028,0,70,0,2,1.0
2028,0,70,0,4,1.0
2028,0,70,0,6,1.0
2028,0,70,0,8,1.0
2028,0,70,1,2,1.0
2028,0,70,1,4,1.0
2028,0,70,1,6,1.0
2028,0,70,1,8,1.0
2028,0,70,2,2,1.0
2028,0,70,2,4,1.0
2028,0,70,2,6,1.0
2028,0,70,2,8,1.0
2028,0,70,3,2,1.0
2028,0,70,3,4,1.0
2028,0,70,3,6,1.0
2028,0,70,3,8,1.0
2028,0,70,4,2,1.0
2028,0,70,4,4,1.0
2028,0,70,4,6,1.0
2028,0,70,4,8,1.0
2028,0,70,5,2,1.0
2028,0,70,5,4,1.0
2028,0,70,5,6,1.0
2028,0,70,5,8,1.0
2028,0,70,6,2,1.0
2028,0,70,6,4,1.0
2028,0,70,6,6,1.0
2028,0,70,6,8,1.0
2028,0,70,7,2,1.0
2028,0,70,7,4,1.0
2028,0,70,7,6,1.0
2028,0,70,7,8,1.0
2028,0,70,8,2,1.0
2028,0,70,8,4,1.0
2028,0,70,8,6,1.0
2028,0,70,8,8,1.0
2028,0,70,9,2,1.0
2028,0,70,9,4,1.0
2028,0,70,9,6,1.0
2028,0,70,9,8,1.0
2028,0,583,0,2,1.0
2028,0,583,0,4,1.0
2028,0,583,0,6,1.0
2028,0,583,0,8,1.0
2028,0,583,1,2,1.0
2028,0,583,1,4,1.0
2028,0,583,1,6,1.0
2028,0,583,1,8,1.0
2028,0,583,2,2,1.0
2028,0,583,2,4,1.0
2028,0,583,2,6,1.0
2028,0,583,2,8,1.0
2028,0,583,3,2,1.0
2028,0,583,3,4,1.0
2028,0,583,3,6,1.0
2028,0,583,3,8,1.0
2028,0,583,4,2,1.0
2028,0,583,4,4,1.0
2028,0,583,4,6,1.0
2028,0,583,4,8,1.0
2028,0,583,5,2,1.0
2028,0,583,5,4,1.0
2028,0,583,5,6,1.0
2028,0,583,5,8,1.0
2028,0,583,6,2,1.0
2028,0,583,6,4,1.0
2028,0,583,6,6,1.0
2028,0,583,6,8,1.0
2028,0,583,7,2,1.0
2028,0,583,7,4,1.0
2028,0,583,7,6,1.0
2028,0,583,7,8,1.0
2028,0,583,8,2,1.0
2028,0,583,8,4,1.0
2028,0,583,8,6,1.0
2028,0,583,8,8,1.0
2028,0,583,9,2,1.0
2028,0,583,9,4,1.0
2028,0,583,9,6,1.0
2028,0,583,9,8,1.0
2028,0,436,0,2,1.0
2028,0,436,0,4,1.0
2028,0,436,0,6,1.0
2028,0,436,0,8,1.0
2028,0,436,1,2,1.0
2028,0,436,1,4,1.0
2028,0,436,1,6,1.0
2028,0,436,1,8,1.0
2028,0,436,2,2,1.0
2028,0,436,2,4,1.0
2028,0,436,2,6,1.0
2028,0,436,2,8,1.0
2028,0,436,3,2,1.0
2028,0,436,3,4,1.0
2028,0,436,3,6,1.0
2028,0,436,3,8,1.0
2028,0,436,4,2,1.0
2028,0,436,4,4,1.0
2028,0,436,4,6,1.0
2028,0,436,4,8,1.0
2028,0,436,5,2,1.0
2028,0,436,5,4,1.0
2028,0,436,5,6,1.0
2028,0,436,5,8,1.0
2028,0,436,6,2,1.0
2028,0,436,6,4,1.0
2028,0,436,6,6,1.0
2028,0,436,6,8,1.0
2028,0,436,7,2,1.0
2028,0,436,7,4,1.0
2028,0,436,7,6,1.0
2028,0,436,7,8,1.0
2028,0,436,8,2,1.0
2028,0,436,8,4,1.0
2028,0,436,8,6,1.0
2028,0,436,8,8,1.0
2028,0,436,9,2,1.0
2028,0,436,9,4,1.0
2028,0,436,9,6,1.0
2028,0,436,9,8,1.0
2028,0,525,0,2,1.0
2028,0,525,0,4,1.0
2028,0,525,0,6,1.0
2028,0,525,0,8,1.0
2028,0,525,1,2,1.0
2028,0,525,1,4,1.0
2028,0,525,1,6,1.0
2028,0,525,1,8,1.0
2028,0,525,2,2,1.0
2028,0,525,2,4,1.0
2028,0,525,2,6,1.0
2028,0,525,2,8,1.0
2028,0,525,3,2,1.0
2028,0,525,3,4,1.0
2028,0,525,3,6,1.0
2028,0,525,3,8,1.0
2028,0,525,4,2,1.0
2028,0,525,4,4,1.0
2028,0,525,4,6,1.0
2028,0,525,4,8,1.0
2028,0,525,5,2,1.0
2028,0,525,5,4,1.0
2028,0,525,5,6,1.0
2028,0,525,5,8,1.0
2028,0,525,6,2,1.0
2028,0,525,6,4,1.0
2028,0,525,6,6,1.0
2028,0,525,6,8,1.0
2028,0,525,7,2,1.0
2028,0,525,7,4,1.0
2028,0,525,7,6,1.0
2028,0,525,7,8,1.0
2028,0,525,8,2,1.0
2028,0,525,8,4,1.0
2028,0,525,8,6,1.0
2028,0,525,8,8,1.0
2028,0,525,9,2,1.0
2028,0,525,9,4,1.0
2028,0,525,9,6,1.0
2028,0,525,9,8,1.0
2028,0,593,0,2,1.0
2028,0,593,0,4,1.0
2028,0,593,0,6,1.0
2028,0,593,0,8,1.0
2028,0,593,1,2,1.0
2028,0,593,1,4,1.0
2028,0,593,1,6,1.0
2028,0,593,1,8,1.0
2028,0,593,2,2,1.0
2028,0,593,2,4,1.0
2028,0,593,2,6,1.0
2028,0,593,2,8,1.0
2028,0,593,3,2,1.0
2028,0,593,3,4,1.0
2028,0,593,3,6,1.0
2028,0,593,3,8,1.0
2028,0,593,4,2,1.0
2028,0,593,4,4,1.0
2028,0,593,4,6,1.0
2028,0,593,4,8,1.0
2028,0,593,5,2,1.0
2028,0,593,5,4,1.0
2028,0,593,5,6,1.0
2028,0,593,5,8,1.0
2028,0,593,6,2,1.0
2028,0,593,6,4,1.0
2028,0,593,6,6,1.0
2028,0,593,6,8,1.0
2028,0,593,7,2,1.0
2028,0,593,7,4,1.0
2028,0,593,7,6,1.0
2028,0,593,7,8,1.0
2028,0,593,8,2,1.0
2028,0,593,8,4,1.0
2028,0,593,8,6,1.0
2028,0,593,8,8,1.0
2028,0,593,9,2,1.0
2028,0,593,9,4,1.0
2028,0,593,9,6,1.0
2028,0,593,9,8,1.0
2028,0,27,0,2,1.0
2028,0,27,0,4,1.0
2028,0,27,0,6,1.0
2028,0,27,0,8,1.0
2028,0,27,1,2,1.0
2028,0,27,1,4,1.0
2028,0,27,1,6,1.0
2028,0,27,1,8,1.0
2028,0,27,2,2,1.0
2028,0,27,2,4,1.0
2028,0,27,2,6,1.0
2028,0,27,2,8,1.0
2028,0,27,3,2,1.0
2028,0,27,3,4,1.0
2028,0,27,3,6,1.0
2028,0,27,3,8,1.0
2028,0,27,4,2,1.0
2028,0,27,4,4,1.0
2028,0,27,4,6,1.0
2028,0,27,4,8,1.0
2028,0,27,5,2,1.0
2028,0,27,5,4,1.0
2028,0,27,5,6,1.0
2028,0,27,5,8,1.0
2028,0,27,6,2,1.0
2028,0,27,6,4,1.0
2028,0,27,6,6,1.0
2028,0,27,6,8,1.0
2028,0,27,7,2,1.0
2028,0,27,7,4,1.0
2028,0,27,7,6,1.0
2028,0,27,7,8,1.0
2028,0,27,8,2,1.0
2028,0,27,8,4,1.0
2028,0,27,8,6,1.0
2028,0,27,8,8,1.0
2028,0,27,9,2,1.0
2028,0,27,9,4,1.0
2028,0,27,9,6,1.0
2028,0,27,9,8,1.0
2028,0,23,0,2,1.0
2028,0,23,0,4,1.0
2028,0,23,0,6,1.0
2028,0,23,0,8,1.0
2028,0,23,1,2,1.0
2028,0,23,1,4,1.0
2028,0,23,1,6,1.0
2028,0,23,1,8,1.0
2028,0,23,2,2,1.0
2028,0,23,2,4,1.0
2028,0,23,2,6,1.0
2028,0,23,2,8,1.0
2028,0,23,3,2,1.0
2028,0,23,3,4,1.0
2028,0,23,3,6,1.0
2028,0,23,3,8,1.0
2028,0,23,4,2,1.0
2028,0,23,4,4,1.0
2028,0,23,4,6,1.0
2028,0,23,4,8,1.0
2028,0,23,5,2,1.0
2028,0,23,5,4,1.0
2028,0,23,5,6,1.0
2028,0,23,5,8,1.0
2028,0,23,6,2,1.0
2028,0,23,6,4,1.0
2028,0,23,6,6,1.0
2028,0,23,6,8,1.0
2028,0,23,7,2,1.0
2028,0,23,7,4,1.0
2028,0,23,7,6,1.0
2028,0,23,7,8,1.0
2028,0,23,8,2,1.0
2028,0,23,8,4,1.0
2028,0,23,8,6,1.0
2028,0,23,8,8,1.0
2028,0,23,9,2,1.0
2028,0,23,9,4,1.0
2028,0,23,9,6,1.0
2028,0,23,9,8,1.0
2028,0,556,0,2,1.0
2028,0,556,0,4,1.0
2028,0,556,0,6,1.0
2028,0,556,0,8,1.0
2028,0,556,1,2,1.0
2028,0,556,1,4,1.0
2028,0,556,1,6,1.0
2028,0,556,1,8,1.0
2028,0,556,2,2,1.0
2028,0,556,2,4,1.0
2028,0,556,2,6,1.0
2028,0,556,2,8,1.0
2028,0,556,3,2,1.0
2028,0,556,3,4,1.0
2028,0,556,3,6,1.0
2028,0,556,3,8,1.0
2028,0,556,4,2,1.0
2028,0,556,4,4,1.0
2028,0,556,4,6,1.0
2028,0,556,4,8,1.0
2028,0,556,5,2,1.0
2028,0,556,5,4,1.0
2028,0,556,5,6,1.0
2028,0,556,5,8,1.0
2028,0,556,6,2,1.0
2028,0,556,6,4,1.0
2028,0,556,6,6,1.0
2028,0,556,6,8,1.0
2028,0,556,7,2,1.0
2028,0,556,7,4,1.0
2028,0,556,7,6,1.0
2028,0,556,7,8,1.0
2028,0,556,8,2,1.0
2028,0,556,8,4,1.0
2028,0,556,8,6,1.0
2028,0,556,8,8,1.0
2028,0,556,9,2,1.0
2028,0,556,9,4,1.0
2028,0,556,9,6,1.0
2028,0,556,9,8,1.0
2028,0,553,0,2,1.0
2028,0,553,0,4,1.0
2028,0,553,0,6,1.0
2028,0,553,0,8,1.0
2028,0,553,1,2,1.0
2028,0,553,1,4,1.0
2028,0,553,1,6,1.0
2028,0,553,1,8,1.0
2028,0,553,2,2,1.0
2028,0,553,2,4,1.0
2028,0,553,2,6,1.0
2028,0,553,2,8,1.0
2028,0,553,3,2,1.0
2028,0,553,3,4,1.0
2028,0,553,3,6,1.0
2028,0,553,3,8,1.0
2028,0,553,4,2,1.0
2028,0,553,4,4,1.0
2028,0,553,4,6,1.0
2028,0,553,4,8,1.0
2028,0,553,5,2,1.0
2028,0,553,5,4,1.0
2028,0,553,5,6,1.0
2028,0,553,5,8,1.0
2028,0,553,6,2,1.0
2028,0,553,6,4,1.0
2028,0,553,6,6,1.0
2028,0,553,6,8,1.0
2028,0,553,7,2,1.0
2028,0,553,7,4,1.0
2028,0,553,7,6,1.0
2028,0,553,7,8,1.0
2028,0,553,8,2,1.0
2028,0,553,8,4,1.0
2028,0,553,8,6,1.0
2028,0,553,8,8,1.0
2028,0,553,9,2,1.0
2028,0,553,9,4,1.0
2028,0,553,9,6,1.0
2028,0,553,9,8,1.0
2028,0,11,0,2,1.0
2028,0,11,0,4,1.0
2028,0,11,0,6,1.0
2028,0,11,0,8,1.0
2028,0,11,1,2,1.0
2028,0,11,1,4,1.0
2028,0,11,1,6,1.0
2028,0,11,1,8,1.0
2028,0,11,2,2,1.0
2028,0,11,2,4,1.0
2028,0,11,2,6,1.0
2028,0,11,2,8,1.0
2028,0,11,3,2,1.0
2028,0,11,3,4,1.0
2028,0,11,3,6,1.0
2028,0,11,3,8,1.0
2028,0,11,4,2,1.0
2028,0,11,4,4,1.0
2028,0,11,4,6,1.0
2028,0,11,4,8,1.0
2028,0,11,5,2,1.0
2028,0,11,5,4,1.0
2028,0,11,5,6,1.0
2028,0,11,5,8,1.0
2028,0,11,6,2,1.0
2028,0,11,6,4,1.0
2028,0,11,6,6,1.0
2028,0,11,6,8,1.0
2028,0,11,7,2,1.0
2028,0,11,7,4,1.0
2028,0,11,7,6,1.0
2028,0,11,7,8,1.0
2028,0,11,8,2,1.0
2028,0,11,8,4,1.0
2028,0,11,8,6,1.0
2028,0,11,8,8,1.0
2028,0,11,9,2,1.0
2028,0,11,9,4,1.0
2028,0,11,9,6,1.0
2028,0,11,9,8,1.0
2028,0,326,0,2,1.0
2028,0,326,0,4,1.0
2028,0,326,0,6,1.0
2028,0,326,0,8,1.0
2028,0,326,1,2,1.0
2028,0,326,1,4,1.0
2028,0,326,1,6,1.0
2028,0,326,1,8,1.0
2028,0,326,2,2,1.0
2028,0,326,2,4,1.0
2028,0,326,2,6,1.0
2028,0,326,2,8,1.0
2028,0,326,3,2,1.0
2028,0,326,3,4,1.0
2028,0,326,3,6,1.0
2028,0,326,3,8,1.0
2028,0,326,4,2,1.0
2028,0,326,4,4,1.0
2028,0,326,4,6,1.0
2028,0,326,4,8,1.0
2028,0,326,5,2,1.0
2028,0,326,5,4,1.0
2028,0,326,5,6,1.0
2028,0,326,5,8,1.0
2028,0,326,6,2,1.0
2028,0,326,6,4,1.0
2028,0,326,6,6,1.0
2028,0,326,6,8,1.0
2028,0,326,7,2,1.0
2028,0,326,7,4,1.0
2028,0,326,7,6,1.0
2028,0,326,7,8,1.0
2028,0,326,8,2,1.0
2028,0,326,8,4,1.0
2028,0,326,8,6,1.0
2028,0,326,8,8,1.0
2028,0,326,9,2,1.0
2028,0,326,9,4,1.0
2028,0,326,9,6,1.0
2028,0,326,9,8,1.0
2028,0,343,0,2,1.0
2028,0,343,0,4,1.0
2028,0,343,0,6,1.0
2028,0,343,0,8,1.0
2028,0,343,1,2,1.0
2028,0,343,1,4,1.0
2028,0,343,1,6,1.0
2028,0,343,1,8,1.0
2028,0,343,2,2,1.0
2028,0,343,2,4,1.0
2028,0,343,2,6,1.0
2028,0,343,2,8,1.0
2028,0,343,3,2,1.0
2028,0,343,3,4,1.0
2028,0,343,3,6,1.0
2028,0,343,3,8,1.0
2028,0,343,4,2,1.0
2028,0,343,4,4,1.0
2028,0,343,4,6,1.0
2028,0,343,4,8,1.0
2028,0,343,5,2,1.0
2028,0,343,5,4,1.0
2028,0,343,5,6,1.0
2028,0,343,5,8,1.0
2028,0,343,6,2,1.0
2028,0,343,6,4,1.0
2028,0,343,6,6,1.0
2028,0,343,6,8,1.0
2028,0,343,7,2,1.0
2028,0,343,7,4,1.0
2028,0,343,7,6,1.0
2028,0,343,7,8,1.0
2028,0,343,8,2,1.0
2028,0,343,8,4,1.0
2028,0,343,8,6,1.0
2028,0,343,8,8,1.0
2028,0,343,9,2,1.0
2028,0,343,9,4,1.0
2028,0,343,9,6,1.0
2028,0,343,9,8,1.0
2028,0,362,0,2,1.0
2028,0,362,0,4,1.0
2028,0,362,0,6,1.0
2028,0,362,0,8,1.0
2028,0,362,1,2,1.0
2028,0,362,1,4,1.0
2028,0,362,1,6,1.0
2028,0,362,1,8,1.0
2028,0,362,2,2,1.0
2028,0,362,2,4,1.0
2028,0,362,2,6,1.0
2028,0,362,2,8,1.0
2028,0,362,3,2,1.0
2028,0,362,3,4,1.0
2028,0,362,3,6,1.0
2028,0,362,3,8,1.0
2028,0,362,4,2,1.0
2028,0,362,4,4,1.0
2028,0,362,4,6,1.0
2028,0,362,4,8,1.0
2028,0,362,5,2,1.0
2028,0,362,5,4,1.0
2028,0,362,5,6,1.0
2028,0,362,5,8,1.0
2028,0,362,6,2,1.0
2028,0,362,6,4,1.0
2028,0,362,6,6,1.0
2028,0,362,6,8,1.0
2028,0,362,7,2,1.0
2028,0,362,7,4,1.0
2028,0,362,7,6,1.0
2028,0,362,7,8,1.0
2028,0,362,8,2,1.0
2028,0,362,8,4,1.0
2028,0,362,8,6,1.0
2028,0,362,8,8,1.0
2028,0,362,9,2,1.0
2028,0,362,9,4,1.0
2028,0,362,9,6,1.0
2028,0,362,9,8,1.0
2028,0,275,0,2,1.0
2028,0,275,0,4,1.0
2028,0,275,0,6,1.0
2028,0,275,0,8,1.0
2028,0,275,1,2,1.0
2028,0,275,1,4,1.0
2028,0,275,1,6,1.0
2028,0,275,1,8,1.0
2028,0,275,2,2,1.0
2028,0,275,2,4,1.0
2028,0,275,2,6,1.0
2028,0,275,2,8,1.0
2028,0,275,3,2,1.0
2028,0,275,3,4,1.0
2028,0,275,3,6,1.0
2028,0,275,3,8,1.0
2028,0,275,4,2,1.0
2028,0,275,4,4,1.0
2028,0,275,4,6,1.0
2028,0,275,4,8,1.0
2028,0,275,5,2,1.0
2028,0,275,5,4,1.0
2028,0,275,5,6,1.0
2028,0,275,5,8,1.0
2028,0,275,6,2,1.0
2028,0,275,6,4,1.0
2028,0,275,6,6,1.0
2028,0,275,6,8,1.0
2028,0,275,7,2,1.0
2028,0,275,7,4,1.0
2028,0,275,7,6,1.0
2028,0,275,7,8,1.0
2028,0,275,8,2,1.0
2028,0,275,8,4,1.0
2028,0,275,8,6,1.0
2028,0,275,8,8,1.0
2028,0,275,9,2,1.0
2028,0,275,9,4,1.0
2028,0,275,9,6,1.0
2028,0,275,9,8,1.0
2028,0,412,0,2,1.0
2028,0,412,0,4,1.0
2028,0,412,0,6,1.0
2028,0,412,0,8,1.0
2028,0,412,1,2,1.0
2028,0,412,1,4,1.0
2028,0,412,1,6,1.0
2028,0,412,1,8,1.0
2028,0,412,2,2,1.0
2028,0,412,2,4,1.0
2028,0,412,2,6,1.0
2028,0,412,2,8,1.0
2028,0,412,3,2,1.0
2028,0,412,3,4,1.0
2028,0,412,3,6,1.0
2028,0,412,3,8,1.0
2028,0,412,4,2,1.0
2028,0,412,4,4,1.0
2028,0,412,4,6,1.0
2028,0,412,4,8,1.0
2028,0,412,5,2,1.0
2028,0,412,5,4,1.0
2028,0,412,5,6,1.0
2028,0,412,5,8,1.0
2028,0,412,6,2,1.0
2028,0,412,6,4,1.0
2028,0,412,6,6,1.0
2028,0,412,6,8,1.0
2028,0,412,7,2,1.0
2028,0,412,7,4,1.0
2028,0,412,7,6,1.0
2028,0,412,7,8,1.0
2028,0,412,8,2,1.0
2028,0,412,8,4,1.0
2028,0,412,8,6,1.0
2028,0,412,8,8,1.0
2028,0,412,9,2,1.0
2028,0,412,9,4,1.0
2028,0,412,9,6,1.0
2028,0,412,9,8,1.0
2028,0,507,0,2,1.0
2028,0,507,0,4,1.0
2028,0,507,0,6,1.0
2028,0,507,0,8,1.0
2028,0,507,1,2,1.0
2028,0,507,1,4,1.0
2028,0,507,1,6,1.0
2028,0,507,1,8,1.0
2028,0,507,2,2,1.0
2028,0,507,2,4,1.0
2028,0,507,2,6,1.0
2028,0,507,2,8,1.0
2028,0,507,3,2,1.0
2028,0,507,3,4,1.0
2028,0,507,3,6,1.0
2028,0,507,3,8,1.0
2028,0,507,4,2,1.0
2028,0,507,4,4,1.0
2028,0,507,4,6,1.0
2028,0,507,4,8,1.0
2028,0,507,5,2,1.0
2028,0,507,5,4,1.0
2028,0,507,5,6,1.0
2028,0,507,5,8,1.0
2028,0,507,6,2,1.0
2028,0,507,6,4,1.0
2028,0,507,6,6,1.0
2028,0,507,6,8,1.0
2028,0,507,7,2,1.0
2028,0,507,7,4,1.0
2028,0,507,7,6,1.0
2028,0,507,7,8,1.0
2028,0,507,8,2,1.0
2028,0,507,8,4,1.0
2028,0,507,8,6,1.0
2028,0,507,8,8,1.0
2028,0,507,9,2,1.0
2028,0,507,9,4,1.0
2028,0,507,9,6,1.0
2028,0,507,9,8,1.0
2028,0,123,0,2,1.0
2028,0,123,0,4,1.0
2028,0,123,0,6,1.0
2028,0,123,0,8,1.0
2028,0,123,1,2,1.0
2028,0,123,1,4,1.0
2028,0,123,1,6,1.0
2028,0,123,1,8,1.0
2028,0,123,2,2,1.0
2028,0,123,2,4,1.0
2028,0,123,2,6,1.0
2028,0,123,2,8,1.0
2028,0,123,3,2,1.0
2028,0,123,3,4,1.0
2028,0,123,3,6,1.0
2028,0,123,3,8,1.0
2028,0,123,4,2,1.0
2028,0,123,4,4,1.0
2028,0,123,4,6,1.0
2028,0,123,4,8,1.0
2028,0,123,5,2,1.0
2028,0,123,5,4,1.0
2028,0,123,5,6,1.0
2028,0,123,5,8,1.0
2028,0,123,6,2,1.0
2028,0,123,6,4,1.0
2028,0,123,6,6,1.0
2028,0,123,6,8,1.0
2028,0,123,7,2,1.0
2028,0,123,7,4,1.0
2028,0,123,7,6,1.0
2028,0,123,7,8,1.0
2028,0,123,8,2,1.0
2028,0,123,8,4,1.0
2028,0,123,8,6,1.0
2028,0,123,8,8,1.0
2028,0,123,9,2,1.0
2028,0,123,9,4,1.0
2028,0,123,9,6,1.0
2028,0,123,9,8,1.0
2028,1,329,0,2,1.0
2028,1,329,0,4,1.0
2028,1,329,0,6,1.0
2028,1,329,0,8,1.0
2028,1,329,1,2,1.0
2028,1,329,1,4,1.0
2028,1,329,1,6,1.0
2028,1,329,1,8,1.0
2028,1,329,2,2,1.0
2028,1,329,2,4,1.0
2028,1,329,2,6,1.0
2028,1,329,2,8,1.0
2028,1,329,3,2,1.0
2028,1,329,3,4,1.0
2028,1,329,3,6,1.0
2028,1,329,3,8,1.0
2028,1,329,4,2,1.0
2028,1,329,4,4,1.0
2028,1,329,4,6,1.0
2028,1,329,4,8,1.0
2028,1,329,5,2,1.0
2028,1,329,5,4,1.0
2028,1,329,5,6,1.0
2028,1,329,5,8,1.0
2028,1,329,6,2,1.0
2028,1,329,6,4,1.0
2028,1,329,6,6,1.0
2028,1,329,6,8,1.0
2028,1,329,7,2,1.0
2028,1,329,7,4,1.0
2028,1,329,7,6,1.0
2028,1,329,7,8,1.0
2028,1,329,8,2,1.0
2028,1,329,8,4,1.0
2028,1,329,8,6,1.0
2028,1,329,8,8,1.0
2028,1,329,9,2,1.0
2028,1,329,9,4,1.0
2028,1,329,9,6,1.0
2028,1,329,9,8,1.0
2028,1,86,0,2,1.0
2028,1,86,0,4,1.0
2028,1,86,0,6,1.0
2028,1,86,0,8,1.0
2028,1,86,1,2,1.0
2028,1,86,1,4,1.0
2028,1,86,1,6,1.0
2028,1,86,1,8,1.0
2028,1,86,2,2,1.0
2028,1,86,2,4,1.0
2028,1,86,2,6,1.0
2028,1,86,2,8,1.0
2028,1,86,3,2,1.0
2028,1,86,3,4,1.0
2028,1,86,3,6,1.0
2028,1,86,3,8,1.0
2028,1,86,4,2,1.0
2028,1,86,4,4,1.0
2028,1,86,4,6,1.0
2028,1,86,4,8,1.0
2028,1,86,5,2,1.0
2028,1,86,5,4,1.0
2028,1,86,5,6,1.0
2028,1,86,5,8,1.0
2028,1,86,6,2,1.0
2028,1,86,6,4,1.0
2028,1,86,6,6,1.0
2028,1,86,6,8,1.0
2028,1,86,7,2,1.0
2028,1,86,7,4,1.0
2028,1,86,7,6,1.0
2028,1,86,7,8,1.0
2028,1,86,8,2,1.0
2028,1,86,8,4,1.0
2028,1,86,8,6,1.0
2028,1,86,8,8,1.0
2028,1,86,9,2,1.0
2028,1,86,9,4,1.0
2028,1,86,9,6,1.0
2028,1,86,9,8,1.0
2028,1,4,0,2,1.0
2028,1,4,0,4,1.0
2028,1,4,0,6,1.0
2028,1,4,0,8,1.0
2028,1,4,1,2,1.0
2028,1,4,1,4,1.0
2028,1,4,1,6,1.0
2028,1,4,1,8,1.0
2028,1,4,2,2,1.0
2028,1,4,2,4,1.0
2028,1,4,2,6,1.0
2028,1,4,2,8,1.0
2028,1,4,3,2,1.0
2028,1,4,3,4,1.0
2028,1,4,3,6,1.0
2028,1,4,3,8,1.0
2028,1,4,4,2,1.0
2028,1,4,4,4,1.0
2028,1,4,4,6,1.0
2028,1,4,4,8,1.0
2028,1,4,5,2,1.0
2028,1,4,5,4,1.0
2028,1,4,5,6,1.0
2028,1,4,5,8,1.0
2028,1,4,6,2,1.0
2028,1,4,6,4,1.0
2028,1,4,6,6,1.0
2028,1,4,6,8,1.0
2028,1,4,7,2,1.0
2028,1,4,7,4,1.0
2028,1,4,7,6,1.0
2028,1,4,7,8,1.0
2028,1,4,8,2,1.0
2028,1,4,8,4,1.0
2028,1,4,8,6,1.0
2028,1,4,8,8,1.0
2028,1,4,9,2,1.0
2028,1,4,9,4,1.0
2028,1,4,9,6,1.0
2028,1,4,9,8,1.0
2028,1,70,0,2,1.0
2028,1,70,0,4,1.0
2028,1,70,0,6,1.0
2028,1,70,0,8,1.0
2028,1,70,1,2,1.0
2028,1,70,1,4,1.0
2028,1,70,1,6,1.0
2028,1,70,1,8,1.0
2028,1,70,2,2,1.0
2028,1,70,2,4,1.0
2028,1,70,2,6,1.0
2028,1,70,2,8,1.0
2028,1,70,3,2,1.0
2028,1,70,3,4,1.0
2028,1,70,3,6,1.0
2028,1,70,3,8,1.0
2028,1,70,4,2,1.0
2028,1,70,4,4,1.0
2028,1,70,4,6,1.0
2028,1,70,4,8,1.0
2028,1,70,5,2,1.0
2028,1,70,5,4,1.0
2028,1,70,5,6,1.0
2028,1,70,5,8,1.0
2028,1,70,6,2,1.0
2028,1,70,6,4,1.0
2028,1,70,6,6,1.0
2028,1,70,6,8,1.0
2028,1,70,7,2,1.0
2028,1,70,7,4,1.0
2028,1,70,7,6,1.0
2028,1,70,7,8,1.0
2028,1,70,8,2,1.0
2028,1,70,8,4,1.0
2028,1,70,8,6,1.0
2028,1,70,8,8,1.0
2028,1,70,9,2,1.0
2028,1,70,9,4,1.0
2028,1,70,9,6,1.0
2028,1,70,9,8,1.0
2028,1,583,0,2,1.0
2028,1,583,0,4,1.0
2028,1,583,0,6,1.0
2028,1,583,0,8,1.0
2028,1,583,1,2,1.0
2028,1,583,1,4,1.0
2028,1,583,1,6,1.0
2028,1,583,1,8,1.0
2028,1,583,2,2,1.0
2028,1,583,2,4,1.0
2028,1,583,2,6,1.0
2028,1,583,2,8,1.0
2028,1,583,3,2,1.0
2028,1,583,3,4,1.0
2028,1,583,3,6,1.0
2028,1,583,3,8,1.0
2028,1,583,4,2,1.0
2028,1,583,4,4,1.0
2028,1,583,4,6,1.0
2028,1,583,4,8,1.0
2028,1,583,5,2,1.0
2028,1,583,5,4,1.0
2028,1,583,5,6,1.0
2028,1,583,5,8,1.0
2028,1,583,6,2,1.0
2028,1,583,6,4,1.0
2028,1,583,6,6,1.0
2028,1,583,6,8,1.0
2028,1,583,7,2,1.0
2028,1,583,7,4,1.0
2028,1,583,7,6,1.0
2028,1,583,7,8,1.0
2028,1,583,8,2,1.0
2028,1,583,8,4,1.0
2028,1,583,8,6,1.0
2028,1,583,8,8,1.0
2028,1,583,9,2,1.0
2028,1,583,9,4,1.0
2028,1,583,9,6,1.0
2028,1,583,9,8,1.0
2028,1,436,0,2,1.0
2028,1,436,0,4,1.0
2028,1,436,0,6,1.0
2028,1,436,0,8,1.0
2028,1,436,1,2,1.0
2028,1,436,1,4,1.0
2028,1,436,1,6,1.0
2028,1,436,1,8,1.0
2028,1,436,2,2,1.0
2028,1,436,2,4,1.0
2028,1,436,2,6,1.0
2028,1,436,2,8,1.0
2028,1,436,3,2,1.0
2028,1,436,3,4,1.0
2028,1,436,3,6,1.0
2028,1,436,3,8,1.0
2028,1,436,4,2,1.0
2028,1,436,4,4,1.0
2028,1,436,4,6,1.0
2028,1,436,4,8,1.0
2028,1,436,5,2,1.0
2028,1,436,5,4,1.0
2028,1,436,5,6,1.0
2028,1,436,5,8,1.0
2028,1,436,6,2,1.0
2028,1,436,6,4,1.0
2028,1,436,6,6,1.0
2028,1,436,6,8,1.0
2028,1,436,7,2,1.0
2028,1,436,7,4,1.0
2028,1,436,7,6,1.0
2028,1,436,7,8,1.0
2028,1,436,8,2,1.0
2028,1,436,8,4,1.0
2028,1,436,8,6,1.0
2028,1,436,8,8,1.0
2028,1,436,9,2,1.0
2028,1,436,9,4,1.0
2028,1,436,9,6,1.0
2028,1,436,9,8,1.0
2028,1,525,0,2,1.0
2028,1,525,0,4,1.0
2028,1,525,0,6,1.0
2028,1,525,0,8,1.0
2028,1,525,1,2,1.0
2028,1,525,1,4,1.0
2028,1,525,1,6,1.0
2028,1,525,1,8,1.0
2028,1,525,2,2,1.0
2028,1,525,2,4,1.0
2028,1,525,2,6,1.0
2028,1,525,2,8,1.0
2028,1,525,3,2,1.0
2028,1,525,3,4,1.0
2028,1,525,3,6,1.0
2028,1,525,3,8,1.0
2028,1,525,4,2,1.0
2028,1,525,4,4,1.0
2028,1,525,4,6,1.0
2028,1,525,4,8,1.0
2028,1,525,5,2,1.0
2028,1,525,5,4,1.0
2028,1,525,5,6,1.0
2028,1,525,5,8,1.0
2028,1,525,6,2,1.0
2028,1,525,6,4,1.0
2028,1,525,6,6,1.0
2028,1,525,6,8,1.0
2028,1,525,7,2,1.0
2028,1,525,7,4,1.0
2028,1,525,7,6,1.0
2028,1,525,7,8,1.0
2028,1,525,8,2,1.0
2028,1,525,8,4,1.0
2028,1,525,8,6,1.0
2028,1,525,8,8,1.0
2028,1,525,9,2,1.0
2028,1,525,9,4,1.0
2028,1,525,9,6,1.0
2028,1,525,9,8,1.0
2028,1,593,0,2,1.0
2028,1,593,0,4,1.0
2028,1,593,0,6,1.0
2028,1,593,0,8,1.0
2028,1,593,1,2,1.0
2028,1,593,1,4,1.0
2028,1,593,1,6,1.0
2028,1,593,1,8,1.0
2028,1,593,2,2,1.0
2028,1,593,2,4,1.0
2028,1,593,2,6,1.0
2028,1,593,2,8,1.0
2028,1,593,3,2,1.0
2028,1,593,3,4,1.0
2028,1,593,3,6,1.0
2028,1,593,3,8,1.0
2028,1,593,4,2,1.0
2028,1,593,4,4,1.0
2028,1,593,4,6,1.0
2028,1,593,4,8,1.0
2028,1,593,5,2,1.0
2028,1,593,5,4,1.0
2028,1,593,5,6,1.0
2028,1,593,5,8,1.0
2028,1,593,6,2,1.0
2028,1,593,6,4,1.0
2028,1,593,6,6,1.0
2028,1,593,6,8,1.0
2028,1,593,7,2,1.0
2028,1,593,7,4,1.0
2028,1,593,7,6,1.0
2028,1,593,7,8,1.0
2028,1,593,8,2,1.0
2028,1,593,8,4,1.0
2028,1,593,8,6,1.0
2028,1,593,8,8,1.0
2028,1,593,9,2,1.0
2028,1,593,9,4,1.0
2028,1,593,9,6,1.0
2028,1,593,9,8,1.0
2028,1,27,0,2,1.0
2028,1,27,0,4,1.0
2028,1,27,0,6,1.0
2028,1,27,0,8,1.0
2028,1,27,1,2,1.0
2028,1,27,1,4,1.0
2028,1,27,1,6,1.0
2028,1,27,1,8,1.0
2028,1,27,2,2,1.0
2028,1,27,2,4,1.0
2028,1,27,2,6,1.0
2028,1,27,2,8,1.0
2028,1,27,3,2,1.0
2028,1,27,3,4,1.0
2028,1,27,3,6,1.0
2028,1,27,3,8,1.0
2028,1,27,4,2,1.0
2028,1,27,4,4,1.0
2028,1,27,4,6,1.0
2028,1,27,4,8,1.0
2028,1,27,5,2,1.0
2028,1,27,5,4,1.0
2028,1,27,5,6,1.0
2028,1,27,5,8,1.0
2028,1,27,6,2,1.0
2028,1,27,6,4,1.0
2028,1,27,6,6,1.0
2028,1,27,6,8,1.0
2028,1,27,7,2,1.0
2028,1,27,7,4,1.0
2028,1,27,7,6,1.0
2028,1,27,7,8,1.0
2028,1,27,8,2,1.0
2028,1,27,8,4,1.0
2028,1,27,8,6,1.0
2028,1,27,8,8,1.0
2028,1,27,9,2,1.0
2028,1,27,9,4,1.0
2028,1,27,9,6,1.0
2028,1,27,9,8,1.0
2028,1,23,0,2,1.0
2028,1,23,0,4,1.0
2028,1,23,0,6,1.0
2028,1,23,0,8,1.0
2028,1,23,1,2,1.0
2028,1,23,1,4,1.0
2028,1,23,1,6,1.0
2028,1,23,1,8,1.0
2028,1,23,2,2,1.0
2028,1,23,2,4,1.0
2028,1,23,2,6,1.0
2028,1,23,2,8,1.0
2028,1,23,3,2,1.0
2028,1,23,3,4,1.0
2028,1,23,3,6,1.0
2028,1,23,3,8,1.0
2028,1,23,4,2,1.0
2028,1,23,4,4,1.0
2028,1,23,4,6,1.0
2028,1,23,4,8,1.0
2028,1,23,5,2,1.0
2028,1,23,5,4,1.0
2028,1,23,5,6,1.0
2028,1,23,5,8,1.0
2028,1,23,6,2,1.0
2028,1,23,6,4,1.0
2028,1,23,6,6,1.0
2028,1,23,6,8,1.0
2028,1,23,7,2,1.0
2028,1,23,7,4,1.0
2028,1,23,7,6,1.0
2028,1,23,7,8,1.0
2028,1,23,8,2,1.0
2028,1,23,8,4,1.0
2028,1,23,8,6,1.0
2028,1,23,8,8,1.0
2028,1,23,9,2,1.0
2028,1,23,9,4,1.0
2028,1,23,9,6,1.0
2028,1,23,9,8,1.0
2028,1,556,0,2,1.0
2028,1,556,0,4,1.0
2028,1,556,0,6,1.0
2028,1,556,0,8,1.0
2028,1,556,1,2,1.0
2028,1,556,1,4,1.0
2028,1,556,1,6,1.0
2028,1,556,1,8,1.0
2028,1,556,2,2,1.0
2028,1,556,2,4,1.0
2028,1,556,2,6,1.0
2028,1,556,2,8,1.0
2028,1,556,3,2,1.0
2028,1,556,3,4,1.0
2028,1,556,3,6,1.0
2028,1,556,3,8,1.0
2028,1,556,4,2,1.0
2028,1,556,4,4,1.0
2028,1,556,4,6,1.0
2028,1,556,4,8,1.0
2028,1,556,5,2,1.0
2028,1,556,5,4,1.0
2028,1,556,5,6,1.0
2028,1,556,5,8,1.0
2028,1,556,6,2,1.0
2028,1,556,6,4,1.0
2028,1,556,6,6,1.0
2028,1,556,6,8,1.0
2028,1,556,7,2,1.0
2028,1,556,7,4,1.0
2028,1,556,7,6,1.0
2028,1,556,7,8,1.0
2028,1,556,8,2,1.0
2028,1,556,8,4,1.0
2028,1,556,8,6,1.0
2028,1,556,8,8,1.0
2028,1,556,9,2,1.0
2028,1,556,9,4,1.0
2028,1,556,9,6,1.0
2028,1,556,9,8,1.0
2028,1,553,0,2,1.0
2028,1,553,0,4,1.0
2028,1,553,0,6,1.0
2028,1,553,0,8,1.0
2028,1,553,1,2,1.0
2028,1,553,1,4,1.0
2028,1,553,1,6,1.0
2028,1,553,1,8,1.0
2028,1,553,2,2,1.0
2028,1,553,2,4,1.0
2028,1,553,2,6,1.0
2028,1,553,2,8,1.0
2028,1,553,3,2,1.0
2028,1,553,3,4,1.0
2028,1,553,3,6,1.0
2028,1,553,3,8,1.0
2028,1,553,4,2,1.0
2028,1,553,4,4,1.0
2028,1,553,4,6,1.0
2028,1,553,4,8,1.0
2028,1,553,5,2,1.0
2028,1,553,5,4,1.0
2028,1,553,5,6,1.0
2028,1,553,5,8,1.0
2028,1,553,6,2,1.0
2028,1,553,6,4,1.0
2028,1,553,6,6,1.0
2028,1,553,6,8,1.0
2028,1,553,7,2,1.0
2028,1,553,7,4,1.0
2028,1,553,7,6,1.0
2028,1,553,7,8,1.0
2028,1,553,8,2,1.0
2028,1,553,8,4,1.0
2028,1,553,8,6,1.0
2028,1,553,8,8,1.0
2028,1,553,9,2,1.0
2028,1,553,9,4,1.0
2028,1,553,9,6,1.0
2028,1,553,9,8,1.0
2028,1,11,0,2,1.0
2028,1,11,0,4,1.0
2028,1,11,0,6,1.0
2028,1,11,0,8,1.0
2028,1,11,1,2,1.0
2028,1,11,1,4,1.0
2028,1,11,1,6,1.0
2028,1,11,1,8,1.0
2028,1,11,2,2,1.0
2028,1,11,2,4,1.0
2028,1,11,2,6,1.0
2028,1,11,2,8,1.0
2028,1,11,3,2,1.0
2028,1,11,3,4,1.0
2028,1,11,3,6,1.0
2028,1,11,3,8,1.0
2028,1,11,4,2,1.0
2028,1,11,4,4,1.0
2028,1,11,4,6,1.0
2028,1,11,4,8,1.0
2028,1,11,5,2,1.0
2028,1,11,5,4,1.0
2028,1,11,5,6,1.0
2028,1,11,5,8,1.0
2028,1,11,6,2,1.0
2028,1,11,6,4,1.0
2028,1,11,6,6,1.0
2028,1,11,6,8,1.0
2028,1,11,7,2,1.0
2028,1,11,7,4,1.0
2028,1,11,7,6,1.0
2028,1,11,7,8,1.0
2028,1,11,8,2,1.0
2028,1,11,8,4,1.0
2028,1,11,8,6,1.0
2028,1,11,8,8,1.0
2028,1,11,9,2,1.0
2028,1,11,9,4,1.0
2028,1,11,9,6,1.0
2028,1,11,9,8,1.0
2028,1,326,0,2,1.0
2028,1,326,0,4,1.0
2028,1,326,0,6,1.0
2028,1,326,0,8,1.0
2028,1,326,1,2,1.0
2028,1,326,1,4,1.0
2028,1,326,1,6,1.0
2028,1,326,1,8,1.0
2028,1,326,2,2,1.0
2028,1,326,2,4,1.0
2028,1,326,2,6,1.0
2028,1,326,2,8,1.0
2028,1,326,3,2,1.0
2028,1,326,3,4,1.0
2028,1,326,3,6,1.0
2028,1,326,3,8,1.0
2028,1,326,4,2,1.0
2028,1,326,4,4,1.0
2028,1,326,4,6,1.0
2028,1,326,4,8,1.0
2028,1,326,5,2,1.0
2028,1,326,5,4,1.0
2028,1,326,5,6,1.0
2028,1,326,5,8,1.0
2028,1,326,6,2,1.0
2028,1,326,6,4,1.0
2028,1,326,6,6,1.0
2028,1,326,6,8,1.0
2028,1,326,7,2,1.0
2028,1,326,7,4,1.0
2028,1,326,7,6,1.0
2028,1,326,7,8,1.0
2028,1,326,8,2,1.0
2028,1,326,8,4,1.0
2028,1,326,8,6,1.0
2028,1,326,8,8,1.0
2028,1,326,9,2,1.0
2028,1,326,9,4,1.0
2028,1,326,9,6,1.0
2028,1,326,9,8,1.0
2028,1,343,0,2,1.0
2028,1,343,0,4,1.0
2028,1,343,0,6,1.0
2028,1,343,0,8,1.0
2028,1,343,1,2,1.0
2028,1,343,1,4,1.0
2028,1,343,1,6,1.0
2028,1,343,1,8,1.0
2028,1,343,2,2,1.0
2028,1,343,2,4,1.0
2028,1,343,2,6,1.0
2028,1,343,2,8,1.0
2028,1,343,3,2,1.0
2028,1,343,3,4,1.0
2028,1,343,3,6,1.0
2028,1,343,3,8,1.0
2028,1,343,4,2,1.0
2028,1,343,4,4,1.0
2028,1,343,4,6,1.0
2028,1,343,4,8,1.0
2028,1,343,5,2,1.0
2028,1,343,5,4,1.0
2028,1,343,5,6,1.0
2028,1,343,5,8,1.0
2028,1,343,6,2,1.0
2028,1,343,6,4,1.0
2028,1,343,6,6,1.0
2028,1,343,6,8,1.0
2028,1,343,7,2,1.0
2028,1,343,7,4,1.0
2028,1,343,7,6,1.0
2028,1,343,7,8,1.0
2028,1,343,8,2,1.0
2028,1,343,8,4,1.0
2028,1,343,8,6,1.0
2028,1,343,8,8,1.0
2028,1,343,9,2,1.0
2028,1,343,9,4,1.0
2028,1,343,9,6,1.0
2028,1,343,9,8,1.0
2028,1,362,0,2,1.0
2028,1,362,0,4,1.0
2028,1,362,0,6,1.0
2028,1,362,0,8,1.0
2028,1,362,1,2,1.0
2028,1,362,1,4,1.0
2028,1,362,1,6,1.0
2028,1,362,1,8,1.0
2028,1,362,2,2,1.0
2028,1,362,2,4,1.0
2028,1,362,2,6,1.0
2028,1,362,2,8,1.0
2028,1,362,3,2,1.0
2028,1,362,3,4,1.0
2028,1,362,3,6,1.0
2028,1,362,3,8,1.0
2028,1,362,4,2,1.0
2028,1,362,4,4,1.0
2028,1,362,4,6,1.0
2028,1,362,4,8,1.0
2028,1,362,5,2,1.0
2028,1,362,5,4,1.0
2028,1,362,5,6,1.0
2028,1,362,5,8,1.0
2028,1,362,6,2,1.0
2028,1,362,6,4,1.0
2028,1,362,6,6,1.0
2028,1,362,6,8,1.0
2028,1,362,7,2,1.0
2028,1,362,7,4,1.0
2028,1,362,7,6,1.0
2028,1,362,7,8,1.0
2028,1,362,8,2,1.0
2028,1,362,8,4,1.0
2028,1,362,8,6,1.0
2028,1,362,8,8,1.0
2028,1,362,9,2,1.0
2028,1,362,9,4,1.0
2028,1,362,9,6,1.0
2028,1,362,9,8,1.0
2028,1,275,0,2,1.0
2028,1,275,0,4,1.0
2028,1,275,0,6,1.0
2028,1,275,0,8,1.0
2028,1,275,1,2,1.0
2028,1,275,1,4,1.0
2028,1,275,1,6,1.0
2028,1,275,1,8,1.0
2028,1,275,2,2,1.0
2028,1,275,2,4,1.0
2028,1,275,2,6,1.0
2028,1,275,2,8,1.0
2028,1,275,3,2,1.0
2028,1,275,3,4,1.0
2028,1,275,3,6,1.0
2028,1,275,3,8,1.0
2028,1,275,4,2,1.0
2028,1,275,4,4,1.0
2028,1,275,4,6,1.0
2028,1,275,4,8,1.0
2028,1,275,5,2,1.0
2028,1,275,5,4,1.0
2028,1,275,5,6,1.0
2028,1,275,5,8,1.0
2028,1,275,6,2,1.0
2028,1,275,6,4,1.0
2028,1,275,6,6,1.0
2028,1,275,6,8,1.0
2028,1,275,7,2,1.0
2028,1,275,7,4,1.0
2028,1,275,7,6,1.0
2028,1,275,7,8,1.0
2028,1,275,8,2,1.0
2028,1,275,8,4,1.0
2028,1,275,8,6,1.0
2028,1,275,8,8,1.0
2028,1,275,9,2,1.0
2028,1,275,9,4,1.0
2028,1,275,9,6,1.0
2028,1,275,9,8,1.0
2028,1,412,0,2,1.0
2028,1,412,0,4,1.0
2028,1,412,0,6,1.0
2028,1,412,0,8,1.0
2028,1,412,1,2,1.0
2028,1,412,1,4,1.0
2028,1,412,1,6,1.0
2028,1,412,1,8,1.0
2028,1,412,2,2,1.0
2028,1,412,2,4,1.0
2028,1,412,2,6,1.0
2028,1,412,2,8,1.0
2028,1,412,3,2,1.0
2028,1,412,3,4,1.0
2028,1,412,3,6,1.0
2028,1,412,3,8,1.0
2028,1,412,4,2,1.0
2028,1,412,4,4,1.0
2028,1,412,4,6,1.0
2028,1,412,4,8,1.0
2028,1,412,5,2,1.0
2028,1,412,5,4,1.0
2028,1,412,5,6,1.0
2028,1,412,5,8,1.0
2028,1,412,6,2,1.0
2028,1,412,6,4,1.0
2028,1,412,6,6,1.0
2028,1,412,6,8,1.0
2028,1,412,7,2,1.0
2028,1,412,7,4,1.0
2028,1,412,7,6,1.0
2028,1,412,7,8,1.0
2028,1,412,8,2,1.0
2028,1,412,8,4,1.0
2028,1,412,8,6,1.0
2028,1,412,8,8,1.0
2028,1,412,9,2,1.0
2028,1,412,9,4,1.0
2028,1,412,9,6,1.0
2028,1,412,9,8,1.0
2028,1,507,0,2,1.0
2028,1,507,0,4,1.0
2028,1,507,0,6,1.0
2028,1,507,0,8,1.0
2028,1,507,1,2,1.0
2028,1,507,1,4,1.0
2028,1,507,1,6,1.0
2028,1,507,1,8,1.0
2028,1,507,2,2,1.0
2028,1,507,2,4,1.0
2028,1,507,2,6,1.0
2028,1,507,2,8,1.0
2028,1,507,3,2,1.0
2028,1,507,3,4,1.0
2028,1,507,3,6,1.0
2028,1,507,3,8,1.0
2028,1,507,4,2,1.0
2028,1,507,4,4,1.0
2028,1,507,4,6,1.0
2028,1,507,4,8,1.0
2028,1,507,5,2,1.0
2028,1,507,5,4,1.0
2028,1,507,5,6,1.0
2028,1,507,5,8,1.0
2028,1,507,6,2,1.0
2028,1,507,6,4,1.0
2028,1,507,6,6,1.0
2028,1,507,6,8,1.0
2028,1,507,7,2,1.0
2028,1,507,7,4,1.0
2028,1,507,7,6,1.0
2028,1,507,7,8,1.0
2028,1,507,8,2,1.0
2028,1,507,8,4,1.0
2028,1,507,8,6,1.0
2028,1,507,8,8,1.0
2028,1,507,9,2,1.0
2028,1,507,9,4,1.0
2028,1,507,9,6,1.0
2028,1,507,9,8,1.0
2028,1,123,0,2,1.0
2028,1,123,0,4,0.6
2028,1,123,0,6,1.0
2028,1,123,0,8,1.0
2028,1,123,1,2,1.0
2028,1,123,1,4,1.0
2028,1,123,1,6,1.0
2028,1,123,1,8,1.0
2028,1,123,2,2,1.0
2028,1,123,2,4,1.0
2028,1,123,2,6,1.0
2028,1,123,2,8,1.0
2028,1,123,3,2,1.0
2028,1,123,3,4,1.0
2028,1,123,3,6,1.0
2028,1,123,3,8,1.0
2028,1,123,4,2,1.0
2028,1,123,4,4,0.6
2028,1,123,4,6,1.0
2028,1,123,4,8,1.0
2028,1,123,5,2,1.0
2028,1,123,5,4,1.0
2028,1,123,5,6,1.0
2028,1,123,5,8,1.0
2028,1,123,6,2,1.0
2028,1,123,6,4,1.0
2028,1,123,6,6,1.0
2028,1,123,6,8,1.0
2028,1,123,7,2,1.0
2028,1,123,7,4,1.0
2028,1,123,7,6,1.0
2028,1,123,7,8,1.0
2028,1,123,8,2,1.0
2028,1,123,8,4,1.0
2028,1,123,8,6,1.0
2028,1,123,8,8,1.0
2028,1,123,9,2,1.0
2028,1,123,9,4,1.0
2028,1,123,9,6,1.0
2028,1,123,9,8,1.0
2028,2,329,0,2,1.0
2028,2,329,0,4,1.0
2028,2,329,0,6,1.0
2028,2,329,0,8,1.0
2028,2,329,1,2,1.0
2028,2,329,1,4,1.0
2028,2,329,1,6,1.0
2028,2,329,1,8,1.0
2028,2,329,2,2,1.0
2028,2,329,2,4,1.0
2028,2,329,2,6,1.0
2028,2,329,2,8,1.0
2028,2,329,3,2,1.0
2028,2,329,3,4,1.0
2028,2,329,3,6,1.0
2028,2,329,3,8,1.0
2028,2,329,4,2,1.0
2028,2,329,4,4,1.0
2028,2,329,4,6,1.0
2028,2,329,4,8,1.0
2028,2,329,5,2,1.0
2028,2,329,5,4,1.0
2028,2,329,5,6,1.0
2028,2,329,5,8,1.0
2028,2,329,6,2,1.0
2028,2,329,6,4,1.0
2028,2,329,6,6,1.0
2028,2,329,6,8,1.0
2028,2,329,7,2,1.0
2028,2,329,7,4,1.0
2028,2,329,7,6,1.0
2028,2,329,7,8,1.0
2028,2,329,8,2,1.0
2028,2,329,8,4,1.0
2028,2,329,8,6,1.0
2028,2,329,8,8,1.0
2028,2,329,9,2,1.0
2028,2,329,9,4,1.0
2028,2,329,9,6,1.0
2028,2,329,9,8,1.0
2028,2,86,0,2,1.0
2028,2,86,0,4,1.0
2028,2,86,0,6,1.0
2028,2,86,0,8,1.0
2028,2,86,1,2,1.0
2028,2,86,1,4,1.0
2028,2,86,1,6,1.0
2028,2,86,1,8,1.0
2028,2,86,2,2,1.0
2028,2,86,2,4,1.0
2028,2,86,2,6,1.0
2028,2,86,2,8,1.0
2028,2,86,3,2,1.0
2028,2,86,3,4,1.0
2028,2,86,3,6,1.0
2028,2,86,3,8,1.0
2028,2,86,4,2,1.0
2028,2,86,4,4,1.0
2028,2,86,4,6,1.0
2028,2,86,4,8,1.0
2028,2,86,5,2,1.0
2028,2,86,5,4,1.0
2028,2,86,5,6,1.0
2028,2,86,5,8,1.0
2028,2,86,6,2,1.0
2028,2,86,6,4,1.0
2028,2,86,6,6,1.0
2028,2,86,6,8,1.0
2028,2,86,7,2,1.0
2028,2,86,7,4,1.0
2028,2,86,7,6,1.0
2028,2,86,7,8,1.0
2028,2,86,8,2,1.0
2028,2,86,8,4,1.0
2028,2,86,8,6,1.0
2028,2,86,8,8,1.0
2028,2,86,9,2,1.0
2028,2,86,9,4,1.0
2028,2,86,9,6,1.0
2028,2,86,9,8,1.0
2028,2,4,0,2,1.0
2028,2,4,0,4,1.0
2028,2,4,0,6,1.0
2028,2,4,0,8,1.0
2028,2,4,1,2,1.0
2028,2,4,1,4,1.0
2028,2,4,1,6,1.0
2028,2,4,1,8,1.0
2028,2,4,2,2,1.0
2028,2,4,2,4,1.0
2028,2,4,2,6,1.0
2028,2,4,2,8,1.0
2028,2,4,3,2,1.0
2028,2,4,3,4,1.0
2028,2,4,3,6,1.0
2028,2,4,3,8,1.0
2028,2,4,4,2,1.0
2028,2,4,4,4,1.0
2028,2,4,4,6,1.0
2028,2,4,4,8,1.0
2028,2,4,5,2,1.0
2028,2,4,5,4,1.0
2028,2,4,5,6,1.0
2028,2,4,5,8,1.0
2028,2,4,6,2,1.0
2028,2,4,6,4,1.0
2028,2,4,6,6,1.0
2028,2,4,6,8,1.0
2028,2,4,7,2,1.0
2028,2,4,7,4,1.0
2028,2,4,7,6,1.0
2028,2,4,7,8,1.0
2028,2,4,8,2,1.0
2028,2,4,8,4,1.0
2028,2,4,8,6,1.0
2028,2,4,8,8,1.0
2028,2,4,9,2,1.0
2028,2,4,9,4,1.0
2028,2,4,9,6,1.0
2028,2,4,9,8,1.0
2028,2,70,0,2,1.0
2028,2,70,0,4,1.0
2028,2,70,0,6,1.0
2028,2,70,0,8,1.0
2028,2,70,1,2,1.0
2028,2,70,1,4,1.0
2028,2,70,1,6,1.0
2028,2,70,1,8,1.0
2028,2,70,2,2,1.0
2028,2,70,2,4,1.0
2028,2,70,2,6,1.0
2028,2,70,2,8,1.0
2028,2,70,3,2,1.0
2028,2,70,3,4,1.0
2028,2,70,3,6,1.0
2028,2,70,3,8,1.0
2028,2,70,4,2,1.0
2028,2,70,4,4,1.0
2028,2,70,4,6,1.0
2028,2,70,4,8,1.0
2028,2,70,5,2,1.0
2028,2,70,5,4,1.0
2028,2,70,5,6,1.0
2028,2,70,5,8,1.0
2028,2,70,6,2,1.0
2028,2,70,6,4,1.0
2028,2,70,6,6,1.0
2028,2,70,6,8,1.0
2028,2,70,7,2,1.0
2028,2,70,7,4,1.0
2028,2,70,7,6,1.0
2028,2,70,7,8,1.0
2028,2,70,8,2,1.0
2028,2,70,8,4,1.0
2028,2,70,8,6,1.0
2028,2,70,8,8,1.0
2028,2,70,9,2,1.0
2028,2,70,9,4,1.0
2028,2,70,9,6,1.0
2028,2,70,9,8,1.0
2028,2,583,0,2,1.0
2028,2,583,0,4,1.0
2028,2,583,0,6,1.0
2028,2,583,0,8,1.0
2028,2,583,1,2,1.0
2028,2,583,1,4,1.0
2028,2,583,1,6,1.0
2028,2,583,1,8,1.0
2028,2,583,2,2,1.0
2028,2,583,2,4,1.0
2028,2,583,2,6,1.0
2028,2,583,2,8,1.0
2028,2,583,3,2,1.0
2028,2,583,3,4,1.0
2028,2,583,3,6,1.0
2028,2,583,3,8,1.0
2028,2,583,4,2,1.0
2028,2,583,4,4,1.0
2028,2,583,4,6,1.0
2028,2,583,4,8,1.0
2028,2,583,5,2,1.0
2028,2,583,5,4,1.0
2028,2,583,5,6,1.0
2028,2,583,5,8,1.0
2028,2,583,6,2,1.0
2028,2,583,6,4,1.0
2028,2,583,6,6,1.0
2028,2,583,6,8,1.0
2028,2,583,7,2,1.0
2028,2,583,7,4,1.0
2028,2,583,7,6,1.0
2028,2,583,7,8,1.0
2028,2,583,8,2,1.0
2028,2,583,8,4,1.0
2028,2,583,8,6,1.0
2028,2,583,8,8,1.0
2028,2,583,9,2,1.0
2028,2,583,9,4,1.0
2028,2,583,9,6,1.0
2028,2,583,9,8,1.0
2028,2,436,0,2,1.0
2028,2,436,0,4,1.0
2028,2,436,0,6,1.0
2028,2,436,0,8,1.0
2028,2,436,1,2,1.0
2028,2,436,1,4,1.0
2028,2,436,1,6,1.0
2028,2,436,1,8,1.0
2028,2,436,2,2,1.0
2028,2,436,2,4,1.0
2028,2,436,2,6,1.0
2028,2,436,2,8,1.0
2028,2,436,3,2,1.0
2028,2,436,3,4,1.0
2028,2,436,3,6,1.0
2028,2,436,3,8,1.0
2028,2,436,4,2,1.0
2028,2,436,4,4,1.0
2028,2,436,4,6,1.0
2028,2,436,4,8,1.0
2028,2,436,5,2,1.0
2028,2,436,5,4,1.0
2028,2,436,5,6,1.0
2028,2,436,5,8,1.0
2028,2,436,6,2,1.0
2028,2,436,6,4,1.0
2028,2,436,6,6,1.0
2028,2,436,6,8,1.0
2028,2,436,7,2,1.0
2028,2,436,7,4,1.0
2028,2,436,7,6,1.0
2028,2,436,7,8,1.0
2028,2,436,8,2,1.0
2028,2,436,8,4,1.0
2028,2,436,8,6,1.0
2028,2,436,8,8,1.0
2028,2,436,9,2,1.0
2028,2,436,9,4,1.0
2028,2,436,9,6,1.0
2028,2,436,9,8,1.0
2028,2,525,0,2,1.0
2028,2,525,0,4,1.0
2028,2,525,0,6,1.0
2028,2,525,0,8,1.0
2028,2,525,1,2,1.0
2028,2,525,1,4,1.0
2028,2,525,1,6,1.0
2028,2,525,1,8,1.0
2028,2,525,2,2,1.0
2028,2,525,2,4,1.0
2028,2,525,2,6,1.0
2028,2,525,2,8,1.0
2028,2,525,3,2,1.0
2028,2,525,3,4,1.0
2028,2,525,3,6,1.0
2028,2,525,3,8,1.0
2028,2,525,4,2,1.0
2028,2,525,4,4,1.0
2028,2,525,4,6,1.0
2028,2,525,4,8,1.0
2028,2,525,5,2,1.0
2028,2,525,5,4,1.0
2028,2,525,5,6,1.0
2028,2,525,5,8,1.0
2028,2,525,6,2,1.0
2028,2,525,6,4,1.0
2028,2,525,6,6,1.0
2028,2,525,6,8,1.0
2028,2,525,7,2,1.0
2028,2,525,7,4,1.0
2028,2,525,7,6,1.0
2028,2,525,7,8,1.0
2028,2,525,8,2,1.0
2028,2,525,8,4,1.0
2028,2,525,8,6,1.0
2028,2,525,8,8,1.0
2028,2,525,9,2,1.0
2028,2,525,9,4,1.0
2028,2,525,9,6,1.0
2028,2,525,9,8,1.0
2028,2,593,0,2,1.0
2028,2,593,0,4,1.0
2028,2,593,0,6,1.0
2028,2,593,0,8,1.0
2028,2,593,1,2,1.0
2028,2,593,1,4,1.0
2028,2,593,1,6,1.0
2028,2,593,1,8,1.0
2028,2,593,2,2,1.0
2028,2,593,2,4,1.0
2028,2,593,2,6,1.0
2028,2,593,2,8,1.0
2028,2,593,3,2,1.0
2028,2,593,3,4,1.0
2028,2,593,3,6,1.0
2028,2,593,3,8,1.0
2028,2,593,4,2,1.0
2028,2,593,4,4,1.0
2028,2,593,4,6,1.0
2028,2,593,4,8,1.0
2028,2,593,5,2,1.0
2028,2,593,5,4,1.0
2028,2,593,5,6,1.0
2028,2,593,5,8,1.0
2028,2,593,6,2,1.0
2028,2,593,6,4,1.0
2028,2,593,6,6,1.0
2028,2,593,6,8,1.0
2028,2,593,7,2,1.0
2028,2,593,7,4,1.0
2028,2,593,7,6,1.0
2028,2,593,7,8,1.0
2028,2,593,8,2,1.0
2028,2,593,8,4,1.0
2028,2,593,8,6,1.0
2028,2,593,8,8,1.0
2028,2,593,9,2,1.0
2028,2,593,9,4,1.0
2028,2,593,9,6,1.0
2028,2,593,9,8,1.0
2028,2,27,0,2,1.0
2028,2,27,0,4,1.0
2028,2,27,0,6,1.0
2028,2,27,0,8,1.0
2028,2,27,1,2,1.0
2028,2,27,1,4,1.0
2028,2,27,1,6,1.0
2028,2,27,1,8,1.0
2028,2,27,2,2,1.0
2028,2,27,2,4,1.0
2028,2,27,2,6,1.0
2028,2,27,2,8,1.0
2028,2,27,3,2,1.0
2028,2,27,3,4,1.0
2028,2,27,3,6,1.0
2028,2,27,3,8,1.0
2028,2,27,4,2,1.0
2028,2,27,4,4,1.0
2028,2,27,4,6,1.0
2028,2,27,4,8,1.0
2028,2,27,5,2,1.0
2028,2,27,5,4,1.0
2028,2,27,5,6,1.0
2028,2,27,5,8,1.0
2028,2,27,6,2,1.0
2028,2,27,6,4,1.0
2028,2,27,6,6,1.0
2028,2,27,6,8,1.0
2028,2,27,7,2,1.0
2028,2,27,7,4,1.0
2028,2,27,7,6,1.0
2028,2,27,7,8,1.0
2028,2,27,8,2,1.0
2028,2,27,8,4,1.0
2028,2,27,8,6,1.0
2028,2,27,8,8,1.0
2028,2,27,9,2,1.0
2028,2,27,9,4,1.0
2028,2,27,9,6,1.0
2028,2,27,9,8,1.0
2028,2,23,0,2,1.0
2028,2,23,0,4,1.0
2028,2,23,0,6,1.0
2028,2,23,0,8,1.0
2028,2,23,1,2,1.0
2028,2,23,1,4,1.0
2028,2,23,1,6,1.0
2028,2,23,1,8,1.0
2028,2,23,2,2,1.0
2028,2,23,2,4,1.0
2028,2,23,2,6,1.0
2028,2,23,2,8,1.0
2028,2,23,3,2,1.0
2028,2,23,3,4,1.0
2028,2,23,3,6,1.0
2028,2,23,3,8,1.0
2028,2,23,4,2,1.0
2028,2,23,4,4,1.0
2028,2,23,4,6,1.0
2028,2,23,4,8,1.0
2028,2,23,5,2,1.0
2028,2,23,5,4,1.0
2028,2,23,5,6,1.0
2028,2,23,5,8,1.0
2028,2,23,6,2,1.0
2028,2,23,6,4,1.0
2028,2,23,6,6,1.0
2028,2,23,6,8,1.0
2028,2,23,7,2,1.0
2028,2,23,7,4,1.0
2028,2,23,7,6,1.0
2028,2,23,7,8,1.0
2028,2,23,8,2,1.0
2028,2,23,8,4,1.0
2028,2,23,8,6,1.0
2028,2,23,8,8,1.0
2028,2,23,9,2,1.0
2028,2,23,9,4,1.0
2028,2,23,9,6,1.0
2028,2,23,9,8,1.0
2028,2,556,0,2,1.0
2028,2,556,0,4,1.0
2028,2,556,0,6,1.0
2028,2,556,0,8,1.0
2028,2,556,1,2,1.0
2028,2,556,1,4,1.0
2028,2,556,1,6,1.0
2028,2,556,1,8,1.0
2028,2,556,2,2,1.0
2028,2,556,2,4,1.0
2028,2,556,2,6,1.0
2028,2,556,2,8,1.0
2028,2,556,3,2,1.0
2028,2,556,3,4,1.0
2028,2,556,3,6,1.0
2028,2,556,3,8,1.0
2028,2,556,4,2,1.0
2028,2,556,4,4,1.0
2028,2,556,4,6,1.0
2028,2,556,4,8,1.0
2028,2,556,5,2,1.0
2028,2,556,5,4,1.0
2028,2,556,5,6,1.0
2028,2,556,5,8,1.0
2028,2,556,6,2,1.0
2028,2,556,6,4,1.0
2028,2,556,6,6,1.0
2028,2,556,6,8,1.0
2028,2,556,7,2,1.0
2028,2,556,7,4,1.0
2028,2,556,7,6,1.0
2028,2,556,7,8,1.0
2028,2,556,8,2,1.0
2028,2,556,8,4,1.0
2028,2,556,8,6,1.0
2028,2,556,8,8,1.0
2028,2,556,9,2,1.0
2028,2,556,9,4,1.0
2028,2,556,9,6,1.0
2028,2,556,9,8,1.0
2028,2,553,0,2,1.0
2028,2,553,0,4,1.0
2028,2,553,0,6,1.0
2028,2,553,0,8,1.0
2028,2,553,1,2,1.0
2028,2,553,1,4,1.0
2028,2,553,1,6,1.0
2028,2,553,1,8,1.0
2028,2,553,2,2,1.0
2028,2,553,2,4,1.0
2028,2,553,2,6,1.0
2028,2,553,2,8,1.0
2028,2,553,3,2,1.0
2028,2,553,3,4,1.0
2028,2,553,3,6,1.0
2028,2,553,3,8,1.0
2028,2,553,4,2,1.0
2028,2,553,4,4,1.0
2028,2,553,4,6,1.0
2028,2,553,4,8,1.0
2028,2,553,5,2,1.0
2028,2,553,5,4,1.0
2028,2,553,5,6,1.0
2028,2,553,5,8,1.0
2028,2,553,6,2,1.0
2028,2,553,6,4,1.0
2028,2,553,6,6,1.0
2028,2,553,6,8,1.0
2028,2,553,7,2,1.0
2028,2,553,7,4,1.0
2028,2,553,7,6,1.0
2028,2,553,7,8,1.0
2028,2,553,8,2,1.0
2028,2,553,8,4,1.0
2028,2,553,8,6,1.0
2028,2,553,8,8,1.0
2028,2,553,9,2,1.0
2028,2,553,9,4,1.0
2028,2,553,9,6,1.0
2028,2,553,9,8,1.0
2028,2,11,0,2,1.0
2028,2,11,0,4,1.0
2028,2,11,0,6,1.0
2028,2,11,0,8,1.0
2028,2,11,1,2,1.0
2028,2,11,1,4,1.0
2028,2,11,1,6,1.0
2028,2,11,1,8,1.0
2028,2,11,2,2,1.0
2028,2,11,2,4,1.0
2028,2,11,2,6,1.0
2028,2,11,2,8,1.0
2028,2,11,3,2,1.0
2028,2,11,3,4,1.0
2028,2,11,3,6,1.0
2028,2,11,3,8,1.0
2028,2,11,4,2,1.0
2028,2,11,4,4,1.0
2028,2,11,4,6,1.0
2028,2,11,4,8,1.0
2028,2,11,5,2,1.0
2028,2,11,5,4,1.0
2028,2,11,5,6,1.0
2028,2,11,5,8,1.0
2028,2,11,6,2,1.0
2028,2,11,6,4,1.0
2028,2,11,6,6,1.0
2028,2,11,6,8,1.0
2028,2,11,7,2,1.0
2028,2,11,7,4,1.0
2028,2,11,7,6,1.0
2028,2,11,7,8,1.0
2028,2,11,8,2,1.0
2028,2,11,8,4,1.0
2028,2,11,8,6,1.0
2028,2,11,8,8,1.0
2028,2,11,9,2,1.0
2028,2,11,9,4,1.0
2028,2,11,9,6,1.0
2028,2,11,9,8,1.0
2028,2,326,0,2,1.0
2028,2,326,0,4,1.0
2028,2,326,0,6,1.0
2028,2,326,0,8,1.0
2028,2,326,1,2,1.0
2028,2,326,1,4,1.0
2028,2,326,1,6,1.0
2028,2,326,1,8,1.0
2028,2,326,2,2,1.0
2028,2,326,2,4,1.0
2028,2,326,2,6,1.0
2028,2,326,2,8,1.0
2028,2,326,3,2,1.0
2028,2,326,3,4,1.0
2028,2,326,3,6,1.0
2028,2,326,3,8,1.0
2028,2,326,4,2,1.0
2028,2,326,4,4,1.0
2028,2,326,4,6,1.0
2028,2,326,4,8,1.0
2028,2,326,5,2,1.0
2028,2,326,5,4,1.0
2028,2,326,5,6,1.0
2028,2,326,5,8,1.0
2028,2,326,6,2,1.0
2028,2,326,6,4,1.0
2028,2,326,6,6,1.0
2028,2,326,6,8,1.0
2028,2,326,7,2,1.0
2028,2,326,7,4,1.0
2028,2,326,7,6,1.0
2028,2,326,7,8,1.0
2028,2,326,8,2,1.0
2028,2,326,8,4,1.0
2028,2,326,8,6,1.0
2028,2,326,8,8,1.0
2028,2,326,9,2,1.0
2028,2,326,9,4,1.0
2028,2,326,9,6,1.0
2028,2,326,9,8,1.0
2028,2,343,0,2,1.0
2028,2,343,0,4,1.0
2028,2,343,0,6,1.0
2028,2,343,0,8,1.0
2028,2,343,1,2,1.0
2028,2,343,1,4,1.0
2028,2,343,1,6,1.0
2028,2,343,1,8,1.0
2028,2,343,2,2,1.0
2028,2,343,2,4,1.0
2028,2,343,2,6,1.0
2028,2,343,2,8,1.0
2028,2,343,3,2,1.0
2028,2,343,3,4,1.0
2028,2,343,3,6,1.0
2028,2,343,3,8,1.0
2028,2,343,4,2,1.0
2028,2,343,4,4,1.0
2028,2,343,4,6,1.0
2028,2,343,4,8,1.0
2028,2,343,5,2,1.0
2028,2,343,5,4,1.0
2028,2,343,5,6,1.0
2028,2,343,5,8,1.0
2028,2,343,6,2,1.0
2028,2,343,6,4,1.0
2028,2,343,6,6,1.0
2028,2,343,6,8,1.0
2028,2,343,7,2,1.0
2028,2,343,7,4,1.0
2028,2,343,7,6,1.0
2028,2,343,7,8,1.0
2028,2,343,8,2,1.0
2028,2,343,8,4,1.0
2028,2,343,8,6,1.0
2028,2,343,8,8,1.0
2028,2,343,9,2,1.0
2028,2,343,9,4,1.0
2028,2,343,9,6,1.0
2028,2,343,9,8,1.0
2028,2,362,0,2,1.0
2028,2,362,0,4,1.0
2028,2,362,0,6,1.0
2028,2,362,0,8,1.0
2028,2,362,1,2,1.0
2028,2,362,1,4,1.0
2028,2,362,1,6,1.0
2028,2,362,1,8,1.0
2028,2,362,2,2,1.0
2028,2,362,2,4,1.0
2028,2,362,2,6,1.0
2028,2,362,2,8,1.0
2028,2,362,3,2,1.0
2028,2,362,3,4,1.0
2028,2,362,3,6,1.0
2028,2,362,3,8,1.0
2028,2,362,4,2,1.0
2028,2,362,4,4,1.0
2028,2,362,4,6,1.0
2028,2,362,4,8,1.0
2028,2,362,5,2,1.0
2028,2,362,5,4,1.0
2028,2,362,5,6,1.0
2028,2,362,5,8,1.0
2028,2,362,6,2,1.0
2028,2,362,6,4,1.0
2028,2,362,6,6,1.0
2028,2,362,6,8,1.0
2028,2,362,7,2,1.0
2028,2,362,7,4,1.0
2028,2,362,7,6,1.0
2028,2,362,7,8,1.0
2028,2,362,8,2,1.0
2028,2,362,8,4,1.0
2028,2,362,8,6,1.0
2028,2,362,8,8,1.0
2028,2,362,9,2,1.0
2028,2,362,9,4,1.0
2028,2,362,9,6,1.0
2028,2,362,9,8,1.0
2028,2,275,0,2,1.0
2028,2,275,0,4,1.0
2028,2,275,0,6,1.0
2028,2,275,0,8,1.0
2028,2,275,1,2,1.0
2028,2,275,1,4,1.0
2028,2,275,1,6,1.0
2028,2,275,1,8,1.0
2028,2,275,2,2,1.0
2028,2,275,2,4,1.0
2028,2,275,2,6,1.0
2028,2,275,2,8,1.0
2028,2,275,3,2,1.0
2028,2,275,3,4,1.0
2028,2,275,3,6,1.0
2028,2,275,3,8,1.0
2028,2,275,4,2,1.0
2028,2,275,4,4,1.0
2028,2,275,4,6,1.0
2028,2,275,4,8,1.0
2028,2,275,5,2,1.0
2028,2,275,5,4,1.0
2028,2,275,5,6,1.0
2028,2,275,5,8,1.0
2028,2,275,6,2,1.0
2028,2,275,6,4,1.0
2028,2,275,6,6,1.0
2028,2,275,6,8,1.0
2028,2,275,7,2,1.0
2028,2,275,7,4,1.0
2028,2,275,7,6,1.0
2028,2,275,7,8,1.0
2028,2,275,8,2,1.0
2028,2,275,8,4,1.0
2028,2,275,8,6,1.0
2028,2,275,8,8,1.0
2028,2,275,9,2,1.0
2028,2,275,9,4,1.0
2028,2,275,9,6,1.0
2028,2,275,9,8,1.0
2028,2,412,0,2,1.0
2028,2,412,0,4,1.0
2028,2,412,0,6,1.0
2028,2,412,0,8,1.0
2028,2,412,1,2,1.0
2028,2,412,1,4,1.0
2028,2,412,1,6,1.0
2028,2,412,1,8,1.0
2028,2,412,2,2,1.0
2028,2,412,2,4,1.0
2028,2,412,2,6,1.0
2028,2,412,2,8,1.0
2028,2,412,3,2,1.0
2028,2,412,3,4,1.0
2028,2,412,3,6,1.0
2028,2,412,3,8,1.0
2028,2,412,4,2,1.0
2028,2,412,4,4,1.0
2028,2,412,4,6,1.0
2028,2,412,4,8,1.0
2028,2,412,5,2,1.0
2028,2,412,5,4,1.0
2028,2,412,5,6,1.0
2028,2,412,5,8,1.0
2028,2,412,6,2,1.0
2028,2,412,6,4,1.0
2028,2,412,6,6,1.0
2028,2,412,6,8,1.0
2028,2,412,7,2,1.0
2028,2,412,7,4,1.0
2028,2,412,7,6,1.0
2028,2,412,7,8,1.0
2028,2,412,8,2,1.0
2028,2,412,8,4,1.0
2028,2,412,8,6,1.0
2028,2,412,8,8,1.0
2028,2,412,9,2,1.0
2028,2,412,9,4,1.0
2028,2,412,9,6,1.0
2028,2,412,9,8,1.0
2028,2,507,0,2,1.0
2028,2,507,0,4,1.0
2028,2,507,0,6,1.0
2028,2,507,0,8,1.0
2028,2,507,1,2,1.0
2028,2,507,1,4,1.0
2028,2,507,1,6,1.0
2028,2,507,1,8,1.0
2028,2,507,2,2,1.0
2028,2,507,2,4,1.0
2028,2,507,2,6,1.0
2028,2,507,2,8,1.0
2028,2,507,3,2,1.0
2028,2,507,3,4,1.0
2028,2,507,3,6,1.0
2028,2,507,3,8,1.0
2028,2,507,4,2,1.0
2028,2,507,4,4,1.0
2028,2,507,4,6,1.0
2028,2,507,4,8,1.0
2028,2,507,5,2,1.0
2028,2,507,5,4,1.0
2028,2,507,5,6,1.0
2028,2,507,5,8,1.0
2028,2,507,6,2,1.0
2028,2,507,6,4,1.0
2028,2,507,6,6,1.0
2028,2,507,6,8,1.0
2028,2,507,7,2,1.0
2028,2,507,7,4,1.0
2028,2,507,7,6,1.0
2028,2,507,7,8,1.0
2028,2,507,8,2,1.0
2028,2,507,8,4,1.0
2028,2,507,8,6,1.0
2028,2,507,8,8,1.0
2028,2,507,9,2,1.0
2028,2,507,9,4,1.0
2028,2,507,9,6,1.0
2028,2,507,9,8,1.0
2028,2,123,0,2,1.0
2028,2,123,0,4,1.0
2028,2,123,0,6,1.0
2028,2,123,0,8,1.0
2028,2,123,1,2,1.0
2028,2,123,1,4,1.0
2028,2,123,1,6,1.0
2028,2,123,1,8,1.0
2028,2,123,2,2,1.0
2028,2,123,2,4,1.0
2028,2,123,2,6,1.0
2028,2,123,2,8,1.0
2028,2,123,3,2,1.0
2028,2,123,3,4,1.0
2028,2,123,3,6,1.0
2028,2,123,3,8,1.0
2028,2,123,4,2,1.0
2028,2,123,4,4,1.0
2028,2,123,4,6,1.0
2028,2,123,4,8,1.0
2028,2,123,5,2,1.0
2028,2,123,5,4,1.0
2028,2,123,5,6,1.0
2028,2,123,5,8,1.0
2028,2,123,6,2,1.0
2028,2,123,6,4,1.0
2028,2,123,6,6,1.0
2028,2,123,6,8,1.0
2028,2,123,7,2,1.0
2028,2,123,7,4,1.0
2028,2,123,7,6,1.0
2028,2,123,7,8,1.0
2028,2,123,8,2,1.0
2028,2,123,8,4,1.0
2028,2,123,8,6,1.0
2028,2,123,8,8,1.0
2028,2,123,9,2,1.0
2028,2,123,9,4,1.0
2028,2,123,9,6,1.0
2028,2,123,9,8,1.0
2029,0,534,0,2,1.0
2029,0,534,0,4,1.0
2029,0,534,0,6,1.0
2029,0,534,0,8,1.0
2029,0,534,1,2,1.0
2029,0,534,1,4,1.0
2029,0,534,1,6,1.0
2029,0,534,1,8,1.0
2029,0,534,2,2,1.0
2029,0,534,2,4,1.0
2029,0,534,2,6,1.0
2029,0,534,2,8,1.0
2029,0,534,3,2,1.0
2029,0,534,3,4,1.0
2029,0,534,3,6,1.0
2029,0,534,3,8,1.0
2029,0,534,4,2,1.0
2029,0,534,4,4,1.0
2029,0,534,4,6,1.0
2029,0,534,4,8,1.0
2029,0,534,5,2,1.0
2029,0,534,5,4,1.0
2029,0,534,5,6,1.0
2029,0,534,5,8,1.0
2029,0,534,6,2,1.0
2029,0,534,6,4,1.0
2029,0,534,6,6,1.0
2029,0,534,6,8,1.0
2029,0,534,7,2,1.0
2029,0,534,7,4,1.0
2029,0,534,7,6,1.0
2029,0,534,7,8,1.0
2029,0,534,8,2,1.0
2029,0,534,8,4,1.0
2029,0,534,8,6,1.0
2029,0,534,8,8,1.0
2029,0,534,9,2,1.0
2029,0,534,9,4,1.0
2029,0,534,9,6,1.0
2029,0,534,9,8,1.0
2029,0,33,0,2,1.0
2029,0,33,0,4,1.0
2029,0,33,0,6,1.0
2029,0,33,0,8,1.0
2029,0,33,1,2,1.0
2029,0,33,1,4,1.0
2029,0,33,1,6,1.0
2029,0,33,1,8,1.0
2029,0,33,2,2,1.0
2029,0,33,2,4,1.0
2029,0,33,2,6,1.0
2029,0,33,2,8,1.0
2029,0,33,3,2,1.0
2029,0,33,3,4,1.0
2029,0,33,3,6,1.0
2029,0,33,3,8,1.0
2029,0,33,4,2,1.0
2029,0,33,4,4,1.0
2029,0,33,4,6,1.0
2029,0,33,4,8,1.0
2029,0,33,5,2,1.0
2029,0,33,5,4,1.0
2029,0,33,5,6,1.0
2029,0,33,5,8,1.0
2029,0,33,6,2,1.0
2029,0,33,6,4,1.0
2029,0,33,6,6,1.0
2029,0,33,6,8,1.0
2029,0,33,7,2,1.0
2029,0,33,7,4,1.0
2029,0,33,7,6,1.0
2029,0,33,7,8,1.0
2029,0,33,8,2,1.0
2029,0,33,8,4,1.0
2029,0,33,8,6,1.0
2029,0,33,8,8,1.0
2029,0,33,9,2,1.0
2029,0,33,9,4,1.0
2029,0,33,9,6,1.0
2029,0,33,9,8,1.0
2029,0,211,0,2,1.0
2029,0,211,0,4,1.0
2029,0,211,0,6,1.0
2029,0,211,0,8,1.0
2029,0,211,1,2,1.0
2029,0,211,1,4,1.0
2029,0,211,1,6,1.0
2029,0,211,1,8,1.0
2029,0,211,2,2,1.0
2029,0,211,2,4,1.0
2029,0,211,2,6,1.0
2029,0,211,2,8,1.0
2029,0,211,3,2,1.0
2029,0,211,3,4,1.0
2029,0,211,3,6,1.0
2029,0,211,3,8,1.0
2029,0,211,4,2,1.0
2029,0,211,4,4,1.0
2029,0,211,4,6,1.0
2029,0,211,4,8,1.0
2029,0,211,5,2,1.0
2029,0,211,5,4,1.0
2029,0,211,5,6,1.0
2029,0,211,5,8,1.0
2029,0,211,6,2,1.0
2029,0,211,6,4,1.0
2029,0,211,6,6,1.0
2029,0,211,6,8,1.0
2029,0,211,7,2,1.0
2029,0,211,7,4,1.0
2029,0,211,7,6,1.0
2029,0,211,7,8,1.0
2029,0,211,8,2,1.0
2029,0,211,8,4,1.0
2029,0,211,8,6,1.0
2029,0,211,8,8,1.0
2029,0,211,9,2,1.0
2029,0,211,9,4,1.0
2029,0,211,9,6,1.0
2029,0,211,9,8,1.0
2029,0,427,0,2,1.0
2029,0,427,0,4,1.0
2029,0,427,0,6,1.0
2029,0,427,0,8,1.0
2029,0,427,1,2,1.0
2029,0,427,1,4,1.0
2029,0,427,1,6,1.0
2029,0,427,1,8,1.0
2029,0,427,2,2,1.0
2029,0,427,2,4,1.0
2029,0,427,2,6,1.0
2029,0,427,2,8,1.0
2029,0,427,3,2,1.0
2029,0,427,3,4,1.0
2029,0,427,3,6,1.0
2029,0,427,3,8,1.0
2029,0,427,4,2,1.0
2029,0,427,4,4,1.0
2029,0,427,4,6,1.0
2029,0,427,4,8,1.0
2029,0,427,5,2,1.0
2029,0,427,5,4,1.0
2029,0,427,5,6,1.0
2029,0,427,5,8,1.0
2029,0,427,6,2,1.0
2029,0,427,6,4,1.0
2029,0,427,6,6,1.0
2029,0,427,6,8,1.0
2029,0,427,7,2,1.0
2029,0,427,7,4,1.0
2029,0,427,7,6,1.0
2029,0,427,7,8,1.0
2029,0,427,8,2,1.0
2029,0,427,8,4,1.0
2029,0,427,8,6,1.0
2029,0,427,8,8,1.0
2029,0,427,9,2,1.0
2029,0,427,9,4,1.0
2029,0,427,9,6,1.0
2029,0,427,9,8,1.0
2029,0,440,0,2,1.0
2029,0,440,0,4,1.0
2029,0,440,0,6,1.0
2029,0,440,0,8,1.0
2029,0,440,1,2,1.0
2029,0,440,1,4,1.0
2029,0,440,1,6,1.0
2029,0,440,1,8,1.0
2029,0,440,2,2,1.0
2029,0,440,2,4,1.0
2029,0,440,2,6,1.0
2029,0,440,2,8,1.0
2029,0,440,3,2,1.0
2029,0,440,3,4,1.0
2029,0,440,3,6,1.0
2029,0,440,3,8,1.0
2029,0,440,4,2,1.0
2029,0,440,4,4,1.0
2029,0,440,4,6,1.0
2029,0,440,4,8,1.0
2029,0,440,5,2,1.0
2029,0,440,5,4,1.0
2029,0,440,5,6,1.0
2029,0,440,5,8,1.0
2029,0,440,6,2,1.0
2029,0,440,6,4,1.0
2029,0,440,6,6,1.0
2029,0,440,6,8,1.0
2029,0,440,7,2,1.0
2029,0,440,7,4,1.0
2029,0,440,7,6,1.0
2029,0,440,7,8,1.0
2029,0,440,8,2,1.0
2029,0,440,8,4,1.0
2029,0,440,8,6,1.0
2029,0,440,8,8,1.0
2029,0,440,9,2,1.0
2029,0,440,9,4,1.0
2029,0,440,9,6,1.0
2029,0,440,9,8,1.0
2029,0,215,0,2,1.0
2029,0,215,0,4,1.0
2029,0,215,0,6,1.0
2029,0,215,0,8,1.0
2029,0,215,1,2,1.0
2029,0,215,1,4,1.0
2029,0,215,1,6,1.0
2029,0,215,1,8,1.0
2029,0,215,2,2,1.0
2029,0,215,2,4,1.0
2029,0,215,2,6,1.0
2029,0,215,2,8,1.0
2029,0,215,3,2,1.0
2029,0,215,3,4,1.0
2029,0,215,3,6,1.0
2029,0,215,3,8,1.0
2029,0,215,4,2,1.0
2029,0,215,4,4,1.0
2029,0,215,4,6,1.0
2029,0,215,4,8,1.0
2029,0,215,5,2,1.0
2029,0,215,5,4,1.0
2029,0,215,5,6,1.0
2029,0,215,5,8,1.0
2029,0,215,6,2,1.0
2029,0,215,6,4,1.0
2029,0,215,6,6,1.0
2029,0,215,6,8,1.0
2029,0,215,7,2,1.0
2029,0,215,7,4,1.0
2029,0,215,7,6,1.0
2029,0,215,7,8,1.0
2029,0,215,8,2,1.0
2029,0,215,8,4,1.0
2029,0,215,8,6,1.0
2029,0,215,8,8,1.0
2029,0,215,9,2,1.0
2029,0,215,9,4,1.0
2029,0,215,9,6,1.0
2029,0,215,9,8,1.0
2029,0,597,0,2,1.0
2029,0,597,0,4,1.0
2029,0,597,0,6,1.0
2029,0,597,0,8,1.0
2029,0,597,1,2,1.0
2029,0,597,1,4,1.0
2029,0,597,1,6,1.0
2029,0,597,1,8,1.0
2029,0,597,2,2,1.0
2029,0,597,2,4,1.0
2029,0,597,2,6,1.0
2029,0,597,2,8,1.0
2029,0,597,3,2,1.0
2029,0,597,3,4,1.0
2029,0,597,3,6,1.0
2029,0,597,3,8,1.0
2029,0,597,4,2,1.0
2029,0,597,4,4,1.0
2029,0,597,4,6,1.0
2029,0,597,4,8,1.0
2029,0,597,5,2,1.0
2029,0,597,5,4,1.0
2029,0,597,5,6,1.0
2029,0,597,5,8,1.0
2029,0,597,6,2,1.0
2029,0,597,6,4,1.0
2029,0,597,6,6,1.0
2029,0,597,6,8,1.0
2029,0,597,7,2,1.0
2029,0,597,7,4,1.0
2029,0,597,7,6,1.0
2029,0,597,7,8,1.0
2029,0,597,8,2,1.0
2029,0,597,8,4,1.0
2029,0,597,8,6,1.0
2029,0,597,8,8,1.0
2029,0,597,9,2,1.0
2029,0,597,9,4,1.0
2029,0,597,9,6,1.0
2029,0,597,9,8,1.0
2029,0,58,0,2,1.0
2029,0,58,0,4,1.0
2029,0,58,0,6,1.0
2029,0,58,0,8,1.0
2029,0,58,1,2,1.0
2029,0,58,1,4,1.0
2029,0,58,1,6,1.0
2029,0,58,1,8,1.0
2029,0,58,2,2,1.0
2029,0,58,2,4,1.0
2029,0,58,2,6,1.0
2029,0,58,2,8,1.0
2029,0,58,3,2,1.0
2029,0,58,3,4,1.0
2029,0,58,3,6,1.0
2029,0,58,3,8,1.0
2029,0,58,4,2,1.0
2029,0,58,4,4,1.0
2029,0,58,4,6,1.0
2029,0,58,4,8,1.0
2029,0,58,5,2,1.0
2029,0,58,5,4,1.0
2029,0,58,5,6,1.0
2029,0,58,5,8,1.0
2029,0,58,6,2,1.0
2029,0,58,6,4,1.0
2029,0,58,6,6,1.0
2029,0,58,6,8,1.0
2029,0,58,7,2,1.0
2029,0,58,7,4,1.0
2029,0,58,7,6,1.0
2029,0,58,7,8,1.0
2029,0,58,8,2,1.0
2029,0,58,8,4,1.0
2029,0,58,8,6,1.0
2029,0,58,8,8,1.0
2029,0,58,9,2,1.0
2029,0,58,9,4,1.0
2029,0,58,9,6,1.0
2029,0,58,9,8,1.0
2029,0,350,0,2,1.0
2029,0,350,0,4,1.0
2029,0,350,0,6,1.0
2029,0,350,0,8,1.0
2029,0,350,1,2,1.0
2029,0,350,1,4,1.0
2029,0,350,1,6,1.0
2029,0,350,1,8,1.0
2029,0,350,2,2,1.0
2029,0,350,2,4,1.0
2029,0,350,2,6,1.0
2029,0,350,2,8,1.0
2029,0,350,3,2,1.0
2029,0,350,3,4,1.0
2029,0,350,3,6,1.0
2029,0,350,3,8,1.0
2029,0,350,4,2,1.0
2029,0,350,4,4,1.0
2029,0,350,4,6,1.0
2029,0,350,4,8,1.0
2029,0,350,5,2,1.0
2029,0,350,5,4,1.0
2029,0,350,5,6,1.0
2029,0,350,5,8,1.0
2029,0,350,6,2,1.0
2029,0,350,6,4,1.0
2029,0,350,6,6,1.0
2029,0,350,6,8,1.0
2029,0,350,7,2,1.0
2029,0,350,7,4,1.0
2029,0,350,7,6,1.0
2029,0,350,7,8,1.0
2029,0,350,8,2,1.0
2029,0,350,8,4,1.0
2029,0,350,8,6,1.0
2029,0,350,8,8,1.0
2029,0,350,9,2,1.0
2029,0,350,9,4,1.0
2029,0,350,9,6,1.0
2029,0,350,9,8,1.0
2029,0,214,0,2,1.0
2029,0,214,0,4,1.0
2029,0,214,0,6,1.0
2029,0,214,0,8,1.0
2029,0,214,1,2,1.0
2029,0,214,1,4,1.0
2029,0,214,1,6,1.0
2029,0,214,1,8,1.0
2029,0,214,2,2,1.0
2029,0,214,2,4,1.0
2029,0,214,2,6,1.0
2029,0,214,2,8,1.0
2029,0,214,3,2,1.0
2029,0,214,3,4,1.0
2029,0,214,3,6,1.0
2029,0,214,3,8,1.0
2029,0,214,4,2,1.0
2029,0,214,4,4,1.0
2029,0,214,4,6,1.0
2029,0,214,4,8,1.0
2029,0,214,5,2,1.0
2029,0,214,5,4,1.0
2029,0,214,5,6,1.0
2029,0,214,5,8,1.0
2029,0,214,6,2,1.0
2029,0,214,6,4,1.0
2029,0,214,6,6,1.0
2029,0,214,6,8,1.0
2029,0,214,7,2,1.0
2029,0,214,7,4,1.0
2029,0,214,7,6,1.0
2029,0,214,7,8,1.0
2029,0,214,8,2,1.0
2029,0,214,8,4,1.0
2029,0,214,8,6,1.0
2029,0,214,8,8,1.0
2029,0,214,9,2,1.0
2029,0,214,9,4,1.0
2029,0,214,9,6,1.0
2029,0,214,9,8,1.0
2029,0,330,0,2,1.0
2029,0,330,0,4,1.0
2029,0,330,0,6,1.0
2029,0,330,0,8,1.0
2029,0,330,1,2,1.0
2029,0,330,1,4,1.0
2029,0,330,1,6,1.0
2029,0,330,1,8,1.0
2029,0,330,2,2,1.0
2029,0,330,2,4,1.0
2029,0,330,2,6,1.0
2029,0,330,2,8,1.0
2029,0,330,3,2,1.0
2029,0,330,3,4,1.0
2029,0,330,3,6,1.0
2029,0,330,3,8,1.0
2029,0,330,4,2,1.0
2029,0,330,4,4,1.0
2029,0,330,4,6,1.0
2029,0,330,4,8,1.0
2029,0,330,5,2,1.0
2029,0,330,5,4,1.0
2029,0,330,5,6,1.0
2029,0,330,5,8,1.0
2029,0,330,6,2,1.0
2029,0,330,6,4,1.0
2029,0,330,6,6,1.0
2029,0,330,6,8,1.0
2029,0,330,7,2,1.0
2029,0,330,7,4,1.0
2029,0,330,7,6,1.0
2029,0,330,7,8,1.0
2029,0,330,8,2,1.0
2029,0,330,8,4,1.0
2029,0,330,8,6,1.0
2029,0,330,8,8,1.0
2029,0,330,9,2,1.0
2029,0,330,9,4,1.0
2029,0,330,9,6,1.0
2029,0,330,9,8,1.0
2029,0,196,0,2,1.0
2029,0,196,0,4,1.0
2029,0,196,0,6,1.0
2029,0,196,0,8,1.0
2029,0,196,1,2,1.0
2029,0,196,1,4,1.0
2029,0,196,1,6,1.0
2029,0,196,1,8,1.0
2029,0,196,2,2,1.0
2029,0,196,2,4,1.0
2029,0,196,2,6,1.0
2029,0,196,2,8,1.0
2029,0,196,3,2,1.0
2029,0,196,3,4,1.0
2029,0,196,3,6,1.0
2029,0,196,3,8,1.0
2029,0,196,4,2,1.0
2029,0,196,4,4,1.0
2029,0,196,4,6,1.0
2029,0,196,4,8,1.0
2029,0,196,5,2,1.0
2029,0,196,5,4,1.0
2029,0,196,5,6,1.0
2029,0,196,5,8,1.0
2029,0,196,6,2,1.0
2029,0,196,6,4,1.0
2029,0,196,6,6,1.0
2029,0,196,6,8,1.0
2029,0,196,7,2,1.0
2029,0,196,7,4,1.0
2029,0,196,7,6,1.0
2029,0,196,7,8,1.0
2029,0,196,8,2,1.0
2029,0,196,8,4,1.0
2029,0,196,8,6,1.0
2029,0,196,8,8,1.0
2029,0,196,9,2,1.0
2029,0,196,9,4,1.0
2029,0,196,9,6,1.0
2029,0,196,9,8,1.0
2029,0,181,0,2,1.0
2029,0,181,0,4,1.0
2029,0,181,0,6,1.0
2029,0,181,0,8,1.0
2029,0,181,1,2,1.0
2029,0,181,1,4,1.0
2029,0,181,1,6,1.0
2029,0,181,1,8,1.0
2029,0,181,2,2,1.0
2029,0,181,2,4,1.0
2029,0,181,2,6,1.0
2029,0,181,2,8,1.0
2029,0,181,3,2,1.0
2029,0,181,3,4,1.0
2029,0,181,3,6,1.0
2029,0,181,3,8,1.0
2029,0,181,4,2,1.0
2029,0,181,4,4,1.0
2029,0,181,4,6,1.0
2029,0,181,4,8,1.0
2029,0,181,5,2,1.0
2029,0,181,5,4,1.0
2029,0,181,5,6,1.0
2029,0,181,5,8,1.0
2029,0,181,6,2,1.0
2029,0,181,6,4,1.0
2029,0,181,6,6,1.0
2029,0,181,6,8,1.0
2029,0,181,7,2,1.0
2029,0,181,7,4,1.0
2029,0,181,7,6,1.0
2029,0,181,7,8,1.0
2029,0,181,8,2,1.0
2029,0,181,8,4,1.0
2029,0,181,8,6,1.0
2029,0,181,8,8,1.0
2029,0,181,9,2,1.0
2029,0,181,9,4,1.0
2029,0,181,9,6,1.0
2029,0,181,9,8,1.0
2029,0,514,0,2,1.0
2029,0,514,0,4,1.0
2029,0,514,0,6,1.0
2029,0,514,0,8,1.0
2029,0,514,1,2,1.0
2029,0,514,1,4,1.0
2029,0,514,1,6,1.0
2029,0,514,1,8,1.0
2029,0,514,2,2,1.0
2029,0,514,2,4,1.0
2029,0,514,2,6,1.0
2029,0,514,2,8,1.0
2029,0,514,3,2,1.0
2029,0,514,3,4,1.0
2029,0,514,3,6,1.0
2029,0,514,3,8,1.0
2029,0,514,4,2,1.0
2029,0,514,4,4,1.0
2029,0,514,4,6,1.0
2029,0,514,4,8,1.0
2029,0,514,5,2,1.0
2029,0,514,5,4,1.0
2029,0,514,5,6,1.0
2029,0,514,5,8,1.0
2029,0,514,6,2,1.0
2029,0,514,6,4,1.0
2029,0,514,6,6,1.0
2029,0,514,6,8,1.0
2029,0,514,7,2,1.0
2029,0,514,7,4,1.0
2029,0,514,7,6,1.0
2029,0,514,7,8,1.0
2029,0,514,8,2,1.0
2029,0,514,8,4,1.0
2029,0,514,8,6,1.0
2029,0,514,8,8,1.0
2029,0,514,9,2,1.0
2029,0,514,9,4,1.0
2029,0,514,9,6,1.0
2029,0,514,9,8,1.0
2029,0,557,0,2,1.0
2029,0,557,0,4,1.0
2029,0,557,0,6,1.0
2029,0,557,0,8,1.0
2029,0,557,1,2,1.0
2029,0,557,1,4,1.0
2029,0,557,1,6,1.0
2029,0,557,1,8,1.0
2029,0,557,2,2,1.0
2029,0,557,2,4,1.0
2029,0,557,2,6,1.0
2029,0,557,2,8,1.0
2029,0,557,3,2,1.0
2029,0,557,3,4,1.0
2029,0,557,3,6,1.0
2029,0,557,3,8,1.0
2029,0,557,4,2,1.0
2029,0,557,4,4,1.0
2029,0,557,4,6,1.0
2029,0,557,4,8,1.0
2029,0,557,5,2,1.0
2029,0,557,5,4,1.0
2029,0,557,5,6,1.0
2029,0,557,5,8,1.0
2029,0,557,6,2,1.0
2029,0,557,6,4,1.0
2029,0,557,6,6,1.0
2029,0,557,6,8,1.0
2029,0,557,7,2,1.0
2029,0,557,7,4,1.0
2029,0,557,7,6,1.0
2029,0,557,7,8,1.0
2029,0,557,8,2,1.0
2029,0,557,8,4,1.0
2029,0,557,8,6,1.0
2029,0,557,8,8,1.0
2029,0,557,9,2,1.0
2029,0,557,9,4,1.0
2029,0,557,9,6,1.0
2029,0,557,9,8,1.0
2029,0,127,0,2,1.0
2029,0,127,0,4,1.0
2029,0,127,0,6,1.0
2029,0,127,0,8,1.0
2029,0,127,1,2,1.0
2029,0,127,1,4,1.0
2029,0,127,1,6,1.0
2029,0,127,1,8,1.0
2029,0,127,2,2,1.0
2029,0,127,2,4,1.0
2029,0,127,2,6,1.0
2029,0,127,2,8,1.0
2029,0,127,3,2,1.0
2029,0,127,3,4,1.0
2029,0,127,3,6,1.0
2029,0,127,3,8,1.0
2029,0,127,4,2,1.0
2029,0,127,4,4,1.0
2029,0,127,4,6,1.0
2029,0,127,4,8,1.0
2029,0,127,5,2,1.0
2029,0,127,5,4,1.0
2029,0,127,5,6,1.0
2029,0,127,5,8,1.0
2029,0,127,6,2,1.0
2029,0,127,6,4,1.0
2029,0,127,6,6,1.0
2029,0,127,6,8,1.0
2029,0,127,7,2,1.0
2029,0,127,7,4,1.0
2029,0,127,7,6,1.0
2029,0,127,7,8,1.0
2029,0,127,8,2,1.0
2029,0,127,8,4,1.0
2029,0,127,8,6,1.0
2029,0,127,8,8,1.0
2029,0,127,9,2,1.0
2029,0,127,9,4,1.0
2029,0,127,9,6,1.0
2029,0,127,9,8,1.0
2029,0,496,0,2,1.0
2029,0,496,0,4,1.0
2029,0,496,0,6,1.0
2029,0,496,0,8,1.0
2029,0,496,1,2,1.0
2029,0,496,1,4,1.0
2029,0,496,1,6,1.0
2029,0,496,1,8,1.0
2029,0,496,2,2,1.0
2029,0,496,2,4,1.0
2029,0,496,2,6,1.0
2029,0,496,2,8,1.0
2029,0,496,3,2,1.0
2029,0,496,3,4,1.0
2029,0,496,3,6,1.0
2029,0,496,3,8,1.0
2029,0,496,4,2,1.0
2029,0,496,4,4,1.0
2029,0,496,4,6,1.0
2029,0,496,4,8,1.0
2029,0,496,5,2,1.0
2029,0,496,5,4,1.0
2029,0,496,5,6,1.0
2029,0,496,5,8,1.0
2029,0,496,6,2,1.0
2029,0,496,6,4,1.0
2029,0,496,6,6,1.0
2029,0,496,6,8,1.0
2029,0,496,7,2,1.0
2029,0,496,7,4,1.0
2029,0,496,7,6,1.0
2029,0,496,7,8,1.0
2029,0,496,8,2,1.0
2029,0,496,8,4,1.0
2029,0,496,8,6,1.0
2029,0,496,8,8,1.0
2029,0,496,9,2,1.0
2029,0,496,9,4,1.0
2029,0,496,9,6,1.0
2029,0,496,9,8,1.0
2029,0,482,0,2,1.0
2029,0,482,0,4,1.0
2029,0,482,0,6,1.0
2029,0,482,0,8,1.0
2029,0,482,1,2,1.0
2029,0,482,1,4,1.0
2029,0,482,1,6,1.0
2029,0,482,1,8,1.0
2029,0,482,2,2,1.0
2029,0,482,2,4,1.0
2029,0,482,2,6,1.0
2029,0,482,2,8,1.0
2029,0,482,3,2,1.0
2029,0,482,3,4,1.0
2029,0,482,3,6,1.0
2029,0,482,3,8,1.0
2029,0,482,4,2,1.0
2029,0,482,4,4,1.0
2029,0,482,4,6,1.0
2029,0,482,4,8,1.0
2029,0,482,5,2,1.0
2029,0,482,5,4,1.0
2029,0,482,5,6,1.0
2029,0,482,5,8,1.0
2029,0,482,6,2,1.0
2029,0,482,6,4,1.0
2029,0,482,6,6,1.0
2029,0,482,6,8,1.0
2029,0,482,7,2,1.0
2029,0,482,7,4,1.0
2029,0,482,7,6,1.0
2029,0,482,7,8,1.0
2029,0,482,8,2,1.0
2029,0,482,8,4,1.0
2029,0,482,8,6,1.0
2029,0,482,8,8,1.0
2029,0,482,9,2,1.0
2029,0,482,9,4,1.0
2029,0,482,9,6,1.0
2029,0,482,9,8,1.0
2029,0,320,0,2,1.0
2029,0,320,0,4,1.0
2029,0,320,0,6,1.0
2029,0,320,0,8,1.0
2029,0,320,1,2,1.0
2029,0,320,1,4,1.0
2029,0,320,1,6,1.0
2029,0,320,1,8,1.0
2029,0,320,2,2,1.0
2029,0,320,2,4,1.0
2029,0,320,2,6,1.0
2029,0,320,2,8,1.0
2029,0,320,3,2,1.0
2029,0,320,3,4,1.0
2029,0,320,3,6,1.0
2029,0,320,3,8,1.0
2029,0,320,4,2,1.0
2029,0,320,4,4,1.0
2029,0,320,4,6,1.0
2029,0,320,4,8,1.0
2029,0,320,5,2,1.0
2029,0,320,5,4,1.0
2029,0,320,5,6,1.0
2029,0,320,5,8,1.0
2029,0,320,6,2,1.0
2029,0,320,6,4,1.0
2029,0,320,6,6,1.0
2029,0,320,6,8,1.0
2029,0,320,7,2,1.0
2029,0,320,7,4,1.0
2029,0,320,7,6,1.0
2029,0,320,7,8,1.0
2029,0,320,8,2,1.0
2029,0,320,8,4,1.0
2029,0,320,8,6,1.0
2029,0,320,8,8,1.0
2029,0,320,9,2,1.0
2029,0,320,9,4,1.0
2029,0,320,9,6,1.0
2029,0,320,9,8,1.0
2029,0,456,0,2,1.0
2029,0,456,0,4,1.0
2029,0,456,0,6,1.0
2029,0,456,0,8,1.0
2029,0,456,1,2,1.0
2029,0,456,1,4,1.0
2029,0,456,1,6,1.0
2029,0,456,1,8,1.0
2029,0,456,2,2,1.0
2029,0,456,2,4,1.0
2029,0,456,2,6,1.0
2029,0,456,2,8,1.0
2029,0,456,3,2,1.0
2029,0,456,3,4,1.0
2029,0,456,3,6,1.0
2029,0,456,3,8,1.0
2029,0,456,4,2,1.0
2029,0,456,4,4,1.0
2029,0,456,4,6,1.0
2029,0,456,4,8,1.0
2029,0,456,5,2,1.0
2029,0,456,5,4,1.0
2029,0,456,5,6,1.0
2029,0,456,5,8,1.0
2029,0,456,6,2,1.0
2029,0,456,6,4,1.0
2029,0,456,6,6,1.0
2029,0,456,6,8,1.0
2029,0,456,7,2,1.0
2029,0,456,7,4,1.0
2029,0,456,7,6,1.0
2029,0,456,7,8,1.0
2029,0,456,8,2,1.0
2029,0,456,8,4,1.0
2029,0,456,8,6,1.0
2029,0,456,8,8,1.0
2029,0,456,9,2,1.0
2029,0,456,9,4,1.0
2029,0,456,9,6,1.0
2029,0,456,9,8,1.0
2029,1,534,0,2,1.0
2029,1,534,0,4,1.0
2029,1,534,0,6,1.0
2029,1,534,0,8,1.0
2029,1,534,1,2,1.0
2029,1,534,1,4,1.0
2029,1,534,1,6,1.0
2029,1,534,1,8,1.0
2029,1,534,2,2,1.0
2029,1,534,2,4,1.0
2029,1,534,2,6,1.0
2029,1,534,2,8,1.0
2029,1,534,3,2,1.0
2029,1,534,3,4,1.0
2029,1,534,3,6,1.0
2029,1,534,3,8,1.0
2029,1,534,4,2,1.0
2029,1,534,4,4,1.0
2029,1,534,4,6,1.0
2029,1,534,4,8,1.0
2029,1,534,5,2,1.0
2029,1,534,5,4,1.0
2029,1,534,5,6,1.0
2029,1,534,5,8,1.0
2029,1,534,6,2,1.0
2029,1,534,6,4,1.0
2029,1,534,6,6,1.0
2029,1,534,6,8,1.0
2029,1,534,7,2,1.0
2029,1,534,7,4,1.0
2029,1,534,7,6,1.0
2029,1,534,7,8,1.0
2029,1,534,8,2,1.0
2029,1,534,8,4,1.0
2029,1,534,8,6,1.0
2029,1,534,8,8,1.0
2029,1,534,9,2,1.0
2029,1,534,9,4,1.0
2029,1,534,9,6,1.0
2029,1,534,9,8,1.0
2029,1,33,0,2,1.0
2029,1,33,0,4,1.0
2029,1,33,0,6,1.0
2029,1,33,0,8,1.0
2029,1,33,1,2,1.0
2029,1,33,1,4,1.0
2029,1,33,1,6,1.0
2029,1,33,1,8,1.0
2029,1,33,2,2,1.0
2029,1,33,2,4,1.0
2029,1,33,2,6,1.0
2029,1,33,2,8,1.0
2029,1,33,3,2,1.0
2029,1,33,3,4,1.0
2029,1,33,3,6,1.0
2029,1,33,3,8,1.0
2029,1,33,4,2,1.0
2029,1,33,4,4,1.0
2029,1,33,4,6,1.0
2029,1,33,4,8,1.0
2029,1,33,5,2,1.0
2029,1,33,5,4,1.0
2029,1,33,5,6,1.0
2029,1,33,5,8,1.0
2029,1,33,6,2,1.0
2029,1,33,6,4,1.0
2029,1,33,6,6,1.0
2029,1,33,6,8,1.0
2029,1,33,7,2,1.0
2029,1,33,7,4,1.0
2029,1,33,7,6,1.0
2029,1,33,7,8,1.0
2029,1,33,8,2,1.0
2029,1,33,8,4,1.0
2029,1,33,8,6,1.0
2029,1,33,8,8,1.0
2029,1,33,9,2,1.0
2029,1,33,9,4,1.0
2029,1,33,9,6,1.0
2029,1,33,9,8,1.0
2029,1,211,0,2,1.0
2029,1,211,0,4,1.0
2029,1,211,0,6,1.0
2029,1,211,0,8,1.0
2029,1,211,1,2,1.0
2029,1,211,1,4,1.0
2029,1,211,1,6,1.0
2029,1,211,1,8,1.0
2029,1,211,2,2,1.0
2029,1,211,2,4,1.0
2029,1,211,2,6,1.0
2029,1,211,2,8,1.0
2029,1,211,3,2,1.0
2029,1,211,3,4,1.0
2029,1,211,3,6,1.0
2029,1,211,3,8,1.0
2029,1,211,4,2,1.0
2029,1,211,4,4,1.0
2029,1,211,4,6,1.0
2029,1,211,4,8,1.0
2029,1,211,5,2,1.0
2029,1,211,5,4,1.0
2029,1,211,5,6,1.0
2029,1,211,5,8,1.0
2029,1,211,6,2,1.0
2029,1,211,6,4,1.0
2029,1,211,6,6,1.0
2029,1,211,6,8,1.0
2029,1,211,7,2,1.0
2029,1,211,7,4,1.0
2029,1,211,7,6,1.0
2029,1,211,7,8,1.0
2029,1,211,8,2,1.0
2029,1,211,8,4,1.0
2029,1,211,8,6,1.0
2029,1,211,8,8,1.0
2029,1,211,9,2,1.0
2029,1,211,9,4,1.0
2029,1,211,9,6,1.0
2029,1,211,9,8,1.0
2029,1,427,0,2,1.0
2029,1,427,0,4,1.0
2029,1,427,0,6,1.0
2029,1,427,0,8,1.0
2029,1,427,1,2,1.0
2029,1,427,1,4,1.0
2029,1,427,1,6,1.0
2029,1,427,1,8,1.0
2029,1,427,2,2,1.0
2029,1,427,2,4,1.0
2029,1,427,2,6,1.0
2029,1,427,2,8,1.0
2029,1,427,3,2,1.0
2029,1,427,3,4,1.0
2029,1,427,3,6,1.0
2029,1,427,3,8,1.0
2029,1,427,4,2,1.0
2029,1,427,4,4,1.0
2029,1,427,4,6,1.0
2029,1,427,4,8,1.0
2029,1,427,5,2,1.0
2029,1,427,5,4,1.0
2029,1,427,5,6,1.0
2029,1,427,5,8,1.0
2029,1,427,6,2,1.0
2029,1,427,6,4,1.0
2029,1,427,6,6,1.0
2029,1,427,6,8,1.0
2029,1,427,7,2,1.0
2029,1,427,7,4,1.0
2029,1,427,7,6,1.0
2029,1,427,7,8,1.0
2029,1,427,8,2,1.0
2029,1,427,8,4,1.0
2029,1,427,8,6,1.0
2029,1,427,8,8,1.0
2029,1,427,9,2,1.0
2029,1,427,9,4,1.0
2029,1,427,9,6,1.0
2029,1,427,9,8,1.0
2029,1,440,0,2,1.0
2029,1,440,0,4,1.0
2029,1,440,0,6,1.0
2029,1,440,0,8,1.0
2029,1,440,1,2,1.0
2029,1,440,1,4,1.0
2029,1,440,1,6,1.0
2029,1,440,1,8,1.0
2029,1,440,2,2,1.0
2029,1,440,2,4,1.0
2029,1,440,2,6,1.0
2029,1,440,2,8,1.0
2029,1,440,3,2,1.0
2029,1,440,3,4,1.0
2029,1,440,3,6,1.0
2029,1,440,3,8,1.0
2029,1,440,4,2,1.0
2029,1,440,4,4,1.0
2029,1,440,4,6,1.0
2029,1,440,4,8,1.0
2029,1,440,5,2,1.0
2029,1,440,5,4,1.0
2029,1,440,5,6,1.0
2029,1,440,5,8,1.0
2029,1,440,6,2,1.0
2029,1,440,6,4,1.0
2029,1,440,6,6,1.0
2029,1,440,6,8,1.0
2029,1,440,7,2,1.0
2029,1,440,7,4,1.0
2029,1,440,7,6,1.0
2029,1,440,7,8,1.0
2029,1,440,8,2,1.0
2029,1,440,8,4,1.0
2029,1,440,8,6,1.0
2029,1,440,8,8,1.0
2029,1,440,9,2,1.0
2029,1,440,9,4,1.0
2029,1,440,9,6,1.0
2029,1,440,9,8,1.0
2029,1,215,0,2,1.0
2029,1,215,0,4,1.0
2029,1,215,0,6,1.0
2029,1,215,0,8,1.0
2029,1,215,1,2,1.0
2029,1,215,1,4,1.0
2029,1,215,1,6,1.0
2029,1,215,1,8,1.0
2029,1,215,2,2,1.0
2029,1,215,2,4,1.0
2029,1,215,2,6,1.0
2029,1,215,2,8,1.0
2029,1,215,3,2,1.0
2029,1,215,3,4,1.0
2029,1,215,3,6,1.0
2029,1,215,3,8,1.0
2029,1,215,4,2,1.0
2029,1,215,4,4,1.0
2029,1,215,4,6,1.0
2029,1,215,4,8,1.0
2029,1,215,5,2,1.0
2029,1,215,5,4,1.0
2029,1,215,5,6,1.0
2029,1,215,5,8,1.0
2029,1,215,6,2,1.0
2029,1,215,6,4,1.0
2029,1,215,6,6,1.0
2029,1,215,6,8,1.0
2029,1,215,7,2,1.0
2029,1,215,7,4,1.0
2029,1,215,7,6,1.0
2029,1,215,7,8,1.0
2029,1,215,8,2,1.0
2029,1,215,8,4,1.0
2029,1,215,8,6,1.0
2029,1,215,8,8,1.0
2029,1,215,9,2,1.0
2029,1,215,9,4,1.0
2029,1,215,9,6,1.0
2029,1,215,9,8,1.0
2029,1,597,0,2,1.0
2029,1,597,0,4,1.0
2029,1,597,0,6,1.0
2029,1,597,0,8,1.0
2029,1,597,1,2,1.0
2029,1,597,1,4,1.0
2029,1,597,1,6,1.0
2029,1,597,1,8,1.0
2029,1,597,2,2,1.0
2029,1,597,2,4,1.0
2029,1,597,2,6,1.0
2029,1,597,2,8,1.0
2029,1,597,3,2,1.0
2029,1,597,3,4,1.0
2029,1,597,3,6,1.0
2029,1,597,3,8,1.0
2029,1,597,4,2,1.0
2029,1,597,4,4,1.0
2029,1,597,4,6,1.0
2029,1,597,4,8,1.0
2029,1,597,5,2,1.0
2029,1,597,5,4,1.0
2029,1,597,5,6,1.0
2029,1,597,5,8,1.0
2029,1,597,6,2,1.0
2029,1,597,6,4,1.0
2029,1,597,6,6,1.0
2029,1,597,6,8,1.0
2029,1,597,7,2,1.0
2029,1,597,7,4,1.0
2029,1,597,7,6,1.0
2029,1,597,7,8,1.0
2029,1,597,8,2,1.0
2029,1,597,8,4,1.0
2029,1,597,8,6,1.0
2029,1,597,8,8,1.0
2029,1,597,9,2,1.0
2029,1,597,9,4,1.0
2029,1,597,9,6,1.0
2029,1,597,9,8,1.0
2029,1,58,0,2,1.0
2029,1,58,0,4,1.0
2029,1,58,0,6,1.0
2029,1,58,0,8,1.0
2029,1,58,1,2,1.0
2029,1,58,1,4,1.0
2029,1,58,1,6,1.0
2029,1,58,1,8,1.0
2029,1,58,2,2,1.0
2029,1,58,2,4,1.0
2029,1,58,2,6,1.0
2029,1,58,2,8,1.0
2029,1,58,3,2,1.0
2029,1,58,3,4,1.0
2029,1,58,3,6,1.0
2029,1,58,3,8,1.0
2029,1,58,4,2,1.0
2029,1,58,4,4,1.0
2029,1,58,4,6,1.0
2029,1,58,4,8,1.0
2029,1,58,5,2,1.0
2029,1,58,5,4,1.0
2029,1,58,5,6,1.0
2029,1,58,5,8,1.0
2029,1,58,6,2,1.0
2029,1,58,6,4,1.0
2029,1,58,6,6,1.0
2029,1,58,6,8,1.0
2029,1,58,7,2,1.0
2029,1,58,7,4,1.0
2029,1,58,7,6,1.0
2029,1,58,7,8,1.0
2029,1,58,8,2,1.0
2029,1,58,8,4,1.0
2029,1,58,8,6,1.0
2029,1,58,8,8,1.0
2029,1,58,9,2,1.0
2029,1,58,9,4,1.0
2029,1,58,9,6,1.0
2029,1,58,9,8,1.0
2029,1,350,0,2,1.0
2029,1,350,0,4,1.0
2029,1,350,0,6,1.0
2029,1,350,0,8,1.0
2029,1,350,1,2,1.0
2029,1,350,1,4,1.0
2029,1,350,1,6,1.0
2029,1,350,1,8,1.0
2029,1,350,2,2,1.0
2029,1,350,2,4,1.0
2029,1,350,2,6,1.0
2029,1,350,2,8,1.0
2029,1,350,3,2,1.0
2029,1,350,3,4,1.0
2029,1,350,3,6,1.0
2029,1,350,3,8,1.0
2029,1,350,4,2,1.0
2029,1,350,4,4,1.0
2029,1,350,4,6,1.0
2029,1,350,4,8,1.0
2029,1,350,5,2,1.0
2029,1,350,5,4,1.0
2029,1,350,5,6,1.0
2029,1,350,5,8,1.0
2029,1,350,6,2,1.0
2029,1,350,6,4,1.0
2029,1,350,6,6,1.0
2029,1,350,6,8,1.0
2029,1,350,7,2,1.0
2029,1,350,7,4,1.0
2029,1,350,7,6,1.0
2029,1,350,7,8,1.0
2029,1,350,8,2,1.0
2029,1,350,8,4,1.0
2029,1,350,8,6,1.0
2029,1,350,8,8,1.0
2029,1,350,9,2,1.0
2029,1,350,9,4,1.0
2029,1,350,9,6,1.0
2029,1,350,9,8,1.0
2029,1,214,0,2,1.0
2029,1,214,0,4,1.0
2029,1,214,0,6,1.0
2029,1,214,0,8,1.0
2029,1,214,1,2,1.0
2029,1,214,1,4,1.0
2029,1,214,1,6,1.0
2029,1,214,1,8,1.0
2029,1,214,2,2,1.0
2029,1,214,2,4,1.0
2029,1,214,2,6,1.0
2029,1,214,2,8,1.0
2029,1,214,3,2,1.0
2029,1,214,3,4,1.0
2029,1,214,3,6,1.0
2029,1,214,3,8,1.0
2029,1,214,4,2,1.0
2029,1,214,4,4,1.0
2029,1,214,4,6,1.0
2029,1,214,4,8,1.0
2029,1,214,5,2,1.0
2029,1,214,5,4,1.0
2029,1,214,5,6,1.0
2029,1,214,5,8,1.0
2029,1,214,6,2,1.0
2029,1,214,6,4,1.0
2029,1,214,6,6,1.0
2029,1,214,6,8,1.0
2029,1,214,7,2,1.0
2029,1,214,7,4,1.0
2029,1,214,7,6,1.0
2029,1,214,7,8,1.0
2029,1,214,8,2,1.0
2029,1,214,8,4,1.0
2029,1,214,8,6,1.0
2029,1,214,8,8,1.0
2029,1,214,9,2,1.0
2029,1,214,9,4,1.0
2029,1,214,9,6,1.0
2029,1,214,9,8,1.0
2029,1,330,0,2,1.0
2029,1,330,0,4,1.0
2029,1,330,0,6,1.0
2029,1,330,0,8,1.0
2029,1,330,1,2,1.0
2029,1,330,1,4,1.0
2029,1,330,1,6,1.0
2029,1,330,1,8,1.0
2029,1,330,2,2,1.0
2029,1,330,2,4,1.0
2029,1,330,2,6,1.0
2029,1,330,2,8,1.0
2029,1,330,3,2,1.0
2029,1,330,3,4,1.0
2029,1,330,3,6,1.0
2029,1,330,3,8,1.0
2029,1,330,4,2,1.0
2029,1,330,4,4,1.0
2029,1,330,4,6,1.0
2029,1,330,4,8,1.0
2029,1,330,5,2,1.0
2029,1,330,5,4,1.0
2029,1,330,5,6,1.0
2029,1,330,5,8,1.0
2029,1,330,6,2,1.0
2029,1,330,6,4,1.0
2029,1,330,6,6,1.0
2029,1,330,6,8,1.0
2029,1,330,7,2,1.0
2029,1,330,7,4,1.0
2029,1,330,7,6,1.0
2029,1,330,7,8,1.0
2029,1,330,8,2,1.0
2029,1,330,8,4,1.0
2029,1,330,8,6,1.0
2029,1,330,8,8,1.0
2029,1,330,9,2,1.0
2029,1,330,9,4,1.0
2029,1,330,9,6,1.0
2029,1,330,9,8,1.0
2029,1,196,0,2,1.0
2029,1,196,0,4,1.0
2029,1,196,0,6,1.0
2029,1,196,0,8,1.0
2029,1,196,1,2,1.0
2029,1,196,1,4,1.0
2029,1,196,1,6,1.0
2029,1,196,1,8,1.0
2029,1,196,2,2,1.0
2029,1,196,2,4,1.0
2029,1,196,2,6,1.0
2029,1,196,2,8,1.0
2029,1,196,3,2,1.0
2029,1,196,3,4,1.0
2029,1,196,3,6,1.0
2029,1,196,3,8,1.0
2029,1,196,4,2,1.0
2029,1,196,4,4,1.0
2029,1,196,4,6,1.0
2029,1,196,4,8,1.0
2029,1,196,5,2,1.0
2029,1,196,5,4,1.0
2029,1,196,5,6,1.0
2029,1,196,5,8,1.0
2029,1,196,6,2,1.0
2029,1,196,6,4,1.0
2029,1,196,6,6,1.0
2029,1,196,6,8,1.0
2029,1,196,7,2,1.0
2029,1,196,7,4,1.0
2029,1,196,7,6,1.0
2029,1,196,7,8,1.0
2029,1,196,8,2,1.0
2029,1,196,8,4,1.0
2029,1,196,8,6,1.0
2029,1,196,8,8,1.0
2029,1,196,9,2,1.0
2029,1,196,9,4,1.0
2029,1,196,9,6,1.0
2029,1,196,9,8,1.0
2029,1,181,0,2,1.0
2029,1,181,0,4,1.0
2029,1,181,0,6,1.0
2029,1,181,0,8,1.0
2029,1,181,1,2,1.0
2029,1,181,1,4,1.0
2029,1,181,1,6,1.0
2029,1,181,1,8,1.0
2029,1,181,2,2,1.0
2029,1,181,2,4,1.0
2029,1,181,2,6,1.0
2029,1,181,2,8,1.0
2029,1,181,3,2,1.0
2029,1,181,3,4,1.0
2029,1,181,3,6,1.0
2029,1,181,3,8,1.0
2029,1,181,4,2,1.0
2029,1,181,4,4,1.0
2029,1,181,4,6,1.0
2029,1,181,4,8,1.0
2029,1,181,5,2,1.0
2029,1,181,5,4,1.0
2029,1,181,5,6,1.0
2029,1,181,5,8,1.0
2029,1,181,6,2,1.0
2029,1,181,6,4,1.0
2029,1,181,6,6,1.0
2029,1,181,6,8,1.0
2029,1,181,7,2,1.0
2029,1,181,7,4,1.0
2029,1,181,7,6,1.0
2029,1,181,7,8,1.0
2029,1,181,8,2,1.0
2029,1,181,8,4,1.0
2029,1,181,8,6,1.0
2029,1,181,8,8,1.0
2029,1,181,9,2,1.0
2029,1,181,9,4,1.0
2029,1,181,9,6,1.0
2029,1,181,9,8,1.0
2029,1,514,0,2,1.0
2029,1,514,0,4,1.0
2029,1,514,0,6,1.0
2029,1,514,0,8,1.0
2029,1,514,1,2,1.0
2029,1,514,1,4,1.0
2029,1,514,1,6,1.0
2029,1,514,1,8,1.0
2029,1,514,2,2,1.0
2029,1,514,2,4,1.0
2029,1,514,2,6,1.0
2029,1,514,2,8,1.0
2029,1,514,3,2,1.0
2029,1,514,3,4,1.0
2029,1,514,3,6,1.0
2029,1,514,3,8,1.0
2029,1,514,4,2,1.0
2029,1,514,4,4,1.0
2029,1,514,4,6,1.0
2029,1,514,4,8,1.0
2029,1,514,5,2,1.0
2029,1,514,5,4,1.0
2029,1,514,5,6,1.0
2029,1,514,5,8,1.0
2029,1,514,6,2,1.0
2029,1,514,6,4,1.0
2029,1,514,6,6,1.0
2029,1,514,6,8,1.0
2029,1,514,7,2,1.0
2029,1,514,7,4,1.0
2029,1,514,7,6,1.0
2029,1,514,7,8,1.0
2029,1,514,8,2,1.0
2029,1,514,8,4,1.0
2029,1,514,8,6,1.0
2029,1,514,8,8,1.0
2029,1,514,9,2,1.0
2029,1,514,9,4,1.0
2029,1,514,9,6,1.0
2029,1,514,9,8,1.0
2029,1,557,0,2,1.0
2029,1,557,0,4,1.0
2029,1,557,0,6,1.0
2029,1,557,0,8,1.0
2029,1,557,1,2,1.0
2029,1,557,1,4,1.0
2029,1,557,1,6,1.0
2029,1,557,1,8,1.0
2029,1,557,2,2,1.0
2029,1,557,2,4,1.0
2029,1,557,2,6,1.0
2029,1,557,2,8,1.0
2029,1,557,3,2,1.0
2029,1,557,3,4,1.0
2029,1,557,3,6,1.0
2029,1,557,3,8,1.0
2029,1,557,4,2,1.0
2029,1,557,4,4,1.0
2029,1,557,4,6,1.0
2029,1,557,4,8,1.0
2029,1,557,5,2,1.0
2029,1,557,5,4,1.0
2029,1,557,5,6,1.0
2029,1,557,5,8,1.0
2029,1,557,6,2,1.0
2029,1,557,6,4,1.0
2029,1,557,6,6,1.0
2029,1,557,6,8,1.0
2029,1,557,7,2,1.0
2029,1,557,7,4,1.0
2029,1,557,7,6,1.0
2029,1,557,7,8,1.0
2029,1,557,8,2,1.0
2029,1,557,8,4,1.0
2029,1,557,8,6,1.0
2029,1,557,8,8,1.0
2029,1,557,9,2,1.0
2029,1,557,9,4,1.0
2029,1,557,9,6,1.0
2029,1,557,9,8,1.0
2029,1,127,0,2,1.0
2029,1,127,0,4,1.0
2029,1,127,0,6,1.0
2029,1,127,0,8,1.0
2029,1,127,1,2,1.0
2029,1,127,1,4,1.0
2029,1,127,1,6,1.0
2029,1,127,1,8,1.0
2029,1,127,2,2,1.0
2029,1,127,2,4,1.0
2029,1,127,2,6,1.0
2029,1,127,2,8,1.0
2029,1,127,3,2,1.0
2029,1,127,3,4,1.0
2029,1,127,3,6,1.0
2029,1,127,3,8,1.0
2029,1,127,4,2,1.0
2029,1,127,4,4,1.0
2029,1,127,4,6,1.0
2029,1,127,4,8,1.0
2029,1,127,5,2,1.0
2029,1,127,5,4,1.0
2029,1,127,5,6,1.0
2029,1,127,5,8,1.0
2029,1,127,6,2,1.0
2029,1,127,6,4,1.0
2029,1,127,6,6,1.0
2029,1,127,6,8,1.0
2029,1,127,7,2,1.0
2029,1,127,7,4,1.0
2029,1,127,7,6,1.0
2029,1,127,7,8,1.0
2029,1,127,8,2,1.0
2029,1,127,8,4,1.0
2029,1,127,8,6,1.0
2029,1,127,8,8,1.0
2029,1,127,9,2,1.0
2029,1,127,9,4,1.0
2029,1,127,9,6,1.0
2029,1,127,9,8,1.0
2029,1,496,0,2,1.0
2029,1,496,0,4,1.0
2029,1,496,0,6,1.0
2029,1,496,0,8,1.0
2029,1,496,1,2,1.0
2029,1,496,1,4,1.0
2029,1,496,1,6,1.0
2029,1,496,1,8,1.0
2029,1,496,2,2,1.0
2029,1,496,2,4,1.0
2029,1,496,2,6,1.0
2029,1,496,2,8,1.0
2029,1,496,3,2,1.0
2029,1,496,3,4,1.0
2029,1,496,3,6,1.0
2029,1,496,3,8,1.0
2029,1,496,4,2,1.0
2029,1,496,4,4,1.0
2029,1,496,4,6,1.0
2029,1,496,4,8,1.0
2029,1,496,5,2,1.0
2029,1,496,5,4,1.0
2029,1,496,5,6,1.0
2029,1,496,5,8,1.0
2029,1,496,6,2,1.0
2029,1,496,6,4,1.0
2029,1,496,6,6,1.0
2029,1,496,6,8,1.0
2029,1,496,7,2,1.0
2029,1,496,7,4,1.0
2029,1,496,7,6,1.0
2029,1,496,7,8,1.0
2029,1,496,8,2,1.0
2029,1,496,8,4,1.0
2029,1,496,8,6,1.0
2029,1,496,8,8,1.0
2029,1,496,9,2,1.0
2029,1,496,9,4,1.0
2029,1,496,9,6,1.0
2029,1,496,9,8,1.0
2029,1,482,0,2,1.0
2029,1,482,0,4,1.0
2029,1,482,0,6,1.0
2029,1,482,0,8,1.0
2029,1,482,1,2,1.0
2029,1,482,1,4,1.0
2029,1,482,1,6,1.0
2029,1,482,1,8,1.0
2029,1,482,2,2,1.0
2029,1,482,2,4,1.0
2029,1,482,2,6,1.0
2029,1,482,2,8,1.0
2029,1,482,3,2,1.0
2029,1,482,3,4,1.0
2029,1,482,3,6,1.0
2029,1,482,3,8,1.0
2029,1,482,4,2,1.0
2029,1,482,4,4,1.0
2029,1,482,4,6,1.0
2029,1,482,4,8,1.0
2029,1,482,5,2,1.0
2029,1,482,5,4,1.0
2029,1,482,5,6,1.0
2029,1,482,5,8,1.0
2029,1,482,6,2,1.0
2029,1,482,6,4,1.0
2029,1,482,6,6,1.0
2029,1,482,6,8,1.0
2029,1,482,7,2,1.0
2029,1,482,7,4,1.0
2029,1,482,7,6,1.0
2029,1,482,7,8,1.0
2029,1,482,8,2,1.0
2029,1,482,8,4,1.0
2029,1,482,8,6,1.0
2029,1,482,8,8,1.0
2029,1,482,9,2,1.0
2029,1,482,9,4,1.0
2029,1,482,9,6,1.0
2029,1,482,9,8,1.0
2029,1,320,0,2,1.0
2029,1,320,0,4,1.0
2029,1,320,0,6,1.0
2029,1,320,0,8,1.0
2029,1,320,1,2,1.0
2029,1,320,1,4,1.0
2029,1,320,1,6,1.0
2029,1,320,1,8,1.0
2029,1,320,2,2,1.0
2029,1,320,2,4,1.0
2029,1,320,2,6,1.0
2029,1,320,2,8,1.0
2029,1,320,3,2,1.0
2029,1,320,3,4,1.0
2029,1,320,3,6,1.0
2029,1,320,3,8,1.0
2029,1,320,4,2,1.0
2029,1,320,4,4,1.0
2029,1,320,4,6,1.0
2029,1,320,4,8,1.0
2029,1,320,5,2,1.0
2029,1,320,5,4,1.0
2029,1,320,5,6,1.0
2029,1,320,5,8,1.0
2029,1,320,6,2,1.0
2029,1,320,6,4,1.0
2029,1,320,6,6,1.0
2029,1,320,6,8,1.0
2029,1,320,7,2,1.0
2029,1,320,7,4,1.0
2029,1,320,7,6,1.0
2029,1,320,7,8,1.0
2029,1,320,8,2,1.0
2029,1,320,8,4,1.0
2029,1,320,8,6,1.0
2029,1,320,8,8,1.0
2029,1,320,9,2,1.0
2029,1,320,9,4,1.0
2029,1,320,9,6,1.0
2029,1,320,9,8,1.0
2029,1,456,0,2,1.0
2029,1,456,0,4,1.0
2029,1,456,0,6,1.0
2029,1,456,0,8,1.0
2029,1,456,1,2,1.0
2029,1,456,1,4,1.0
2029,1,456,1,6,1.0
2029,1,456,1,8,1.0
2029,1,456,2,2,1.0
2029,1,456,2,4,1.0
2029,1,456,2,6,1.0
2029,1,456,2,8,1.0
2029,1,456,3,2,1.0
2029,1,456,3,4,1.0
2029,1,456,3,6,1.0
2029,1,456,3,8,1.0
2029,1,456,4,2,1.0
2029,1,456,4,4,1.0
2029,1,456,4,6,1.0
2029,1,456,4,8,1.0
2029,1,456,5,2,1.0
2029,1,456,5,4,1.0
2029,1,456,5,6,1.0
2029,1,456,5,8,1.0
2029,1,456,6,2,1.0
2029,1,456,6,4,1.0
2029,1,456,6,6,1.0
2029,1,456,6,8,1.0
2029,1,456,7,2,1.0
2029,1,456,7,4,1.0
2029,1,456,7,6,1.0
2029,1,456,7,8,1.0
2029,1,456,8,2,1.0
2029,1,456,8,4,1.0
2029,1,456,8,6,1.0
2029,1,456,8,8,1.0
2029,1,456,9,2,1.0
2029,1,456,9,4,1.0
2029,1,456,9,6,1.0
2029,1,456,9,8,1.0
2029,2,534,0,2,1.0
2029,2,534,0,4,1.0
2029,2,534,0,6,1.0
2029,2,534,0,8,1.0
2029,2,534,1,2,1.0
2029,2,534,1,4,1.0
2029,2,534,1,6,1.0
2029,2,534,1,8,1.0
2029,2,534,2,2,1.0
2029,2,534,2,4,1.0
2029,2,534,2,6,1.0
2029,2,534,2,8,1.0
2029,2,534,3,2,1.0
2029,2,534,3,4,1.0
2029,2,534,3,6,1.0
2029,2,534,3,8,1.0
2029,2,534,4,2,1.0
2029,2,534,4,4,1.0
2029,2,534,4,6,1.0
2029,2,534,4,8,1.0
2029,2,534,5,2,1.0
2029,2,534,5,4,1.0
2029,2,534,5,6,1.0
2029,2,534,5,8,1.0
2029,2,534,6,2,1.0
2029,2,534,6,4,1.0
2029,2,534,6,6,1.0
2029,2,534,6,8,1.0
2029,2,534,7,2,1.0
2029,2,534,7,4,1.0
2029,2,534,7,6,1.0
2029,2,534,7,8,1.0
2029,2,534,8,2,1.0
2029,2,534,8,4,1.0
2029,2,534,8,6,1.0
2029,2,534,8,8,1.0
2029,2,534,9,2,1.0
2029,2,534,9,4,1.0
2029,2,534,9,6,1.0
2029,2,534,9,8,1.0
2029,2,33,0,2,1.0
2029,2,33,0,4,1.0
2029,2,33,0,6,1.0
2029,2,33,0,8,1.0
2029,2,33,1,2,1.0
2029,2,33,1,4,1.0
2029,2,33,1,6,1.0
2029,2,33,1,8,1.0
2029,2,33,2,2,1.0
2029,2,33,2,4,1.0
2029,2,33,2,6,1.0
2029,2,33,2,8,1.0
2029,2,33,3,2,1.0
2029,2,33,3,4,1.0
2029,2,33,3,6,1.0
2029,2,33,3,8,1.0
2029,2,33,4,2,1.0
2029,2,33,4,4,1.0
2029,2,33,4,6,1.0
2029,2,33,4,8,1.0
2029,2,33,5,2,1.0
2029,2,33,5,4,1.0
2029,2,33,5,6,1.0
2029,2,33,5,8,1.0
2029,2,33,6,2,1.0
2029,2,33,6,4,1.0
2029,2,33,6,6,1.0
2029,2,33,6,8,1.0
2029,2,33,7,2,1.0
2029,2,33,7,4,1.0
2029,2,33,7,6,1.0
2029,2,33,7,8,1.0
2029,2,33,8,2,1.0
2029,2,33,8,4,1.0
2029,2,33,8,6,1.0
2029,2,33,8,8,1.0
2029,2,33,9,2,1.0
2029,2,33,9,4,1.0
2029,2,33,9,6,1.0
2029,2,33,9,8,1.0
2029,2,211,0,2,1.0
2029,2,211,0,4,1.0
2029,2,211,0,6,1.0
2029,2,211,0,8,1.0
2029,2,211,1,2,1.0
2029,2,211,1,4,1.0
2029,2,211,1,6,1.0
2029,2,211,1,8,1.0
2029,2,211,2,2,1.0
2029,2,211,2,4,1.0
2029,2,211,2,6,1.0
2029,2,211,2,8,1.0
2029,2,211,3,2,1.0
2029,2,211,3,4,1.0
2029,2,211,3,6,1.0
2029,2,211,3,8,1.0
2029,2,211,4,2,1.0
2029,2,211,4,4,1.0
2029,2,211,4,6,1.0
2029,2,211,4,8,1.0
2029,2,211,5,2,1.0
2029,2,211,5,4,1.0
2029,2,211,5,6,1.0
2029,2,211,5,8,1.0
2029,2,211,6,2,1.0
2029,2,211,6,4,1.0
2029,2,211,6,6,1.0
2029,2,211,6,8,1.0
2029,2,211,7,2,1.0
2029,2,211,7,4,1.0
2029,2,211,7,6,1.0
2029,2,211,7,8,1.0
2029,2,211,8,2,1.0
2029,2,211,8,4,1.0
2029,2,211,8,6,1.0
2029,2,211,8,8,1.0
2029,2,211,9,2,1.0
2029,2,211,9,4,1.0
2029,2,211,9,6,1.0
2029,2,211,9,8,1.0
2029,2,427,0,2,1.0
2029,2,427,0,4,1.0
2029,2,427,0,6,1.0
2029,2,427,0,8,1.0
2029,2,427,1,2,1.0
2029,2,427,1,4,1.0
2029,2,427,1,6,1.0
2029,2,427,1,8,1.0
2029,2,427,2,2,1.0
2029,2,427,2,4,1.0
2029,2,427,2,6,1.0
2029,2,427,2,8,1.0
2029,2,427,3,2,1.0
2029,2,427,3,4,1.0
2029,2,427,3,6,1.0
2029,2,427,3,8,1.0
2029,2,427,4,2,1.0
2029,2,427,4,4,1.0
2029,2,427,4,6,1.0
2029,2,427,4,8,1.0
2029,2,427,5,2,1.0
2029,2,427,5,4,1.0
2029,2,427,5,6,1.0
2029,2,427,5,8,1.0
2029,2,427,6,2,1.0
2029,2,427,6,4,1.0
2029,2,427,6,6,1.0
2029,2,427,6,8,1.0
2029,2,427,7,2,1.0
2029,2,427,7,4,1.0
2029,2,427,7,6,1.0
2029,2,427,7,8,1.0
2029,2,427,8,2,1.0
2029,2,427,8,4,1.0
2029,2,427,8,6,1.0
2029,2,427,8,8,1.0
2029,2,427,9,2,1.0
2029,2,427,9,4,1.0
2029,2,427,9,6,1.0
2029,2,427,9,8,1.0
2029,2,440,0,2,1.0
2029,2,440,0,4,1.0
2029,2,440,0,6,1.0
2029,2,440,0,8,1.0
2029,2,440,1,2,1.0
2029,2,440,1,4,1.0
2029,2,440,1,6,1.0
2029,2,440,1,8,1.0
2029,2,440,2,2,1.0
2029,2,440,2,4,1.0
2029,2,440,2,6,1.0
2029,2,440,2,8,1.0
2029,2,440,3,2,1.0
2029,2,440,3,4,1.0
2029,2,440,3,6,1.0
2029,2,440,3,8,1.0
2029,2,440,4,2,1.0
2029,2,440,4,4,1.0
2029,2,440,4,6,1.0
2029,2,440,4,8,1.0
2029,2,440,5,2,1.0
2029,2,440,5,4,1.0
2029,2,440,5,6,1.0
2029,2,440,5,8,1.0
2029,2,440,6,2,1.0
2029,2,440,6,4,1.0
2029,2,440,6,6,1.0
2029,2,440,6,8,1.0
2029,2,440,7,2,1.0
2029,2,440,7,4,1.0
2029,2,440,7,6,1.0
2029,2,440,7,8,1.0
2029,2,440,8,2,1.0
2029,2,440,8,4,1.0
2029,2,440,8,6,1.0
2029,2,440,8,8,1.0
2029,2,440,9,2,1.0
2029,2,440,9,4,1.0
2029,2,440,9,6,1.0
2029,2,440,9,8,1.0
2029,2,215,0,2,1.0
2029,2,215,0,4,1.0
2029,2,215,0,6,1.0
2029,2,215,0,8,1.0
2029,2,215,1,2,1.0
2029,2,215,1,4,1.0
2029,2,215,1,6,1.0
2029,2,215,1,8,1.0
2029,2,215,2,2,1.0
2029,2,215,2,4,1.0
2029,2,215,2,6,1.0
2029,2,215,2,8,1.0
2029,2,215,3,2,1.0
2029,2,215,3,4,1.0
2029,2,215,3,6,1.0
2029,2,215,3,8,1.0
2029,2,215,4,2,1.0
2029,2,215,4,4,1.0
2029,2,215,4,6,1.0
2029,2,215,4,8,1.0
2029,2,215,5,2,1.0
2029,2,215,5,4,1.0
2029,2,215,5,6,1.0
2029,2,215,5,8,1.0
2029,2,215,6,2,1.0
2029,2,215,6,4,1.0
2029,2,215,6,6,1.0
2029,2,215,6,8,1.0
2029,2,215,7,2,1.0
2029,2,215,7,4,1.0
2029,2,215,7,6,1.0
2029,2,215,7,8,1.0
2029,2,215,8,2,1.0
2029,2,215,8,4,1.0
2029,2,215,8,6,1.0
2029,2,215,8,8,1.0
2029,2,215,9,2,1.0
2029,2,215,9,4,1.0
2029,2,215,9,6,1.0
2029,2,215,9,8,1.0
2029,2,597,0,2,1.0
2029,2,597,0,4,1.0
2029,2,597,0,6,1.0
2029,2,597,0,8,1.0
2029,2,597,1,2,1.0
2029,2,597,1,4,1.0
2029,2,597,1,6,1.0
2029,2,597,1,8,1.0
2029,2,597,2,2,1.0
2029,2,597,2,4,1.0
2029,2,597,2,6,1.0
2029,2,597,2,8,1.0
2029,2,597,3,2,1.0
2029,2,597,3,4,1.0
2029,2,597,3,6,1.0
2029,2,597,3,8,1.0
2029,2,597,4,2,1.0
2029,2,597,4,4,1.0
2029,2,597,4,6,1.0
2029,2,597,4,8,1.0
2029,2,597,5,2,1.0
2029,2,597,5,4,1.0
2029,2,597,5,6,1.0
2029,2,597,5,8,1.0
2029,2,597,6,2,1.0
2029,2,597,6,4,1.0
2029,2,597,6,6,1.0
2029,2,597,6,8,1.0
2029,2,597,7,2,1.0
2029,2,597,7,4,1.0
2029,2,597,7,6,1.0
2029,2,597,7,8,1.0
2029,2,597,8,2,1.0
2029,2,597,8,4,1.0
2029,2,597,8,6,1.0
2029,2,597,8,8,1.0
2029,2,597,9,2,1.0
2029,2,597,9,4,1.0
2029,2,597,9,6,1.0
2029,2,597,9,8,1.0
2029,2,58,0,2,1.0
2029,2,58,0,4,1.0
2029,2,58,0,6,1.0
2029,2,58,0,8,1.0
2029,2,58,1,2,1.0
2029,2,58,1,4,1.0
2029,2,58,1,6,1.0
2029,2,58,1,8,1.0
2029,2,58,2,2,1.0
2029,2,58,2,4,1.0
2029,2,58,2,6,1.0
2029,2,58,2,8,1.0
2029,2,58,3,2,1.0
2029,2,58,3,4,1.0
2029,2,58,3,6,1.0
2029,2,58,3,8,1.0
2029,2,58,4,2,1.0
2029,2,58,4,4,1.0
2029,2,58,4,6,1.0
2029,2,58,4,8,1.0
2029,2,58,5,2,1.0
2029,2,58,5,4,1.0
2029,2,58,5,6,1.0
2029,2,58,5,8,1.0
2029,2,58,6,2,1.0
2029,2,58,6,4,1.0
2029,2,58,6,6,1.0
2029,2,58,6,8,1.0
2029,2,58,7,2,1.0
2029,2,58,7,4,1.0
2029,2,58,7,6,1.0
2029,2,58,7,8,1.0
2029,2,58,8,2,1.0
2029,2,58,8,4,1.0
2029,2,58,8,6,1.0
2029,2,58,8,8,1.0
2029,2,58,9,2,1.0
2029,2,58,9,4,1.0
2029,2,58,9,6,1.0
2029,2,58,9,8,1.0
2029,2,350,0,2,1.0
2029,2,350,0,4,1.0
2029,2,350,0,6,1.0
2029,2,350,0,8,1.0
2029,2,350,1,2,1.0
2029,2,350,1,4,1.0
2029,2,350,1,6,1.0
2029,2,350,1,8,1.0
2029,2,350,2,2,1.0
2029,2,350,2,4,1.0
2029,2,350,2,6,1.0
2029,2,350,2,8,1.0
2029,2,350,3,2,1.0
2029,2,350,3,4,1.0
2029,2,350,3,6,1.0
2029,2,350,3,8,1.0
2029,2,350,4,2,1.0
2029,2,350,4,4,1.0
2029,2,350,4,6,1.0
2029,2,350,4,8,1.0
2029,2,350,5,2,1.0
2029,2,350,5,4,1.0
2029,2,350,5,6,1.0
2029,2,350,5,8,1.0
2029,2,350,6,2,1.0
2029,2,350,6,4,1.0
2029,2,350,6,6,1.0
2029,2,350,6,8,1.0
2029,2,350,7,2,1.0
2029,2,350,7,4,1.0
2029,2,350,7,6,1.0
2029,2,350,7,8,1.0
2029,2,350,8,2,1.0
2029,2,350,8,4,1.0
2029,2,350,8,6,1.0
2029,2,350,8,8,1.0
2029,2,350,9,2,1.0
2029,2,350,9,4,1.0
2029,2,350,9,6,1.0
2029,2,350,9,8,1.0
2029,2,214,0,2,1.0
2029,2,214,0,4,1.0
2029,2,214,0,6,1.0
2029,2,214,0,8,1.0
2029,2,214,1,2,1.0
2029,2,214,1,4,1.0
2029,2,214,1,6,1.0
2029,2,214,1,8,1.0
2029,2,214,2,2,1.0
2029,2,214,2,4,1.0
2029,2,214,2,6,1.0
2029,2,214,2,8,1.0
2029,2,214,3,2,1.0
2029,2,214,3,4,1.0
2029,2,214,3,6,1.0
2029,2,214,3,8,1.0
2029,2,214,4,2,1.0
2029,2,214,4,4,1.0
2029,2,214,4,6,1.0
2029,2,214,4,8,1.0
2029,2,214,5,2,1.0
2029,2,214,5,4,1.0
2029,2,214,5,6,1.0
2029,2,214,5,8,1.0
2029,2,214,6,2,1.0
2029,2,214,6,4,1.0
2029,2,214,6,6,1.0
2029,2,214,6,8,1.0
2029,2,214,7,2,1.0
2029,2,214,7,4,1.0
2029,2,214,7,6,1.0
2029,2,214,7,8,1.0
2029,2,214,8,2,1.0
2029,2,214,8,4,1.0
2029,2,214,8,6,1.0
2029,2,214,8,8,1.0
2029,2,214,9,2,1.0
2029,2,214,9,4,1.0
2029,2,214,9,6,1.0
2029,2,214,9,8,1.0
2029,2,330,0,2,1.0
2029,2,330,0,4,1.0
2029,2,330,0,6,1.0
2029,2,330,0,8,1.0
2029,2,330,1,2,1.0
2029,2,330,1,4,1.0
2029,2,330,1,6,1.0
2029,2,330,1,8,1.0
2029,2,330,2,2,1.0
2029,2,330,2,4,1.0
2029,2,330,2,6,1.0
2029,2,330,2,8,1.0
2029,2,330,3,2,1.0
2029,2,330,3,4,1.0
2029,2,330,3,6,1.0
2029,2,330,3,8,1.0
2029,2,330,4,2,1.0
2029,2,330,4,4,1.0
2029,2,330,4,6,1.0
2029,2,330,4,8,1.0
2029,2,330,5,2,1.0
2029,2,330,5,4,1.0
2029,2,330,5,6,1.0
2029,2,330,5,8,1.0
2029,2,330,6,2,1.0
2029,2,330,6,4,1.0
2029,2,330,6,6,1.0
2029,2,330,6,8,1.0
2029,2,330,7,2,1.0
2029,2,330,7,4,1.0
2029,2,330,7,6,1.0
2029,2,330,7,8,1.0
2029,2,330,8,2,1.0
2029,2,330,8,4,1.0
2029,2,330,8,6,1.0
2029,2,330,8,8,1.0
2029,2,330,9,2,1.0
2029,2,330,9,4,1.0
2029,2,330,9,6,1.0
2029,2,330,9,8,1.0
2029,2,196,0,2,1.0
2029,2,196,0,4,1.0
2029,2,196,0,6,1.0
2029,2,196,0,8,1.0
2029,2,196,1,2,1.0
2029,2,196,1,4,1.0
2029,2,196,1,6,1.0
2029,2,196,1,8,1.0
2029,2,196,2,2,1.0
2029,2,196,2,4,1.0
2029,2,196,2,6,1.0
2029,2,196,2,8,1.0
2029,2,196,3,2,1.0
2029,2,196,3,4,1.0
2029,2,196,3,6,1.0
2029,2,196,3,8,1.0
2029,2,196,4,2,1.0
2029,2,196,4,4,1.0
2029,2,196,4,6,1.0
2029,2,196,4,8,1.0
2029,2,196,5,2,1.0
2029,2,196,5,4,1.0
2029,2,196,5,6,1.0
2029,2,196,5,8,1.0
2029,2,196,6,2,1.0
2029,2,196,6,4,1.0
2029,2,196,6,6,1.0
2029,2,196,6,8,1.0
2029,2,196,7,2,1.0
2029,2,196,7,4,1.0
2029,2,196,7,6,1.0
2029,2,196,7,8,1.0
2029,2,196,8,2,1.0
2029,2,196,8,4,1.0
2029,2,196,8,6,1.0
2029,2,196,8,8,1.0
2029,2,196,9,2,1.0
2029,2,196,9,4,1.0
2029,2,196,9,6,1.0
2029,2,196,9,8,1.0
2029,2,181,0,2,1.0
2029,2,181,0,4,1.0
2029,2,181,0,6,1.0
2029,2,181,0,8,1.0
2029,2,181,1,2,1.0
2029,2,181,1,4,1.0
2029,2,181,1,6,1.0
2029,2,181,1,8,1.0
2029,2,181,2,2,1.0
2029,2,181,2,4,1.0
2029,2,181,2,6,1.0
2029,2,181,2,8,1.0
2029,2,181,3,2,1.0
2029,2,181,3,4,1.0
2029,2,181,3,6,1.0
2029,2,181,3,8,1.0
2029,2,181,4,2,1.0
2029,2,181,4,4,1.0
2029,2,181,4,6,1.0
2029,2,181,4,8,1.0
2029,2,181,5,2,1.0
2029,2,181,5,4,1.0
2029,2,181,5,6,1.0
2029,2,181,5,8,1.0
2029,2,181,6,2,1.0
2029,2,181,6,4,1.0
2029,2,181,6,6,1.0
2029,2,181,6,8,1.0
2029,2,181,7,2,1.0
2029,2,181,7,4,1.0
2029,2,181,7,6,1.0
2029,2,181,7,8,1.0
2029,2,181,8,2,1.0
2029,2,181,8,4,1.0
2029,2,181,8,6,1.0
2029,2,181,8,8,1.0
2029,2,181,9,2,1.0
2029,2,181,9,4,1.0
2029,2,181,9,6,1.0
2029,2,181,9,8,1.0
2029,2,514,0,2,1.0
2029,2,514,0,4,1.0
2029,2,514,0,6,1.0
2029,2,514,0,8,1.0
2029,2,514,1,2,1.0
2029,2,514,1,4,1.0
2029,2,514,1,6,1.0
2029,2,514,1,8,1.0
2029,2,514,2,2,1.0
2029,2,514,2,4,1.0
2029,2,514,2,6,1.0
2029,2,514,2,8,1.0
2029,2,514,3,2,1.0
2029,2,514,3,4,1.0
2029,2,514,3,6,1.0
2029,2,514,3,8,1.0
2029,2,514,4,2,1.0
2029,2,514,4,4,1.0
2029,2,514,4,6,1.0
2029,2,514,4,8,1.0
2029,2,514,5,2,1.0
2029,2,514,5,4,1.0
2029,2,514,5,6,1.0
2029,2,514,5,8,1.0
2029,2,514,6,2,1.0
2029,2,514,6,4,1.0
2029,2,514,6,6,1.0
2029,2,514,6,8,1.0
2029,2,514,7,2,1.0
2029,2,514,7,4,1.0
2029,2,514,7,6,1.0
2029,2,514,7,8,1.0
2029,2,514,8,2,1.0
2029,2,514,8,4,1.0
2029,2,514,8,6,1.0
2029,2,514,8,8,1.0
2029,2,514,9,2,1.0
2029,2,514,9,4,1.0
2029,2,514,9,6,1.0
2029,2,514,9,8,1.0
2029,2,557,0,2,1.0
2029,2,557,0,4,1.0
2029,2,557,0,6,1.0
2029,2,557,0,8,1.0
2029,2,557,1,2,1.0
2029,2,557,1,4,1.0
2029,2,557,1,6,1.0
2029,2,557,1,8,1.0
2029,2,557,2,2,1.0
2029,2,557,2,4,1.0
2029,2,557,2,6,1.0
2029,2,557,2,8,1.0
2029,2,557,3,2,1.0
2029,2,557,3,4,1.0
2029,2,557,3,6,1.0
2029,2,557,3,8,1.0
2029,2,557,4,2,1.0
2029,2,557,4,4,1.0
2029,2,557,4,6,1.0
2029,2,557,4,8,1.0
2029,2,557,5,2,1.0
2029,2,557,5,4,1.0
2029,2,557,5,6,1.0
2029,2,557,5,8,1.0
2029,2,557,6,2,1.0
2029,2,557,6,4,1.0
2029,2,557,6,6,1.0
2029,2,557,6,8,1.0
2029,2,557,7,2,1.0
2029,2,557,7,4,1.0
2029,2,557,7,6,1.0
2029,2,557,7,8,1.0
2029,2,557,8,2,1.0
2029,2,557,8,4,1.0
2029,2,557,8,6,1.0
2029,2,557,8,8,1.0
2029,2,557,9,2,1.0
2029,2,557,9,4,1.0
2029,2,557,9,6,1.0
2029,2,557,9,8,1.0
2029,2,127,0,2,1.0
2029,2,127,0,4,1.0
2029,2,127,0,6,1.0
2029,2,127,0,8,1.0
2029,2,127,1,2,1.0
2029,2,127,1,4,1.0
2029,2,127,1,6,1.0
2029,2,127,1,8,1.0
2029,2,127,2,2,1.0
2029,2,127,2,4,1.0
2029,2,127,2,6,1.0
2029,2,127,2,8,1.0
2029,2,127,3,2,1.0
2029,2,127,3,4,1.0
2029,2,127,3,6,1.0
2029,2,127,3,8,1.0
2029,2,127,4,2,1.0
2029,2,127,4,4,1.0
2029,2,127,4,6,1.0
2029,2,127,4,8,1.0
2029,2,127,5,2,1.0
2029,2,127,5,4,1.0
2029,2,127,5,6,1.0
2029,2,127,5,8,1.0
2029,2,127,6,2,1.0
2029,2,127,6,4,1.0
2029,2,127,6,6,1.0
2029,2,127,6,8,1.0
2029,2,127,7,2,1.0
2029,2,127,7,4,1.0
2029,2,127,7,6,1.0
2029,2,127,7,8,1.0
2029,2,127,8,2,1.0
2029,2,127,8,4,1.0
2029,2,127,8,6,1.0
2029,2,127,8,8,1.0
2029,2,127,9,2,1.0
2029,2,127,9,4,1.0
2029,2,127,9,6,1.0
2029,2,127,9,8,1.0
2029,2,496,0,2,1.0
2029,2,496,0,4,1.0
2029,2,496,0,6,1.0
2029,2,496,0,8,1.0
2029,2,496,1,2,1.0
2029,2,496,1,4,1.0
2029,2,496,1,6,1.0
2029,2,496,1,8,1.0
2029,2,496,2,2,1.0
2029,2,496,2,4,1.0
2029,2,496,2,6,1.0
2029,2,496,2,8,1.0
2029,2,496,3,2,1.0
2029,2,496,3,4,1.0
2029,2,496,3,6,1.0
2029,2,496,3,8,1.0
2029,2,496,4,2,1.0
2029,2,496,4,4,1.0
2029,2,496,4,6,1.0
2029,2,496,4,8,1.0
2029,2,496,5,2,1.0
2029,2,496,5,4,1.0
2029,2,496,5,6,1.0
2029,2,496,5,8,1.0
2029,2,496,6,2,1.0
2029,2,496,6,4,1.0
2029,2,496,6,6,1.0
2029,2,496,6,8,1.0
2029,2,496,7,2,1.0
2029,2,496,7,4,1.0
2029,2,496,7,6,1.0
2029,2,496,7,8,1.0
2029,2,496,8,2,1.0
2029,2,496,8,4,1.0
2029,2,496,8,6,1.0
2029,2,496,8,8,1.0
2029,2,496,9,2,1.0
2029,2,496,9,4,1.0
2029,2,496,9,6,1.0
2029,2,496,9,8,1.0
2029,2,482,0,2,1.0
2029,2,482,0,4,1.0
2029,2,482,0,6,1.0
2029,2,482,0,8,1.0
2029,2,482,1,2,1.0
2029,2,482,1,4,1.0
2029,2,482,1,6,1.0
2029,2,482,1,8,1.0
2029,2,482,2,2,1.0
2029,2,482,2,4,1.0
2029,2,482,2,6,1.0
2029,2,482,2,8,1.0
2029,2,482,3,2,1.0
2029,2,482,3,4,1.0
2029,2,482,3,6,1.0
2029,2,482,3,8,1.0
2029,2,482,4,2,1.0
2029,2,482,4,4,1.0
2029,2,482,4,6,1.0
2029,2,482,4,8,1.0
2029,2,482,5,2,1.0
2029,2,482,5,4,1.0
2029,2,482,5,6,1.0
2029,2,482,5,8,1.0
2029,2,482,6,2,1.0
2029,2,482,6,4,1.0
2029,2,482,6,6,1.0
2029,2,482,6,8,1.0
2029,2,482,7,2,1.0
2029,2,482,7,4,1.0
2029,2,482,7,6,1.0
2029,2,482,7,8,1.0
2029,2,482,8,2,1.0
2029,2,482,8,4,1.0
2029,2,482,8,6,1.0
2029,2,482,8,8,1.0
2029,2,482,9,2,1.0
2029,2,482,9,4,1.0
2029,2,482,9,6,1.0
2029,2,482,9,8,1.0
2029,2,320,0,2,1.0
2029,2,320,0,4,1.0
2029,2,320,0,6,1.0
2029,2,320,0,8,1.0
2029,2,320,1,2,1.0
2029,2,320,1,4,1.0
2029,2,320,1,6,1.0
2029,2,320,1,8,1.0
2029,2,320,2,2,1.0
2029,2,320,2,4,1.0
2029,2,320,2,6,1.0
2029,2,320,2,8,1.0
2029,2,320,3,2,1.0
2029,2,320,3,4,1.0
2029,2,320,3,6,1.0
2029,2,320,3,8,1.0
2029,2,320,4,2,1.0
2029,2,320,4,4,1.0
2029,2,320,4,6,1.0
2029,2,320,4,8,1.0
2029,2,320,5,2,1.0
2029,2,320,5,4,1.0
2029,2,320,5,6,1.0
2029,2,320,5,8,1.0
2029,2,320,6,2,1.0
2029,2,320,6,4,1.0
2029,2,320,6,6,1.0
2029,2,320,6,8,1.0
2029,2,320,7,2,1.0
2029,2,320,7,4,1.0
2029,2,320,7,6,1.0
2029,2,320,7,8,1.0
2029,2,320,8,2,1.0
2029,2,320,8,4,1.0
2029,2,320,8,6,1.0
2029,2,320,8,8,1.0
2029,2,320,9,2,1.0
2029,2,320,9,4,1.0
2029,2,320,9,6,1.0
2029,2,320,9,8,1.0
2029,2,456,0,2,1.0
2029,2,456,0,4,1.0
2029,2,456,0,6,1.0
2029,2,456,0,8,1.0
2029,2,456,1,2,1.0
2029,2,456,1,4,1.0
2029,2,456,1,6,1.0
2029,2,456,1,8,1.0
2029,2,456,2,2,1.0
2029,2,456,2,4,1.0
2029,2,456,2,6,1.0
2029,2,456,2,8,1.0
2029,2,456,3,2,1.0
2029,2,456,3,4,1.0
2029,2,456,3,6,1.0
2029,2,456,3,8,1.0
2029,2,456,4,2,1.0
2029,2,456,4,4,1.0
2029,2,456,4,6,1.0
2029,2,456,4,8,1.0
2029,2,456,5,2,1.0
2029,2,456,5,4,1.0
2029,2,456,5,6,1.0
2029,2,456,5,8,1.0
2029,2,456,6,2,1.0
2029,2,456,6,4,1.0
2029,2,456,6,6,1.0
2029,2,456,6,8,1.0
2029,2,456,7,2,1.0
2029,2,456,7,4,1.0
2029,2,456,7,6,1.0
2029,2,456,7,8,1.0
2029,2,456,8,2,1.0
2029,2,456,8,4,1.0
2029,2,456,8,6,1.0
2029,2,456,8,8,1.0
2029,2,456,9,2,1.0
2029,2,456,9,4,1.0
2029,2,456,9,6,1.0
2029,2,456,9,8,1.0
2030,0,352,0,2,1.0
2030,0,352,0,4,1.0
2030,0,352,0,6,1.0
2030,0,352,0,8,1.0
2030,0,352,1,2,1.0
2030,0,352,1,4,1.0
2030,0,352,1,6,1.0
2030,0,352,1,8,1.0
2030,0,352,2,2,1.0
2030,0,352,2,4,1.0
2030,0,352,2,6,1.0
2030,0,352,2,8,1.0
2030,0,352,3,2,1.0
2030,0,352,3,4,1.0
2030,0,352,3,6,1.0
2030,0,352,3,8,1.0
2030,0,352,4,2,1.0
2030,0,352,4,4,1.0
2030,0,352,4,6,1.0
2030,0,352,4,8,1.0
2030,0,352,5,2,1.0
2030,0,352,5,4,1.0
2030,0,352,5,6,1.0
2030,0,352,5,8,1.0
2030,0,352,6,2,1.0
2030,0,352,6,4,1.0
2030,0,352,6,6,1.0
2030,0,352,6,8,1.0
2030,0,352,7,2,1.0
2030,0,352,7,4,1.0
2030,0,352,7,6,1.0
2030,0,352,7,8,1.0
2030,0,352,8,2,1.0
2030,0,352,8,4,1.0
2030,0,352,8,6,1.0
2030,0,352,8,8,1.0
2030,0,352,9,2,1.0
2030,0,352,9,4,1.0
2030,0,352,9,6,1.0
2030,0,352,9,8,1.0
2030,0,235,0,2,1.0
2030,0,235,0,4,1.0
2030,0,235,0,6,1.0
2030,0,235,0,8,1.0
2030,0,235,1,2,1.0
2030,0,235,1,4,1.0
2030,0,235,1,6,1.0
2030,0,235,1,8,1.0
2030,0,235,2,2,1.0
2030,0,235,2,4,1.0
2030,0,235,2,6,1.0
2030,0,235,2,8,1.0
2030,0,235,3,2,1.0
2030,0,235,3,4,1.0
2030,0,235,3,6,1.0
2030,0,235,3,8,1.0
2030,0,235,4,2,1.0
2030,0,235,4,4,1.0
2030,0,235,4,6,1.0
2030,0,235,4,8,1.0
2030,0,235,5,2,1.0
2030,0,235,5,4,1.0
2030,0,235,5,6,1.0
2030,0,235,5,8,1.0
2030,0,235,6,2,1.0
2030,0,235,6,4,1.0
2030,0,235,6,6,1.0
2030,0,235,6,8,1.0
2030,0,235,7,2,1.0
2030,0,235,7,4,1.0
2030,0,235,7,6,1.0
2030,0,235,7,8,1.0
2030,0,235,8,2,1.0
2030,0,235,8,4,1.0
2030,0,235,8,6,1.0
2030,0,235,8,8,1.0
2030,0,235,9,2,1.0
2030,0,235,9,4,1.0
2030,0,235,9,6,1.0
2030,0,235,9,8,1.0
2030,0,496,0,2,1.0
2030,0,496,0,4,1.0
2030,0,496,0,6,1.0
2030,0,496,0,8,1.0
2030,0,496,1,2,1.0
2030,0,496,1,4,1.0
2030,0,496,1,6,1.0
2030,0,496,1,8,1.0
2030,0,496,2,2,1.0
2030,0,496,2,4,1.0
2030,0,496,2,6,1.0
2030,0,496,2,8,1.0
2030,0,496,3,2,1.0
2030,0,496,3,4,1.0
2030,0,496,3,6,1.0
2030,0,496,3,8,1.0
2030,0,496,4,2,1.0
2030,0,496,4,4,1.0
2030,0,496,4,6,1.0
2030,0,496,4,8,1.0
2030,0,496,5,2,1.0
2030,0,496,5,4,1.0
2030,0,496,5,6,1.0
2030,0,496,5,8,1.0
2030,0,496,6,2,1.0
2030,0,496,6,4,1.0
2030,0,496,6,6,1.0
2030,0,496,6,8,1.0
2030,0,496,7,2,1.0
2030,0,496,7,4,1.0
2030,0,496,7,6,1.0
2030,0,496,7,8,1.0
2030,0,496,8,2,1.0
2030,0,496,8,4,1.0
2030,0,496,8,6,1.0
2030,0,496,8,8,1.0
2030,0,496,9,2,1.0
2030,0,496,9,4,1.0
2030,0,496,9,6,1.0
2030,0,496,9,8,1.0
2030,0,197,0,2,1.0
2030,0,197,0,4,1.0
2030,0,197,0,6,1.0
2030,0,197,0,8,1.0
2030,0,197,1,2,1.0
2030,0,197,1,4,1.0
2030,0,197,1,6,1.0
2030,0,197,1,8,1.0
2030,0,197,2,2,1.0
2030,0,197,2,4,1.0
2030,0,197,2,6,1.0
2030,0,197,2,8,1.0
2030,0,197,3,2,1.0
2030,0,197,3,4,1.0
2030,0,197,3,6,1.0
2030,0,197,3,8,1.0
2030,0,197,4,2,1.0
2030,0,197,4,4,1.0
2030,0,197,4,6,1.0
2030,0,197,4,8,1.0
2030,0,197,5,2,1.0
2030,0,197,5,4,1.0
2030,0,197,5,6,1.0
2030,0,197,5,8,1.0
2030,0,197,6,2,1.0
2030,0,197,6,4,1.0
2030,0,197,6,6,1.0
2030,0,197,6,8,1.0
2030,0,197,7,2,1.0
2030,0,197,7,4,1.0
2030,0,197,7,6,1.0
2030,0,197,7,8,1.0
2030,0,197,8,2,1.0
2030,0,197,8,4,1.0
2030,0,197,8,6,1.0
2030,0,197,8,8,1.0
2030,0,197,9,2,1.0
2030,0,197,9,4,1.0
2030,0,197,9,6,1.0
2030,0,197,9,8,1.0
2030,0,296,0,2,1.0
2030,0,296,0,4,1.0
2030,0,296,0,6,1.0
2030,0,296,0,8,1.0
2030,0,296,1,2,1.0
2030,0,296,1,4,1.0
2030,0,296,1,6,1.0
2030,0,296,1,8,1.0
2030,0,296,2,2,1.0
2030,0,296,2,4,1.0
2030,0,296,2,6,1.0
2030,0,296,2,8,1.0
2030,0,296,3,2,1.0
2030,0,296,3,4,1.0
2030,0,296,3,6,1.0
2030,0,296,3,8,1.0
2030,0,296,4,2,1.0
2030,0,296,4,4,1.0
2030,0,296,4,6,1.0
2030,0,296,4,8,1.0
2030,0,296,5,2,1.0
2030,0,296,5,4,1.0
2030,0,296,5,6,1.0
2030,0,296,5,8,1.0
2030,0,296,6,2,1.0
2030,0,296,6,4,1.0
2030,0,296,6,6,1.0
2030,0,296,6,8,1.0
2030,0,296,7,2,1.0
2030,0,296,7,4,1.0
2030,0,296,7,6,1.0
2030,0,296,7,8,1.0
2030,0,296,8,2,1.0
2030,0,296,8,4,1.0
2030,0,296,8,6,1.0
2030,0,296,8,8,1.0
2030,0,296,9,2,1.0
2030,0,296,9,4,1.0
2030,0,296,9,6,1.0
2030,0,296,9,8,1.0
2030,0,479,0,2,1.0
2030,0,479,0,4,1.0
2030,0,479,0,6,1.0
2030,0,479,0,8,1.0
2030,0,479,1,2,1.0
2030,0,479,1,4,1.0
2030,0,479,1,6,1.0
2030,0,479,1,8,1.0
2030,0,479,2,2,1.0
2030,0,479,2,4,1.0
2030,0,479,2,6,1.0
2030,0,479,2,8,1.0
2030,0,479,3,2,1.0
2030,0,479,3,4,1.0
2030,0,479,3,6,1.0
2030,0,479,3,8,1.0
2030,0,479,4,2,1.0
2030,0,479,4,4,1.0
2030,0,479,4,6,1.0
2030,0,479,4,8,1.0
2030,0,479,5,2,1.0
2030,0,479,5,4,1.0
2030,0,479,5,6,1.0
2030,0,479,5,8,1.0
2030,0,479,6,2,1.0
2030,0,479,6,4,1.0
2030,0,479,6,6,1.0
2030,0,479,6,8,1.0
2030,0,479,7,2,1.0
2030,0,479,7,4,1.0
2030,0,479,7,6,1.0
2030,0,479,7,8,1.0
2030,0,479,8,2,1.0
2030,0,479,8,4,1.0
2030,0,479,8,6,1.0
2030,0,479,8,8,1.0
2030,0,479,9,2,1.0
2030,0,479,9,4,1.0
2030,0,479,9,6,1.0
2030,0,479,9,8,1.0
2030,0,467,0,2,1.0
2030,0,467,0,4,1.0
2030,0,467,0,6,1.0
2030,0,467,0,8,1.0
2030,0,467,1,2,1.0
2030,0,467,1,4,1.0
2030,0,467,1,6,1.0
2030,0,467,1,8,1.0
2030,0,467,2,2,1.0
2030,0,467,2,4,1.0
2030,0,467,2,6,1.0
2030,0,467,2,8,1.0
2030,0,467,3,2,1.0
2030,0,467,3,4,1.0
2030,0,467,3,6,1.0
2030,0,467,3,8,1.0
2030,0,467,4,2,1.0
2030,0,467,4,4,1.0
2030,0,467,4,6,1.0
2030,0,467,4,8,1.0
2030,0,467,5,2,1.0
2030,0,467,5,4,1.0
2030,0,467,5,6,1.0
2030,0,467,5,8,1.0
2030,0,467,6,2,1.0
2030,0,467,6,4,1.0
2030,0,467,6,6,1.0
2030,0,467,6,8,1.0
2030,0,467,7,2,1.0
2030,0,467,7,4,1.0
2030,0,467,7,6,1.0
2030,0,467,7,8,1.0
2030,0,467,8,2,1.0
2030,0,467,8,4,1.0
2030,0,467,8,6,1.0
2030,0,467,8,8,1.0
2030,0,467,9,2,1.0
2030,0,467,9,4,1.0
2030,0,467,9,6,1.0
2030,0,467,9,8,1.0
2030,0,462,0,2,1.0
2030,0,462,0,4,1.0
2030,0,462,0,6,1.0
2030,0,462,0,8,1.0
2030,0,462,1,2,1.0
2030,0,462,1,4,1.0
2030,0,462,1,6,1.0
2030,0,462,1,8,1.0
2030,0,462,2,2,1.0
2030,0,462,2,4,1.0
2030,0,462,2,6,1.0
2030,0,462,2,8,1.0
2030,0,462,3,2,1.0
2030,0,462,3,4,1.0
2030,0,462,3,6,1.0
2030,0,462,3,8,1.0
2030,0,462,4,2,1.0
2030,0,462,4,4,1.0
2030,0,462,4,6,1.0
2030,0,462,4,8,1.0
2030,0,462,5,2,0.3333333333333333
2030,0,462,5,4,1.0
2030,0,462,5,6,1.0
2030,0,462,5,8,1.0
2030,0,462,6,2,1.0
2030,0,462,6,4,1.0
2030,0,462,6,6,1.0
2030,0,462,6,8,1.0
2030,0,462,7,2,1.0
2030,0,462,7,4,1.0
2030,0,462,7,6,1.0
2030,0,462,7,8,1.0
2030,0,462,8,2,0.3333333333333333
2030,0,462,8,4,1.0
2030,0,462,8,6,1.0
2030,0,462,8,8,1.0
2030,0,462,9,2,1.0
2030,0,462,9,4,1.0
2030,0,462,9,6,1.0
2030,0,462,9,8,1.0
2030,0,300,0,2,1.0
2030,0,300,0,4,1.0
2030,0,300,0,6,1.0
2030,0,300,0,8,1.0
2030,0,300,1,2,1.0
2030,0,300,1,4,1.0
2030,0,300,1,6,1.0
2030,0,300,1,8,1.0
2030,0,300,2,2,1.0
2030,0,300,2,4,1.0
2030,0,300,2,6,1.0
2030,0,300,2,8,1.0
2030,0,300,3,2,1.0
2030,0,300,3,4,1.0
2030,0,300,3,6,1.0
2030,0,300,3,8,1.0
2030,0,300,4,2,1.0
2030,0,300,4,4,1.0
2030,0,300,4,6,1.0
2030,0,300,4,8,1.0
2030,0,300,5,2,1.0
2030,0,300,5,4,1.0
2030,0,300,5,6,1.0
2030,0,300,5,8,1.0
2030,0,300,6,2,1.0
2030,0,300,6,4,1.0
2030,0,300,6,6,1.0
2030,0,300,6,8,1.0
2030,0,300,7,2,1.0
2030,0,300,7,4,1.0
2030,0,300,7,6,1.0
2030,0,300,7,8,1.0
2030,0,300,8,2,1.0
2030,0,300,8,4,1.0
2030,0,300,8,6,1.0
2030,0,300,8,8,1.0
2030,0,300,9,2,1.0
2030,0,300,9,4,1.0
2030,0,300,9,6,1.0
2030,0,300,9,8,1.0
2030,0,568,0,2,1.0
2030,0,568,0,4,1.0
2030,0,568,0,6,1.0
2030,0,568,0,8,1.0
2030,0,568,1,2,1.0
2030,0,568,1,4,1.0
2030,0,568,1,6,1.0
2030,0,568,1,8,1.0
2030,0,568,2,2,1.0
2030,0,568,2,4,1.0
2030,0,568,2,6,1.0
2030,0,568,2,8,1.0
2030,0,568,3,2,1.0
2030,0,568,3,4,1.0
2030,0,568,3,6,1.0
2030,0,568,3,8,1.0
2030,0,568,4,2,1.0
2030,0,568,4,4,1.0
2030,0,568,4,6,1.0
2030,0,568,4,8,1.0
2030,0,568,5,2,1.0
2030,0,568,5,4,1.0
2030,0,568,5,6,1.0
2030,0,568,5,8,1.0
2030,0,568,6,2,1.0
2030,0,568,6,4,1.0
2030,0,568,6,6,1.0
2030,0,568,6,8,1.0
2030,0,568,7,2,1.0
2030,0,568,7,4,1.0
2030,0,568,7,6,1.0
2030,0,568,7,8,1.0
2030,0,568,8,2,1.0
2030,0,568,8,4,1.0
2030,0,568,8,6,1.0
2030,0,568,8,8,1.0
2030,0,568,9,2,1.0
2030,0,568,9,4,1.0
2030,0,568,9,6,1.0
2030,0,568,9,8,1.0
2030,0,203,0,2,1.0
2030,0,203,0,4,1.0
2030,0,203,0,6,1.0
2030,0,203,0,8,1.0
2030,0,203,1,2,1.0
2030,0,203,1,4,1.0
2030,0,203,1,6,1.0
2030,0,203,1,8,1.0
2030,0,203,2,2,1.0
2030,0,203,2,4,1.0
2030,0,203,2,6,1.0
2030,0,203,2,8,1.0
2030,0,203,3,2,1.0
2030,0,203,3,4,1.0
2030,0,203,3,6,1.0
2030,0,203,3,8,1.0
2030,0,203,4,2,1.0
2030,0,203,4,4,1.0
2030,0,203,4,6,1.0
2030,0,203,4,8,1.0
2030,0,203,5,2,1.0
2030,0,203,5,4,1.0
2030,0,203,5,6,1.0
2030,0,203,5,8,1.0
2030,0,203,6,2,1.0
2030,0,203,6,4,1.0
2030,0,203,6,6,1.0
2030,0,203,6,8,1.0
2030,0,203,7,2,1.0
2030,0,203,7,4,1.0
2030,0,203,7,6,1.0
2030,0,203,7,8,1.0
2030,0,203,8,2,1.0
2030,0,203,8,4,1.0
2030,0,203,8,6,1.0
2030,0,203,8,8,1.0
2030,0,203,9,2,1.0
2030,0,203,9,4,1.0
2030,0,203,9,6,1.0
2030,0,203,9,8,1.0
2030,0,540,0,2,1.0
2030,0,540,0,4,1.0
2030,0,540,0,6,1.0
2030,0,540,0,8,1.0
2030,0,540,1,2,1.0
2030,0,540,1,4,1.0
2030,0,540,1,6,1.0
2030,0,540,1,8,1.0
2030,0,540,2,2,1.0
2030,0,540,2,4,1.0
2030,0,540,2,6,1.0
2030,0,540,2,8,1.0
2030,0,540,3,2,1.0
2030,0,540,3,4,1.0
2030,0,540,3,6,1.0
2030,0,540,3,8,1.0
2030,0,540,4,2,1.0
2030,0,540,4,4,1.0
2030,0,540,4,6,1.0
2030,0,540,4,8,1.0
2030,0,540,5,2,1.0
2030,0,540,5,4,1.0
2030,0,540,5,6,1.0
2030,0,540,5,8,1.0
2030,0,540,6,2,1.0
2030,0,540,6,4,1.0
2030,0,540,6,6,1.0
2030,0,540,6,8,1.0
2030,0,540,7,2,1.0
2030,0,540,7,4,1.0
2030,0,540,7,6,1.0
2030,0,540,7,8,1.0
2030,0,540,8,2,1.0
2030,0,540,8,4,1.0
2030,0,540,8,6,1.0
2030,0,540,8,8,1.0
2030,0,540,9,2,1.0
2030,0,540,9,4,1.0
2030,0,540,9,6,1.0
2030,0,540,9,8,1.0
2030,0,207,0,2,1.0
2030,0,207,0,4,1.0
2030,0,207,0,6,1.0
2030,0,207,0,8,1.0
2030,0,207,1,2,1.0
2030,0,207,1,4,1.0
2030,0,207,1,6,1.0
2030,0,207,1,8,1.0
2030,0,207,2,2,1.0
2030,0,207,2,4,1.0
2030,0,207,2,6,1.0
2030,0,207,2,8,1.0
2030,0,207,3,2,1.0
2030,0,207,3,4,1.0
2030,0,207,3,6,1.0
2030,0,207,3,8,1.0
2030,0,207,4,2,1.0
2030,0,207,4,4,1.0
2030,0,207,4,6,1.0
2030,0,207,4,8,1.0
2030,0,207,5,2,1.0
2030,0,207,5,4,1.0
2030,0,207,5,6,1.0
2030,0,207,5,8,1.0
2030,0,207,6,2,1.0
2030,0,207,6,4,1.0
2030,0,207,6,6,1.0
2030,0,207,6,8,1.0
2030,0,207,7,2,1.0
2030,0,207,7,4,1.0
2030,0,207,7,6,1.0
2030,0,207,7,8,1.0
2030,0,207,8,2,1.0
2030,0,207,8,4,1.0
2030,0,207,8,6,1.0
2030,0,207,8,8,1.0
2030,0,207,9,2,1.0
2030,0,207,9,4,1.0
2030,0,207,9,6,1.0
2030,0,207,9,8,1.0
2030,0,562,0,2,1.0
2030,0,562,0,4,1.0
2030,0,562,0,6,1.0
2030,0,562,0,8,1.0
2030,0,562,1,2,1.0
2030,0,562,1,4,1.0
2030,0,562,1,6,1.0
2030,0,562,1,8,1.0
2030,0,562,2,2,1.0
2030,0,562,2,4,1.0
2030,0,562,2,6,1.0
2030,0,562,2,8,1.0
2030,0,562,3,2,1.0
2030,0,562,3,4,1.0
2030,0,562,3,6,1.0
2030,0,562,3,8,1.0
2030,0,562,4,2,1.0
2030,0,562,4,4,1.0
2030,0,562,4,6,1.0
2030,0,562,4,8,1.0
2030,0,562,5,2,1.0
2030,0,562,5,4,1.0
2030,0,562,5,6,1.0
2030,0,562,5,8,1.0
2030,0,562,6,2,1.0
2030,0,562,6,4,1.0
2030,0,562,6,6,1.0
2030,0,562,6,8,1.0
2030,0,562,7,2,1.0
2030,0,562,7,4,1.0
2030,0,562,7,6,1.0
2030,0,562,7,8,1.0
2030,0,562,8,2,1.0
2030,0,562,8,4,1.0
2030,0,562,8,6,1.0
2030,0,562,8,8,1.0
2030,0,562,9,2,1.0
2030,0,562,9,4,1.0
2030,0,562,9,6,1.0
2030,0,562,9,8,1.0
2030,0,577,0,2,1.0
2030,0,577,0,4,1.0
2030,0,577,0,6,1.0
2030,0,577,0,8,1.0
2030,0,577,1,2,1.0
2030,0,577,1,4,1.0
2030,0,577,1,6,1.0
2030,0,577,1,8,1.0
2030,0,577,2,2,1.0
2030,0,577,2,4,1.0
2030,0,577,2,6,1.0
2030,0,577,2,8,1.0
2030,0,577,3,2,1.0
2030,0,577,3,4,1.0
2030,0,577,3,6,1.0
2030,0,577,3,8,1.0
2030,0,577,4,2,1.0
2030,0,577,4,4,1.0
2030,0,577,4,6,1.0
2030,0,577,4,8,1.0
2030,0,577,5,2,1.0
2030,0,577,5,4,1.0
2030,0,577,5,6,1.0
2030,0,577,5,8,1.0
2030,0,577,6,2,1.0
2030,0,577,6,4,1.0
2030,0,577,6,6,1.0
2030,0,577,6,8,1.0
2030,0,577,7,2,1.0
2030,0,577,7,4,1.0
2030,0,577,7,6,1.0
2030,0,577,7,8,1.0
2030,0,577,8,2,1.0
2030,0,577,8,4,1.0
2030,0,577,8,6,1.0
2030,0,577,8,8,1.0
2030,0,577,9,2,1.0
2030,0,577,9,4,1.0
2030,0,577,9,6,1.0
2030,0,577,9,8,1.0
2030,0,330,0,2,1.0
2030,0,330,0,4,1.0
2030,0,330,0,6,1.0
2030,0,330,0,8,1.0
2030,0,330,1,2,1.0
2030,0,330,1,4,1.0
2030,0,330,1,6,1.0
2030,0,330,1,8,1.0
2030,0,330,2,2,1.0
2030,0,330,2,4,1.0
2030,0,330,2,6,1.0
2030,0,330,2,8,1.0
2030,0,330,3,2,1.0
2030,0,330,3,4,1.0
2030,0,330,3,6,1.0
2030,0,330,3,8,1.0
2030,0,330,4,2,1.0
2030,0,330,4,4,1.0
2030,0,330,4,6,1.0
2030,0,330,4,8,1.0
2030,0,330,5,2,1.0
2030,0,330,5,4,1.0
2030,0,330,5,6,1.0
2030,0,330,5,8,1.0
2030,0,330,6,2,1.0
2030,0,330,6,4,1.0
2030,0,330,6,6,1.0
2030,0,330,6,8,1.0
2030,0,330,7,2,1.0
2030,0,330,7,4,1.0
2030,0,330,7,6,1.0
2030,0,330,7,8,1.0
2030,0,330,8,2,1.0
2030,0,330,8,4,1.0
2030,0,330,8,6,1.0
2030,0,330,8,8,1.0
2030,0,330,9,2,1.0
2030,0,330,9,4,1.0
2030,0,330,9,6,1.0
2030,0,330,9,8,1.0
2030,0,500,0,2,1.0
2030,0,500,0,4,1.0
2030,0,500,0,6,1.0
2030,0,500,0,8,1.0
2030,0,500,1,2,1.0
2030,0,500,1,4,1.0
2030,0,500,1,6,1.0
2030,0,500,1,8,1.0
2030,0,500,2,2,1.0
2030,0,500,2,4,1.0
2030,0,500,2,6,1.0
2030,0,500,2,8,1.0
2030,0,500,3,2,1.0
2030,0,500,3,4,1.0
2030,0,500,3,6,1.0
2030,0,500,3,8,1.0
2030,0,500,4,2,1.0
2030,0,500,4,4,1.0
2030,0,500,4,6,1.0
2030,0,500,4,8,1.0
2030,0,500,5,2,1.0
2030,0,500,5,4,1.0
2030,0,500,5,6,1.0
2030,0,500,5,8,1.0
2030,0,500,6,2,1.0
2030,0,500,6,4,1.0
2030,0,500,6,6,1.0
2030,0,500,6,8,1.0
2030,0,500,7,2,1.0
2030,0,500,7,4,1.0
2030,0,500,7,6,1.0
2030,0,500,7,8,1.0
2030,0,500,8,2,1.0
2030,0,500,8,4,1.0
2030,0,500,8,6,1.0
2030,0,500,8,8,1.0
2030,0,500,9,2,1.0
2030,0,500,9,4,1.0
2030,0,500,9,6,1.0
2030,0,500,9,8,1.0
2030,0,165,0,2,1.0
2030,0,165,0,4,1.0
2030,0,165,0,6,1.0
2030,0,165,0,8,1.0
2030,0,165,1,2,1.0
2030,0,165,1,4,1.0
2030,0,165,1,6,1.0
2030,0,165,1,8,1.0
2030,0,165,2,2,1.0
2030,0,165,2,4,1.0
2030,0,165,2,6,1.0
2030,0,165,2,8,1.0
2030,0,165,3,2,1.0
2030,0,165,3,4,1.0
2030,0,165,3,6,1.0
2030,0,165,3,8,1.0
2030,0,165,4,2,1.0
2030,0,165,4,4,1.0
2030,0,165,4,6,1.0
2030,0,165,4,8,1.0
2030,0,165,5,2,1.0
2030,0,165,5,4,1.0
2030,0,165,5,6,1.0
2030,0,165,5,8,1.0
2030,0,165,6,2,1.0
2030,0,165,6,4,1.0
2030,0,165,6,6,1.0
2030,0,165,6,8,1.0
2030,0,165,7,2,1.0
2030,0,165,7,4,1.0
2030,0,165,7,6,1.0
2030,0,165,7,8,1.0
2030,0,165,8,2,1.0
2030,0,165,8,4,1.0
2030,0,165,8,6,1.0
2030,0,165,8,8,1.0
2030,0,165,9,2,1.0
2030,0,165,9,4,1.0
2030,0,165,9,6,1.0
2030,0,165,9,8,1.0
2030,0,574,0,2,1.0
2030,0,574,0,4,1.0
2030,0,574,0,6,1.0
2030,0,574,0,8,1.0
2030,0,574,1,2,1.0
2030,0,574,1,4,1.0
2030,0,574,1,6,1.0
2030,0,574,1,8,1.0
2030,0,574,2,2,1.0
2030,0,574,2,4,1.0
2030,0,574,2,6,1.0
2030,0,574,2,8,1.0
2030,0,574,3,2,1.0
2030,0,574,3,4,1.0
2030,0,574,3,6,1.0
2030,0,574,3,8,1.0
2030,0,574,4,2,1.0
2030,0,574,4,4,1.0
2030,0,574,4,6,1.0
2030,0,574,4,8,1.0
2030,0,574,5,2,1.0
2030,0,574,5,4,1.0
2030,0,574,5,6,1.0
2030,0,574,5,8,1.0
2030,0,574,6,2,1.0
2030,0,574,6,4,1.0
2030,0,574,6,6,1.0
2030,0,574,6,8,1.0
2030,0,574,7,2,1.0
2030,0,574,7,4,1.0
2030,0,574,7,6,1.0
2030,0,574,7,8,1.0
2030,0,574,8,2,1.0
2030,0,574,8,4,1.0
2030,0,574,8,6,1.0
2030,0,574,8,8,1.0
2030,0,574,9,2,1.0
2030,0,574,9,4,1.0
2030,0,574,9,6,1.0
2030,0,574,9,8,1.0
2030,0,412,0,2,1.0
2030,0,412,0,4,1.0
2030,0,412,0,6,1.0
2030,0,412,0,8,1.0
2030,0,412,1,2,1.0
2030,0,412,1,4,1.0
2030,0,412,1,6,1.0
2030,0,412,1,8,1.0
2030,0,412,2,2,1.0
2030,0,412,2,4,1.0
2030,0,412,2,6,1.0
2030,0,412,2,8,1.0
2030,0,412,3,2,1.0
2030,0,412,3,4,1.0
2030,0,412,3,6,1.0
2030,0,412,3,8,1.0
2030,0,412,4,2,1.0
2030,0,412,4,4,1.0
2030,0,412,4,6,1.0
2030,0,412,4,8,1.0
2030,0,412,5,2,1.0
2030,0,412,5,4,1.0
2030,0,412,5,6,1.0
2030,0,412,5,8,1.0
2030,0,412,6,2,1.0
2030,0,412,6,4,1.0
2030,0,412,6,6,1.0
2030,0,412,6,8,1.0
2030,0,412,7,2,1.0
2030,0,412,7,4,1.0
2030,0,412,7,6,1.0
2030,0,412,7,8,1.0
2030,0,412,8,2,1.0
2030,0,412,8,4,1.0
2030,0,412,8,6,1.0
2030,0,412,8,8,1.0
2030,0,412,9,2,1.0
2030,0,412,9,4,1.0
2030,0,412,9,6,1.0
2030,0,412,9,8,1.0
2030,1,352,0,2,1.0
2030,1,352,0,4,1.0
2030,1,352,0,6,1.0
2030,1,352,0,8,1.0
2030,1,352,1,2,1.0
2030,1,352,1,4,1.0
2030,1,352,1,6,1.0
2030,1,352,1,8,1.0
2030,1,352,2,2,1.0
2030,1,352,2,4,1.0
2030,1,352,2,6,1.0
2030,1,352,2,8,1.0
2030,1,352,3,2,1.0
2030,1,352,3,4,1.0
2030,1,352,3,6,1.0
2030,1,352,3,8,1.0
2030,1,352,4,2,1.0
2030,1,352,4,4,1.0
2030,1,352,4,6,1.0
2030,1,352,4,8,1.0
2030,1,352,5,2,1.0
2030,1,352,5,4,1.0
2030,1,352,5,6,1.0
2030,1,352,5,8,1.0
2030,1,352,6,2,1.0
2030,1,352,6,4,1.0
2030,1,352,6,6,1.0
2030,1,352,6,8,1.0
2030,1,352,7,2,1.0
2030,1,352,7,4,1.0
2030,1,352,7,6,1.0
2030,1,352,7,8,1.0
2030,1,352,8,2,1.0
2030,1,352,8,4,1.0
2030,1,352,8,6,1.0
2030,1,352,8,8,1.0
2030,1,352,9,2,1.0
2030,1,352,9,4,1.0
2030,1,352,9,6,1.0
2030,1,352,9,8,1.0
2030,1,235,0,2,1.0
2030,1,235,0,4,1.0
2030,1,235,0,6,1.0
2030,1,235,0,8,1.0
2030,1,235,1,2,1.0
2030,1,235,1,4,1.0
2030,1,235,1,6,1.0
2030,1,235,1,8,1.0
2030,1,235,2,2,1.0
2030,1,235,2,4,1.0
2030,1,235,2,6,1.0
2030,1,235,2,8,1.0
2030,1,235,3,2,1.0
2030,1,235,3,4,1.0
2030,1,235,3,6,1.0
2030,1,235,3,8,1.0
2030,1,235,4,2,1.0
2030,1,235,4,4,1.0
2030,1,235,4,6,1.0
2030,1,235,4,8,1.0
2030,1,235,5,2,1.0
2030,1,235,5,4,1.0
2030,1,235,5,6,1.0
2030,1,235,5,8,1.0
2030,1,235,6,2,1.0
2030,1,235,6,4,1.0
2030,1,235,6,6,1.0
2030,1,235,6,8,1.0
2030,1,235,7,2,1.0
2030,1,235,7,4,1.0
2030,1,235,7,6,1.0
2030,1,235,7,8,1.0
2030,1,235,8,2,1.0
2030,1,235,8,4,1.0
2030,1,235,8,6,1.0
2030,1,235,8,8,1.0
2030,1,235,9,2,1.0
2030,1,235,9,4,1.0
2030,1,235,9,6,1.0
2030,1,235,9,8,1.0
2030,1,496,0,2,1.0
2030,1,496,0,4,1.0
2030,1,496,0,6,1.0
2030,1,496,0,8,1.0
2030,1,496,1,2,1.0
2030,1,496,1,4,1.0
2030,1,496,1,6,1.0
2030,1,496,1,8,1.0
2030,1,496,2,2,1.0
2030,1,496,2,4,1.0
2030,1,496,2,6,1.0
2030,1,496,2,8,1.0
2030,1,496,3,2,1.0
2030,1,496,3,4,1.0
2030,1,496,3,6,1.0
2030,1,496,3,8,1.0
2030,1,496,4,2,1.0
2030,1,496,4,4,1.0
2030,1,496,4,6,1.0
2030,1,496,4,8,1.0
2030,1,496,5,2,1.0
2030,1,496,5,4,1.0
2030,1,496,5,6,1.0
2030,1,496,5,8,1.0
2030,1,496,6,2,1.0
2030,1,496,6,4,1.0
2030,1,496,6,6,1.0
2030,1,496,6,8,1.0
2030,1,496,7,2,1.0
2030,1,496,7,4,1.0
2030,1,496,7,6,1.0
2030,1,496,7,8,1.0
2030,1,496,8,2,1.0
2030,1,496,8,4,1.0
2030,1,496,8,6,1.0
2030,1,496,8,8,1.0
2030,1,496,9,2,1.0
2030,1,496,9,4,1.0
2030,1,496,9,6,1.0
2030,1,496,9,8,1.0
2030,1,197,0,2,1.0
2030,1,197,0,4,1.0
2030,1,197,0,6,1.0
2030,1,197,0,8,1.0
2030,1,197,1,2,1.0
2030,1,197,1,4,1.0
2030,1,197,1,6,1.0
2030,1,197,1,8,1.0
2030,1,197,2,2,1.0
2030,1,197,2,4,1.0
2030,1,197,2,6,1.0
2030,1,197,2,8,1.0
2030,1,197,3,2,1.0
2030,1,197,3,4,1.0
2030,1,197,3,6,1.0
2030,1,197,3,8,1.0
2030,1,197,4,2,1.0
2030,1,197,4,4,1.0
2030,1,197,4,6,1.0
2030,1,197,4,8,1.0
2030,1,197,5,2,1.0
2030,1,197,5,4,1.0
2030,1,197,5,6,1.0
2030,1,197,5,8,1.0
2030,1,197,6,2,1.0
2030,1,197,6,4,1.0
2030,1,197,6,6,1.0
2030,1,197,6,8,1.0
2030,1,197,7,2,1.0
2030,1,197,7,4,1.0
2030,1,197,7,6,1.0
2030,1,197,7,8,1.0
2030,1,197,8,2,1.0
2030,1,197,8,4,1.0
2030,1,197,8,6,1.0
2030,1,197,8,8,1.0
2030,1,197,9,2,1.0
2030,1,197,9,4,1.0
2030,1,197,9,6,1.0
2030,1,197,9,8,1.0
2030,1,296,0,2,1.0
2030,1,296,0,4,1.0
2030,1,296,0,6,1.0
2030,1,296,0,8,1.0
2030,1,296,1,2,1.0
2030,1,296,1,4,1.0
2030,1,296,1,6,1.0
2030,1,296,1,8,1.0
2030,1,296,2,2,1.0
2030,1,296,2,4,1.0
2030,1,296,2,6,1.0
2030,1,296,2,8,1.0
2030,1,296,3,2,1.0
2030,1,296,3,4,1.0
2030,1,296,3,6,1.0
2030,1,296,3,8,1.0
2030,1,296,4,2,1.0
2030,1,296,4,4,1.0
2030,1,296,4,6,1.0
2030,1,296,4,8,1.0
2030,1,296,5,2,1.0
2030,1,296,5,4,1.0
2030,1,296,5,6,1.0
2030,1,296,5,8,1.0
2030,1,296,6,2,1.0
2030,1,296,6,4,1.0
2030,1,296,6,6,1.0
2030,1,296,6,8,1.0
2030,1,296,7,2,1.0
2030,1,296,7,4,1.0
2030,1,296,7,6,1.0
2030,1,296,7,8,1.0
2030,1,296,8,2,1.0
2030,1,296,8,4,1.0
2030,1,296,8,6,1.0
2030,1,296,8,8,1.0
2030,1,296,9,2,1.0
2030,1,296,9,4,1.0
2030,1,296,9,6,1.0
2030,1,296,9,8,1.0
2030,1,479,0,2,1.0
2030,1,479,0,4,1.0
2030,1,479,0,6,1.0
2030,1,479,0,8,1.0
2030,1,479,1,2,1.0
2030,1,479,1,4,1.0
2030,1,479,1,6,1.0
2030,1,479,1,8,1.0
2030,1,479,2,2,1.0
2030,1,479,2,4,1.0
2030,1,479,2,6,1.0
2030,1,479,2,8,1.0
2030,1,479,3,2,1.0
2030,1,479,3,4,1.0
2030,1,479,3,6,1.0
2030,1,479,3,8,1.0
2030,1,479,4,2,1.0
2030,1,479,4,4,1.0
2030,1,479,4,6,1.0
2030,1,479,4,8,1.0
2030,1,479,5,2,1.0
2030,1,479,5,4,1.0
2030,1,479,5,6,1.0
2030,1,479,5,8,1.0
2030,1,479,6,2,1.0
2030,1,479,6,4,1.0
2030,1,479,6,6,1.0
2030,1,479,6,8,1.0
2030,1,479,7,2,1.0
2030,1,479,7,4,1.0
2030,1,479,7,6,1.0
2030,1,479,7,8,1.0
2030,1,479,8,2,1.0
2030,1,479,8,4,1.0
2030,1,479,8,6,1.0
2030,1,479,8,8,1.0
2030,1,479,9,2,1.0
2030,1,479,9,4,1.0
2030,1,479,9,6,1.0
2030,1,479,9,8,1.0
2030,1,467,0,2,1.0
2030,1,467,0,4,1.0
2030,1,467,0,6,1.0
2030,1,467,0,8,1.0
2030,1,467,1,2,1.0
2030,1,467,1,4,1.0
2030,1,467,1,6,1.0
2030,1,467,1,8,1.0
2030,1,467,2,2,1.0
2030,1,467,2,4,1.0
2030,1,467,2,6,1.0
2030,1,467,2,8,1.0
2030,1,467,3,2,1.0
2030,1,467,3,4,1.0
2030,1,467,3,6,1.0
2030,1,467,3,8,1.0
2030,1,467,4,2,1.0
2030,1,467,4,4,1.0
2030,1,467,4,6,1.0
2030,1,467,4,8,1.0
2030,1,467,5,2,1.0
2030,1,467,5,4,1.0
2030,1,467,5,6,1.0
2030,1,467,5,8,1.0
2030,1,467,6,2,1.0
2030,1,467,6,4,1.0
2030,1,467,6,6,1.0
2030,1,467,6,8,1.0
2030,1,467,7,2,1.0
2030,1,467,7,4,1.0
2030,1,467,7,6,1.0
2030,1,467,7,8,1.0
2030,1,467,8,2,1.0
2030,1,467,8,4,1.0
2030,1,467,8,6,1.0
2030,1,467,8,8,1.0
2030,1,467,9,2,1.0
2030,1,467,9,4,1.0
2030,1,467,9,6,1.0
2030,1,467,9,8,1.0
2030,1,462,0,2,1.0
2030,1,462,0,4,1.0
2030,1,462,0,6,1.0
2030,1,462,0,8,1.0
2030,1,462,1,2,1.0
2030,1,462,1,4,1.0
2030,1,462,1,6,1.0
2030,1,462,1,8,1.0
2030,1,462,2,2,1.0
2030,1,462,2,4,1.0
2030,1,462,2,6,1.0
2030,1,462,2,8,1.0
2030,1,462,3,2,1.0
2030,1,462,3,4,1.0
2030,1,462,3,6,1.0
2030,1,462,3,8,1.0
2030,1,462,4,2,1.0
2030,1,462,4,4,1.0
2030,1,462,4,6,1.0
2030,1,462,4,8,1.0
2030,1,462,5,2,1.0
2030,1,462,5,4,1.0
2030,1,462,5,6,1.0
2030,1,462,5,8,1.0
2030,1,462,6,2,1.0
2030,1,462,6,4,1.0
2030,1,462,6,6,1.0
2030,1,462,6,8,1.0
2030,1,462,7,2,1.0
2030,1,462,7,4,1.0
2030,1,462,7,6,1.0
2030,1,462,7,8,1.0
2030,1,462,8,2,1.0
2030,1,462,8,4,1.0
2030,1,462,8,6,1.0
2030,1,462,8,8,1.0
2030,1,462,9,2,1.0
2030,1,462,9,4,1.0
2030,1,462,9,6,1.0
2030,1,462,9,8,1.0
2030,1,300,0,2,1.0
2030,1,300,0,4,1.0
2030,1,300,0,6,1.0
2030,1,300,0,8,1.0
2030,1,300,1,2,1.0
2030,1,300,1,4,1.0
2030,1,300,1,6,1.0
2030,1,300,1,8,1.0
2030,1,300,2,2,1.0
2030,1,300,2,4,1.0
2030,1,300,2,6,1.0
2030,1,300,2,8,1.0
2030,1,300,3,2,1.0
2030,1,300,3,4,1.0
2030,1,300,3,6,1.0
2030,1,300,3,8,1.0
2030,1,300,4,2,1.0
2030,1,300,4,4,1.0
2030,1,300,4,6,1.0
2030,1,300,4,8,1.0
2030,1,300,5,2,1.0
2030,1,300,5,4,1.0
2030,1,300,5,6,1.0
2030,1,300,5,8,1.0
2030,1,300,6,2,1.0
2030,1,300,6,4,1.0
2030,1,300,6,6,1.0
2030,1,300,6,8,1.0
2030,1,300,7,2,1.0
2030,1,300,7,4,1.0
2030,1,300,7,6,1.0
2030,1,300,7,8,1.0
2030,1,300,8,2,1.0
2030,1,300,8,4,1.0
2030,1,300,8,6,1.0
2030,1,300,8,8,1.0
2030,1,300,9,2,1.0
2030,1,300,9,4,1.0
2030,1,300,9,6,1.0
2030,1,300,9,8,1.0
2030,1,568,0,2,1.0
2030,1,568,0,4,1.0
2030,1,568,0,6,1.0
2030,1,568,0,8,1.0
2030,1,568,1,2,1.0
2030,1,568,1,4,1.0
2030,1,568,1,6,1.0
2030,1,568,1,8,1.0
2030,1,568,2,2,1.0
2030,1,568,2,4,1.0
2030,1,568,2,6,1.0
2030,1,568,2,8,1.0
2030,1,568,3,2,1.0
2030,1,568,3,4,1.0
2030,1,568,3,6,1.0
2030,1,568,3,8,1.0
2030,1,568,4,2,1.0
2030,1,568,4,4,1.0
2030,1,568,4,6,1.0
2030,1,568,4,8,1.0
2030,1,568,5,2,1.0
2030,1,568,5,4,1.0
2030,1,568,5,6,1.0
2030,1,568,5,8,1.0
2030,1,568,6,2,1.0
2030,1,568,6,4,1.0
2030,1,568,6,6,1.0
2030,1,568,6,8,1.0
2030,1,568,7,2,1.0
2030,1,568,7,4,1.0
2030,1,568,7,6,1.0
2030,1,568,7,8,1.0
2030,1,568,8,2,1.0
2030,1,568,8,4,1.0
2030,1,568,8,6,1.0
2030,1,568,8,8,1.0
2030,1,568,9,2,1.0
2030,1,568,9,4,1.0
2030,1,568,9,6,1.0
2030,1,568,9,8,1.0
2030,1,203,0,2,1.0
2030,1,203,0,4,1.0
2030,1,203,0,6,1.0
2030,1,203,0,8,1.0
2030,1,203,1,2,1.0
2030,1,203,1,4,1.0
2030,1,203,1,6,1.0
2030,1,203,1,8,1.0
2030,1,203,2,2,1.0
2030,1,203,2,4,1.0
2030,1,203,2,6,1.0
2030,1,203,2,8,1.0
2030,1,203,3,2,1.0
2030,1,203,3,4,1.0
2030,1,203,3,6,1.0
2030,1,203,3,8,1.0
2030,1,203,4,2,1.0
2030,1,203,4,4,1.0
2030,1,203,4,6,1.0
2030,1,203,4,8,1.0
2030,1,203,5,2,1.0
2030,1,203,5,4,1.0
2030,1,203,5,6,1.0
2030,1,203,5,8,1.0
2030,1,203,6,2,1.0
2030,1,203,6,4,1.0
2030,1,203,6,6,1.0
2030,1,203,6,8,1.0
2030,1,203,7,2,1.0
2030,1,203,7,4,1.0
2030,1,203,7,6,1.0
2030,1,203,7,8,1.0
2030,1,203,8,2,1.0
2030,1,203,8,4,1.0
2030,1,203,8,6,1.0
2030,1,203,8,8,1.0
2030,1,203,9,2,1.0
2030,1,203,9,4,1.0
2030,1,203,9,6,1.0
2030,1,203,9,8,1.0
2030,1,540,0,2,1.0
2030,1,540,0,4,1.0
2030,1,540,0,6,1.0
2030,1,540,0,8,1.0
2030,1,540,1,2,1.0
2030,1,540,1,4,1.0
2030,1,540,1,6,1.0
2030,1,540,1,8,1.0
2030,1,540,2,2,1.0
2030,1,540,2,4,1.0
2030,1,540,2,6,1.0
2030,1,540,2,8,1.0
2030,1,540,3,2,1.0
2030,1,540,3,4,1.0
2030,1,540,3,6,1.0
2030,1,540,3,8,1.0
2030,1,540,4,2,1.0
2030,1,540,4,4,1.0
2030,1,540,4,6,1.0
2030,1,540,4,8,1.0
2030,1,540,5,2,1.0
2030,1,540,5,4,1.0
2030,1,540,5,6,1.0
2030,1,540,5,8,1.0
2030,1,540,6,2,1.0
2030,1,540,6,4,1.0
2030,1,540,6,6,1.0
2030,1,540,6,8,1.0
2030,1,540,7,2,1.0
2030,1,540,7,4,1.0
2030,1,540,7,6,1.0
2030,1,540,7,8,1.0
2030,1,540,8,2,1.0
2030,1,540,8,4,1.0
2030,1,540,8,6,1.0
2030,1,540,8,8,1.0
2030,1,540,9,2,1.0
2030,1,540,9,4,1.0
2030,1,540,9,6,1.0
2030,1,540,9,8,1.0
2030,1,207,0,2,1.0
2030,1,207,0,4,1.0
2030,1,207,0,6,1.0
2030,1,207,0,8,1.0
2030,1,207,1,2,1.0
2030,1,207,1,4,1.0
2030,1,207,1,6,1.0
2030,1,207,1,8,1.0
2030,1,207,2,2,1.0
2030,1,207,2,4,1.0
2030,1,207,2,6,1.0
2030,1,207,2,8,1.0
2030,1,207,3,2,1.0
2030,1,207,3,4,1.0
2030,1,207,3,6,1.0
2030,1,207,3,8,1.0
2030,1,207,4,2,1.0
2030,1,207,4,4,1.0
2030,1,207,4,6,1.0
2030,1,207,4,8,1.0
2030,1,207,5,2,1.0
2030,1,207,5,4,1.0
2030,1,207,5,6,1.0
2030,1,207,5,8,1.0
2030,1,207,6,2,1.0
2030,1,207,6,4,1.0
2030,1,207,6,6,1.0
2030,1,207,6,8,1.0
2030,1,207,7,2,1.0
2030,1,207,7,4,1.0
2030,1,207,7,6,1.0
2030,1,207,7,8,1.0
2030,1,207,8,2,1.0
2030,1,207,8,4,1.0
2030,1,207,8,6,1.0
2030,1,207,8,8,1.0
2030,1,207,9,2,1.0
2030,1,207,9,4,1.0
2030,1,207,9,6,1.0
2030,1,207,9,8,1.0
2030,1,562,0,2,1.0
2030,1,562,0,4,1.0
2030,1,562,0,6,1.0
2030,1,562,0,8,1.0
2030,1,562,1,2,1.0
2030,1,562,1,4,1.0
2030,1,562,1,6,1.0
2030,1,562,1,8,1.0
2030,1,562,2,2,1.0
2030,1,562,2,4,1.0
2030,1,562,2,6,1.0
2030,1,562,2,8,1.0
2030,1,562,3,2,1.0
2030,1,562,3,4,1.0
2030,1,562,3,6,1.0
2030,1,562,3,8,1.0
2030,1,562,4,2,1.0
2030,1,562,4,4,1.0
2030,1,562,4,6,1.0
2030,1,562,4,8,1.0
2030,1,562,5,2,1.0
2030,1,562,5,4,1.0
2030,1,562,5,6,1.0
2030,1,562,5,8,1.0
2030,1,562,6,2,1.0
2030,1,562,6,4,1.0
2030,1,562,6,6,1.0
2030,1,562,6,8,1.0
2030,1,562,7,2,1.0
2030,1,562,7,4,1.0
2030,1,562,7,6,1.0
2030,1,562,7,8,1.0
2030,1,562,8,2,1.0
2030,1,562,8,4,1.0
2030,1,562,8,6,1.0
2030,1,562,8,8,1.0
2030,1,562,9,2,1.0
2030,1,562,9,4,1.0
2030,1,562,9,6,1.0
2030,1,562,9,8,1.0
2030,1,577,0,2,1.0
2030,1,577,0,4,1.0
2030,1,577,0,6,1.0
2030,1,577,0,8,1.0
2030,1,577,1,2,1.0
2030,1,577,1,4,1.0
2030,1,577,1,6,1.0
2030,1,577,1,8,1.0
2030,1,577,2,2,1.0
2030,1,577,2,4,1.0
2030,1,577,2,6,1.0
2030,1,577,2,8,1.0
2030,1,577,3,2,1.0
2030,1,577,3,4,1.0
2030,1,577,3,6,1.0
2030,1,577,3,8,1.0
2030,1,577,4,2,1.0
2030,1,577,4,4,1.0
2030,1,577,4,6,1.0
2030,1,577,4,8,1.0
2030,1,577,5,2,1.0
2030,1,577,5,4,1.0
2030,1,577,5,6,1.0
2030,1,577,5,8,1.0
2030,1,577,6,2,1.0
2030,1,577,6,4,1.0
2030,1,577,6,6,1.0
2030,1,577,6,8,1.0
2030,1,577,7,2,1.0
2030,1,577,7,4,1.0
2030,1,577,7,6,1.0
2030,1,577,7,8,1.0
2030,1,577,8,2,1.0
2030,1,577,8,4,1.0
2030,1,577,8,6,1.0
2030,1,577,8,8,1.0
2030,1,577,9,2,1.0
2030,1,577,9,4,1.0
2030,1,577,9,6,1.0
2030,1,577,9,8,1.0
2030,1,330,0,2,1.0
2030,1,330,0,4,1.0
2030,1,330,0,6,1.0
2030,1,330,0,8,1.0
2030,1,330,1,2,1.0
2030,1,330,1,4,1.0
2030,1,330,1,6,1.0
2030,1,330,1,8,1.0
2030,1,330,2,2,1.0
2030,1,330,2,4,1.0
2030,1,330,2,6,1.0
2030,1,330,2,8,1.0
2030,1,330,3,2,1.0
2030,1,330,3,4,1.0
2030,1,330,3,6,1.0
2030,1,330,3,8,1.0
2030,1,330,4,2,1.0
2030,1,330,4,4,1.0
2030,1,330,4,6,1.0
2030,1,330,4,8,1.0
2030,1,330,5,2,1.0
2030,1,330,5,4,1.0
2030,1,330,5,6,1.0
2030,1,330,5,8,1.0
2030,1,330,6,2,1.0
2030,1,330,6,4,1.0
2030,1,330,6,6,1.0
2030,1,330,6,8,1.0
2030,1,330,7,2,1.0
2030,1,330,7,4,1.0
2030,1,330,7,6,1.0
2030,1,330,7,8,1.0
2030,1,330,8,2,1.0
2030,1,330,8,4,1.0
2030,1,330,8,6,1.0
2030,1,330,8,8,1.0
2030,1,330,9,2,1.0
2030,1,330,9,4,1.0
2030,1,330,9,6,1.0
2030,1,330,9,8,1.0
2030,1,500,0,2,1.0
2030,1,500,0,4,1.0
2030,1,500,0,6,1.0
2030,1,500,0,8,1.0
2030,1,500,1,2,1.0
2030,1,500,1,4,1.0
2030,1,500,1,6,1.0
2030,1,500,1,8,1.0
2030,1,500,2,2,1.0
2030,1,500,2,4,1.0
2030,1,500,2,6,1.0
2030,1,500,2,8,1.0
2030,1,500,3,2,1.0
2030,1,500,3,4,1.0
2030,1,500,3,6,1.0
2030,1,500,3,8,1.0
2030,1,500,4,2,1.0
2030,1,500,4,4,1.0
2030,1,500,4,6,1.0
2030,1,500,4,8,1.0
2030,1,500,5,2,1.0
2030,1,500,5,4,1.0
2030,1,500,5,6,1.0
2030,1,500,5,8,1.0
2030,1,500,6,2,1.0
2030,1,500,6,4,1.0
2030,1,500,6,6,1.0
2030,1,500,6,8,1.0
2030,1,500,7,2,1.0
2030,1,500,7,4,1.0
2030,1,500,7,6,1.0
2030,1,500,7,8,1.0
2030,1,500,8,2,1.0
2030,1,500,8,4,1.0
2030,1,500,8,6,1.0
2030,1,500,8,8,1.0
2030,1,500,9,2,1.0
2030,1,500,9,4,1.0
2030,1,500,9,6,1.0
2030,1,500,9,8,1.0
2030,1,165,0,2,1.0
2030,1,165,0,4,1.0
2030,1,165,0,6,1.0
2030,1,165,0,8,1.0
2030,1,165,1,2,1.0
2030,1,165,1,4,1.0
2030,1,165,1,6,1.0
2030,1,165,1,8,1.0
2030,1,165,2,2,1.0
2030,1,165,2,4,1.0
2030,1,165,2,6,1.0
2030,1,165,2,8,1.0
2030,1,165,3,2,1.0
2030,1,165,3,4,1.0
2030,1,165,3,6,1.0
2030,1,165,3,8,1.0
2030,1,165,4,2,1.0
2030,1,165,4,4,1.0
2030,1,165,4,6,1.0
2030,1,165,4,8,1.0
2030,1,165,5,2,1.0
2030,1,165,5,4,1.0
2030,1,165,5,6,1.0
2030,1,165,5,8,1.0
2030,1,165,6,2,1.0
2030,1,165,6,4,1.0
2030,1,165,6,6,1.0
2030,1,165,6,8,1.0
2030,1,165,7,2,1.0
2030,1,165,7,4,1.0
2030,1,165,7,6,1.0
2030,1,165,7,8,1.0
2030,1,165,8,2,1.0
2030,1,165,8,4,1.0
2030,1,165,8,6,1.0
2030,1,165,8,8,1.0
2030,1,165,9,2,1.0
2030,1,165,9,4,1.0
2030,1,165,9,6,1.0
2030,1,165,9,8,1.0
2030,1,574,0,2,1.0
2030,1,574,0,4,1.0
2030,1,574,0,6,1.0
2030,1,574,0,8,1.0
2030,1,574,1,2,1.0
2030,1,574,1,4,1.0
2030,1,574,1,6,1.0
2030,1,574,1,8,1.0
2030,1,574,2,2,1.0
2030,1,574,2,4,1.0
2030,1,574,2,6,1.0
2030,1,574,2,8,1.0
2030,1,574,3,2,1.0
2030,1,574,3,4,1.0
2030,1,574,3,6,1.0
2030,1,574,3,8,1.0
2030,1,574,4,2,1.0
2030,1,574,4,4,1.0
2030,1,574,4,6,1.0
2030,1,574,4,8,1.0
2030,1,574,5,2,1.0
2030,1,574,5,4,1.0
2030,1,574,5,6,1.0
2030,1,574,5,8,1.0
2030,1,574,6,2,1.0
2030,1,574,6,4,1.0
2030,1,574,6,6,1.0
2030,1,574,6,8,1.0
2030,1,574,7,2,1.0
2030,1,574,7,4,1.0
2030,1,574,7,6,1.0
2030,1,574,7,8,1.0
2030,1,574,8,2,1.0
2030,1,574,8,4,1.0
2030,1,574,8,6,1.0
2030,1,574,8,8,1.0
2030,1,574,9,2,1.0
2030,1,574,9,4,1.0
2030,1,574,9,6,1.0
2030,1,574,9,8,1.0
2030,1,412,0,2,1.0
2030,1,412,0,4,1.0
2030,1,412,0,6,1.0
2030,1,412,0,8,1.0
2030,1,412,1,2,1.0
2030,1,412,1,4,1.0
2030,1,412,1,6,1.0
2030,1,412,1,8,1.0
2030,1,412,2,2,1.0
2030,1,412,2,4,1.0
2030,1,412,2,6,1.0
2030,1,412,2,8,1.0
2030,1,412,3,2,1.0
2030,1,412,3,4,1.0
2030,1,412,3,6,1.0
2030,1,412,3,8,1.0
2030,1,412,4,2,1.0
2030,1,412,4,4,1.0
2030,1,412,4,6,1.0
2030,1,412,4,8,1.0
2030,1,412,5,2,1.0
2030,1,412,5,4,1.0
2030,1,412,5,6,1.0
2030,1,412,5,8,1.0
2030,1,412,6,2,1.0
2030,1,412,6,4,1.0
2030,1,412,6,6,1.0
2030,1,412,6,8,1.0
2030,1,412,7,2,1.0
2030,1,412,7,4,1.0
2030,1,412,7,6,1.0
2030,1,412,7,8,1.0
2030,1,412,8,2,1.0
2030,1,412,8,4,1.0
2030,1,412,8,6,1.0
2030,1,412,8,8,1.0
2030,1,412,9,2,1.0
2030,1,412,9,4,1.0
2030,1,412,9,6,1.0
2030,1,412,9,8,1.0
2030,2,352,0,2,1.0
2030,2,352,0,4,1.0
2030,2,352,0,6,1.0
2030,2,352,0,8,1.0
2030,2,352,1,2,1.0
2030,2,352,1,4,1.0
2030,2,352,1,6,1.0
2030,2,352,1,8,1.0
2030,2,352,2,2,1.0
2030,2,352,2,4,1.0
2030,2,352,2,6,1.0
2030,2,352,2,8,1.0
2030,2,352,3,2,1.0
2030,2,352,3,4,1.0
2030,2,352,3,6,1.0
2030,2,352,3,8,1.0
2030,2,352,4,2,1.0
2030,2,352,4,4,1.0
2030,2,352,4,6,1.0
2030,2,352,4,8,1.0
2030,2,352,5,2,1.0
2030,2,352,5,4,1.0
2030,2,352,5,6,1.0
2030,2,352,5,8,1.0
2030,2,352,6,2,1.0
2030,2,352,6,4,1.0
2030,2,352,6,6,1.0
2030,2,352,6,8,1.0
2030,2,352,7,2,1.0
2030,2,352,7,4,1.0
2030,2,352,7,6,1.0
2030,2,352,7,8,1.0
2030,2,352,8,2,1.0
2030,2,352,8,4,1.0
2030,2,352,8,6,1.0
2030,2,352,8,8,1.0
2030,2,352,9,2,1.0
2030,2,352,9,4,1.0
2030,2,352,9,6,1.0
2030,2,352,9,8,1.0
2030,2,235,0,2,1.0
2030,2,235,0,4,1.0
2030,2,235,0,6,1.0
2030,2,235,0,8,1.0
2030,2,235,1,2,1.0
2030,2,235,1,4,1.0
2030,2,235,1,6,1.0
2030,2,235,1,8,1.0
2030,2,235,2,2,1.0
2030,2,235,2,4,1.0
2030,2,235,2,6,1.0
2030,2,235,2,8,1.0
2030,2,235,3,2,1.0
2030,2,235,3,4,1.0
2030,2,235,3,6,1.0
2030,2,235,3,8,1.0
2030,2,235,4,2,1.0
2030,2,235,4,4,1.0
2030,2,235,4,6,1.0
2030,2,235,4,8,1.0
2030,2,235,5,2,1.0
2030,2,235,5,4,1.0
2030,2,235,5,6,1.0
2030,2,235,5,8,1.0
2030,2,235,6,2,1.0
2030,2,235,6,4,1.0
2030,2,235,6,6,1.0
2030,2,235,6,8,1.0
2030,2,235,7,2,1.0
2030,2,235,7,4,1.0
2030,2,235,7,6,1.0
2030,2,235,7,8,1.0
2030,2,235,8,2,1.0
2030,2,235,8,4,1.0
2030,2,235,8,6,1.0
2030,2,235,8,8,1.0
2030,2,235,9,2,1.0
2030,2,235,9,4,1.0
2030,2,235,9,6,1.0
2030,2,235,9,8,1.0
2030,2,496,0,2,1.0
2030,2,496,0,4,1.0
2030,2,496,0,6,1.0
2030,2,496,0,8,1.0
2030,2,496,1,2,1.0
2030,2,496,1,4,1.0
2030,2,496,1,6,1.0
2030,2,496,1,8,1.0
2030,2,496,2,2,1.0
2030,2,496,2,4,1.0
2030,2,496,2,6,1.0
2030,2,496,2,8,1.0
2030,2,496,3,2,1.0
2030,2,496,3,4,1.0
2030,2,496,3,6,1.0
2030,2,496,3,8,1.0
2030,2,496,4,2,1.0
2030,2,496,4,4,1.0
2030,2,496,4,6,1.0
2030,2,496,4,8,1.0
2030,2,496,5,2,1.0
2030,2,496,5,4,1.0
2030,2,496,5,6,1.0
2030,2,496,5,8,1.0
2030,2,496,6,2,1.0
2030,2,496,6,4,1.0
2030,2,496,6,6,1.0
2030,2,496,6,8,1.0
2030,2,496,7,2,1.0
2030,2,496,7,4,1.0
2030,2,496,7,6,1.0
2030,2,496,7,8,1.0
2030,2,496,8,2,1.0
2030,2,496,8,4,1.0
2030,2,496,8,6,1.0
2030,2,496,8,8,1.0
2030,2,496,9,2,1.0
2030,2,496,9,4,1.0
2030,2,496,9,6,1.0
2030,2,496,9,8,1.0
2030,2,197,0,2,1.0
2030,2,197,0,4,1.0
2030,2,197,0,6,1.0
2030,2,197,0,8,1.0
2030,2,197,1,2,1.0
2030,2,197,1,4,1.0
2030,2,197,1,6,1.0
2030,2,197,1,8,1.0
2030,2,197,2,2,1.0
2030,2,197,2,4,1.0
2030,2,197,2,6,1.0
2030,2,197,2,8,1.0
2030,2,197,3,2,1.0
2030,2,197,3,4,1.0
2030,2,197,3,6,1.0
2030,2,197,3,8,1.0
2030,2,197,4,2,1.0
2030,2,197,4,4,1.0
2030,2,197,4,6,1.0
2030,2,197,4,8,1.0
2030,2,197,5,2,1.0
2030,2,197,5,4,1.0
2030,2,197,5,6,1.0
2030,2,197,5,8,1.0
2030,2,197,6,2,1.0
2030,2,197,6,4,1.0
2030,2,197,6,6,1.0
2030,2,197,6,8,1.0
2030,2,197,7,2,1.0
2030,2,197,7,4,1.0
2030,2,197,7,6,1.0
2030,2,197,7,8,1.0
2030,2,197,8,2,1.0
2030,2,197,8,4,1.0
2030,2,197,8,6,1.0
2030,2,197,8,8,1.0
2030,2,197,9,2,1.0
2030,2,197,9,4,1.0
2030,2,197,9,6,1.0
2030,2,197,9,8,1.0
2030,2,296,0,2,1.0
2030,2,296,0,4,1.0
2030,2,296,0,6,1.0
2030,2,296,0,8,1.0
2030,2,296,1,2,1.0
2030,2,296,1,4,1.0
2030,2,296,1,6,1.0
2030,2,296,1,8,1.0
2030,2,296,2,2,1.0
2030,2,296,2,4,1.0
2030,2,296,2,6,1.0
2030,2,296,2,8,1.0
2030,2,296,3,2,1.0
2030,2,296,3,4,1.0
2030,2,296,3,6,1.0
2030,2,296,3,8,1.0
2030,2,296,4,2,1.0
2030,2,296,4,4,1.0
2030,2,296,4,6,1.0
2030,2,296,4,8,1.0
2030,2,296,5,2,1.0
2030,2,296,5,4,1.0
2030,2,296,5,6,1.0
2030,2,296,5,8,1.0
2030,2,296,6,2,1.0
2030,2,296,6,4,1.0
2030,2,296,6,6,1.0
2030,2,296,6,8,1.0
2030,2,296,7,2,1.0
2030,2,296,7,4,1.0
2030,2,296,7,6,1.0
2030,2,296,7,8,1.0
2030,2,296,8,2,1.0
2030,2,296,8,4,1.0
2030,2,296,8,6,1.0
2030,2,296,8,8,1.0
2030,2,296,9,2,1.0
2030,2,296,9,4,1.0
2030,2,296,9,6,1.0
2030,2,296,9,8,1.0
2030,2,479,0,2,1.0
2030,2,479,0,4,1.0
2030,2,479,0,6,1.0
2030,2,479,0,8,1.0
2030,2,479,1,2,1.0
2030,2,479,1,4,1.0
2030,2,479,1,6,1.0
2030,2,479,1,8,1.0
2030,2,479,2,2,1.0
2030,2,479,2,4,1.0
2030,2,479,2,6,1.0
2030,2,479,2,8,1.0
2030,2,479,3,2,1.0
2030,2,479,3,4,1.0
2030,2,479,3,6,1.0
2030,2,479,3,8,1.0
2030,2,479,4,2,1.0
2030,2,479,4,4,1.0
2030,2,479,4,6,1.0
2030,2,479,4,8,1.0
2030,2,479,5,2,1.0
2030,2,479,5,4,1.0
2030,2,479,5,6,1.0
2030,2,479,5,8,1.0
2030,2,479,6,2,1.0
2030,2,479,6,4,1.0
2030,2,479,6,6,1.0
2030,2,479,6,8,1.0
2030,2,479,7,2,1.0
2030,2,479,7,4,1.0
2030,2,479,7,6,1.0
2030,2,479,7,8,1.0
2030,2,479,8,2,1.0
2030,2,479,8,4,1.0
2030,2,479,8,6,1.0
2030,2,479,8,8,1.0
2030,2,479,9,2,1.0
2030,2,479,9,4,1.0
2030,2,479,9,6,1.0
2030,2,479,9,8,1.0
2030,2,467,0,2,1.0
2030,2,467,0,4,1.0
2030,2,467,0,6,1.0
2030,2,467,0,8,1.0
2030,2,467,1,2,1.0
2030,2,467,1,4,1.0
2030,2,467,1,6,1.0
2030,2,467,1,8,1.0
2030,2,467,2,2,1.0
2030,2,467,2,4,1.0
2030,2,467,2,6,1.0
2030,2,467,2,8,1.0
2030,2,467,3,2,1.0
2030,2,467,3,4,1.0
2030,2,467,3,6,1.0
2030,2,467,3,8,1.0
2030,2,467,4,2,1.0
2030,2,467,4,4,1.0
2030,2,467,4,6,1.0
2030,2,467,4,8,1.0
2030,2,467,5,2,1.0
2030,2,467,5,4,1.0
2030,2,467,5,6,1.0
2030,2,467,5,8,1.0
2030,2,467,6,2,1.0
2030,2,467,6,4,1.0
2030,2,467,6,6,1.0
2030,2,467,6,8,1.0
2030,2,467,7,2,1.0
2030,2,467,7,4,1.0
2030,2,467,7,6,1.0
2030,2,467,7,8,1.0
2030,2,467,8,2,1.0
2030,2,467,8,4,1.0
2030,2,467,8,6,1.0
2030,2,467,8,8,1.0
2030,2,467,9,2,1.0
2030,2,467,9,4,1.0
2030,2,467,9,6,1.0
2030,2,467,9,8,1.0
2030,2,462,0,2,1.0
2030,2,462,0,4,1.0
2030,2,462,0,6,1.0
2030,2,462,0,8,1.0
2030,2,462,1,2,1.0
2030,2,462,1,4,1.0
2030,2,462,1,6,1.0
2030,2,462,1,8,1.0
2030,2,462,2,2,1.0
2030,2,462,2,4,1.0
2030,2,462,2,6,1.0
2030,2,462,2,8,1.0
2030,2,462,3,2,1.0
2030,2,462,3,4,1.0
2030,2,462,3,6,1.0
2030,2,462,3,8,1.0
2030,2,462,4,2,1.0
2030,2,462,4,4,1.0
2030,2,462,4,6,1.0
2030,2,462,4,8,1.0
2030,2,462,5,2,1.0
2030,2,462,5,4,1.0
2030,2,462,5,6,1.0
2030,2,462,5,8,1.0
2030,2,462,6,2,1.0
2030,2,462,6,4,1.0
2030,2,462,6,6,1.0
2030,2,462,6,8,1.0
2030,2,462,7,2,1.0
2030,2,462,7,4,1.0
2030,2,462,7,6,1.0
2030,2,462,7,8,1.0
2030,2,462,8,2,1.0
2030,2,462,8,4,1.0
2030,2,462,8,6,1.0
2030,2,462,8,8,1.0
2030,2,462,9,2,1.0
2030,2,462,9,4,1.0
2030,2,462,9,6,1.0
2030,2,462,9,8,1.0
2030,2,300,0,2,1.0
2030,2,300,0,4,1.0
2030,2,300,0,6,1.0
2030,2,300,0,8,1.0
2030,2,300,1,2,1.0
2030,2,300,1,4,1.0
2030,2,300,1,6,1.0
2030,2,300,1,8,1.0
2030,2,300,2,2,1.0
2030,2,300,2,4,1.0
2030,2,300,2,6,1.0
2030,2,300,2,8,1.0
2030,2,300,3,2,1.0
2030,2,300,3,4,1.0
2030,2,300,3,6,1.0
2030,2,300,3,8,1.0
2030,2,300,4,2,1.0
2030,2,300,4,4,1.0
2030,2,300,4,6,1.0
2030,2,300,4,8,1.0
2030,2,300,5,2,1.0
2030,2,300,5,4,1.0
2030,2,300,5,6,1.0
2030,2,300,5,8,1.0
2030,2,300,6,2,1.0
2030,2,300,6,4,1.0
2030,2,300,6,6,1.0
2030,2,300,6,8,1.0
2030,2,300,7,2,1.0
2030,2,300,7,4,1.0
2030,2,300,7,6,1.0
2030,2,300,7,8,1.0
2030,2,300,8,2,1.0
2030,2,300,8,4,1.0
2030,2,300,8,6,1.0
2030,2,300,8,8,1.0
2030,2,300,9,2,1.0
2030,2,300,9,4,1.0
2030,2,300,9,6,1.0
2030,2,300,9,8,1.0
2030,2,568,0,2,1.0
2030,2,568,0,4,1.0
2030,2,568,0,6,1.0
2030,2,568,0,8,1.0
2030,2,568,1,2,1.0
2030,2,568,1,4,1.0
2030,2,568,1,6,1.0
2030,2,568,1,8,1.0
2030,2,568,2,2,1.0
2030,2,568,2,4,1.0
2030,2,568,2,6,1.0
2030,2,568,2,8,1.0
2030,2,568,3,2,1.0
2030,2,568,3,4,1.0
2030,2,568,3,6,1.0
2030,2,568,3,8,1.0
2030,2,568,4,2,1.0
2030,2,568,4,4,1.0
2030,2,568,4,6,1.0
2030,2,568,4,8,1.0
2030,2,568,5,2,1.0
2030,2,568,5,4,1.0
2030,2,568,5,6,1.0
2030,2,568,5,8,1.0
2030,2,568,6,2,1.0
2030,2,568,6,4,1.0
2030,2,568,6,6,1.0
2030,2,568,6,8,1.0
2030,2,568,7,2,1.0
2030,2,568,7,4,1.0
2030,2,568,7,6,1.0
2030,2,568,7,8,1.0
2030,2,568,8,2,1.0
2030,2,568,8,4,1.0
2030,2,568,8,6,1.0
2030,2,568,8,8,1.0
2030,2,568,9,2,1.0
2030,2,568,9,4,1.0
2030,2,568,9,6,1.0
2030,2,568,9,8,1.0
2030,2,203,0,2,1.0
2030,2,203,0,4,1.0
2030,2,203,0,6,1.0
2030,2,203,0,8,1.0
2030,2,203,1,2,1.0
2030,2,203,1,4,1.0
2030,2,203,1,6,1.0
2030,2,203,1,8,1.0
2030,2,203,2,2,1.0
2030,2,203,2,4,1.0
2030,2,203,2,6,1.0
2030,2,203,2,8,1.0
2030,2,203,3,2,1.0
2030,2,203,3,4,1.0
2030,2,203,3,6,1.0
2030,2,203,3,8,1.0
2030,2,203,4,2,1.0
2030,2,203,4,4,1.0
2030,2,203,4,6,1.0
2030,2,203,4,8,1.0
2030,2,203,5,2,1.0
2030,2,203,5,4,1.0
2030,2,203,5,6,1.0
2030,2,203,5,8,1.0
2030,2,203,6,2,1.0
2030,2,203,6,4,1.0
2030,2,203,6,6,1.0
2030,2,203,6,8,1.0
2030,2,203,7,2,1.0
2030,2,203,7,4,1.0
2030,2,203,7,6,1.0
2030,2,203,7,8,1.0
2030,2,203,8,2,1.0
2030,2,203,8,4,1.0
2030,2,203,8,6,1.0
2030,2,203,8,8,1.0
2030,2,203,9,2,1.0
2030,2,203,9,4,1.0
2030,2,203,9,6,1.0
2030,2,203,9,8,1.0
2030,2,540,0,2,1.0
2030,2,540,0,4,1.0
2030,2,540,0,6,1.0
2030,2,540,0,8,1.0
2030,2,540,1,2,1.0
2030,2,540,1,4,1.0
2030,2,540,1,6,1.0
2030,2,540,1,8,1.0
2030,2,540,2,2,1.0
2030,2,540,2,4,1.0
2030,2,540,2,6,1.0
2030,2,540,2,8,1.0
2030,2,540,3,2,1.0
2030,2,540,3,4,1.0
2030,2,540,3,6,1.0
2030,2,540,3,8,1.0
2030,2,540,4,2,1.0
2030,2,540,4,4,1.0
2030,2,540,4,6,1.0
2030,2,540,4,8,1.0
2030,2,540,5,2,1.0
2030,2,540,5,4,1.0
2030,2,540,5,6,1.0
2030,2,540,5,8,1.0
2030,2,540,6,2,1.0
2030,2,540,6,4,1.0
2030,2,540,6,6,1.0
2030,2,540,6,8,1.0
2030,2,540,7,2,1.0
2030,2,540,7,4,1.0
2030,2,540,7,6,1.0
2030,2,540,7,8,1.0
2030,2,540,8,2,1.0
2030,2,540,8,4,1.0
2030,2,540,8,6,1.0
2030,2,540,8,8,1.0
2030,2,540,9,2,1.0
2030,2,540,9,4,1.0
2030,2,540,9,6,1.0
2030,2,540,9,8,1.0
2030,2,207,0,2,1.0
2030,2,207,0,4,1.0
2030,2,207,0,6,1.0
2030,2,207,0,8,1.0
2030,2,207,1,2,1.0
2030,2,207,1,4,1.0
2030,2,207,1,6,1.0
2030,2,207,1,8,1.0
2030,2,207,2,2,1.0
2030,2,207,2,4,1.0
2030,2,207,2,6,1.0
2030,2,207,2,8,1.0
2030,2,207,3,2,1.0
2030,2,207,3,4,1.0
2030,2,207,3,6,1.0
2030,2,207,3,8,1.0
2030,2,207,4,2,1.0
2030,2,207,4,4,1.0
2030,2,207,4,6,1.0
2030,2,207,4,8,1.0
2030,2,207,5,2,1.0
2030,2,207,5,4,1.0
2030,2,207,5,6,1.0
2030,2,207,5,8,1.0
2030,2,207,6,2,1.0
2030,2,207,6,4,1.0
2030,2,207,6,6,1.0
2030,2,207,6,8,1.0
2030,2,207,7,2,1.0
2030,2,207,7,4,1.0
2030,2,207,7,6,1.0
2030,2,207,7,8,1.0
2030,2,207,8,2,1.0
2030,2,207,8,4,1.0
2030,2,207,8,6,1.0
2030,2,207,8,8,1.0
2030,2,207,9,2,1.0
2030,2,207,9,4,1.0
2030,2,207,9,6,1.0
2030,2,207,9,8,1.0
2030,2,562,0,2,1.0
2030,2,562,0,4,1.0
2030,2,562,0,6,1.0
2030,2,562,0,8,1.0
2030,2,562,1,2,1.0
2030,2,562,1,4,1.0
2030,2,562,1,6,1.0
2030,2,562,1,8,1.0
2030,2,562,2,2,1.0
2030,2,562,2,4,1.0
2030,2,562,2,6,1.0
2030,2,562,2,8,1.0
2030,2,562,3,2,1.0
2030,2,562,3,4,1.0
2030,2,562,3,6,1.0
2030,2,562,3,8,1.0
2030,2,562,4,2,1.0
2030,2,562,4,4,1.0
2030,2,562,4,6,1.0
2030,2,562,4,8,1.0
2030,2,562,5,2,1.0
2030,2,562,5,4,1.0
2030,2,562,5,6,1.0
2030,2,562,5,8,1.0
2030,2,562,6,2,1.0
2030,2,562,6,4,1.0
2030,2,562,6,6,1.0
2030,2,562,6,8,1.0
2030,2,562,7,2,1.0
2030,2,562,7,4,1.0
2030,2,562,7,6,1.0
2030,2,562,7,8,1.0
2030,2,562,8,2,1.0
2030,2,562,8,4,1.0
2030,2,562,8,6,1.0
2030,2,562,8,8,1.0
2030,2,562,9,2,1.0
2030,2,562,9,4,1.0
2030,2,562,9,6,1.0
2030,2,562,9,8,1.0
2030,2,577,0,2,1.0
2030,2,577,0,4,1.0
2030,2,577,0,6,1.0
2030,2,577,0,8,1.0
2030,2,577,1,2,1.0
2030,2,577,1,4,1.0
2030,2,577,1,6,1.0
2030,2,577,1,8,1.0
2030,2,577,2,2,1.0
2030,2,577,2,4,1.0
2030,2,577,2,6,1.0
2030,2,577,2,8,1.0
2030,2,577,3,2,1.0
2030,2,577,3,4,1.0
2030,2,577,3,6,1.0
2030,2,577,3,8,1.0
2030,2,577,4,2,1.0
2030,2,577,4,4,1.0
2030,2,577,4,6,1.0
2030,2,577,4,8,1.0
2030,2,577,5,2,1.0
2030,2,577,5,4,1.0
2030,2,577,5,6,1.0
2030,2,577,5,8,1.0
2030,2,577,6,2,1.0
2030,2,577,6,4,1.0
2030,2,577,6,6,1.0
2030,2,577,6,8,1.0
2030,2,577,7,2,1.0
2030,2,577,7,4,1.0
2030,2,577,7,6,1.0
2030,2,577,7,8,1.0
2030,2,577,8,2,1.0
2030,2,577,8,4,1.0
2030,2,577,8,6,1.0
2030,2,577,8,8,1.0
2030,2,577,9,2,1.0
2030,2,577,9,4,1.0
2030,2,577,9,6,1.0
2030,2,577,9,8,1.0
2030,2,330,0,2,1.0
2030,2,330,0,4,1.0
2030,2,330,0,6,1.0
2030,2,330,0,8,1.0
2030,2,330,1,2,1.0
2030,2,330,1,4,1.0
2030,2,330,1,6,1.0
2030,2,330,1,8,1.0
2030,2,330,2,2,1.0
2030,2,330,2,4,1.0
2030,2,330,2,6,1.0
2030,2,330,2,8,1.0
2030,2,330,3,2,1.0
2030,2,330,3,4,1.0
2030,2,330,3,6,1.0
2030,2,330,3,8,1.0
2030,2,330,4,2,1.0
2030,2,330,4,4,1.0
2030,2,330,4,6,1.0
2030,2,330,4,8,1.0
2030,2,330,5,2,1.0
2030,2,330,5,4,1.0
2030,2,330,5,6,1.0
2030,2,330,5,8,1.0
2030,2,330,6,2,1.0
2030,2,330,6,4,1.0
2030,2,330,6,6,1.0
2030,2,330,6,8,1.0
2030,2,330,7,2,1.0
2030,2,330,7,4,1.0
2030,2,330,7,6,1.0
2030,2,330,7,8,1.0
2030,2,330,8,2,1.0
2030,2,330,8,4,1.0
2030,2,330,8,6,1.0
2030,2,330,8,8,1.0
2030,2,330,9,2,1.0
2030,2,330,9,4,1.0
2030,2,330,9,6,1.0
2030,2,330,9,8,1.0
2030,2,500,0,2,1.0
2030,2,500,0,4,1.0
2030,2,500,0,6,1.0
2030,2,500,0,8,1.0
2030,2,500,1,2,1.0
2030,2,500,1,4,1.0
2030,2,500,1,6,1.0
2030,2,500,1,8,1.0
2030,2,500,2,2,1.0
2030,2,500,2,4,1.0
2030,2,500,2,6,1.0
2030,2,500,2,8,1.0
2030,2,500,3,2,1.0
2030,2,500,3,4,1.0
2030,2,500,3,6,1.0
2030,2,500,3,8,1.0
2030,2,500,4,2,1.0
2030,2,500,4,4,1.0
2030,2,500,4,6,1.0
2030,2,500,4,8,1.0
2030,2,500,5,2,1.0
2030,2,500,5,4,1.0
2030,2,500,5,6,1.0
2030,2,500,5,8,1.0
2030,2,500,6,2,1.0
2030,2,500,6,4,1.0
2030,2,500,6,6,1.0
2030,2,500,6,8,1.0
2030,2,500,7,2,1.0
2030,2,500,7,4,1.0
2030,2,500,7,6,1.0
2030,2,500,7,8,1.0
2030,2,500,8,2,1.0
2030,2,500,8,4,1.0
2030,2,500,8,6,1.0
2030,2,500,8,8,1.0
2030,2,500,9,2,1.0
2030,2,500,9,4,1.0
2030,2,500,9,6,1.0
2030,2,500,9,8,1.0
2030,2,165,0,2,1.0
2030,2,165,0,4,1.0
2030,2,165,0,6,1.0
2030,2,165,0,8,1.0
2030,2,165,1,2,1.0
2030,2,165,1,4,1.0
2030,2,165,1,6,1.0
2030,2,165,1,8,1.0
2030,2,165,2,2,1.0
2030,2,165,2,4,1.0
2030,2,165,2,6,1.0
2030,2,165,2,8,1.0
2030,2,165,3,2,1.0
2030,2,165,3,4,1.0
2030,2,165,3,6,1.0
2030,2,165,3,8,1.0
2030,2,165,4,2,1.0
2030,2,165,4,4,1.0
2030,2,165,4,6,1.0
2030,2,165,4,8,1.0
2030,2,165,5,2,1.0
2030,2,165,5,4,1.0
2030,2,165,5,6,1.0
2030,2,165,5,8,1.0
2030,2,165,6,2,1.0
2030,2,165,6,4,1.0
2030,2,165,6,6,1.0
2030,2,165,6,8,1.0
2030,2,165,7,2,1.0
2030,2,165,7,4,1.0
2030,2,165,7,6,1.0
2030,2,165,7,8,1.0
2030,2,165,8,2,1.0
2030,2,165,8,4,1.0
2030,2,165,8,6,1.0
2030,2,165,8,8,1.0
2030,2,165,9,2,1.0
2030,2,165,9,4,1.0
2030,2,165,9,6,1.0
2030,2,165,9,8,1.0
2030,2,574,0,2,1.0
2030,2,574,0,4,1.0
2030,2,574,0,6,1.0
2030,2,574,0,8,1.0
2030,2,574,1,2,1.0
2030,2,574,1,4,1.0
2030,2,574,1,6,1.0
2030,2,574,1,8,1.0
2030,2,574,2,2,1.0
2030,2,574,2,4,1.0
2030,2,574,2,6,1.0
2030,2,574,2,8,1.0
2030,2,574,3,2,1.0
2030,2,574,3,4,1.0
2030,2,574,3,6,1.0
2030,2,574,3,8,1.0
2030,2,574,4,2,1.0
2030,2,574,4,4,1.0
2030,2,574,4,6,1.0
2030,2,574,4,8,1.0
2030,2,574,5,2,1.0
2030,2,574,5,4,1.0
2030,2,574,5,6,1.0
2030,2,574,5,8,1.0
2030,2,574,6,2,1.0
2030,2,574,6,4,1.0
2030,2,574,6,6,1.0
2030,2,574,6,8,1.0
2030,2,574,7,2,1.0
2030,2,574,7,4,1.0
2030,2,574,7,6,1.0
2030,2,574,7,8,1.0
2030,2,574,8,2,1.0
2030,2,574,8,4,1.0
2030,2,574,8,6,1.0
2030,2,574,8,8,1.0
2030,2,574,9,2,1.0
2030,2,574,9,4,1.0
2030,2,574,9,6,1.0
2030,2,574,9,8,1.0
2030,2,412,0,2,1.0
2030,2,412,0,4,1.0
2030,2,412,0,6,1.0
2030,2,412,0,8,1.0
2030,2,412,1,2,1.0
2030,2,412,1,4,1.0
2030,2,412,1,6,1.0
2030,2,412,1,8,1.0
2030,2,412,2,2,1.0
2030,2,412,2,4,1.0
2030,2,412,2,6,1.0
2030,2,412,2,8,1.0
2030,2,412,3,2,1.0
2030,2,412,3,4,1.0
2030,2,412,3,6,1.0
2030,2,412,3,8,1.0
2030,2,412,4,2,1.0
2030,2,412,4,4,1.0
2030,2,412,4,6,1.0
2030,2,412,4,8,1.0
2030,2,412,5,2,1.0
2030,2,412,5,4,1.0
2030,2,412,5,6,1.0
2030,2,412,5,8,1.0
2030,2,412,6,2,1.0
2030,2,412,6,4,1.0
2030,2,412,6,6,1.0
2030,2,412,6,8,1.0
2030,2,412,7,2,1.0
2030,2,412,7,4,1.0
2030,2,412,7,6,1.0
2030,2,412,7,8,1.0
2030,2,412,8,2,1.0
2030,2,412,8,4,1.0
2030,2,412,8,6,1.0
2030,2,412,8,8,1.0
2030,2,412,9,2,1.0
2030,2,412,9,4,1.0
2030,2,412,9,6,1.0
2030,2,412,9,8,1.0
