data_seed,model_seed,node_index,variable,true_effect,model_effect,absolute_effect_error,sign_agreement
2026,0,1,age,0.049654265505820167,0.052859678864479065,0.0032054133586588984,1
2026,0,1,poor_health,0.04527450763537183,0.047534339129924774,0.002259831494552944,1
2026,0,1,smoking,1.3877787807814457e-17,0.0,1.3877787807814457e-17,1
2026,0,1,bmi_risk,0.001768555123246196,0.0019459575414657593,0.00017740241821956326,1
2026,0,1,nonadherence,0.04384890020265181,0.04622156172990799,0.0023726615272561813,1
2026,0,1,claim_rate,0.013108345762098031,0.014324299991130829,0.001215954229032798,1
2026,0,1,claim_severity,0.029117565684832217,0.021543800830841064,0.007573764853991152,1
2026,0,1,provider_complication,0.007107700023202643,0.0018535107374191284,0.005254189285783514,1
2026,0,1,coverage_gap,0.00392697049486751,0.004777118563652039,0.0008501480687845286,1
2026,0,6,age,0.06014236978389903,0.0550498440861702,0.005092525697728834,1
2026,0,6,poor_health,0.0955777696827884,0.08094722777605057,0.014630541906737835,1
2026,0,6,smoking,0.0,0.0,0.0,1
2026,0,6,bmi_risk,0.03569139259940399,0.03384101390838623,0.0018503786910177566,1
2026,0,6,nonadherence,0.041188164320257126,0.03474375605583191,0.0064444082644252165,1
2026,0,6,claim_rate,0.038213602132198043,0.038212716579437256,8.855527607876112e-07,1
2026,0,6,claim_severity,0.0577888496326224,0.04117068648338318,0.016618163149239223,1
2026,0,6,provider_complication,0.010701880474697473,0.0025611817836761475,0.008140698691021325,1
2026,0,6,coverage_gap,0.016695921686983584,0.018436461687088013,0.001740540000104429,1
2026,0,9,age,0.05790879522836481,0.06151777505874634,0.0036089798303815257,1
2026,0,9,poor_health,0.08169600622120549,0.08629726618528366,0.004601259964078175,1
2026,0,9,smoking,0.0,0.0,0.0,1
2026,0,9,bmi_risk,0.045892475925498444,0.05193570256233215,0.0060432266368337095,1
2026,0,9,nonadherence,0.052485371995345115,0.054275959730148315,0.0017905877348032007,1
2026,0,9,claim_rate,0.0,0.0,0.0,1
2026,0,9,claim_severity,0.03485245955382965,0.02817472815513611,0.006677731398693543,1
2026,0,9,provider_complication,0.026074787887174766,0.008124545216560364,0.017950242670614402,1
2026,0,9,coverage_gap,0.04430130915940042,0.05566203594207764,0.011360726782677216,1
2026,0,29,age,0.1095975325540742,0.10799559950828552,0.0016019330457886782,1
2026,0,29,poor_health,0.17112112054447176,0.16742293536663055,0.0036981851778412067,1
2026,0,29,smoking,0.0,0.0,0.0,1
2026,0,29,bmi_risk,0.04358234522920057,0.0473233163356781,0.003740971106477531,1
2026,0,29,nonadherence,0.024058614410640555,0.029535949230194092,0.0054773348195535365,1
2026,0,29,claim_rate,0.05380733905354024,0.06719525158405304,0.013387912530512802,1
2026,0,29,claim_severity,0.139769117006438,0.10141992568969727,0.03834919131674072,1
2026,0,29,provider_complication,0.05547205053294568,0.011985987424850464,0.04348606310809522,1
2026,0,29,coverage_gap,0.03688877494378939,0.04362070560455322,0.00673193066076383,1
2026,0,31,age,0.133405415494228,0.10626260191202164,0.027142813582206354,1
2026,0,31,poor_health,0.14899471510127246,0.11435475945472717,0.03463995564654529,1
2026,0,31,smoking,0.0,0.0,0.0,1
2026,0,31,bmi_risk,0.01804889187598721,0.014404252171516418,0.0036446397044707923,1
2026,0,31,nonadherence,0.012191096456443368,0.011877819895744324,0.00031327656069904397,1
2026,0,31,claim_rate,0.0,0.0,0.0,1
2026,0,31,claim_severity,0.08115998261614016,0.049963533878326416,0.031196448737813742,1
2026,0,31,provider_complication,0.05207864399000478,0.013010919094085693,0.03906772489591909,1
2026,0,31,coverage_gap,0.009685802222049705,0.010092899203300476,0.00040709698125077076,1
2026,0,38,age,0.03950900090765492,0.03839576616883278,0.00111323473882214,1
2026,0,38,poor_health,0.019722493169770275,0.01910948008298874,0.0006130130867815359,1
2026,0,38,smoking,0.0,0.0,0.0,1
2026,0,38,bmi_risk,0.009556792945625295,0.009455464780330658,0.00010132816529463684,1
2026,0,38,nonadherence,0.011355140611794157,0.010806269943714142,0.0005488706680800148,1
2026,0,38,claim_rate,0.0,0.0,0.0,1
2026,0,38,claim_severity,0.009204046456389267,0.006564579904079437,0.00263946655230983,1
2026,0,38,provider_complication,0.005224407375279919,0.0012399852275848389,0.00398442214769508,1
2026,0,38,coverage_gap,0.017026596425357574,0.01951746642589569,0.0024908700005381174,1
2026,0,40,age,0.022240886660077192,0.02401140332221985,0.0017705166621426564,1
2026,0,40,poor_health,0.0029632952138361757,0.0031179040670394897,0.00015460885320331408,1
2026,0,40,smoking,-6.938893903907228e-18,0.0,6.938893903907228e-18,1
2026,0,40,bmi_risk,0.005219221611669052,0.005831524729728699,0.0006123031180596469,1
2026,0,40,nonadherence,0.006060041695001767,0.006396126002073288,0.00033608430707152137,1
2026,0,40,claim_rate,0.006087190745385315,0.007186517119407654,0.0010993263740223386,1
2026,0,40,claim_severity,-6.938893903907228e-18,0.0,6.938893903907228e-18,1
2026,0,40,provider_complication,0.00335654792081444,0.0009255297482013702,0.0024310181726130697,1
2026,0,40,coverage_gap,0.006551197441727712,0.009420804679393768,0.0028696072376660567,1
2026,0,43,age,0.16637563702752994,0.21108724176883698,0.04471160474130703,1
2026,0,43,poor_health,0.1759116291118076,0.21965518593788147,0.043743556826073865,1
2026,0,43,smoking,0.0,0.0,0.0,1
2026,0,43,bmi_risk,0.036646874112485794,0.046621173620224,0.009974299507738205,1
2026,0,43,nonadherence,0.05010177924837411,0.0772692859172821,0.027167506668907992,1
2026,0,43,claim_rate,0.05483213897265332,0.08139485120773315,0.026562712235079833,1
2026,0,43,claim_severity,0.11356044576396368,0.09828615188598633,0.015274293877977352,1
2026,0,43,provider_complication,0.03397924566241439,0.007835358381271362,0.02614388728114303,1
2026,0,43,coverage_gap,0.02995572935559676,0.03602766990661621,0.00607194055101945,1
2026,0,45,age,0.11117739048893338,0.12104913592338562,0.00987174543445224,1
2026,0,45,poor_health,0.0624719113090102,0.06617310643196106,0.003701195122950862,1
2026,0,45,smoking,0.12625598267638294,0.14348208904266357,0.017226106366280636,1
2026,0,45,bmi_risk,0.031739253788178795,0.033517539501190186,0.0017782857130113905,1
2026,0,45,nonadherence,0.012730394096752945,0.013505131006240845,0.0007747369094878997,1
2026,0,45,claim_rate,0.0,0.0,0.0,1
2026,0,45,claim_severity,0.0556282973014203,0.0449686199426651,0.010659677358755199,1
2026,0,45,provider_complication,0.05131786494686738,0.01665133237838745,0.03466653256847993,1
2026,0,45,coverage_gap,0.06012925968242147,0.07757478952407837,0.017445529841656898,1
2026,0,46,age,0.07152301415753753,0.08004353940486908,0.008520525247331545,1
2026,0,46,poor_health,0.01825786786711879,0.02049878239631653,0.002240914529197738,1
2026,0,46,smoking,-1.3877787807814457e-17,0.0,1.3877787807814457e-17,1
2026,0,46,bmi_risk,0.02138837802172741,0.02506784349679947,0.003679465475072058,1
2026,0,46,nonadherence,0.027816929504323795,0.03195921331644058,0.004142283812116787,1
2026,0,46,claim_rate,-1.3877787807814457e-17,0.0,1.3877787807814457e-17,1
2026,0,46,claim_severity,-1.3877787807814457e-17,0.0,1.3877787807814457e-17,1
2026,0,46,provider_complication,0.0066517328071105525,0.001807980239391327,0.004843752567719226,1
2026,0,46,coverage_gap,0.013031227416083396,0.01965651661157608,0.006625289195492684,1
2026,0,53,age,0.043864443663285894,0.041093531996011734,0.0027709116672741604,1
2026,0,53,poor_health,0.020567224699242215,0.01828007400035858,0.002287150698883633,1
2026,0,53,smoking,-1.3877787807814457e-17,0.0,1.3877787807814457e-17,1
2026,0,53,bmi_risk,0.0012722353368838923,0.0012294352054595947,4.2800131424297616e-05,1
2026,0,53,nonadherence,0.011073772768488158,0.010142497718334198,0.0009312750501539596,1
2026,0,53,claim_rate,-1.3877787807814457e-17,0.0,1.3877787807814457e-17,1
2026,0,53,claim_severity,0.012465671363946704,0.008789047598838806,0.0036766237651078976,1
2026,0,53,provider_complication,0.009541692760398152,0.002499416470527649,0.007042276289870503,1
2026,0,53,coverage_gap,0.004631642059632082,0.005429305136203766,0.0007976630765716836,1
2026,0,61,age,0.04481420083889681,0.044327035546302795,0.0004871652925940162,1
2026,0,61,poor_health,0.0937287677527012,0.09751038253307343,0.0037816147803722278,1
2026,0,61,smoking,0.13396606898489896,0.14159513264894485,0.007629063664045893,1
2026,0,61,bmi_risk,0.06359147634588319,0.0670282393693924,0.003436763023509204,1
2026,0,61,nonadherence,0.0332628139549096,0.0386982262134552,0.005435412258545602,1
2026,0,61,claim_rate,0.0,0.0,0.0,1
2026,0,61,claim_severity,0.09869723108428455,0.0755169689655304,0.023180262118754152,1
2026,0,61,provider_complication,0.030063137105188237,0.00884711742401123,0.021216019681177006,1
2026,0,61,coverage_gap,0.02221290546538121,0.0278967022895813,0.005683796824200088,1
2026,0,69,age,0.03939199462542028,0.03955647721886635,0.00016448259344607058,1
2026,0,69,poor_health,0.026949198728242876,0.02603917568922043,0.0009100230390224479,1
2026,0,69,smoking,1.3877787807814457e-17,0.0,1.3877787807814457e-17,1
2026,0,69,bmi_risk,0.006894002268118898,0.006926089525222778,3.208725710387994e-05,1
2026,0,69,nonadherence,0.01227701394022536,0.011760503053665161,0.0005165108865601981,1
2026,0,69,claim_rate,1.3877787807814457e-17,0.0,1.3877787807814457e-17,1
2026,0,69,claim_severity,0.026200877009315338,0.02024579793214798,0.005955079077167358,1
2026,0,69,provider_complication,0.005921626212230732,0.001762986183166504,0.004158640029064228,1
2026,0,69,coverage_gap,0.021559193058538997,0.025965861976146698,0.004406668917607701,1
2026,0,72,age,0.22149350190347694,0.24635079503059387,0.02485729312711693,1
2026,0,72,poor_health,0.05199260558102836,0.05737483501434326,0.0053822294333149,1
2026,0,72,smoking,0.17561251945045803,0.2141803801059723,0.03856786065551426,1
2026,0,72,bmi_risk,0.02077472318033169,0.020360201597213745,0.00041452158311794385,1
2026,0,72,nonadherence,0.06187061715117276,0.06849759817123413,0.006626981020061373,1
2026,0,72,claim_rate,0.0879886201290781,0.11600595712661743,0.028017336997539333,1
2026,0,72,claim_severity,0.08567649135607125,0.06607258319854736,0.019603908157523886,1
2026,0,72,provider_complication,0.04106999318244264,0.007834583520889282,0.03323540966155336,1
2026,0,72,coverage_gap,0.06755551103162438,0.07955974340438843,0.012004232372764045,1
2026,0,75,age,0.16007664819545359,0.15812146663665771,0.001955181558795871,1
2026,0,75,poor_health,0.25108588577858304,0.2554014027118683,0.004315516933285246,1
2026,0,75,smoking,0.20906270279379063,0.20547154545783997,0.0035911573359506677,1
2026,0,75,bmi_risk,0.06264091483195933,0.04491037130355835,0.017730543528400977,1
2026,0,75,nonadherence,0.04121166389755426,0.04977920651435852,0.008567542616804258,1
2026,0,75,claim_rate,0.031846748274745096,0.03825998306274414,0.006413234787999045,1
2026,0,75,claim_severity,0.2215787316106662,0.1456393301486969,0.07593940146196931,1
2026,0,75,provider_complication,0.010343094076423087,0.0019034743309020996,0.008439619745520988,1
2026,0,75,coverage_gap,0.06773195765077056,0.07052925229072571,0.00279729463995515,1
2026,0,76,age,0.09926016179793162,0.09933114051818848,7.097872025685348e-05,1
2026,0,76,poor_health,0.22075350716582776,0.19345998764038086,0.027293519525446897,1
2026,0,76,smoking,0.18800727265771244,0.1765333116054535,0.011473961052258952,1
2026,0,76,bmi_risk,0.10441495971775361,0.07382076978683472,0.03059418993091889,1
2026,0,76,nonadherence,0.02767542784914845,0.025086820125579834,0.0025886077235686145,1
2026,0,76,claim_rate,0.13955542945227373,0.14923983812332153,0.009684408671047806,1
2026,0,76,claim_severity,0.20839555657105235,0.11674028635025024,0.09165527022080211,1
2026,0,76,provider_complication,0.048400380819141886,0.010273993015289307,0.03812638780385258,1
2026,0,76,coverage_gap,0.08429451205735661,0.08095437288284302,0.00334013917451359,1
2026,0,94,age,0.03168287234969756,0.035326357930898666,0.003643485581201103,1
2026,0,94,poor_health,0.023455688848716634,0.02554437518119812,0.002088686332481486,1
2026,0,94,smoking,0.0,0.0,0.0,1
2026,0,94,bmi_risk,0.004750499851005563,0.005552858114242554,0.0008023582632369908,1
2026,0,94,nonadherence,0.012470153643201906,0.013559691607952118,0.0010895379647502118,1
2026,0,94,claim_rate,0.008887349568405006,0.010942868888378143,0.002055519319973137,1
2026,0,94,claim_severity,0.01561693077983306,0.01301553100347519,0.002601399776357871,1
2026,0,94,provider_complication,0.0030135897890105623,0.0008592009544372559,0.0021543888345733064,1
2026,0,94,coverage_gap,0.007832803912506014,0.010068714618682861,0.002235910706176847,1
2026,0,107,age,0.07398459482550836,0.0780201107263565,0.0040355159008481495,1
2026,0,107,poor_health,0.057253494665604004,0.058306820690631866,0.001053326025027862,1
2026,0,107,smoking,0.0,0.0,0.0,1
2026,0,107,bmi_risk,0.04247962486902329,0.04481375217437744,0.00233412730535415,1
2026,0,107,nonadherence,0.04673408227880799,0.04782688617706299,0.0010928038982550015,1
2026,0,107,claim_rate,0.0,0.0,0.0,1
2026,0,107,claim_severity,0.017984291292493126,0.01506166160106659,0.002922629691426537,1
2026,0,107,provider_complication,0.02470810333014889,0.008075401186943054,0.016632702143205835,1
2026,0,107,coverage_gap,0.04350300494362003,0.05633110553026199,0.012828100586641966,1
2026,0,110,age,0.04075566697997912,0.03621271252632141,0.0045429544536577104,1
2026,0,110,poor_health,0.09130091460258083,0.08178044110536575,0.009520473497215076,1
2026,0,110,smoking,0.0,0.0,0.0,1
2026,0,110,bmi_risk,0.013133185184248802,0.011559724807739258,0.0015734603765095445,1
2026,0,110,nonadherence,0.017553550418207248,0.015316277742385864,0.0022372726758213834,1
2026,0,110,claim_rate,0.01888249031043071,0.01882292330265045,5.956700778025903e-05,1
2026,0,110,claim_severity,0.0663960754648832,0.04655243456363678,0.01984364090124642,1
2026,0,110,provider_complication,0.01657527230087219,0.0038769692182540894,0.012698303082618101,1
2026,0,110,coverage_gap,0.054116143039126624,0.05984235554933548,0.005726212510208856,1
2026,0,111,age,0.0,0.0,0.0,1
2026,0,111,poor_health,0.0987623273356389,0.10085432231426239,0.0020919949786234876,1
2026,0,111,smoking,0.0,0.0,0.0,1
2026,0,111,bmi_risk,0.034808380127458294,0.0360291451215744,0.001220764994116108,1
2026,0,111,nonadherence,0.0378440827997151,0.03717944025993347,0.0006646425397816291,1
2026,0,111,claim_rate,0.018750830924650463,0.02231372892856598,0.0035628980039155156,1
2026,0,111,claim_severity,0.07086389970668253,0.05616705119609833,0.014696848510584198,1
2026,0,111,provider_complication,0.004017860590718986,0.001221880316734314,0.0027959802739846717,1
2026,0,111,coverage_gap,0.05042291413063121,0.05887317657470703,0.008450262444075818,1
2026,0,126,age,0.06006702481947776,0.06496038287878036,0.004893358059302605,1
2026,0,126,poor_health,0.08011593352980019,0.08820260316133499,0.008086669631534801,1
2026,0,126,smoking,0.0,0.0,0.0,1
2026,0,126,bmi_risk,0.030045199125440403,0.034589022397994995,0.004543823272554592,1
2026,0,126,nonadherence,0.027354635120606943,0.03098227083683014,0.003627635716223196,1
2026,0,126,claim_rate,0.015861532431845154,0.019012928009033203,0.0031513955771880486,1
2026,0,126,claim_severity,0.023760655150442622,0.018382102251052856,0.005378552899389766,1
2026,0,126,provider_complication,0.005908551425781755,0.0015133172273635864,0.004395234198418169,1
2026,0,126,coverage_gap,0.01231798905340542,0.015471726655960083,0.0031537376025546626,1
2026,0,129,age,0.04900820604410888,0.04605710506439209,0.002951100979716792,1
2026,0,129,poor_health,0.17143991184906723,0.15943145751953125,0.012008454329535984,1
2026,0,129,smoking,0.0,0.0,0.0,1
2026,0,129,bmi_risk,0.08556134838918761,0.07877936959266663,0.006781978796520982,1
2026,0,129,nonadherence,0.08271771028440539,0.07197651267051697,0.01074119761388842,1
2026,0,129,claim_rate,0.05642432422472804,0.07135143876075745,0.014927114536029407,1
2026,0,129,claim_severity,0.11296660857376867,0.08270099759101868,0.03026561098274999,1
2026,0,129,provider_complication,0.04835489832178985,0.014008879661560059,0.03434601866022979,1
2026,0,129,coverage_gap,0.10106268336610691,0.10473494231700897,0.003672258950902063,1
2026,0,132,age,0.052195387547377646,0.05820227041840553,0.006006882871027887,1
2026,0,132,poor_health,0.023175840154931612,0.024811744689941406,0.001635904535009794,1
2026,0,132,smoking,-1.3877787807814457e-17,0.0,1.3877787807814457e-17,1
2026,0,132,bmi_risk,0.01930286231580232,0.021775327622890472,0.0024724653070881536,1
2026,0,132,nonadherence,0.026221106327501104,0.02853728085756302,0.002316174530061915,1
2026,0,132,claim_rate,-1.3877787807814457e-17,0.0,1.3877787807814457e-17,1
2026,0,132,claim_severity,0.025040128217400398,0.020809315145015717,0.0042308130723846815,1
2026,0,132,provider_complication,0.0024990246488155177,0.0007505267858505249,0.0017484978629649928,1
2026,0,132,coverage_gap,0.012017257167339812,0.01751352846622467,0.005496271298884858,1
2026,0,141,age,0.005328997548803352,0.004640333354473114,0.000688664194330238,1
2026,0,141,poor_health,0.0060260546428556536,0.005209244787693024,0.0008168098551626299,1
2026,0,141,smoking,6.938893903907228e-18,0.0,6.938893903907228e-18,1
2026,0,141,bmi_risk,0.007940633873740333,0.007137525826692581,0.0008031080470477514,1
2026,0,141,nonadherence,0.007784743972685561,0.006588798016309738,0.0011959459563758226,1
2026,0,141,claim_rate,6.938893903907228e-18,0.0,6.938893903907228e-18,1
2026,0,141,claim_severity,0.008591410988757507,0.005508705973625183,0.003082705015132324,1
2026,0,141,provider_complication,0.0006097740646561142,0.00011706724762916565,0.0004927068170269486,1
2026,0,141,coverage_gap,0.002258767453349471,0.0027568861842155457,0.0004981187308660748,1
2026,0,143,age,0.08136027018960199,0.08659316599369049,0.005232895804088505,1
2026,0,143,poor_health,0.061233658671911106,0.06183379888534546,0.0006001402134343525,1
2026,0,143,smoking,0.0,0.0,0.0,1
2026,0,143,bmi_risk,0.09962444036546134,0.11177737265825272,0.01215293229279138,1
2026,0,143,nonadherence,0.0301076307088729,0.03362637758255005,0.0035187468736771477,1
2026,0,143,claim_rate,0.04033820268156585,0.04497101902961731,0.004632816348051461,1
2026,0,143,claim_severity,0.036968051585389794,0.030004218220710754,0.00696383336467904,1
2026,0,143,provider_complication,0.018732893000802303,0.005649015307426453,0.01308387769337585,1
2026,0,143,coverage_gap,0.04101932224129512,0.04944522678852081,0.008425904547225693,1
2026,0,145,age,0.22057163780314315,0.2260950803756714,0.0055234425725282366,1
2026,0,145,poor_health,0.20019912272565976,0.20478194952011108,0.004582826794451322,1
2026,0,145,smoking,0.19989883620050403,0.2216748595237732,0.021776023323269167,1
2026,0,145,bmi_risk,0.049708638831731544,0.04043039679527283,0.009278242036458717,1
2026,0,145,nonadherence,0.056277767556799696,0.052913516759872437,0.0033642507969272595,1
2026,0,145,claim_rate,-5.551115123125783e-17,0.0,5.551115123125783e-17,1
2026,0,145,claim_severity,0.16096469394384877,0.10313868522644043,0.05782600871740834,1
2026,0,145,provider_complication,0.04392108720584137,0.009104609489440918,0.03481647771640045,1
2026,0,145,coverage_gap,0.03632325306960582,0.037928760051727295,0.001605506982121474,1
2026,0,155,age,0.010552476743764666,0.007777519524097443,0.0027749572196672234,1
2026,0,155,poor_health,0.0337028393837524,0.02452724799513817,0.009175591388614235,1
2026,0,155,smoking,0.0,0.0,0.0,1
2026,0,155,bmi_risk,0.01606417912765766,0.012344025075435638,0.0037201540522220217,1
2026,0,155,nonadherence,0.02300265657989657,0.016107633709907532,0.00689502286998904,1
2026,0,155,claim_rate,0.011167546318462021,0.00923948734998703,0.001928058968474991,1
2026,0,155,claim_severity,0.00865585015471583,0.00474943220615387,0.0039064179485619605,1
2026,0,155,provider_complication,0.016204900984502446,0.0028972402215003967,0.01330766076300205,1
2026,0,155,coverage_gap,0.014683677256666014,0.013726100325584412,0.0009575769310816024,1
2026,0,157,age,-2.7755575615628914e-17,0.0,2.7755575615628914e-17,1
2026,0,157,poor_health,0.036843828342594004,0.035319164395332336,0.0015246639472616674,1
2026,0,157,smoking,0.10673036853832829,0.11538994312286377,0.008659574584535479,1
2026,0,157,bmi_risk,0.08543833760470478,0.0872400552034378,0.0018017175987330297,1
2026,0,157,nonadherence,0.027098311230829064,0.024391159415245056,0.002707151815584008,1
2026,0,157,claim_rate,0.02054594451939229,0.02131161093711853,0.0007656664177262407,1
2026,0,157,claim_severity,0.06550128516922693,0.04994547367095947,0.015555811498267458,1
2026,0,157,provider_complication,0.02312784209870719,0.007019892334938049,0.01610794976376914,1
2026,0,157,coverage_gap,0.035460893228247026,0.042446911334991455,0.006986018106744429,1
2026,0,159,age,0.051086901923671615,0.055648211389780045,0.004561309466108429,1
2026,0,159,poor_health,0.03434754677047881,0.03417005389928818,0.00017749287119063484,1
2026,0,159,smoking,-1.3877787807814457e-17,0.0,1.3877787807814457e-17,1
2026,0,159,bmi_risk,0.018223104036469318,0.020367205142974854,0.002144101106505536,1
2026,0,159,nonadherence,0.015187687190393706,0.015522152185440063,0.0003344649950463574,1
2026,0,159,claim_rate,0.01156203256718874,0.012990660965442657,0.0014286283982539172,1
2026,0,159,claim_severity,-1.3877787807814457e-17,0.0,1.3877787807814457e-17,1
2026,0,159,provider_complication,0.01954547142473617,0.004943639039993286,0.014601832384742885,1
2026,0,159,coverage_gap,0.011013512597491878,0.0149010568857193,0.003887544288227421,1
2026,0,163,age,0.03349744058728904,0.029862552881240845,0.0036348877060481954,1
2026,0,163,poor_health,0.07938793465806765,0.0732012689113617,0.006186665746705955,1
2026,0,163,smoking,-2.7755575615628914e-17,0.0,2.7755575615628914e-17,1
2026,0,163,bmi_risk,0.012393270677760637,0.012254759669303894,0.00013851100845674313,1
2026,0,163,nonadherence,0.032545896631389626,0.0298311710357666,0.0027147255956230243,1
2026,0,163,claim_rate,0.03382156341096154,0.03592171519994736,0.0021001517889858157,1
2026,0,163,claim_severity,0.03951463979922848,0.028060033917427063,0.011454605881801416,1
2026,0,163,provider_complication,0.03673353758462264,0.01052945852279663,0.026204079061826008,1
2026,0,163,coverage_gap,0.04153418696097344,0.044541649520397186,0.003007462559423746,1
2026,0,166,age,0.15888613939655682,0.1171177327632904,0.04176840663326642,1
2026,0,166,poor_health,0.07996657566829701,0.06916916370391846,0.010797411964378556,1
2026,0,166,smoking,0.17874776746277435,0.16426225006580353,0.01448551739697082,1
2026,0,166,bmi_risk,0.16093953461364519,0.12775355577468872,0.033185978838956465,1
2026,0,166,nonadherence,0.00921202575746205,0.011654943227767944,0.0024429174703058942,1
2026,0,166,claim_rate,0.030809620696020057,0.03601750731468201,0.00520788661866195,1
2026,0,166,claim_severity,0.09009680865787739,0.0671859085559845,0.022910900101892895,1
2026,0,166,provider_complication,0.026403521236452954,0.007186472415924072,0.01921704882052888,1
2026,0,166,coverage_gap,0.06158817137935535,0.07556915283203125,0.0139809814526759,1
2026,0,167,age,0.11794954203819044,0.12408079206943512,0.006131250031244678,1
2026,0,167,poor_health,0.15284378828910242,0.16019681841135025,0.007353030122247833,1
2026,0,167,smoking,0.0,0.0,0.0,1
2026,0,167,bmi_risk,0.04781596120450354,0.050390586256980896,0.002574625052477353,1
2026,0,167,nonadherence,0.022930986018855376,0.030484020709991455,0.007553034691136079,1
2026,0,167,claim_rate,0.02479685326453046,0.029793381690979004,0.004996528426448543,1
2026,0,167,claim_severity,0.0777030406870658,0.06624102592468262,0.011462014762383177,1
2026,0,167,provider_complication,0.02363763504761296,0.007085263729095459,0.0165523713185175,1
2026,0,167,coverage_gap,0.059270150236179764,0.07895907759666443,0.019688927360484665,1
2026,0,168,age,0.013598311379857515,0.01645161584019661,0.002853304460339094,1
2026,0,168,poor_health,0.014307724825399222,0.016042988747358322,0.0017352639219591001,1
2026,0,168,smoking,0.0,0.0,0.0,1
2026,0,168,bmi_risk,0.014068670723306163,0.017371661961078644,0.0033029912377724804,1
2026,0,168,nonadherence,0.010655472327660509,0.01182875782251358,0.0011732854948530713,1
2026,0,168,claim_rate,0.0,0.0,0.0,1
2026,0,168,claim_severity,0.0,0.0,0.0,1
2026,0,168,provider_complication,0.009451087051719112,0.0027168020606040955,0.0067342849911150165,1
2026,0,168,coverage_gap,0.01317217858794155,0.018250450491905212,0.005078271903963663,1
2026,0,173,age,0.08934002021322975,0.08897886425256729,0.00036115596066245426,1
2026,0,173,poor_health,0.05253760773294139,0.05060337483882904,0.0019342328941123477,1
2026,0,173,smoking,0.0,0.0,0.0,1
2026,0,173,bmi_risk,0.02556027438048014,0.024974331259727478,0.0005859431207526633,1
2026,0,173,nonadherence,0.01823995520945862,0.018369168043136597,0.00012921283367797742,1
2026,0,173,claim_rate,0.017134864860264387,0.01821175217628479,0.0010768873160204029,1
2026,0,173,claim_severity,0.04849950961763366,0.03430303931236267,0.014196470305270992,1
2026,0,173,provider_complication,0.019275367384045478,0.00506417453289032,0.014211192851155158,1
2026,0,173,coverage_gap,0.023473815338998588,0.02477799355983734,0.0013041782208387531,1
2026,0,180,age,0.04217802565360871,0.04062102735042572,0.0015569983031829895,1
2026,0,180,poor_health,0.004669542724431985,0.0043340325355529785,0.00033551018887900685,1
2026,0,180,smoking,-1.3877787807814457e-17,0.0,1.3877787807814457e-17,1
2026,0,180,bmi_risk,0.003042589466097284,0.0029930099844932556,4.9579481604028475e-05,1
2026,0,180,nonadherence,0.01595298599700313,0.015112925320863724,0.000840060676139405,1
2026,0,180,claim_rate,-1.3877787807814457e-17,0.0,1.3877787807814457e-17,1
2026,0,180,claim_severity,0.0115491634794994,0.00829896330833435,0.003250200171165049,1
2026,0,180,provider_complication,0.002763734819128741,0.0007349923253059387,0.002028742493822802,1
2026,0,180,coverage_gap,0.007288297386288958,0.008027829229831696,0.0007395318435427373,1
2026,0,184,age,0.1558025815452138,0.1546211540699005,0.0011814274753132736,1
2026,0,184,poor_health,0.22154849686433584,0.21273235976696014,0.008816137097375693,1
2026,0,184,smoking,0.0,0.0,0.0,1
2026,0,184,bmi_risk,0.023770037250531728,0.019906818866729736,0.003863218383801992,1
2026,0,184,nonadherence,0.04537459441497793,0.04600715637207031,0.0006325619570923813,1
2026,0,184,claim_rate,0.0,0.0,0.0,1
2026,0,184,claim_severity,0.16832837927656974,0.11059373617172241,0.05773464310484733,1
2026,0,184,provider_complication,0.04524817672429743,0.009118348360061646,0.03612982836423578,1
2026,0,184,coverage_gap,0.09912334235665082,0.10366672277450562,0.004543380417854792,1
2026,0,189,age,0.046187603402138074,0.045652735978364944,0.0005348674237731291,1
2026,0,189,poor_health,0.04481435652092558,0.04459725320339203,0.00021710331753355128,1
2026,0,189,smoking,-1.3877787807814457e-17,0.0,1.3877787807814457e-17,1
2026,0,189,bmi_risk,0.011962540812303593,0.012274213135242462,0.00031167232293886904,1
2026,0,189,nonadherence,0.006335104981972678,0.006222054362297058,0.0001130506196756198,1
2026,0,189,claim_rate,-1.3877787807814457e-17,0.0,1.3877787807814457e-17,1
2026,0,189,claim_severity,0.019279937005170153,0.013682208955287933,0.00559772804988222,1
2026,0,189,provider_complication,0.00521582479652466,0.0012998729944229126,0.003915951802101747,1
2026,0,189,coverage_gap,0.009186801249214255,0.010114483535289764,0.0009276822860755096,1
2026,0,193,age,0.041266357631337416,0.0437978133559227,0.0025314557245852826,1
2026,0,193,poor_health,0.02897438610829306,0.029493123292922974,0.0005187371846299138,1
2026,0,193,smoking,1.3877787807814457e-17,0.0,1.3877787807814457e-17,1
2026,0,193,bmi_risk,0.013792038347472932,0.015157215297222137,0.0013651769497492056,1
2026,0,193,nonadherence,0.0221784327903584,0.0226706862449646,0.000492253454606198,1
2026,0,193,claim_rate,1.3877787807814457e-17,0.0,1.3877787807814457e-17,1
2026,0,193,claim_severity,0.009984188499761598,0.007716290652751923,0.0022678978470096756,1
2026,0,193,provider_complication,0.009374099642339012,0.0024752020835876465,0.006898897558751366,1
2026,0,193,coverage_gap,0.021709475833749894,0.025061942636966705,0.003352466803216811,1
2026,0,198,age,0.1318094549023584,0.12313944101333618,0.008670013889022221,1
2026,0,198,poor_health,0.15045866486609194,0.14247387647628784,0.007984788389804098,1
2026,0,198,smoking,0.20028436080048234,0.21280425786972046,0.012519897069238117,1
2026,0,198,bmi_risk,0.11429976515937751,0.0884847640991211,0.025815001060256415,1
2026,0,198,nonadherence,0.03327433062322055,0.0302715003490448,0.0030028302741757495,1
2026,0,198,claim_rate,0.03244656287610875,0.038207441568374634,0.0057608786922658806,1
2026,0,198,claim_severity,0.2223539646361058,0.16851192712783813,0.05384203750826766,1
2026,0,198,provider_complication,0.027756669329584316,0.007551401853561401,0.020205267476022915,1
2026,0,198,coverage_gap,0.04708254702642334,0.056075841188430786,0.008993294162007448,1
2026,0,203,age,0.035183148757513334,0.0377165824174881,0.002533433659974764,1
2026,0,203,poor_health,0.01779970505518136,0.01780489832162857,5.193266447212075e-06,1
2026,0,203,smoking,-1.3877787807814457e-17,0.0,1.3877787807814457e-17,1
2026,0,203,bmi_risk,0.014594312170129603,0.015355393290519714,0.0007610811203901113,1
2026,0,203,nonadherence,0.016479503800704037,0.016596458852291107,0.00011695505158706987,1
2026,0,203,claim_rate,-1.3877787807814457e-17,0.0,1.3877787807814457e-17,1
2026,0,203,claim_severity,0.014998888705644892,0.01207759976387024,0.0029212889417746524,1
2026,0,203,provider_complication,0.022961680566815315,0.007330648601055145,0.01563103196576017,1
2026,0,203,coverage_gap,0.007104058973452815,0.009410068392753601,0.0023060094193007863,1
2026,0,217,age,0.034023743778845164,0.03206813335418701,0.0019556104246581524,1
2026,0,217,poor_health,0.0358594273204277,0.031537145376205444,0.004322281944222253,1
2026,0,217,smoking,2.7755575615628914e-17,0.0,2.7755575615628914e-17,1
2026,0,217,bmi_risk,0.02619180006710667,0.025042489171028137,0.0011493108960785314,1
2026,0,217,nonadherence,0.01346303808476211,0.011303544044494629,0.0021594940402674817,1
2026,0,217,claim_rate,0.02633958038294544,0.02650637924671173,0.00016679886376629038,1
2026,0,217,claim_severity,0.0376396065996879,0.02698201686143875,0.010657589738249151,1
2026,0,217,provider_complication,0.03151535250613598,0.00714506208896637,0.024370290417169607,1
2026,0,217,coverage_gap,0.010170033227429154,0.011562392115592957,0.0013923588881638027,1
2026,0,223,age,0.04078026510775351,0.044419899582862854,0.0036396344751093435,1
2026,0,223,poor_health,0.05466728631627091,0.058999598026275635,0.004332311710004727,1
2026,0,223,smoking,-2.7755575615628914e-17,0.0,2.7755575615628914e-17,1
2026,0,223,bmi_risk,0.02637832574900488,0.02871514856815338,0.0023368228191485013,1
2026,0,223,nonadherence,0.026798428779596026,0.02791774272918701,0.001119313949590986,1
2026,0,223,claim_rate,0.02990488237739715,0.03624597191810608,0.00634108954070893,1
2026,0,223,claim_severity,0.05473540542807234,0.04691983014345169,0.007815575284620652,1
2026,0,223,provider_complication,0.005836659444048625,0.001916542649269104,0.003920116794779521,1
2026,0,223,coverage_gap,0.035442056080731046,0.04465704411268234,0.009214988031951296,1
2026,0,230,age,0.061254183585601724,0.05374351888895035,0.007510664696651376,1
2026,0,230,poor_health,0.07479375551749981,0.06793490797281265,0.006858847544687158,1
2026,0,230,smoking,0.0,0.0,0.0,1
2026,0,230,bmi_risk,0.024220541013218883,0.0239420086145401,0.00027853239867878243,1
2026,0,230,nonadherence,0.038910342982005186,0.03473743796348572,0.004172905018519468,1
2026,0,230,claim_rate,0.03698694937678068,0.03672902286052704,0.0002579265162536426,1
2026,0,230,claim_severity,0.05294559103830651,0.036263734102249146,0.016681856936057365,1
2026,0,230,provider_complication,0.021699212123218153,0.004813775420188904,0.01688543670302925,1
2026,0,230,coverage_gap,0.03461277458037623,0.03906385600566864,0.004451081425292408,1
2026,0,237,age,0.16652490783572288,0.15289677679538727,0.013628131040335612,1
2026,0,237,poor_health,0.23356481262728412,0.2067263275384903,0.02683848508879383,1
2026,0,237,smoking,0.0,0.0,0.0,1
2026,0,237,bmi_risk,0.08675677728826703,0.07746395468711853,0.009292822601148498,1
2026,0,237,nonadherence,0.027153911760249172,0.03643763065338135,0.009283718893132176,1
2026,0,237,claim_rate,0.031835200458994684,0.042307376861572266,0.010472176402577582,1
2026,0,237,claim_severity,0.1637487189263953,0.1210927665233612,0.0426559524030341,1
2026,0,237,provider_complication,0.07654845127803989,0.015602439641952515,0.06094601163608737,1
2026,0,237,coverage_gap,0.05572822185861598,0.06043940782546997,0.004711185966853992,1
2026,0,247,age,0.023730491390795416,0.018872737884521484,0.004857753506273932,1
2026,0,247,poor_health,0.07932920322796119,0.07100988179445267,0.008319321433508525,1
2026,0,247,smoking,0.0,0.0,0.0,1
2026,0,247,bmi_risk,0.0935936621803606,0.08572432398796082,0.00786933819239978,1
2026,0,247,nonadherence,0.038016774036376766,0.03226587176322937,0.005750902273147396,1
2026,0,247,claim_rate,0.02080167735116628,0.02014303207397461,0.0006586452771916718,1
2026,0,247,claim_severity,0.05384892409256972,0.035063281655311584,0.018785642437258138,1
2026,0,247,provider_complication,0.05035652892548256,0.013949036598205566,0.036407492327277,1
2026,0,247,coverage_gap,0.037439965350935245,0.039568305015563965,0.00212833966462872,1
2026,0,251,age,0.06127703765527148,0.05248814821243286,0.008788889442838621,1
2026,0,251,poor_health,0.08670862286878461,0.07370050996541977,0.013008112903364843,1
2026,0,251,smoking,0.0,0.0,0.0,1
2026,0,251,bmi_risk,0.00016674393110155394,0.0001401156187057495,2.6628312395804432e-05,1
2026,0,251,nonadherence,0.022203469340494636,0.018833518028259277,0.0033699513122353586,1
2026,0,251,claim_rate,0.018362553415623123,0.01775309443473816,0.0006094589808849638,1
2026,0,251,claim_severity,0.05977849442447564,0.03768365830183029,0.022094836122645345,1
2026,0,251,provider_complication,0.030321217643413417,0.006565004587173462,0.023756213056239955,1
2026,0,251,coverage_gap,0.03406301647166696,0.03721785545349121,0.003154838981824254,1
2026,0,254,age,0.0699186785710259,0.0892050564289093,0.019286377857883397,1
2026,0,254,poor_health,0.04681099780826245,0.06061267852783203,0.013801680719569581,1
2026,0,254,smoking,0.09506519032488202,0.1280355006456375,0.032970310320755494,1
2026,0,254,bmi_risk,0.04660509034283816,0.06050242483615875,0.01389733449332059,1
2026,0,254,nonadherence,0.019280844601793717,0.02660907804965973,0.007328233447866012,1
2026,0,254,claim_rate,0.018543737479191025,0.026533305644989014,0.007989568165797989,1
2026,0,254,claim_severity,0.035664632585283934,0.03421729803085327,0.0014473345544306626,1
2026,0,254,provider_complication,0.017685853947218527,0.005523011088371277,0.01216284285884725,1
2026,0,254,coverage_gap,0.013438121227822702,0.02128000557422638,0.007841884346403677,1
2026,0,255,age,0.012530420500307657,0.01635672152042389,0.0038263010201162323,1
2026,0,255,poor_health,0.025634818444553294,0.031496062874794006,0.005861244430240713,1
2026,0,255,smoking,0.0,0.0,0.0,1
2026,0,255,bmi_risk,0.007621961991205434,0.010034710168838501,0.0024127481776330673,1
2026,0,255,nonadherence,0.01343179181759567,0.016211077570915222,0.002779285753319552,1
2026,0,255,claim_rate,0.008555977407264284,0.012034103274345398,0.003478125867081114,1
2026,0,255,claim_severity,0.01585832987576226,0.015305481851100922,0.0005528480246613371,1
2026,0,255,provider_complication,0.0018528936412904456,0.000642627477645874,0.0012102661636445716,1
2026,0,255,coverage_gap,0.02185470226034337,0.03400825709104538,0.012153554830702011,1
2026,0,256,age,0.060895918742252524,0.06627209484577179,0.005376176103519266,1
2026,0,256,poor_health,0.02640020021251932,0.027974359691143036,0.0015741594786237156,1
2026,0,256,smoking,0.0,0.0,0.0,1
2026,0,256,bmi_risk,0.019801708107219262,0.022750727832317352,0.00294901972509809,1
2026,0,256,nonadherence,0.039608210344831904,0.04221944510936737,0.0026112347645354667,1
2026,0,256,claim_rate,0.0,0.0,0.0,1
2026,0,256,claim_severity,0.0,0.0,0.0,1
2026,0,256,provider_complication,0.007328096527626865,0.0021554231643676758,0.005172673363259189,1
2026,0,256,coverage_gap,0.040161567631672127,0.048197969794273376,0.00803640216260125,1
2026,0,260,age,0.11925198201684778,0.13217461109161377,0.01292262907476599,1
2026,0,260,poor_health,0.0980992603837123,0.10996752977371216,0.011868269389999853,1
2026,0,260,smoking,0.17466602017066093,0.191331684589386,0.01666566441872505,1
2026,0,260,bmi_risk,0.041893175276582706,0.04228687286376953,0.00039369758718682535,1
2026,0,260,nonadherence,0.05389681002008784,0.04742428660392761,0.006472523416160225,1
2026,0,260,claim_rate,0.08761854731191487,0.10586512088775635,0.018246573575841474,1
2026,0,260,claim_severity,0.17534066181688168,0.14234822988510132,0.032992431931780364,1
2026,0,260,provider_complication,0.01655652055212231,0.004864692687988281,0.01169182786413403,1
2026,0,260,coverage_gap,0.017916723753642005,0.02491900324821472,0.007002279494572716,1
2026,0,261,age,0.0015800961518524434,0.0012964829802513123,0.00028361317160113114,1
2026,0,261,poor_health,0.01855451131271392,0.01468074694275856,0.0038737643699553598,1
2026,0,261,smoking,6.938893903907228e-18,0.0,6.938893903907228e-18,1
2026,0,261,bmi_risk,0.004323491721608494,0.0036282017827033997,0.0006952899389050943,1
2026,0,261,nonadherence,0.01545721604422301,0.012092199176549911,0.0033650168676730985,1
2026,0,261,claim_rate,6.938893903907228e-18,0.0,6.938893903907228e-18,1
2026,0,261,claim_severity,0.003567034520284132,0.0021432042121887207,0.0014238303080954112,1
2026,0,261,provider_complication,0.009630946901292355,0.001795206218957901,0.007835740682334454,1
2026,0,261,coverage_gap,0.008289295337343995,0.008124217391014099,0.00016507794632989597,1
2026,0,294,age,0.06268415102072641,0.06784214824438095,0.005157997223654537,1
2026,0,294,poor_health,0.02214230961189438,0.022919967770576477,0.0007776581586820958,1
2026,0,294,smoking,0.0,0.0,0.0,1
2026,0,294,bmi_risk,0.02051895346482832,0.022529512643814087,0.0020105591789857657,1
2026,0,294,nonadherence,0.028944644744462594,0.030391879379749298,0.0014472346352867038,1
2026,0,294,claim_rate,0.0,0.0,0.0,1
2026,0,294,claim_severity,0.02121913504877966,0.017469346523284912,0.003749788525494749,1
2026,0,294,provider_complication,0.026462851686735414,0.008275076746940613,0.0181877749397948,1
2026,0,294,coverage_gap,0.03529496946948994,0.043308913707733154,0.008013944238243212,1
2026,0,296,age,0.047024845237284715,0.04668870568275452,0.0003361395545301987,1
2026,0,296,poor_health,0.03883699888736167,0.0373946875333786,0.0014423113539830668,1
2026,0,296,smoking,0.0,0.0,0.0,1
2026,0,296,bmi_risk,0.005862262980490779,0.00535990297794342,0.0005023600025473585,1
2026,0,296,nonadherence,0.018856388909498076,0.018023930490016937,0.0008324584194811385,1
2026,0,296,claim_rate,0.0,0.0,0.0,1
2026,0,296,claim_severity,0.015567548562666567,0.011928573250770569,0.0036389753118959978,1
2026,0,296,provider_complication,0.02801060212747139,0.008956260979175568,0.019054341148295822,1
2026,0,296,coverage_gap,0.021087356632405005,0.026236049830913544,0.005148693198508539,1
2026,0,299,age,0.09128004918411758,0.09051871299743652,0.0007613361866810608,1
2026,0,299,poor_health,0.03937110236766214,0.040750011801719666,0.0013789094340575236,1
2026,0,299,smoking,0.12075052977398693,0.12640298157930374,0.005652451805316816,1
2026,0,299,bmi_risk,0.018767068659054364,0.01874569058418274,2.137807487162524e-05,1
2026,0,299,nonadherence,0.06307097584542812,0.06334273517131805,0.00027175932588993645,1
2026,0,299,claim_rate,-2.7755575615628914e-17,0.0,2.7755575615628914e-17,1
2026,0,299,claim_severity,0.08190463935372524,0.06350378692150116,0.018400852432224085,1
2026,0,299,provider_complication,0.0530258694205282,0.015970975160598755,0.037054894259929444,1
2026,0,299,coverage_gap,0.011552557893242499,0.015283063054084778,0.003730505160842279,1
2026,0,301,age,0.036835252333031754,0.027464687824249268,0.009370564508782486,1
2026,0,301,poor_health,0.09443709545546049,0.07143591344356537,0.02300118201189512,1
2026,0,301,smoking,0.0,0.0,0.0,1
2026,0,301,bmi_risk,0.010832329908103372,0.008186116814613342,0.0026462130934900296,1
2026,0,301,nonadherence,0.057068192064266304,0.04142768681049347,0.015640505253772835,1
2026,0,301,claim_rate,0.021423438055701544,0.01832672953605652,0.003096708519645025,1
2026,0,301,claim_severity,0.07562837005398879,0.04242677986621857,0.03320159018777022,1
2026,0,301,provider_complication,0.0448224407666164,0.007010161876678467,0.037812278889937934,1
2026,0,301,coverage_gap,0.0545973256858088,0.04790327697992325,0.0066940487058855525,1
2026,0,305,age,0.12990167617915066,0.13708941638469696,0.0071877402055463,1
2026,0,305,poor_health,0.06740127204373753,0.07471610605716705,0.0073148340134295275,1
2026,0,305,smoking,0.0,0.0,0.0,1
2026,0,305,bmi_risk,0.040754798227044337,0.04769733548164368,0.00694253725459934,1
2026,0,305,nonadherence,0.06126681040093532,0.06867110729217529,0.007404296891239975,1
2026,0,305,claim_rate,0.04285104611910853,0.05245988070964813,0.0096088345905396,1
2026,0,305,claim_severity,0.04454565484063161,0.030954688787460327,0.013590966053171283,1
2026,0,305,provider_complication,0.03250660452800677,0.007796615362167358,0.024709989165839413,1
2026,0,305,coverage_gap,0.03536159200560404,0.03900137543678284,0.0036397834311787947,1
2026,0,308,age,0.02730054426036224,0.030155472457408905,0.0028549281970466633,1
2026,0,308,poor_health,0.03996714762786946,0.04211960732936859,0.002152459701499132,1
2026,0,308,smoking,0.0,0.0,0.0,1
2026,0,308,bmi_risk,0.03565485817037403,0.04073905944824219,0.0050842012778681556,1
2026,0,308,nonadherence,0.0034639004113786037,0.0035384148359298706,7.451442455126689e-05,1
2026,0,308,claim_rate,0.0,0.0,0.0,1
2026,0,308,claim_severity,0.012527041348082829,0.010172292590141296,0.0023547487579415327,1
2026,0,308,provider_complication,0.010892416781971337,0.0029123350977897644,0.007980081684181572,1
2026,0,308,coverage_gap,0.033278537197573343,0.04287823289632797,0.009599695698754629,1
2026,0,310,age,0.10279371281641442,0.09871610999107361,0.004077602825340809,1
2026,0,310,poor_health,0.1428241537578257,0.14809027314186096,0.005266119384035262,1
2026,0,310,smoking,0.1841017741263292,0.19461879134178162,0.010517017215452423,1
2026,0,310,bmi_risk,0.07501782471423996,0.06785672903060913,0.007161095683630825,1
2026,0,310,nonadherence,0.03815995529239352,0.03959593176841736,0.001435976476023837,1
2026,0,310,claim_rate,0.09117827459752248,0.10429501533508301,0.013116740737560528,1
2026,0,310,claim_severity,0.16538586229203484,0.12329572439193726,0.04209013790009758,1
2026,0,310,provider_complication,0.016921675166058747,0.004145532846450806,0.012776142319607942,1
2026,0,310,coverage_gap,0.02974787542560653,0.03708463907241821,0.007336763646811684,1
2026,0,313,age,0.06803496305201504,0.05863078683614731,0.009404176215867727,1
2026,0,313,poor_health,0.10257174890956734,0.08793353289365768,0.014638216015909658,1
2026,0,313,smoking,-2.7755575615628914e-17,0.0,2.7755575615628914e-17,1
2026,0,313,bmi_risk,0.040855107130793156,0.03701820969581604,0.0038368974349771157,1
2026,0,313,nonadherence,0.04961072129378033,0.04201515018939972,0.007595571104380611,1
2026,0,313,claim_rate,-2.7755575615628914e-17,0.0,2.7755575615628914e-17,1
2026,0,313,claim_severity,0.046278385224449325,0.03021775186061859,0.016060633363830734,1
2026,0,313,provider_complication,0.022515056093897062,0.0055427104234695435,0.01697234567042752,1
2026,0,313,coverage_gap,0.02580067338068201,0.026597872376441956,0.0007971989957599457,1
2026,0,316,age,0.03021014764754791,0.030078493058681488,0.00013165458886642278,1
2026,0,316,poor_health,0.046794293313270036,0.046405941247940063,0.00038835206532997213,1
2026,0,316,smoking,0.0,0.0,0.0,1
2026,0,316,bmi_risk,0.030967566285142523,0.032641470432281494,0.0016739041471389715,1
2026,0,316,nonadherence,0.04373174581156364,0.042355507612228394,0.0013762381993352446,1
2026,0,316,claim_rate,0.015487035497735863,0.017699673771858215,0.0022126382741223527,1
2026,0,316,claim_severity,0.02875490811656843,0.02202463150024414,0.0067302766163242905,1
2026,0,316,provider_complication,0.03299101168043239,0.009961128234863281,0.02302988344556911,1
2026,0,316,coverage_gap,0.034752332893874485,0.04450627416372299,0.009753941269848507,1
2026,0,319,age,0.02621971896300572,0.02339574694633484,0.002823972016670881,1
2026,0,319,poor_health,0.03325109157007038,0.02953856810927391,0.0037125234607964727,1
2026,0,319,smoking,0.0,0.0,0.0,1
2026,0,319,bmi_risk,0.006116943041519746,0.00551837682723999,0.0005985662142797554,1
2026,0,319,nonadherence,0.028896105208939635,0.02543957531452179,0.003456529894417845,1
2026,0,319,claim_rate,0.0,0.0,0.0,1
2026,0,319,claim_severity,0.012836879843122623,0.00853712111711502,0.004299758726007602,1
2026,0,319,provider_complication,0.016120980648732797,0.004032991826534271,0.012087988822198525,1
2026,0,319,coverage_gap,0.011463033571329287,0.013006508350372314,0.0015434747790430275,1
2026,0,323,age,0.04176646106049822,0.039846062660217285,0.0019203984002809371,1
2026,0,323,poor_health,0.07375164165370038,0.07129126787185669,0.002460373781843689,1
2026,0,323,smoking,0.0,0.0,0.0,1
2026,0,323,bmi_risk,0.026038754127231917,0.027883924543857574,0.0018451704166256577,1
2026,0,323,nonadherence,0.022320767078417875,0.021117880940437317,0.0012028861379805578,1
2026,0,323,claim_rate,0.016049119416028657,0.01845686137676239,0.0024077419607337336,1
2026,0,323,claim_severity,0.034105426208461104,0.024518638849258423,0.009586787359202681,1
2026,0,323,provider_complication,0.008800590127519936,0.0018458366394042969,0.006954753488115639,1
2026,0,323,coverage_gap,0.034624173661598076,0.03813119977712631,0.003507026115528236,1
2026,0,324,age,0.02570783668777328,0.028588522225618362,0.002880685537845082,1
2026,0,324,poor_health,0.029806616798240253,0.030281558632850647,0.00047494183461039424,1
2026,0,324,smoking,0.0,0.0,0.0,1
2026,0,324,bmi_risk,0.02202597770587928,0.0244753398001194,0.0024493620942401192,1
2026,0,324,nonadherence,0.005610764705366159,0.005634874105453491,2.4109400087332644e-05,1
2026,0,324,claim_rate,0.0,0.0,0.0,1
2026,0,324,claim_severity,0.007693662732837225,0.006268523633480072,0.0014251390993571533,1
2026,0,324,provider_complication,0.00779658053643166,0.002025522291660309,0.0057710582447713515,1
2026,0,324,coverage_gap,0.003936677012683645,0.005373246967792511,0.0014365699551088656,1
2026,0,333,age,0.0205792213264121,0.020351924002170563,0.0002272973242415377,1
2026,0,333,poor_health,0.06150470649933211,0.05886093154549599,0.0026437749538361227,1
2026,0,333,smoking,-1.3877787807814457e-17,0.0,1.3877787807814457e-17,1
2026,0,333,bmi_risk,0.0027665849706421664,0.002647183835506439,0.00011940113513572714,1
2026,0,333,nonadherence,0.03618667824611328,0.03381360322237015,0.0023730750237431347,1
2026,0,333,claim_rate,-1.3877787807814457e-17,0.0,1.3877787807814457e-17,1
2026,0,333,claim_severity,0.040214242041637135,0.03072343021631241,0.009490811825324727,1
2026,0,333,provider_complication,0.011627473983494868,0.003192499279975891,0.008434974703518977,1
2026,0,333,coverage_gap,0.01838314879827034,0.022689804434776306,0.0043066556365059655,1
2026,0,334,age,0.014360650408667922,0.010410860180854797,0.003949790227813124,1
2026,0,334,poor_health,0.04043741094640721,0.029764965176582336,0.010672445769824873,1
2026,0,334,smoking,-1.3877787807814457e-17,0.0,1.3877787807814457e-17,1
2026,0,334,bmi_risk,0.00395248659339173,0.0030067935585975647,0.000945693034794165,1
2026,0,334,nonadherence,0.014235429061326257,0.009890750050544739,0.004344679010781519,1
2026,0,334,claim_rate,0.01104629739864503,0.009100787341594696,0.0019455100570503342,1
2026,0,334,claim_severity,0.02730990630488009,0.015121590346097946,0.012188315958782142,1
2026,0,334,provider_complication,0.015250170881085864,0.0029041171073913574,0.012346053773694507,1
2026,0,334,coverage_gap,0.006068646914526313,0.005974508821964264,9.413809256204886e-05,1
2026,0,344,age,0.036697092746272406,0.037457361817359924,0.0007602690710875187,1
2026,0,344,poor_health,0.04550553213504463,0.04574882239103317,0.00024329025598854304,1
2026,0,344,smoking,0.0,0.0,0.0,1
2026,0,344,bmi_risk,0.024283795571523922,0.025771118700504303,0.0014873231289803807,1
2026,0,344,nonadherence,0.027983055213268562,0.028024770319461823,4.171510619326024e-05,1
2026,0,344,claim_rate,0.0,0.0,0.0,1
2026,0,344,claim_severity,0.02751228016093546,0.020591050386428833,0.0069212297745066265,1
2026,0,344,provider_complication,0.01193383032537007,0.0034423992037773132,0.008491431121592757,1
2026,0,344,coverage_gap,0.01716798039911492,0.022938288748264313,0.005770308349149392,1
2026,0,346,age,0.13856551858171334,0.12198373675346375,0.016581781828249598,1
2026,0,346,poor_health,0.13490063337210753,0.11244355142116547,0.022457081950942065,1
2026,0,346,smoking,0.0,0.0,0.0,1
2026,0,346,bmi_risk,0.05672806854549517,0.05217790603637695,0.004550162509118216,1
2026,0,346,nonadherence,0.0460182202732099,0.042130231857299805,0.003887988415910093,1
2026,0,346,claim_rate,0.027648672025245402,0.031094461679458618,0.003445789654213216,1
2026,0,346,claim_severity,0.08766149956179956,0.06203165650367737,0.025629843058122187,1
2026,0,346,provider_complication,0.033689208737775866,0.008702367544174194,0.024986841193601672,1
2026,0,346,coverage_gap,0.07077226505658635,0.07249675691127777,0.0017244918546914234,1
2026,0,352,age,0.10537804214729357,0.09966783225536346,0.005710209891930107,1
2026,0,352,poor_health,0.07430158939580972,0.06939022243022919,0.0049113669655805325,1
2026,0,352,smoking,0.0,0.0,0.0,1
2026,0,352,bmi_risk,0.01102055750703132,0.010902851819992065,0.00011770568703925455,1
2026,0,352,nonadherence,0.03168040723788065,0.03153561055660248,0.00014479668127817535,1
2026,0,352,claim_rate,0.0,0.0,0.0,1
2026,0,352,claim_severity,0.0398749083044479,0.03033272922039032,0.009542179084057578,1
2026,0,352,provider_complication,0.0020133364412587007,0.0005070269107818604,0.0015063095304768404,1
2026,0,352,coverage_gap,0.035844656008115205,0.04002927243709564,0.004184616428980437,1
2026,0,353,age,0.1802851178613869,0.1749664843082428,0.005318633553144103,1
2026,0,353,poor_health,0.2601108165848296,0.25234830379486084,0.007762512789968756,1
2026,0,353,smoking,0.20785018865882782,0.21628323197364807,0.008433043314820254,1
2026,0,353,bmi_risk,0.04245514690597596,0.03335922956466675,0.009095917341309212,1
2026,0,353,nonadherence,0.031150387974622107,0.030642569065093994,0.0005078189095281127,1
2026,0,353,claim_rate,0.06467258730465275,0.07065153121948242,0.005978943914829671,1
2026,0,353,claim_severity,0.21360326755773795,0.13510757684707642,0.07849569071066154,1
2026,0,353,provider_complication,0.060536831017549586,0.010430872440338135,0.05010595857721145,1
2026,0,353,coverage_gap,0.046276584913910845,0.04297780990600586,0.003298775007904986,1
2026,0,362,age,0.07881175204318902,0.08116030693054199,0.0023485548873529716,1
2026,0,362,poor_health,0.2094900658087972,0.19834482669830322,0.011145239110493976,1
2026,0,362,smoking,0.2057307004766596,0.2096555531024933,0.003924852625833697,1
2026,0,362,bmi_risk,0.04598284793521218,0.041907429695129395,0.004075418240082784,1
2026,0,362,nonadherence,0.11145644144173311,0.091645747423172,0.019810694018561115,1
2026,0,362,claim_rate,0.03242403763304169,0.03148719668388367,0.0009368409491580243,1
2026,0,362,claim_severity,0.231707769352893,0.16836947202682495,0.06333829732606805,1
2026,0,362,provider_complication,0.06546225762611874,0.016072094440460205,0.04939016318565853,1
2026,0,362,coverage_gap,0.028626933773293173,0.028719604015350342,9.2670242057169e-05,1
2026,0,372,age,0.03634187064972692,0.046204566955566406,0.009862696305839483,1
2026,0,372,poor_health,0.04144463960247333,0.0470849946141243,0.0056403550116509715,1
2026,0,372,smoking,-1.3877787807814457e-17,0.0,1.3877787807814457e-17,1
2026,0,372,bmi_risk,0.007906177625489424,0.009500443935394287,0.0015942663099048626,1
2026,0,372,nonadherence,0.021236867238798987,0.023884005844593048,0.002647138605794061,1
2026,0,372,claim_rate,0.011314176064941242,0.014861330389976501,0.0035471543250352594,1
2026,0,372,claim_severity,0.021229119876804495,0.02095620334148407,0.0002729165353204249,1
2026,0,372,provider_complication,0.016419014341857913,0.00585559755563736,0.010563416786220553,1
2026,0,372,coverage_gap,0.01788421274242323,0.027182042598724365,0.009297829856301135,1
2026,0,375,age,0.07264186823819879,0.07855923473834991,0.005917366500151122,1
2026,0,375,poor_health,0.10395082650123369,0.1114373430609703,0.007486516559736617,1
2026,0,375,smoking,0.0,0.0,0.0,1
2026,0,375,bmi_risk,0.006564417607233974,0.006567567586898804,3.1499796648293277e-06,1
2026,0,375,nonadherence,0.017606020956504348,0.017853975296020508,0.00024795433951615986,1
2026,0,375,claim_rate,0.03911215927298933,0.04678390920162201,0.007671749928632676,1
2026,0,375,claim_severity,0.0832087473414156,0.0713348388671875,0.011873908474228104,1
2026,0,375,provider_complication,0.017864773604379686,0.00570070743560791,0.012164066168771775,1
2026,0,375,coverage_gap,0.04352906784127389,0.05615781247615814,0.012628744634884254,1
2026,0,376,age,0.0773543898830571,0.08886612951755524,0.011511739634498142,1
2026,0,376,poor_health,0.06422385603640621,0.07484698295593262,0.01062312691952641,1
2026,0,376,smoking,0.128279227717156,0.15229865908622742,0.02401943136907142,1
2026,0,376,bmi_risk,0.04544744734245007,0.05655913054943085,0.011111683206980777,1
2026,0,376,nonadherence,0.011840984324864218,0.013469189405441284,0.0016282050805770665,1
2026,0,376,claim_rate,0.024042837254976773,0.030936241149902344,0.0068934038949255705,1
2026,0,376,claim_severity,0.1055870929656029,0.09273326396942139,0.01285382899618151,1
2026,0,376,provider_complication,0.01983043368650947,0.006290793418884277,0.013539640267625191,1
2026,0,376,coverage_gap,0.03549437857262969,0.05031949281692505,0.014825114244295362,1
2026,0,383,age,0.03316569213281483,0.03530917316675186,0.0021434810339370294,1
2026,0,383,poor_health,0.008864200639174952,0.009421855211257935,0.0005576545720829829,1
2026,0,383,smoking,0.0,0.0,0.0,1
2026,0,383,bmi_risk,0.03189924495023841,0.035503536462783813,0.0036042915125454045,1
2026,0,383,nonadherence,0.008826470026259942,0.0090780109167099,0.0002515408904499583,1
2026,0,383,claim_rate,0.0,0.0,0.0,1
2026,0,383,claim_severity,0.019613917567392378,0.015440613031387329,0.004173304536005049,1
2026,0,383,provider_complication,0.005314987278289565,0.0015748515725135803,0.003740135705775985,1
2026,0,383,coverage_gap,0.017465800512499616,0.022777780890464783,0.005311980377965167,1
2026,0,386,age,0.016113595387442947,0.015995699912309647,0.00011789547513330056,1
2026,0,386,poor_health,0.009634953300184115,0.009390052407979965,0.0002449008922041501,1
2026,0,386,smoking,-6.938893903907228e-18,0.0,6.938893903907228e-18,1
2026,0,386,bmi_risk,0.0011676084130769898,0.0011876486241817474,2.004021110475762e-05,1
2026,0,386,nonadherence,0.010709268737592682,0.010327361524105072,0.0003819072134876103,1
2026,0,386,claim_rate,-6.938893903907228e-18,0.0,6.938893903907228e-18,1
2026,0,386,claim_severity,-6.938893903907228e-18,0.0,6.938893903907228e-18,1
2026,0,386,provider_complication,0.003633942601880144,0.0008237324655056,0.002810210136374544,1
2026,0,386,coverage_gap,0.01574079843291956,0.019742202013731003,0.004001403580811441,1
2026,0,395,age,0.04430281296584074,0.045983556658029556,0.0016807436921888186,1
2026,0,395,poor_health,0.020023374473148975,0.019897811114788055,0.00012556335836091947,1
2026,0,395,smoking,-2.7755575615628914e-17,0.0,2.7755575615628914e-17,1
2026,0,395,bmi_risk,0.0055305681762131825,0.005701683461666107,0.00017111528545292465,1
2026,0,395,nonadherence,0.013950692024352562,0.013990506529808044,3.981450545548215e-05,1
2026,0,395,claim_rate,-2.7755575615628914e-17,0.0,2.7755575615628914e-17,1
2026,0,395,claim_severity,0.005837887420462387,0.004332497715950012,0.0015053897045123749,1
2026,0,395,provider_complication,0.015131075449834927,0.004087813198566437,0.01104326225126849,1
2026,0,395,coverage_gap,0.02016608353625081,0.025851361453533173,0.005685277917282364,1
2026,0,396,age,0.06382564904562149,0.06043948233127594,0.003386166714345551,1
2026,0,396,poor_health,0.10057909003791542,0.1004486083984375,0.0001304816394779168,1
2026,0,396,smoking,2.7755575615628914e-17,0.0,2.7755575615628914e-17,1
2026,0,396,bmi_risk,0.060481614255465194,0.06182076036930084,0.0013391461138356486,1
2026,0,396,nonadherence,0.03159497487525567,0.03112548589706421,0.0004694889781914624,1
2026,0,396,claim_rate,0.020751326566411293,0.023494377732276917,0.002743051165865623,1
2026,0,396,claim_severity,0.0681847827864186,0.04892297089099884,0.019261811895419756,1
2026,0,396,provider_complication,0.02774840495642361,0.006383717060089111,0.0213646878963345,1
2026,0,396,coverage_gap,0.028668667975354223,0.03746749460697174,0.008798826631617518,1
2026,0,400,age,0.004540016233603145,0.00437791645526886,0.0001620997783342848,1
2026,0,400,poor_health,0.006897873610387836,0.006523653864860535,0.00037421974552730164,1
2026,0,400,smoking,0.0,0.0,0.0,1
2026,0,400,bmi_risk,0.005231775842518695,0.005180831998586655,5.0943843932040045e-05,1
2026,0,400,nonadherence,0.0035010926139917298,0.0031409338116645813,0.0003601588023271485,1
2026,0,400,claim_rate,0.016612847738678084,0.01755427196621895,0.0009414242275408644,1
2026,0,400,claim_severity,0.002483378433157178,0.0017813555896282196,0.0007020228435289586,1
2026,0,400,provider_complication,0.011072421147260113,0.002728421241044998,0.008343999906215115,1
2026,0,400,coverage_gap,0.005159192461312259,0.006678607314825058,0.0015194148535127988,1
2026,0,403,age,0.08855629852385988,0.08762671798467636,0.0009295805391835166,1
2026,0,403,poor_health,0.07872417748637316,0.0770241767168045,0.001700000769568652,1
2026,0,403,smoking,0.0,0.0,0.0,1
2026,0,403,bmi_risk,0.051450352817295514,0.0509326308965683,0.0005177219207272155,1
2026,0,403,nonadherence,0.02846229558594493,0.026907935738563538,0.0015543598473813924,1
2026,0,403,claim_rate,0.019855599141162084,0.02165013551712036,0.0017945363759582778,1
2026,0,403,claim_severity,0.05627799328381175,0.043546080589294434,0.012731912694517317,1
2026,0,403,provider_complication,0.01170196019427805,0.003539174795150757,0.008162785399127293,1
2026,0,403,coverage_gap,0.034071418379198665,0.04080459475517273,0.006733176375974065,1
2026,0,406,age,0.13128172379967676,0.15209299325942993,0.020811269459753173,1
2026,0,406,poor_health,0.17675866270364743,0.2015470564365387,0.024788393732891267,1
2026,0,406,smoking,0.0,0.0,0.0,1
2026,0,406,bmi_risk,0.08350129864119726,0.08860072493553162,0.005099426294334353,1
2026,0,406,nonadherence,0.05874796780118152,0.07499369978904724,0.01624573198786572,1
2026,0,406,claim_rate,0.05682457769350624,0.08278587460517883,0.025961296911672593,1
2026,0,406,claim_severity,0.12448198152540588,0.10359793901443481,0.020884042510971063,1
2026,0,406,provider_complication,0.0031008141427872338,0.0009504854679107666,0.002150328674876467,1
2026,0,406,coverage_gap,0.09481936452082851,0.11431801319122314,0.019498648670394636,1
2026,0,410,age,0.020588341938677424,0.023099903017282486,0.0025115610786050624,1
2026,0,410,poor_health,0.017975673510274237,0.020382389426231384,0.002406715915957147,1
2026,0,410,smoking,-1.3877787807814457e-17,0.0,1.3877787807814457e-17,1
2026,0,410,bmi_risk,0.0012571989209166357,0.001430116593837738,0.00017291767292110238,1
2026,0,410,nonadherence,0.02268082771414593,0.025397956371307373,0.0027171286571614425,1
2026,0,410,claim_rate,0.008013609981805454,0.009714588522911072,0.0017009785411056175,1
2026,0,410,claim_severity,0.0011759492664806526,0.0009185448288917542,0.0002574044375888984,1
2026,0,410,provider_complication,0.007170256518812562,0.0019402652978897095,0.005229991220922853,1
2026,0,410,coverage_gap,0.009610510008477693,0.013660825788974762,0.0040503157804970685,1
2026,0,411,age,0.05752291321649729,0.05507298558950424,0.0024499276269930453,1
2026,0,411,poor_health,0.07517661470162056,0.06903377175331116,0.006142842948309399,1
2026,0,411,smoking,2.7755575615628914e-17,0.0,2.7755575615628914e-17,1
2026,0,411,bmi_risk,0.030393997574101356,0.030174285173416138,0.00021971240068521802,1
2026,0,411,nonadherence,0.04180230576205783,0.03849830478429794,0.0033040009777598883,1
2026,0,411,claim_rate,2.7755575615628914e-17,0.0,2.7755575615628914e-17,1
2026,0,411,claim_severity,0.030436215692750263,0.022416546940803528,0.008019668751946735,1
2026,0,411,provider_complication,0.03106645437814934,0.008802950382232666,0.022263503995916673,1
2026,0,411,coverage_gap,0.0362597045416127,0.0420389398932457,0.005779235351632994,1
2026,0,413,age,0.033699431207952366,0.032499849796295166,0.0011995814116571996,1
2026,0,413,poor_health,0.04238657150215602,0.03965546563267708,0.0027311058694789447,1
2026,0,413,smoking,1.3877787807814457e-17,0.0,1.3877787807814457e-17,1
2026,0,413,bmi_risk,0.002008962113033655,0.0019288137555122375,8.014835752141736e-05,1
2026,0,413,nonadherence,0.007794981965139947,0.007215194404125214,0.0005797875610147329,1
2026,0,413,claim_rate,0.011642824903685886,0.01237187534570694,0.0007290504420210536,1
2026,0,413,claim_severity,0.03736753521408283,0.028409205377101898,0.00895832983698093,1
2026,0,413,provider_complication,0.014104468098993475,0.003965727984905243,0.010138740114088232,1
2026,0,413,coverage_gap,0.010130550485291948,0.012108132243156433,0.0019775817578644855,1
2026,0,424,age,0.05328786522205976,0.056780993938446045,0.0034931287163862818,1
2026,0,424,poor_health,0.01555323233370047,0.015957504510879517,0.0004042721771790464,1
2026,0,424,smoking,0.0,0.0,0.0,1
2026,0,424,bmi_risk,0.04802628012418167,0.05338164418935776,0.005355364065176088,1
2026,0,424,nonadherence,0.018028338142935155,0.018702149391174316,0.0006738112482391617,1
2026,0,424,claim_rate,0.012863164292898438,0.01509883999824524,0.0022356757053468013,1
2026,0,424,claim_severity,0.004979783068136429,0.0038911551237106323,0.0010886279444257962,1
2026,0,424,provider_complication,0.023104646609587207,0.006947427988052368,0.01615721862153484,1
2026,0,424,coverage_gap,0.022946885269418224,0.02808605134487152,0.005139166075453297,1
2026,0,426,age,0.07086142867123817,0.06093868613243103,0.009922742538807136,1
2026,0,426,poor_health,0.06271277789646568,0.05534142255783081,0.007371355338634866,1
2026,0,426,smoking,-2.7755575615628914e-17,0.0,2.7755575615628914e-17,1
2026,0,426,bmi_risk,0.05519775338301733,0.04907367378473282,0.00612407959828451,1
2026,0,426,nonadherence,0.02964553568088374,0.025385171175003052,0.004260364505880687,1
2026,0,426,claim_rate,0.03709122825733702,0.03623494505882263,0.0008562831985143848,1
2026,0,426,claim_severity,0.013887975298796346,0.00916135311126709,0.004726622187529256,1
2026,0,426,provider_complication,0.03738612768763905,0.009275346994400024,0.028110780693239024,1
2026,0,426,coverage_gap,0.047826381994511835,0.0489858016371727,0.0011594196426608638,1
2026,0,431,age,0.1355605965149652,0.1615292727947235,0.025968676279758324,1
2026,0,431,poor_health,0.11489413277184213,0.1446535736322403,0.029759440860398167,1
2026,0,431,smoking,0.0,0.0,0.0,1
2026,0,431,bmi_risk,0.07012125326777113,0.09544119238853455,0.025319939120763413,1
2026,0,431,nonadherence,0.06731450643452325,0.09190875291824341,0.02459424648372016,1
2026,0,431,claim_rate,0.12414624908199398,0.1712477058172226,0.047101456735228614,1
2026,0,431,claim_severity,0.12016356702490691,0.09843939542770386,0.02172417159720305,1
2026,0,431,provider_complication,0.01523701662490029,0.00483393669128418,0.01040307993361611,1
2026,0,431,coverage_gap,0.02357816411521263,0.030382215976715088,0.006804051861502458,1
2026,0,436,age,0.07234838546068086,0.06425792723894119,0.008090458221739663,1
2026,0,436,poor_health,0.07698099597957356,0.06700161844491959,0.009979377534653971,1
2026,0,436,smoking,0.0,0.0,0.0,1
2026,0,436,bmi_risk,0.02412752298465831,0.02141939103603363,0.0027081319486246813,1
2026,0,436,nonadherence,0.05181063357071028,0.04533687233924866,0.006473761231461622,1
2026,0,436,claim_rate,0.019452582524946166,0.01926329731941223,0.00018928520553393446,1
2026,0,436,claim_severity,0.041032358615272296,0.027991846203804016,0.01304051241146828,1
2026,0,436,provider_complication,0.0060741705699065285,0.00148773193359375,0.0045864386363127785,1
2026,0,436,coverage_gap,0.04432321181552404,0.04541289806365967,0.0010896862481356295,1
2026,0,439,age,0.00019548339810469134,0.00018624216318130493,9.24123492338641e-06,1
2026,0,439,poor_health,0.006212560701472268,0.00533682107925415,0.0008757396222181177,1
2026,0,439,smoking,0.0,0.0,0.0,1
2026,0,439,bmi_risk,0.003026476496323975,0.0028521828353405,0.00017429366098347526,1
2026,0,439,nonadherence,0.008701779475380186,0.007246633991599083,0.0014551454837811034,1
2026,0,439,claim_rate,0.0,0.0,0.0,1
2026,0,439,claim_severity,0.0011779363939822818,0.0008099079132080078,0.00036802848077427397,1
2026,0,439,provider_complication,0.0060906742552005455,0.0012443140149116516,0.004846360240288894,1
2026,0,439,coverage_gap,0.0061709848811036735,0.00710618682205677,0.0009352019409530968,1
2026,0,441,age,0.14853276788687403,0.15211081504821777,0.003578047161343745,1
2026,0,441,poor_health,0.07442382672395947,0.08274483680725098,0.008321010083291502,1
2026,0,441,smoking,0.1874846398339972,0.2044977843761444,0.017013144542147196,1
2026,0,441,bmi_risk,0.09280191617651684,0.09477078914642334,0.001968872969906499,1
2026,0,441,nonadherence,0.09034999345626499,0.09946075081825256,0.009110757361987576,1
2026,0,441,claim_rate,0.03164570649440879,0.04375144839286804,0.012105741898459255,1
2026,0,441,claim_severity,0.1151939613689007,0.08583924174308777,0.02935471962581293,1
2026,0,441,provider_complication,0.07037400519069986,0.01610735058784485,0.05426665460285501,1
2026,0,441,coverage_gap,0.08724615550238868,0.10823267698287964,0.02098652148049096,1
2026,0,446,age,0.026403408773303938,0.02756444364786148,0.0011610348745575427,1
2026,0,446,poor_health,0.01672992532673799,0.015782691538333893,0.0009472337884040977,1
2026,0,446,smoking,1.3877787807814457e-17,0.0,1.3877787807814457e-17,1
2026,0,446,bmi_risk,0.020586600203217204,0.02154390513896942,0.0009573049357522179,1
2026,0,446,nonadherence,0.027304437661223785,0.026158109307289124,0.0011463283539346614,1
2026,0,446,claim_rate,0.0109197856106307,0.012104280292987823,0.0011844946823571234,1
2026,0,446,claim_severity,0.015027120738681163,0.011780545115470886,0.0032465756232102766,1
2026,0,446,provider_complication,0.019539072516332717,0.00547095388174057,0.014068118634592147,1
2026,0,446,coverage_gap,0.01801105632703054,0.021694257855415344,0.003683201528384805,1
2026,0,448,age,0.041292682118517,0.04128789156675339,4.790551763611539e-06,1
2026,0,448,poor_health,0.020869377522533622,0.02075464278459549,0.00011473473793813249,1
2026,0,448,smoking,1.3877787807814457e-17,0.0,1.3877787807814457e-17,1
2026,0,448,bmi_risk,0.02966427763579825,0.03074241429567337,0.0010781366598751202,1
2026,0,448,nonadherence,0.021640382768414068,0.021529190242290497,0.00011119252612357133,1
2026,0,448,claim_rate,1.3877787807814457e-17,0.0,1.3877787807814457e-17,1
2026,0,448,claim_severity,0.016113765663605673,0.012005485594272614,0.004108280069333059,1
2026,0,448,provider_complication,0.014258011959866687,0.004053719341754913,0.010204292618111774,1
2026,0,448,coverage_gap,0.023464912475558847,0.028157688677310944,0.004692776201752097,1
2026,0,453,age,0.045026468160271046,0.05353830009698868,0.008511831936717631,1
2026,0,453,poor_health,0.026409225811434234,0.02961394190788269,0.0032047160964484567,1
2026,0,453,smoking,-1.3877787807814457e-17,0.0,1.3877787807814457e-17,1
2026,0,453,bmi_risk,0.008460625945653652,0.00989106297492981,0.0014304370292761576,1
2026,0,453,nonadherence,0.03543822879775606,0.039171263575553894,0.003733034777797836,1
2026,0,453,claim_rate,0.013047713975687186,0.016620084643363953,0.0035723706676767664,1
2026,0,453,claim_severity,0.03286163759957307,0.029404543340206146,0.0034570942593669246,1
2026,0,453,provider_complication,0.02555882337905284,0.008381888270378113,0.017176935108674726,1
2026,0,453,coverage_gap,0.027058267090105698,0.03671002388000488,0.009651756789899185,1
2026,0,456,age,0.051950649756037054,0.04229588806629181,0.009654761689745245,1
2026,0,456,poor_health,0.11401807692160025,0.09471580386161804,0.01930227305998221,1
2026,0,456,smoking,5.551115123125783e-17,0.0,5.551115123125783e-17,1
2026,0,456,bmi_risk,0.02471796729924866,0.02198129892349243,0.0027366683757562293,1
2026,0,456,nonadherence,0.02149442307635757,0.018245771527290344,0.0032486515490672274,1
2026,0,456,claim_rate,0.04108268820310354,0.03917478024959564,0.001907907953507898,1
2026,0,456,claim_severity,0.09752293454607473,0.06339483708143234,0.03412809746464239,1
2026,0,456,provider_complication,0.02169543037849042,0.004392281174659729,0.017303149203830692,1
2026,0,456,coverage_gap,0.020963077075056874,0.023762032389640808,0.002798955314583934,1
2026,0,461,age,0.10792412354242106,0.08946351706981659,0.018460606472604474,1
2026,0,461,poor_health,0.11378717835342658,0.08858811855316162,0.02519905980026496,1
2026,0,461,smoking,0.0,0.0,0.0,1
2026,0,461,bmi_risk,0.02929409860398649,0.02572593092918396,0.0035681676748025304,1
2026,0,461,nonadherence,0.06091259510079999,0.049181073904037476,0.011731521196762518,1
2026,0,461,claim_rate,0.02532921347710515,0.021818846464157104,0.0035103670129480458,1
2026,0,461,claim_severity,0.0944020988866282,0.059047892689704895,0.03535420619692331,1
2026,0,461,provider_complication,0.05499168678385702,0.014074459671974182,0.04091722711188284,1
2026,0,461,coverage_gap,0.043476197862619165,0.04109776020050049,0.0023784376621186765,1
2026,0,464,age,0.03475953859383049,0.03769425302743912,0.002934714433608626,1
2026,0,464,poor_health,0.03794843120855089,0.03924889117479324,0.0013004599662423538,1
2026,0,464,smoking,-2.7755575615628914e-17,0.0,2.7755575615628914e-17,1
2026,0,464,bmi_risk,0.010893239047923275,0.012381136417388916,0.0014878973694656406,1
2026,0,464,nonadherence,0.007814118941285003,0.007841214537620544,2.709559633554126e-05,1
2026,0,464,claim_rate,-2.7755575615628914e-17,0.0,2.7755575615628914e-17,1
2026,0,464,claim_severity,0.02091516395282758,0.01694360375404358,0.003971560198784002,1
2026,0,464,provider_complication,0.0034581015764110767,0.0008615180850028992,0.0025965834914081776,1
2026,0,464,coverage_gap,0.02562566961783623,0.03304377943277359,0.00741810981493736,1
2026,0,469,age,0.09292672029544813,0.10199534893035889,0.009068628634910758,1
2026,0,469,poor_health,0.11688732470446914,0.13377833366394043,0.016891008959471293,1
2026,0,469,smoking,0.0,0.0,0.0,1
2026,0,469,bmi_risk,0.09028220234886397,0.10726062953472137,0.016978427185857403,1
2026,0,469,nonadherence,0.03325808190211882,0.04340410232543945,0.010146020423320634,1
2026,0,469,claim_rate,0.06851807803430937,0.08328290283679962,0.01476482480249025,1
2026,0,469,claim_severity,0.08642248899234944,0.07434089481830597,0.012081594174043475,1
2026,0,469,provider_complication,0.00263461630724271,0.0007632970809936523,0.0018713192262490574,1
2026,0,469,coverage_gap,0.046480942530246844,0.06923963129520416,0.02275868876495732,1
2026,0,471,age,0.07425693359311172,0.0630873516201973,0.011169581972914427,1
2026,0,471,poor_health,0.07464643082926359,0.06447852402925491,0.010167906800008675,1
2026,0,471,smoking,0.0,0.0,0.0,1
2026,0,471,bmi_risk,0.09356118087032125,0.08512284606695175,0.008438334803369502,1
2026,0,471,nonadherence,0.031893498630811506,0.02888132631778717,0.003012172313024336,1
2026,0,471,claim_rate,0.0,0.0,0.0,1
2026,0,471,claim_severity,0.03204188986165957,0.018893077969551086,0.01314881189210848,1
2026,0,471,provider_complication,0.03280488226826303,0.007457926869392395,0.025346955398870635,1
2026,0,471,coverage_gap,0.015384766646067555,0.014758720993995667,0.0006260456520718882,1
2026,0,478,age,0.010563320154546613,0.009213227778673172,0.0013500923758734407,1
2026,0,478,poor_health,0.007925477566293325,0.006850916892290115,0.0010745606740032096,1
2026,0,478,smoking,0.0,0.0,0.0,1
2026,0,478,bmi_risk,0.010349048378654753,0.009004734456539154,0.001344313922115599,1
2026,0,478,nonadherence,0.008598795532010949,0.0072709135711193085,0.00132788196089164,1
2026,0,478,claim_rate,0.0,0.0,0.0,1
2026,0,478,claim_severity,0.007428916794423576,0.004678048193454742,0.002750868600968834,1
2026,0,478,provider_complication,0.0035820863541205714,0.0007374845445156097,0.0028446018096049616,1
2026,0,478,coverage_gap,0.004828211708986431,0.005514487624168396,0.000686275915181965,1
2026,0,483,age,0.1874400023019619,0.16514453291893005,0.02229546938303184,1
2026,0,483,poor_health,0.22458571292468016,0.19589871168136597,0.028687001243314192,1
2026,0,483,smoking,0.20935455675073955,0.1964036524295807,0.012950904321158863,1
2026,0,483,bmi_risk,0.11619779508390271,0.08265876770019531,0.0335390273837074,1
2026,0,483,nonadherence,0.04656250675436635,0.0471784770488739,0.0006159702945075507,1
2026,0,483,claim_rate,0.0315063488582944,0.03226977586746216,0.0007634270091677609,1
2026,0,483,claim_severity,0.15885153179806893,0.09955117106437683,0.059300360733692103,1
2026,0,483,provider_complication,0.07200394457547088,0.018558084964752197,0.05344585961071868,1
2026,0,483,coverage_gap,0.050060766423910996,0.054159343242645264,0.0040985768187342675,1
2026,0,492,age,0.011190238757163198,0.010839425027370453,0.0003508137297927455,1
2026,0,492,poor_health,0.033216040959385365,0.03256567195057869,0.0006503690088066755,1
2026,0,492,smoking,1.3877787807814457e-17,0.0,1.3877787807814457e-17,1
2026,0,492,bmi_risk,0.012712787180091598,0.01268545538187027,2.7331798221327808e-05,1
2026,0,492,nonadherence,0.004065790749518877,0.003751903772354126,0.0003138869771647512,1
2026,0,492,claim_rate,0.00924694400911591,0.010121546685695648,0.0008746026765797388,1
2026,0,492,claim_severity,0.026307615259837415,0.019051305949687958,0.007256309310149457,1
2026,0,492,provider_complication,0.016550638769532805,0.004460722208023071,0.012089916561509734,1
2026,0,492,coverage_gap,0.006336091440826808,0.008321493864059448,0.0019854024232326406,1
2026,0,504,age,0.02267556918919081,0.02322651445865631,0.0005509452694655026,1
2026,0,504,poor_health,0.03058439493284522,0.03176518529653549,0.0011807903636902733,1
2026,0,504,smoking,-1.3877787807814457e-17,0.0,1.3877787807814457e-17,1
2026,0,504,bmi_risk,0.03711780359867316,0.04031682759523392,0.0031990239965607598,1
2026,0,504,nonadherence,0.030618340861558263,0.0308535173535347,0.00023517649197643542,1
2026,0,504,claim_rate,-1.3877787807814457e-17,0.0,1.3877787807814457e-17,1
2026,0,504,claim_severity,0.004810401324116559,0.0037266910076141357,0.0010837103165024231,1
2026,0,504,provider_complication,0.028952764469471023,0.008837580680847168,0.020115183788623855,1
2026,0,504,coverage_gap,0.031882062442096334,0.04081518203020096,0.008933119588104624,1
2026,0,513,age,0.046447453466185146,0.05284317582845688,0.006395722362271733,1
2026,0,513,poor_health,0.03081254490440702,0.034459128975868225,0.0036465840714612063,1
2026,0,513,smoking,-1.3877787807814457e-17,0.0,1.3877787807814457e-17,1
2026,0,513,bmi_risk,0.03160931809983379,0.03715616464614868,0.00554684654631489,1
2026,0,513,nonadherence,0.031046692259054112,0.03432831913232803,0.0032816268732739212,1
2026,0,513,claim_rate,-1.3877787807814457e-17,0.0,1.3877787807814457e-17,1
2026,0,513,claim_severity,0.02048610974810533,0.01846928894519806,0.002016820802907271,1
2026,0,513,provider_complication,0.011686223780274216,0.003911301493644714,0.0077749222866295015,1
2026,0,513,coverage_gap,0.03616590237227296,0.0481128916144371,0.011946989242164141,1
2026,0,514,age,0.03946902238802208,0.04529688507318497,0.005827862685162888,1
2026,0,514,poor_health,0.010527883555371598,0.01190435141324997,0.0013764678578783718,1
2026,0,514,smoking,0.0,0.0,0.0,1
2026,0,514,bmi_risk,0.013620181222684408,0.01622576266527176,0.0026055814425873514,1
2026,0,514,nonadherence,0.0060099989876172405,0.006684467196464539,0.0006744682088472981,1
2026,0,514,claim_rate,0.0,0.0,0.0,1
2026,0,514,claim_severity,0.009365343278331856,0.00772634893655777,0.001638994341774086,1
2026,0,514,provider_complication,0.005150797486393299,0.001301310956478119,0.0038494865299151804,1
2026,0,514,coverage_gap,0.02769889270442573,0.03603903204202652,0.008340139337600791,1
2026,0,523,age,0.07246686210211288,0.06748412549495697,0.00498273660715591,1
2026,0,523,poor_health,0.06724104481503619,0.06114460527896881,0.00609643953606738,1
2026,0,523,smoking,-2.7755575615628914e-17,0.0,2.7755575615628914e-17,1
2026,0,523,bmi_risk,0.03419183860717781,0.032681018114089966,0.0015108204930878444,1
2026,0,523,nonadherence,0.02806441709788668,0.025165334343910217,0.002899082753976462,1
2026,0,523,claim_rate,0.018880696198742997,0.019371002912521362,0.0004903067137783657,1
2026,0,523,claim_severity,0.055298817001706274,0.03998948633670807,0.015309330664998205,1
2026,0,523,provider_complication,0.02273044875706076,0.006546869874000549,0.016183578883060212,1
2026,0,523,coverage_gap,0.041401390489867185,0.04497188329696655,0.003570492807099368,1
2026,0,524,age,0.06201179248387782,0.0615052804350853,0.0005065120487925262,1
2026,0,524,poor_health,0.03272260360805504,0.031968578696250916,0.0007540249118041242,1
2026,0,524,smoking,2.7755575615628914e-17,0.0,2.7755575615628914e-17,1
2026,0,524,bmi_risk,0.03813335831393144,0.03949543088674545,0.0013620725728140104,1
2026,0,524,nonadherence,0.022231923287314312,0.0211094468832016,0.0011224764041127128,1
2026,0,524,claim_rate,0.014720146343178767,0.015901580452919006,0.0011814341097402398,1
2026,0,524,claim_severity,0.003872417490079716,0.002738058567047119,0.0011343589230325968,1
2026,0,524,provider_complication,0.02244146361006176,0.005681648850440979,0.01675981475962078,1
2026,0,524,coverage_gap,0.039034830652902766,0.04740358889102936,0.008368758238126592,1
2026,0,526,age,0.010313801351626156,0.011093966662883759,0.0007801653112576024,1
2026,0,526,poor_health,0.030431864150020096,0.03298947215080261,0.002557608000782516,1
2026,0,526,smoking,0.0,0.0,0.0,1
2026,0,526,bmi_risk,0.01845647037225824,0.02101544290781021,0.0025589725355519705,1
2026,0,526,nonadherence,0.00171091988106023,0.0017807483673095703,6.982848624934035e-05,1
2026,0,526,claim_rate,0.009416270940917612,0.011319667100906372,0.00190339615998876,1
2026,0,526,claim_severity,0.018473565188181537,0.014807261526584625,0.003666303661596912,1
2026,0,526,provider_complication,0.0168247174631911,0.004418790340423584,0.012405927122767516,1
2026,0,526,coverage_gap,0.01700094334827834,0.024076342582702637,0.0070753992344242955,1
2026,0,534,age,0.039793458513032065,0.04006966948509216,0.00027621097206009804,1
2026,0,534,poor_health,0.12945193705948488,0.13897036015987396,0.009518423100389084,1
2026,0,534,smoking,0.1307132939434804,0.1584303081035614,0.02771701416008099,1
2026,0,534,bmi_risk,0.027276400575281162,0.026211470365524292,0.0010649302097568702,1
2026,0,534,nonadherence,0.04334720250625437,0.03524819016456604,0.008099012341688333,1
2026,0,534,claim_rate,0.0,0.0,0.0,1
2026,0,534,claim_severity,0.11103960238462321,0.09059636294841766,0.020443239436205546,1
2026,0,534,provider_complication,0.020979740713958195,0.005490511655807495,0.0154892290581507,1
2026,0,534,coverage_gap,0.0609829952707954,0.08165551722049713,0.020672521949701733,1
2026,0,543,age,0.09077204116230374,0.0839819610118866,0.006790080150417141,1
2026,0,543,poor_health,0.060702433633196745,0.05424106866121292,0.006461364971983824,1
2026,0,543,smoking,2.7755575615628914e-17,0.0,2.7755575615628914e-17,1
2026,0,543,bmi_risk,0.05036396953419017,0.049551062285900116,0.0008129072482900568,1
2026,0,543,nonadherence,0.019094311161303112,0.0183698832988739,0.0007244278624292111,1
2026,0,543,claim_rate,0.018899892838902393,0.02027718722820282,0.0013772943893004264,1
2026,0,543,claim_severity,0.02460190129692494,0.017322972416877747,0.007278928880047192,1
2026,0,543,provider_complication,0.016590493897353537,0.0035980790853500366,0.0129924148120035,1
2026,0,543,coverage_gap,0.03702233796370802,0.039871007204055786,0.0028486692403477676,1
2026,0,546,age,0.02913978420057809,0.03245322033762932,0.0033134361370512275,1
2026,0,546,poor_health,0.007602277577232419,0.008352715522050858,0.0007504379448184384,1
2026,0,546,smoking,-6.938893903907228e-18,0.0,6.938893903907228e-18,1
2026,0,546,bmi_risk,0.002343787479786856,0.0027164295315742493,0.00037264205178739324,1
2026,0,546,nonadherence,0.005648289766897206,0.006218012422323227,0.0005697226554260207,1
2026,0,546,claim_rate,-6.938893903907228e-18,0.0,6.938893903907228e-18,1
2026,0,546,claim_severity,0.0006586534753622378,0.0005137696862220764,0.00014488378914016137,1
2026,0,546,provider_complication,0.006255644369762968,0.0017568469047546387,0.004498797465008329,1
2026,0,546,coverage_gap,0.010816650908173513,0.01442701742053032,0.0036103665123568066,1
2026,0,548,age,0.023318722301624822,0.021107494831085205,0.0022112274705396173,1
2026,0,548,poor_health,0.10490104390476963,0.09624461829662323,0.008656425608146404,1
2026,0,548,smoking,0.0,0.0,0.0,1
2026,0,548,bmi_risk,0.07867764188427864,0.07644914090633392,0.0022285009779447196,1
2026,0,548,nonadherence,0.031099608292873865,0.028249353170394897,0.0028502551224789674,1
2026,0,548,claim_rate,0.04200406464895998,0.044878438115119934,0.0028743734661599574,1
2026,0,548,claim_severity,0.08531267014811064,0.059217557311058044,0.026095112837052598,1
2026,0,548,provider_complication,0.007308083760138834,0.0020394176244735718,0.005268666135665262,1
2026,0,548,coverage_gap,0.037477882165560084,0.04294228553771973,0.005464403372159643,1
2026,0,553,age,0.021933284355968197,0.023191094398498535,0.0012578100425303385,1
2026,0,553,poor_health,0.08564356916627797,0.09159943461418152,0.005955865447903552,1
2026,0,553,smoking,0.14299009642641852,0.17301461100578308,0.03002451457936456,1
2026,0,553,bmi_risk,0.02243802838597908,0.02042943239212036,0.0020085959938587195,1
2026,0,553,nonadherence,0.07571419821374181,0.07988780736923218,0.004173609155490365,1
2026,0,553,claim_rate,0.05097642758513987,0.062108755111694336,0.011132327526554464,1
2026,0,553,claim_severity,0.10924176423030896,0.08636170625686646,0.022880057973442502,1
2026,0,553,provider_complication,0.02668464579579316,0.007680833339691162,0.019003812456102,1
2026,0,553,coverage_gap,0.07643978016115757,0.09761421382427216,0.021174433663114584,1
2026,0,563,age,0.09543983170321921,0.09405292570590973,0.0013869059973094788,1
2026,0,563,poor_health,0.1626992795170639,0.15559230744838715,0.007106972068676748,1
2026,0,563,smoking,0.0,0.0,0.0,1
2026,0,563,bmi_risk,0.03371186796141373,0.03706860542297363,0.0033567374615599,1
2026,0,563,nonadherence,0.05389499778492032,0.05584622919559479,0.0019512314106744644,1
2026,0,563,claim_rate,0.025324181834989135,0.029835611581802368,0.004511429746813234,1
2026,0,563,claim_severity,0.10123638646997432,0.06856569647789001,0.032670689992084306,1
2026,0,563,provider_complication,0.05498007241220704,0.009723067283630371,0.045257005128576666,1
2026,0,563,coverage_gap,0.021953554229397376,0.022539690136909485,0.0005861359075121086,1
2026,0,566,age,0.16770355263487646,0.16583921015262604,0.001864342482250425,1
2026,0,566,poor_health,0.11039707207766766,0.10454006493091583,0.00585700714675183,1
2026,0,566,smoking,0.16380205112097102,0.16613562405109406,0.00233357293012304,1
2026,0,566,bmi_risk,0.044095557513013084,0.04530617594718933,0.0012106184341762471,1
2026,0,566,nonadherence,0.04077886240600853,0.04614248871803284,0.0053636263120243055,1
2026,0,566,claim_rate,0.02908142836882477,0.03045445680618286,0.0013730284373580925,1
2026,0,566,claim_severity,0.09069587040171312,0.07015183568000793,0.020544034721705184,1
2026,0,566,provider_complication,0.053403056492867196,0.01601514220237732,0.037387914290489876,1
2026,0,566,coverage_gap,0.004984351911187845,0.006440281867980957,0.0014559299567931117,1
2026,0,575,age,0.01380303075644862,0.013924896717071533,0.00012186596062291333,1
2026,0,575,poor_health,0.043185421641310916,0.04533298313617706,0.0021475614948661473,1
2026,0,575,smoking,1.3877787807814457e-17,0.0,1.3877787807814457e-17,1
2026,0,575,bmi_risk,0.01997477180050329,0.021119028329849243,0.0011442565293459522,1
2026,0,575,nonadherence,0.036416551357749474,0.037014663219451904,0.00059811186170243,1
2026,0,575,claim_rate,1.3877787807814457e-17,0.0,1.3877787807814457e-17,1
2026,0,575,claim_severity,0.0153828308283539,0.011453382670879364,0.0039294481574745355,1
2026,0,575,provider_complication,0.01124062417127833,0.0028856992721557617,0.008354924899122568,1
2026,0,575,coverage_gap,0.011905599295494118,0.01576550304889679,0.0038599037534026714,1
2026,0,578,age,0.07615233138150809,0.07019496709108353,0.005957364290424566,1
2026,0,578,poor_health,0.1088742464699747,0.09588541090488434,0.012988835565090368,1
2026,0,578,smoking,-2.7755575615628914e-17,0.0,2.7755575615628914e-17,1
2026,0,578,bmi_risk,0.014786739055467596,0.013906702399253845,0.0008800366562137507,1
2026,0,578,nonadherence,0.06369640361419085,0.05792813003063202,0.005768273583558831,1
2026,0,578,claim_rate,-2.7755575615628914e-17,0.0,2.7755575615628914e-17,1
2026,0,578,claim_severity,0.052742293643494476,0.034165576100349426,0.01857671754314505,1
2026,0,578,provider_complication,0.011237838786164828,0.0026133209466934204,0.008624517839471407,1
2026,0,578,coverage_gap,0.03254625006997652,0.031325116753578186,0.0012211333163983373,1
2026,0,583,age,0.012225884725425074,0.009953781962394714,0.002272102763030359,1
2026,0,583,poor_health,0.025037291671056325,0.018764764070510864,0.0062725276005454605,1
2026,0,583,smoking,0.0,0.0,0.0,1
2026,0,583,bmi_risk,0.017052969812886787,0.014075640588998795,0.0029773292238879923,1
2026,0,583,nonadherence,0.006539043216472473,0.004840530455112457,0.001698512761360016,1
2026,0,583,claim_rate,0.0,0.0,0.0,1
2026,0,583,claim_severity,0.021330339746154156,0.012888360768556595,0.008441978977597561,1
2026,0,583,provider_complication,0.003133200550237067,0.000578761100769043,0.002554439449468024,1
2026,0,583,coverage_gap,0.010579312624337908,0.009892720729112625,0.0006865918952252831,1
2026,0,592,age,0.09280253111651661,0.08757060766220093,0.005231923454315682,1
2026,0,592,poor_health,0.06851847986051407,0.06314443796873093,0.005374041891783143,1
2026,0,592,smoking,-2.7755575615628914e-17,0.0,2.7755575615628914e-17,1
2026,0,592,bmi_risk,0.004357811512719606,0.004275187849998474,8.262366272113186e-05,1
2026,0,592,nonadherence,0.04118026887446591,0.038264334201812744,0.0029159346726531643,1
2026,0,592,claim_rate,-2.7755575615628914e-17,0.0,2.7755575615628914e-17,1
2026,0,592,claim_severity,0.05736326349557121,0.0412060022354126,0.01615726126015861,1
2026,0,592,provider_complication,0.0243611274463221,0.007163628935813904,0.017197498510508197,1
2026,0,592,coverage_gap,0.027762971792243213,0.030541419982910156,0.0027784481906669434,1
2026,0,594,age,0.03706263571457512,0.0311141237616539,0.005948511952921218,1
2026,0,594,poor_health,0.052757091250741614,0.042446646839380264,0.01031044441136135,1
2026,0,594,smoking,0.0,0.0,0.0,1
2026,0,594,bmi_risk,0.0014195339682902403,0.001187346875667572,0.00023218709262266823,1
2026,0,594,nonadherence,0.028852159060757082,0.022991515696048737,0.005860643364708346,1
2026,0,594,claim_rate,0.0,0.0,0.0,1
2026,0,594,claim_severity,0.03045877054825262,0.019589349627494812,0.010869420920757808,1
2026,0,594,provider_complication,0.017719051569190222,0.0039245933294296265,0.013794458239760596,1
2026,0,594,coverage_gap,0.01064532927023533,0.011975392699241638,0.001330063429006309,1
2026,0,597,age,0.05563515898115512,0.05023709312081337,0.00539806586034175,1
2026,0,597,poor_health,0.02797625876791189,0.023951835930347443,0.004024422837564448,1
2026,0,597,smoking,1.3877787807814457e-17,0.0,1.3877787807814457e-17,1
2026,0,597,bmi_risk,0.010887501756295812,0.010213978588581085,0.0006735231677147263,1
2026,0,597,nonadherence,0.016742241047354722,0.015032537281513214,0.0017097037658415082,1
2026,0,597,claim_rate,1.3877787807814457e-17,0.0,1.3877787807814457e-17,1
2026,0,597,claim_severity,0.01837348595390846,0.011938005685806274,0.006435480268102187,1
2026,0,597,provider_complication,0.015602253392587195,0.003441229462623596,0.0121610239299636,1
2026,0,597,coverage_gap,0.014654637571501039,0.014357127249240875,0.00029751032226016383,1
2026,0,598,age,0.02482273029568196,0.02688385546207428,0.0020611251663923205,1
2026,0,598,poor_health,0.010345662967094368,0.01072356104850769,0.00037789808141332204,1
2026,0,598,smoking,0.0,0.0,0.0,1
2026,0,598,bmi_risk,0.011158742417173628,0.012485548853874207,0.0013268064367005783,1
2026,0,598,nonadherence,0.02734933982619206,0.0289292149245739,0.0015798750983818388,1
2026,0,598,claim_rate,0.009076141064610355,0.010635711252689362,0.001559570188079007,1
2026,0,598,claim_severity,0.006680815772362653,0.005296565592288971,0.0013842501800736817,1
2026,0,598,provider_complication,0.0049970203310358285,0.0014685094356536865,0.003528510895382142,1
2026,0,598,coverage_gap,0.015413859205178335,0.019544437527656555,0.0041305783224782205,1
2027,0,3,age,-1.3877787807814457e-17,0.0,1.3877787807814457e-17,1
2027,0,3,poor_health,0.05555279017754208,0.051620710641145706,0.003932079536396377,1
2027,0,3,smoking,-1.3877787807814457e-17,0.0,1.3877787807814457e-17,1
2027,0,3,bmi_risk,0.010746577547860736,0.009812571108341217,0.0009340064395195191,1
2027,0,3,nonadherence,0.03011666736512182,0.02291806787252426,0.00719859949259756,1
2027,0,3,claim_rate,0.012671997402552565,0.013434924185276031,0.0007629267827234665,1
2027,0,3,claim_severity,0.03304472496403803,0.018530935049057007,0.01451378991498102,1
2027,0,3,provider_complication,0.02059752605088072,0.003374643623828888,0.017222882427051833,1
2027,0,3,coverage_gap,0.017618189889254177,0.01669134944677353,0.0009268404424806476,1
2027,0,5,age,0.030699676114299093,0.030860930681228638,0.00016125456692954454,1
2027,0,5,poor_health,0.028491664162116376,0.02869240939617157,0.00020074523405519407,1
2027,0,5,smoking,1.3877787807814457e-17,0.0,1.3877787807814457e-17,1
2027,0,5,bmi_risk,0.03502273354369409,0.03720103204250336,0.002178298498809267,1
2027,0,5,nonadherence,0.012005793356991146,0.00911685824394226,0.002888935113048885,1
2027,0,5,claim_rate,1.3877787807814457e-17,0.0,1.3877787807814457e-17,1
2027,0,5,claim_severity,0.023879097873359983,0.01573587954044342,0.008143218332916563,1
2027,0,5,provider_complication,0.004802684293601797,0.0008916929364204407,0.0039109913571813565,1
2027,0,5,coverage_gap,0.024368900596765775,0.025529824197292328,0.0011609236005265533,1
2027,0,10,age,0.048511784378039755,0.046150170266628265,0.002361614111411489,1
2027,0,10,poor_health,0.029431247288179807,0.027760855853557587,0.0016703914346222204,1
2027,0,10,smoking,0.0,0.0,0.0,1
2027,0,10,bmi_risk,0.05948400760121038,0.058528415858745575,0.0009555917424648036,1
2027,0,10,nonadherence,0.020907819216780782,0.017711050808429718,0.003196768408351064,1
2027,0,10,claim_rate,0.01449791054304389,0.014405600726604462,9.23098164394287e-05,1
2027,0,10,claim_severity,0.026042176436037068,0.016571044921875,0.009471131514162068,1
2027,0,10,provider_complication,0.02762819223763989,0.005244731903076172,0.022383460334563718,1
2027,0,10,coverage_gap,0.009931288444800901,0.010036185383796692,0.000104896938995791,1
2027,0,15,age,0.05566855187447654,0.053978804498910904,0.0016897473755656395,1
2027,0,15,poor_health,0.027048109948515822,0.026073485612869263,0.0009746243356465595,1
2027,0,15,smoking,-1.3877787807814457e-17,0.0,1.3877787807814457e-17,1
2027,0,15,bmi_risk,0.02091666700439869,0.02037021517753601,0.0005464518268626789,1
2027,0,15,nonadherence,0.031354552580276626,0.025863423943519592,0.005491128636757034,1
2027,0,15,claim_rate,-1.3877787807814457e-17,0.0,1.3877787807814457e-17,1
2027,0,15,claim_severity,0.01753048175536201,0.010444022715091705,0.007086459040270304,1
2027,0,15,provider_complication,0.009559871734251726,0.0016053169965744019,0.007954554737677325,1
2027,0,15,coverage_gap,0.003900854706022666,0.004284709692001343,0.0003838549859786766,1
2027,0,16,age,0.0377444475511077,0.04464124143123627,0.0068967938801285655,1
2027,0,16,poor_health,0.10871817275572465,0.12061449885368347,0.01189632609795882,1
2027,0,16,smoking,0.0,0.0,0.0,1
2027,0,16,bmi_risk,0.03638073304927661,0.043541863560676575,0.007161130511399966,1
2027,0,16,nonadherence,0.02802616487353582,0.03125475347042084,0.003228588596885018,1
2027,0,16,claim_rate,0.07449543345178988,0.0945337563753128,0.020038322923522922,1
2027,0,16,claim_severity,0.09161753882733045,0.07290470600128174,0.018712832826048714,1
2027,0,16,provider_complication,0.016234148775520124,0.004090845584869385,0.01214330319065074,1
2027,0,16,coverage_gap,0.008515718339298095,0.010789617896080017,0.002273899556781922,1
2027,0,34,age,0.14315552267203496,0.16030768305063248,0.017152160378597514,1
2027,0,34,poor_health,0.09082980255974762,0.09842279553413391,0.007592992974386287,1
2027,0,34,smoking,2.7755575615628914e-17,0.0,2.7755575615628914e-17,1
2027,0,34,bmi_risk,0.040914807741868064,0.05050443112850189,0.009589623386633828,1
2027,0,34,nonadherence,0.023696304114929928,0.026817932724952698,0.0031216286100227697,1
2027,0,34,claim_rate,2.7755575615628914e-17,0.0,2.7755575615628914e-17,1
2027,0,34,claim_severity,0.06946513289298464,0.05327025055885315,0.016194882334131494,1
2027,0,34,provider_complication,0.00871584993797525,0.002171561121940613,0.006544288816034638,1
2027,0,34,coverage_gap,0.040099335025082034,0.04589340090751648,0.005794065882434446,1
2027,0,36,age,0.015814142209328766,0.012381985783576965,0.0034321564257518006,1
2027,0,36,poor_health,0.0513495016804808,0.03988214209675789,0.011467359583722914,1
2027,0,36,smoking,2.7755575615628914e-17,0.0,2.7755575615628914e-17,1
2027,0,36,bmi_risk,0.002427765220945524,0.0020412132143974304,0.00038655200654809374,1
2027,0,36,nonadherence,0.024147817476983732,0.01638224720954895,0.007765570267434782,1
2027,0,36,claim_rate,0.01241957104683375,0.010922916233539581,0.0014966548132941682,1
2027,0,36,claim_severity,0.03582255210226745,0.018481329083442688,0.017341223018824764,1
2027,0,36,provider_complication,0.023609547524253663,0.003830954432487488,0.019778593091766175,1
2027,0,36,coverage_gap,0.008956818331454397,0.008301891386508942,0.0006549269449454553,1
2027,0,38,age,0.12032273011430741,0.1122819185256958,0.008040811588611613,1
2027,0,38,poor_health,0.03575292440784453,0.03304380178451538,0.0027091226233291466,1
2027,0,38,smoking,0.0,0.0,0.0,1
2027,0,38,bmi_risk,0.013679797630250068,0.015152573585510254,0.001472775955260186,1
2027,0,38,nonadherence,0.03975776461652328,0.03376011550426483,0.005997649112258446,1
2027,0,38,claim_rate,0.019350755905624628,0.01892721652984619,0.0004235393757784367,1
2027,0,38,claim_severity,0.014651170436004196,0.010018184781074524,0.004632985654929672,1
2027,0,38,provider_complication,0.03711338905608366,0.008203759789466858,0.028909629266616804,1
2027,0,38,coverage_gap,0.045044026180788066,0.04794614017009735,0.002902113989309285,1
2027,0,41,age,0.10822208114147175,0.11272149533033371,0.004499414188861961,1
2027,0,41,poor_health,0.10264709003284468,0.10400254279375076,0.0013554527609060812,1
2027,0,41,smoking,2.7755575615628914e-17,0.0,2.7755575615628914e-17,1
2027,0,41,bmi_risk,0.0007584399492607252,0.0008836686611175537,0.0001252287118568285,1
2027,0,41,nonadherence,0.01893881098851513,0.017521589994430542,0.0014172209940845892,1
2027,0,41,claim_rate,2.7755575615628914e-17,0.0,2.7755575615628914e-17,1
2027,0,41,claim_severity,0.05716061444712173,0.04125623404979706,0.01590438039732467,1
2027,0,41,provider_complication,0.024699132466847712,0.005925297737121582,0.01877383472972613,1
2027,0,41,coverage_gap,0.06367192098948415,0.06606139242649078,0.0023894714370066295,1
2027,0,56,age,0.0068889579060435885,0.006663821637630463,0.00022513626841312584,1
2027,0,56,poor_health,0.011983260211977348,0.011438600718975067,0.0005446594930022808,1
2027,0,56,smoking,0.0,0.0,0.0,1
2027,0,56,bmi_risk,0.0024974559094304294,0.002561662346124649,6.420643669421966e-05,1
2027,0,56,nonadherence,0.005941460283108428,0.004857942461967468,0.00108351782114096,1
2027,0,56,claim_rate,0.0,0.0,0.0,1
2027,0,56,claim_severity,0.006176184144131361,0.003738291561603546,0.0024378925825278147,1
2027,0,56,provider_complication,0.0025340569100771523,0.00042217597365379333,0.002111880936423359,1
2027,0,56,coverage_gap,0.0024421936829869956,0.002606503665447235,0.00016430998246023953,1
2027,0,58,age,1.3877787807814457e-17,0.0,1.3877787807814457e-17,1
2027,0,58,poor_health,0.04588894454159145,0.045431725680828094,0.0004572188607633587,1
2027,0,58,smoking,1.3877787807814457e-17,0.0,1.3877787807814457e-17,1
2027,0,58,bmi_risk,0.016658299638985644,0.016408585011959076,0.00024971462702656766,1
2027,0,58,nonadherence,0.022446502304354354,0.01966031640768051,0.002786185896673843,1
2027,0,58,claim_rate,0.02329387866811236,0.024858638644218445,0.0015647599761060837,1
2027,0,58,claim_severity,0.04104373106354019,0.0263114795088768,0.014732251554663386,1
2027,0,58,provider_complication,0.004862826098931489,0.0009139105677604675,0.003948915531171021,1
2027,0,58,coverage_gap,0.01671811002368989,0.01768554002046585,0.0009674299967759592,1
2027,0,61,age,0.08348462073659124,0.07851296663284302,0.004971654103748224,1
2027,0,61,poor_health,0.008078035108182585,0.00880083441734314,0.0007227993091605545,1
2027,0,61,smoking,0.11542172090253401,0.11592815071344376,0.0005064298109097448,1
2027,0,61,bmi_risk,0.05089340954646565,0.05467182397842407,0.003778414431958421,1
2027,0,61,nonadherence,0.03416549530199814,0.041419655084609985,0.0072541597826118465,1
2027,0,61,claim_rate,0.0,0.0,0.0,1
2027,0,61,claim_severity,0.0002571390853420008,0.00018897652626037598,6.816255908162483e-05,1
2027,0,61,provider_complication,0.037146142213861005,0.006795063614845276,0.03035107859901573,1
2027,0,61,coverage_gap,0.07963416970659343,0.07671482861042023,0.0029193410961732003,1
2027,0,65,age,0.08238616852360524,0.07973121106624603,0.0026549574573592055,1
2027,0,65,poor_health,0.05445165934531554,0.050813376903533936,0.003638282441781604,1
2027,0,65,smoking,0.0,0.0,0.0,1
2027,0,65,bmi_risk,0.018302712803655058,0.018984273076057434,0.0006815602724023762,1
2027,0,65,nonadherence,0.0343111840442159,0.028938516974449158,0.005372667069766746,1
2027,0,65,claim_rate,0.0,0.0,0.0,1
2027,0,65,claim_severity,0.051479680616986365,0.03606821596622467,0.015411464650761694,1
2027,0,65,provider_complication,0.03038651532855305,0.007299691438674927,0.023086823889878122,1
2027,0,65,coverage_gap,0.02368309519648909,0.02530069649219513,0.0016176012957060393,1
2027,0,67,age,0.0225091734083724,0.021010972559452057,0.0014982008489203419,1
2027,0,67,poor_health,0.026218964072013483,0.023998163640499115,0.002220800431514368,1
2027,0,67,smoking,1.3877787807814457e-17,0.0,1.3877787807814457e-17,1
2027,0,67,bmi_risk,0.01248777832912576,0.012402869760990143,8.490856813561654e-05,1
2027,0,67,nonadherence,0.014418927529471784,0.011344686150550842,0.0030742413789209416,1
2027,0,67,claim_rate,1.3877787807814457e-17,0.0,1.3877787807814457e-17,1
2027,0,67,claim_severity,0.02121232832688333,0.01324714720249176,0.007965181124391568,1
2027,0,67,provider_complication,0.00700221029043864,0.0011134371161460876,0.0058887731742925525,1
2027,0,67,coverage_gap,0.017581122730865775,0.017319194972515106,0.00026192775835066906,1
2027,0,70,age,0.10658341191162236,0.11375204473733902,0.007168632825716656,1
2027,0,70,poor_health,0.07585368162284367,0.08126787841320038,0.005414196790356707,1
2027,0,70,smoking,2.7755575615628914e-17,0.0,2.7755575615628914e-17,1
2027,0,70,bmi_risk,0.0820254053954621,0.09341298043727875,0.011387575041816644,1
2027,0,70,nonadherence,0.061936986027887164,0.06548146903514862,0.0035444830072614564,1
2027,0,70,claim_rate,0.02228682369614049,0.025925666093826294,0.003638842397685804,1
2027,0,70,claim_severity,0.0412475226302364,0.030634135007858276,0.010613387622378123,1
2027,0,70,provider_complication,0.013179183528299554,0.0031771957874298096,0.010001987740869744,1
2027,0,70,coverage_gap,0.033701741639166144,0.04056960344314575,0.006867861803979608,1
2027,0,74,age,0.05754152987799582,0.06336915493011475,0.005827625052118923,1
2027,0,74,poor_health,0.09596199449011011,0.10800094902515411,0.012038954535044,1
2027,0,74,smoking,0.1441831463963273,0.16171231865882874,0.017529172262501447,1
2027,0,74,bmi_risk,0.06494898015515918,0.06066375970840454,0.0042852204467546395,1
2027,0,74,nonadherence,0.02607596185367167,0.030220627784729004,0.004144665931057334,1
2027,0,74,claim_rate,0.05133028659153771,0.061069756746292114,0.009739470154754404,1
2027,0,74,claim_severity,0.10603726334943411,0.0930117517709732,0.013025511578460908,1
2027,0,74,provider_complication,0.00872278174046015,0.001992851495742798,0.006729930244717353,1
2027,0,74,coverage_gap,0.04444216347959967,0.06906160712242126,0.024619443642821592,1
2027,0,75,age,0.11390276658323906,0.10933089256286621,0.004571874020372846,1
2027,0,75,poor_health,0.14774706447838012,0.13530348241329193,0.012443582065088193,1
2027,0,75,smoking,0.0,0.0,0.0,1
2027,0,75,bmi_risk,0.07437056793676128,0.07249367237091064,0.0018768955658506337,1
2027,0,75,nonadherence,0.05290579441045837,0.04705178737640381,0.005854007034054559,1
2027,0,75,claim_rate,0.0,0.0,0.0,1
2027,0,75,claim_severity,0.07326353398051319,0.042237043380737305,0.031026490599775886,1
2027,0,75,provider_complication,0.07423689163982977,0.016573548316955566,0.057663343322874205,1
2027,0,75,coverage_gap,0.039619471968988185,0.03789621591567993,0.001723256053308253,1
2027,0,76,age,0.036457518229486785,0.03219243884086609,0.004265079388620696,1
2027,0,76,poor_health,0.07484127854576142,0.06768037378787994,0.0071609047578814755,1
2027,0,76,smoking,0.0,0.0,0.0,1
2027,0,76,bmi_risk,0.09122641295760606,0.08469055593013763,0.0065358570274684225,1
2027,0,76,nonadherence,0.040085977503975384,0.03315700590610504,0.0069289715978703426,1
2027,0,76,claim_rate,0.02209693993339612,0.024339109659194946,0.002242169725798826,1
2027,0,76,claim_severity,0.0639289319810496,0.03923022747039795,0.024698704510651648,1
2027,0,76,provider_complication,0.03733230178716104,0.006156548857688904,0.03117575292947214,1
2027,0,76,coverage_gap,0.0757480709862447,0.06915400922298431,0.006594061763260384,1
2027,0,78,age,0.08984571125687169,0.06678224354982376,0.023063467707047924,1
2027,0,78,poor_health,0.03351255954790372,0.025805160403251648,0.007707399144652072,1
2027,0,78,smoking,0.0,0.0,0.0,1
2027,0,78,bmi_risk,0.007818583444183208,0.00621969997882843,0.0015988834653547779,1
2027,0,78,nonadherence,0.04367783758814375,0.027929045259952545,0.015748792328191208,1
2027,0,78,claim_rate,0.018409729851219803,0.01590009778738022,0.002509632063839584,1
2027,0,78,claim_severity,0.04758663603627358,0.024546563625335693,0.02304007241093789,1
2027,0,78,provider_complication,0.03638852651111105,0.006266951560974121,0.030121574950136926,1
2027,0,78,coverage_gap,0.02808516194915034,0.02304353564977646,0.00504162629937388,1
2027,0,88,age,0.04624495543317794,0.048457108438014984,0.002212153004837042,1
2027,0,88,poor_health,0.04553820843031091,0.04618031531572342,0.0006421068854125106,1
2027,0,88,smoking,0.0,0.0,0.0,1
2027,0,88,bmi_risk,0.001902842697670215,0.0019755810499191284,7.273835224891334e-05,1
2027,0,88,nonadherence,0.009516586382490061,0.007953688502311707,0.0015628978801783544,1
2027,0,88,claim_rate,0.026490159417674283,0.029558345675468445,0.0030681862577941615,1
2027,0,88,claim_severity,0.046613106158541515,0.03386027365922928,0.012752832499312236,1
2027,0,88,provider_complication,0.0058164670699005355,0.001493200659751892,0.0043232664101486434,1
2027,0,88,coverage_gap,0.027746102001798292,0.029309190809726715,0.0015630888079284228,1
2027,0,91,age,0.10209248598004167,0.09407511353492737,0.008017372445114301,1
2027,0,91,poor_health,0.13405956979379546,0.13836827874183655,0.0043087089480410845,1
2027,0,91,smoking,0.19303200836763135,0.19081422686576843,0.0022177815018629143,1
2027,0,91,bmi_risk,0.09358324112938421,0.07847726345062256,0.01510597767876165,1
2027,0,91,nonadherence,0.08016096519957955,0.07220900058746338,0.007951964612116169,1
2027,0,91,claim_rate,0.06355567952044183,0.050509482622146606,0.013046196898295226,1
2027,0,91,claim_severity,0.17733829271203794,0.12445053458213806,0.052887758129899876,1
2027,0,91,provider_complication,0.028177474531546398,0.004941821098327637,0.02323565343321876,1
2027,0,91,coverage_gap,0.053860206709893665,0.0628250241279602,0.00896481741806654,1
2027,0,93,age,0.0448195870867423,0.04680022597312927,0.0019806388863869706,1
2027,0,93,poor_health,0.09590369814315561,0.0991823673248291,0.0032786691816734936,1
2027,0,93,smoking,0.14044016703419007,0.14991949498653412,0.009479327952344047,1
2027,0,93,bmi_risk,0.031295747450686195,0.028794467449188232,0.002501280001497963,1
2027,0,93,nonadherence,0.04314649846877755,0.04586660861968994,0.0027201101509123915,1
2027,0,93,claim_rate,0.07294035505607882,0.07677067816257477,0.0038303231064959475,1
2027,0,93,claim_severity,0.09394517377834066,0.07019810378551483,0.02374706999282583,1
2027,0,93,provider_complication,0.010136742502468432,0.0026268959045410156,0.0075098465979274165,1
2027,0,93,coverage_gap,0.04964333246517971,0.05941633880138397,0.00977300633620426,1
2027,0,95,age,0.06045980411987659,0.06628721952438354,0.005827415404506958,1
2027,0,95,poor_health,0.09447908359419245,0.09942649304866791,0.004947409454475457,1
2027,0,95,smoking,-2.7755575615628914e-17,0.0,2.7755575615628914e-17,1
2027,0,95,bmi_risk,0.06771959497723232,0.0734417587518692,0.005722163774636885,1
2027,0,95,nonadherence,0.01954714909762617,0.01920434832572937,0.0003428007718968007,1
2027,0,95,claim_rate,-2.7755575615628914e-17,0.0,2.7755575615628914e-17,1
2027,0,95,claim_severity,0.05517034352902728,0.04162771999835968,0.013542623530667597,1
2027,0,95,provider_complication,0.008381374722398471,0.002055630087852478,0.006325744634545993,1
2027,0,95,coverage_gap,0.03982266336550222,0.05099131166934967,0.01116864830384745,1
2027,0,96,age,0.11363448234917217,0.1188138872385025,0.00517940488933033,1
2027,0,96,poor_health,0.11492467798732584,0.11099769175052643,0.003926986236799407,1
2027,0,96,smoking,0.0,0.0,0.0,1
2027,0,96,bmi_risk,0.09123469639589085,0.10271857678890228,0.01148388039301143,1
2027,0,96,nonadherence,0.09187994355501813,0.0836658775806427,0.008214065974375434,1
2027,0,96,claim_rate,0.0,0.0,0.0,1
2027,0,96,claim_severity,0.08441137663998713,0.056317105889320374,0.028094270750666755,1
2027,0,96,provider_complication,0.02143794028744761,0.00489690899848938,0.01654103128895823,1
2027,0,96,coverage_gap,0.09837096886705729,0.10056941211223602,0.002198443245178733,1
2027,0,100,age,0.016767931225928873,0.01780642941594124,0.0010384981900123658,1
2027,0,100,poor_health,0.021947931519092682,0.022820528596639633,0.0008725970775469508,1
2027,0,100,smoking,-1.3877787807814457e-17,0.0,1.3877787807814457e-17,1
2027,0,100,bmi_risk,0.0015223764897604464,0.0017718598246574402,0.0002494833348969938,1
2027,0,100,nonadherence,0.011709209011353826,0.010527282953262329,0.0011819260580914967,1
2027,0,100,claim_rate,0.007334904915443481,0.008463412523269653,0.0011285076078261722,1
2027,0,100,claim_severity,5.67365608175191e-05,3.790855407714844e-05,1.8828006740370662e-05,1
2027,0,100,provider_complication,0.004422669670103643,0.0007847994565963745,0.003637870213507269,1
2027,0,100,coverage_gap,0.009498437676497072,0.0104474276304245,0.0009489899539274274,1
2027,0,104,age,0.11195968049266448,0.1256222501397133,0.013662569647048803,1
2027,0,104,poor_health,0.06978457154781643,0.07631093263626099,0.006526361088444552,1
2027,0,104,smoking,0.0,0.0,0.0,1
2027,0,104,bmi_risk,0.04009047041974034,0.05185495316982269,0.01176448275008235,1
2027,0,104,nonadherence,0.062449246500343,0.062418997287750244,3.0249212592758923e-05,1
2027,0,104,claim_rate,0.0,0.0,0.0,1
2027,0,104,claim_severity,0.03849455155891804,0.027276426553726196,0.011218125005191842,1
2027,0,104,provider_complication,0.008028877186534611,0.0019741058349609375,0.006054771351573673,1
2027,0,104,coverage_gap,0.014680792689899386,0.01871342957019806,0.004032636880298673,1
2027,0,110,age,0.12665118714833784,0.14749249815940857,0.02084131101107073,1
2027,0,110,poor_health,0.03648828629208026,0.04226945340633392,0.005781167114253666,1
2027,0,110,smoking,-2.7755575615628914e-17,0.0,2.7755575615628914e-17,1
2027,0,110,bmi_risk,0.10172787826726185,0.12459850311279297,0.022870624845531123,1
2027,0,110,nonadherence,0.09006759280698964,0.09696125984191895,0.006893667034929302,1
2027,0,110,claim_rate,0.023025448687070377,0.02443242073059082,0.0014069720435204436,1
2027,0,110,claim_severity,0.07676471287282097,0.05723854899406433,0.019526163878756636,1
2027,0,110,provider_complication,0.0038963253325592917,0.0007618963718414307,0.003134428960717861,1
2027,0,110,coverage_gap,0.02283396568779461,0.028441548347473145,0.005607582659678534,1
2027,0,111,age,0.021481504200930958,0.02341458573937416,0.001933081538443203,1
2027,0,111,poor_health,0.02700132501372502,0.028524249792099,0.0015229247783739783,1
2027,0,111,smoking,-1.3877787807814457e-17,0.0,1.3877787807814457e-17,1
2027,0,111,bmi_risk,0.010553981062420476,0.012404508888721466,0.0018505278263009906,1
2027,0,111,nonadherence,0.011400793891592535,0.010472409427165985,0.0009283844644265501,1
2027,0,111,claim_rate,0.008330534552973654,0.00980629026889801,0.0014757557159243567,1
2027,0,111,claim_severity,0.003766959185763405,0.0024908632040023804,0.0012760959817610246,1
2027,0,111,provider_complication,0.003778218251913712,0.0006696581840515137,0.0031085600678621983,1
2027,0,111,coverage_gap,0.00677203814051118,0.00767035037279129,0.0008983122322801101,1
2027,0,124,age,0.039878432208576675,0.03317108750343323,0.006707344705143448,1
2027,0,124,poor_health,0.06984328328882453,0.05933237075805664,0.010510912530767885,1
2027,0,124,smoking,0.0,0.0,0.0,1
2027,0,124,bmi_risk,0.03183512126525677,0.028614714741706848,0.0032204065235499207,1
2027,0,124,nonadherence,0.026626584961675054,0.01842682808637619,0.008199756875298864,1
2027,0,124,claim_rate,0.0,0.0,0.0,1
2027,0,124,claim_severity,0.04987838008045635,0.027335360646247864,0.022543019434208486,1
2027,0,124,provider_complication,0.023214285218703917,0.004098460078239441,0.019115825140464476,1
2027,0,124,coverage_gap,0.02243787572026601,0.01975380629301071,0.002684069427255298,1
2027,0,130,age,0.03894736463616609,0.037245362997055054,0.0017020016391110365,1
2027,0,130,poor_health,0.012466475048934084,0.011939100921154022,0.0005273741277800614,1
2027,0,130,smoking,1.3877787807814457e-17,0.0,1.3877787807814457e-17,1
2027,0,130,bmi_risk,0.032093502753794495,0.03218088299036026,8.738023656576499e-05,1
2027,0,130,nonadherence,0.015194561737803425,0.011903107166290283,0.0032914545715131416,1
2027,0,130,claim_rate,0.023214415563023102,0.0246666818857193,0.0014522663226961968,1
2027,0,130,claim_severity,0.012345252269691562,0.008192695677280426,0.004152556592411136,1
2027,0,130,provider_complication,0.03449458701266918,0.00842227041721344,0.02607231659545574,1
2027,0,130,coverage_gap,0.019782953220585056,0.021662354469299316,0.0018794012487142603,1
2027,0,138,age,0.05359053916562374,0.04101131111383438,0.012579228051789362,1
2027,0,138,poor_health,0.03220281357930527,0.024836324155330658,0.007366489423974609,1
2027,0,138,smoking,0.0,0.0,0.0,1
2027,0,138,bmi_risk,0.033959913465263294,0.027080290019512177,0.006879623445751118,1
2027,0,138,nonadherence,0.031225493021195108,0.019716545939445496,0.011508947081749613,1
2027,0,138,claim_rate,0.015319240630328745,0.013110637664794922,0.0022086029655338235,1
2027,0,138,claim_severity,0.0,0.0,0.0,1
2027,0,138,provider_complication,0.04359994986855993,0.006588876247406006,0.037011073621153925,1
2027,0,138,coverage_gap,0.026474804458704718,0.020913980901241302,0.005560823557463415,1
2027,0,149,age,0.08941089347260964,0.0897848904132843,0.0003739969406746646,1
2027,0,149,poor_health,0.10500731207644623,0.1100514829158783,0.005044170839432066,1
2027,0,149,smoking,0.1431383717690074,0.15171699225902557,0.008578620490018174,1
2027,0,149,bmi_risk,0.0244894049907855,0.024738341569900513,0.0002489365791150111,1
2027,0,149,nonadherence,0.03136588495603887,0.02988484501838684,0.001481039937652029,1
2027,0,149,claim_rate,0.026277450334874164,0.027730673551559448,0.0014532232166852843,1
2027,0,149,claim_severity,0.11230228668326464,0.07413855195045471,0.03816373473280993,1
2027,0,149,provider_complication,0.020778382111302895,0.004280537366867065,0.01649784474443583,1
2027,0,149,coverage_gap,0.03028578486358907,0.03377154469490051,0.0034857598313114413,1
2027,0,151,age,0.07667630966283075,0.07104244083166122,0.005633868831169522,1
2027,0,151,poor_health,0.0698311640518216,0.06636298447847366,0.0034681795733479404,1
2027,0,151,smoking,0.0,0.0,0.0,1
2027,0,151,bmi_risk,0.018268019144428327,0.018557637929916382,0.000289618785488055,1
2027,0,151,nonadherence,0.007599182570384416,0.006432265043258667,0.0011669175271257493,1
2027,0,151,claim_rate,0.016385607847066747,0.01828855276107788,0.0019029449140111343,1
2027,0,151,claim_severity,0.033153205483197654,0.019264712929725647,0.013888492553472007,1
2027,0,151,provider_complication,0.024665906528300308,0.003955408930778503,0.020710497597521804,1
2027,0,151,coverage_gap,0.017607353872160753,0.01681603491306305,0.0007913189590977032,1
2027,0,154,age,0.08977970427536439,0.08241020888090134,0.007369495394463049,1
2027,0,154,poor_health,0.08171072020154073,0.075121209025383,0.0065895111761577335,1
2027,0,154,smoking,-2.7755575615628914e-17,0.0,2.7755575615628914e-17,1
2027,0,154,bmi_risk,0.029905638829583914,0.029564902186393738,0.00034073664319017594,1
2027,0,154,nonadherence,0.019887366425823616,0.016681775450706482,0.003205590975117134,1
2027,0,154,claim_rate,0.03748893766546027,0.03937572240829468,0.0018867847428344076,1
2027,0,154,claim_severity,0.05747603285723127,0.03546346724033356,0.02201256561689771,1
2027,0,154,provider_complication,0.022468711214600007,0.004926800727844238,0.01754191048675577,1
2027,0,154,coverage_gap,0.010327460836594082,0.011196210980415344,0.0008687501438212619,1
2027,0,156,age,1.3877787807814457e-17,0.0,1.3877787807814457e-17,1
2027,0,156,poor_health,0.040699639012476134,0.04451468586921692,0.003815046856740785,1
2027,0,156,smoking,1.3877787807814457e-17,0.0,1.3877787807814457e-17,1
2027,0,156,bmi_risk,0.013391441549263111,0.014915943145751953,0.001524501596488842,1
2027,0,156,nonadherence,0.025238666681412975,0.022552356123924255,0.002686310557488719,1
2027,0,156,claim_rate,0.020814031653935264,0.025280073285102844,0.0044660416311675805,1
2027,0,156,claim_severity,0.03482648386338144,0.02667742222547531,0.00814906163790613,1
2027,0,156,provider_complication,0.008501064356720572,0.0023528337478637695,0.006148230608856803,1
2027,0,156,coverage_gap,0.01177541511551844,0.014111101627349854,0.002335686511831414,1
2027,0,158,age,0.07279675044886325,0.06472908705472946,0.008067663394133784,1
2027,0,158,poor_health,0.05722717691022067,0.04939006268978119,0.007837114220439478,1
2027,0,158,smoking,0.0,0.0,0.0,1
2027,0,158,bmi_risk,0.00984852308438161,0.00945158302783966,0.0003969400565419501,1
2027,0,158,nonadherence,0.04653178438782493,0.036909475922584534,0.009622308465240398,1
2027,0,158,claim_rate,0.01896877044940401,0.019634783267974854,0.0006660128185708436,1
2027,0,158,claim_severity,0.05127879322714107,0.03212358057498932,0.019155212652151754,1
2027,0,158,provider_complication,0.054523892193647144,0.012191981077194214,0.04233191111645293,1
2027,0,158,coverage_gap,0.06013729689695571,0.05585411936044693,0.004283177536508781,1
2027,0,164,age,0.08273840707995027,0.10687758028507233,0.024139173205122058,1
2027,0,164,poor_health,0.1031794361691897,0.13247796893119812,0.029298532762008417,1
2027,0,164,smoking,0.0,0.0,0.0,1
2027,0,164,bmi_risk,0.032934541389922245,0.04417373239994049,0.011239191010018246,1
2027,0,164,nonadherence,0.04681073716962966,0.056483522057533264,0.009672784887903602,1
2027,0,164,claim_rate,0.0,0.0,0.0,1
2027,0,164,claim_severity,0.05965291734189686,0.05093991756439209,0.008712999777504768,1
2027,0,164,provider_complication,0.010886842958630849,0.003232434391975403,0.007654408566655446,1
2027,0,164,coverage_gap,0.012023043255494775,0.01691587269306183,0.004892829437567053,1
2027,0,165,age,0.2020014435387684,0.18154320120811462,0.02045824233065377,1
2027,0,165,poor_health,0.09494539508175942,0.07985049486160278,0.015094900220156637,1
2027,0,165,smoking,0.18802190622959994,0.1614062339067459,0.026615672322854028,1
2027,0,165,bmi_risk,0.08102831255875048,0.06369516253471375,0.017333150024036736,1
2027,0,165,nonadherence,0.017158737137392188,0.016682684421539307,0.00047605271585288156,1
2027,0,165,claim_rate,0.06261767056603001,0.0614645779132843,0.001153092652745713,1
2027,0,165,claim_severity,0.14601026857387556,0.1015109121799469,0.04449935639392866,1
2027,0,165,provider_complication,0.025136724441289116,0.004293918609619141,0.020842805831669975,1
2027,0,165,coverage_gap,0.02316490610640487,0.03114381432533264,0.007978908218927772,1
2027,0,168,age,0.04273596031850191,0.04032423347234726,0.0024117268461546493,1
2027,0,168,poor_health,0.023957683082726583,0.022341497242450714,0.0016161858402758689,1
2027,0,168,smoking,1.3877787807814457e-17,0.0,1.3877787807814457e-17,1
2027,0,168,bmi_risk,0.022801724944884083,0.022555656731128693,0.00024606821375539045,1
2027,0,168,nonadherence,0.00594334019983371,0.004377864301204681,0.001565475898629029,1
2027,0,168,claim_rate,0.01150521464009073,0.011934824287891388,0.0004296096478006578,1
2027,0,168,claim_severity,0.017836804189862457,0.010254338383674622,0.007582465806187835,1
2027,0,168,provider_complication,0.013210138456310958,0.002184465527534485,0.011025672928776473,1
2027,0,168,coverage_gap,0.008503995253481167,0.008979067206382751,0.00047507195290158455,1
2027,0,171,age,0.08388182631628328,0.07182921469211578,0.0120526116241675,1
2027,0,171,poor_health,0.0461321019742548,0.03882203251123428,0.007310069463020513,1
2027,0,171,smoking,0.0,0.0,0.0,1
2027,0,171,bmi_risk,0.005345096650779396,0.0046602338552474976,0.0006848627955318987,1
2027,0,171,nonadherence,0.03702847585653127,0.027717746794223785,0.009310729062307482,1
2027,0,171,claim_rate,0.01791259586044297,0.016769886016845703,0.0011427098435972671,1
2027,0,171,claim_severity,0.04053744796986089,0.02467513084411621,0.01586231712574468,1
2027,0,171,provider_complication,0.033547830010563745,0.007745489478111267,0.025802340532452478,1
2027,0,171,coverage_gap,0.043444866088747675,0.03893815726041794,0.004506708828329736,1
2027,0,172,age,0.1327279990403196,0.14025910198688507,0.007531102946565477,1
2027,0,172,poor_health,0.1431815006123153,0.14955593645572662,0.006374435843411325,1
2027,0,172,smoking,0.0,0.0,0.0,1
2027,0,172,bmi_risk,0.12329204259292012,0.13713127374649048,0.013839231153570358,1
2027,0,172,nonadherence,0.06478767631219243,0.07045957446098328,0.005671898148790849,1
2027,0,172,claim_rate,0.0,0.0,0.0,1
2027,0,172,claim_severity,0.1040198259535298,0.07391023635864258,0.030109589594887215,1
2027,0,172,provider_complication,0.01613959164847023,0.0038167238235473633,0.012322867824922867,1
2027,0,172,coverage_gap,0.04755922734533846,0.05173903703689575,0.00417980969155729,1
2027,0,174,age,0.014036662936259589,0.01585322618484497,0.0018165632485853817,1
2027,0,174,poor_health,0.017012530933202964,0.019225716590881348,0.0022131856576783834,1
2027,0,174,smoking,1.3877787807814457e-17,0.0,1.3877787807814457e-17,1
2027,0,174,bmi_risk,0.004461676134462397,0.005055516958236694,0.000593840823774297,1
2027,0,174,nonadherence,0.017732585297690534,0.016713358461856842,0.001019226835833692,1
2027,0,174,claim_rate,1.3877787807814457e-17,0.0,1.3877787807814457e-17,1
2027,0,174,claim_severity,0.013209206093202926,0.009483814239501953,0.0037253918537009725,1
2027,0,174,provider_complication,0.0024706698415628073,0.00047782063484191895,0.0019928492067208883,1
2027,0,174,coverage_gap,0.015409223753413949,0.018055759370326996,0.002646535616913047,1
2027,0,175,age,0.06541458067827129,0.06122565269470215,0.004188927983569138,1
2027,0,175,poor_health,0.02197756735000872,0.02059508115053177,0.001382486199476951,1
2027,0,175,smoking,2.7755575615628914e-17,0.0,2.7755575615628914e-17,1
2027,0,175,bmi_risk,0.013709372614667648,0.014125682413578033,0.0004163097989103859,1
2027,0,175,nonadherence,0.0033447546401024486,0.002929776906967163,0.0004149777331352855,1
2027,0,175,claim_rate,0.014075228464950212,0.014316879212856293,0.00024165074790608032,1
2027,0,175,claim_severity,0.01771404398994579,0.011997796595096588,0.005716247394849203,1
2027,0,175,provider_complication,0.008458980032676866,0.0019102022051811218,0.006548777827495744,1
2027,0,175,coverage_gap,0.05347931067929226,0.05318670719861984,0.0002926034806724209,1
2027,0,183,age,0.003301657498252099,0.0038155168294906616,0.0005138593312385628,1
2027,0,183,poor_health,0.015337719722752337,0.018355123698711395,0.0030174039759590585,1
2027,0,183,smoking,0.0,0.0,0.0,1
2027,0,183,bmi_risk,0.011635646878899591,0.014764904975891113,0.003129258096991522,1
2027,0,183,nonadherence,0.011154017212163123,0.011398762464523315,0.00024474525236019284,1
2027,0,183,claim_rate,0.006215937698741847,0.00827205553650856,0.0020561178377667133,1
2027,0,183,claim_severity,0.0,0.0,0.0,1
2027,0,183,provider_complication,0.007293426494623577,0.0015726536512374878,0.005720772843386089,1
2027,0,183,coverage_gap,0.004625877443470004,0.005487136542797089,0.0008612590993270844,1
2027,0,190,age,0.1644722923720996,0.16002950072288513,0.0044427916492144615,1
2027,0,190,poor_health,0.1835976332912237,0.18024539947509766,0.003352233816126038,1
2027,0,190,smoking,0.201498412382625,0.21185153722763062,0.010353124845005612,1
2027,0,190,bmi_risk,0.15365841187923712,0.12823486328125,0.025423548597987122,1
2027,0,190,nonadherence,0.03785667311691926,0.04264107346534729,0.004784400348428031,1
2027,0,190,claim_rate,0.0,0.0,0.0,1
2027,0,190,claim_severity,0.14565885139090717,0.10829201340675354,0.037366837984153634,1
2027,0,190,provider_complication,0.025815422454096293,0.005597293376922607,0.020218129077173685,1
2027,0,190,coverage_gap,0.08885346390860188,0.11238867044448853,0.023535206535886644,1
2027,0,198,age,0.09449183856009544,0.09015262871980667,0.004339209840288766,1
2027,0,198,poor_health,0.06578059295346379,0.06401100009679794,0.0017695928566658498,1
2027,0,198,smoking,0.0,0.0,0.0,1
2027,0,198,bmi_risk,0.018774107034134402,0.018582701683044434,0.00019140535108996826,1
2027,0,198,nonadherence,0.020966202521506883,0.017026275396347046,0.003939927125159837,1
2027,0,198,claim_rate,0.0,0.0,0.0,1
2027,0,198,claim_severity,0.04356291966699466,0.027324572205543518,0.01623834746145114,1
2027,0,198,provider_complication,0.03261026108831344,0.007044106721878052,0.02556615436643539,1
2027,0,198,coverage_gap,0.027101289762988562,0.026357069611549377,0.0007442201514391844,1
2027,0,229,age,0.06165098751676304,0.055323563516139984,0.006327424000623055,1
2027,0,229,poor_health,0.046092777157123094,0.04106098413467407,0.0050317930224490215,1
2027,0,229,smoking,0.0,0.0,0.0,1
2027,0,229,bmi_risk,0.0367940380196444,0.03415262699127197,0.0026414110283724257,1
2027,0,229,nonadherence,0.042348441488371164,0.032754868268966675,0.009593573219404489,1
2027,0,229,claim_rate,0.03425355975813574,0.033154524862766266,0.0010990348953694717,1
2027,0,229,claim_severity,0.044209410000329824,0.027961164712905884,0.01624824528742394,1
2027,0,229,provider_complication,0.025583543467494224,0.005679145455360413,0.01990439801213381,1
2027,0,229,coverage_gap,0.02642668743817786,0.025448128581047058,0.0009785588571308013,1
2027,0,231,age,0.2354343105376357,0.21737933158874512,0.018054978948890577,1
2027,0,231,poor_health,0.13001655633882708,0.12638932466506958,0.0036272316737575028,1
2027,0,231,smoking,0.2031637962871291,0.1772747039794922,0.02588909230763692,1
2027,0,231,bmi_risk,0.09369929865026155,0.062194496393203735,0.03150480225705782,1
2027,0,231,nonadherence,0.05978049135709568,0.05429074168205261,0.005489749675043065,1
2027,0,231,claim_rate,0.06484995575349606,0.042718082666397095,0.022131873087098963,1
2027,0,231,claim_severity,0.1419715116126733,0.10300511121749878,0.038966400395174516,1
2027,0,231,provider_complication,0.03829561562150324,0.008267313241958618,0.030028302379544625,1
2027,0,231,coverage_gap,0.042621787747250506,0.04711219668388367,0.004490408936633161,1
2027,0,232,age,0.1283216344785687,0.12661057710647583,0.0017110573720928723,1
2027,0,232,poor_health,0.06862885048732603,0.07135133445262909,0.0027224839653030575,1
2027,0,232,smoking,0.14792948928400051,0.15552829205989838,0.007598802775897862,1
2027,0,232,bmi_risk,0.05128248645376199,0.05107155442237854,0.0002109320313834484,1
2027,0,232,nonadherence,0.02262518905978983,0.024237722158432007,0.001612533098642177,1
2027,0,232,claim_rate,0.026962126951512067,0.027923285961151123,0.0009611590096390565,1
2027,0,232,claim_severity,0.07664163029443455,0.0583018958568573,0.01833973443757725,1
2027,0,232,provider_complication,0.011711154642271515,0.002746492624282837,0.008964662017988678,1
2027,0,232,coverage_gap,0.06084198175456779,0.07614518702030182,0.015303205265734032,1
2027,0,235,age,0.002031673313364457,0.002107575535774231,7.590222240977385e-05,1
2027,0,235,poor_health,0.010229445169537707,0.010537054389715195,0.0003076092201774877,1
2027,0,235,smoking,1.3877787807814457e-17,0.0,1.3877787807814457e-17,1
2027,0,235,bmi_risk,0.015544029435857358,0.01702122390270233,0.0014771944668449735,1
2027,0,235,nonadherence,0.005054180316717359,0.004437431693077087,0.0006167486236402717,1
2027,0,235,claim_rate,1.3877787807814457e-17,0.0,1.3877787807814457e-17,1
2027,0,235,claim_severity,1.3877787807814457e-17,0.0,1.3877787807814457e-17,1
2027,0,235,provider_complication,0.0043386261321680525,0.0007433556020259857,0.0035952705301420668,1
2027,0,235,coverage_gap,0.013350421579961039,0.015121344476938248,0.001770922896977209,1
2027,0,237,age,0.039539724445486146,0.04269900172948837,0.0031592772840022265,1
2027,0,237,poor_health,0.04075433336181018,0.04410937428474426,0.00335504092293408,1
2027,0,237,smoking,0.0,0.0,0.0,1
2027,0,237,bmi_risk,0.021888855619308506,0.024616338312625885,0.002727482693317379,1
2027,0,237,nonadherence,0.019271479567174718,0.017761938273906708,0.0015095412932680102,1
2027,0,237,claim_rate,0.0,0.0,0.0,1
2027,0,237,claim_severity,0.015598063783651542,0.010712049901485443,0.004886013882166099,1
2027,0,237,provider_complication,0.009126962606783806,0.001696959137916565,0.007430003468867241,1
2027,0,237,coverage_gap,0.01504040719367808,0.01666581630706787,0.0016254091133897919,1
2027,0,249,age,0.0,0.0,0.0,1
2027,0,249,poor_health,0.06210827728464971,0.05443483591079712,0.007673441373852591,1
2027,0,249,smoking,0.0,0.0,0.0,1
2027,0,249,bmi_risk,0.017403891533311663,0.015170648694038391,0.0022332428392732723,1
2027,0,249,nonadherence,0.04225746729195079,0.031157411634922028,0.011100055657028762,1
2027,0,249,claim_rate,0.014118688474703017,0.013829909265041351,0.0002887792096616659,1
2027,0,249,claim_severity,0.042024701630438185,0.024481065571308136,0.01754363605913005,1
2027,0,249,provider_complication,0.01870835134543801,0.0026197433471679688,0.01608860799827004,1
2027,0,249,coverage_gap,0.009420393798156831,0.008696191012859344,0.0007242027852974869,1
2027,0,253,age,1.3877787807814457e-17,0.0,1.3877787807814457e-17,1
2027,0,253,poor_health,0.05683236269871274,0.05878468602895737,0.0019523233302446291,1
2027,0,253,smoking,1.3877787807814457e-17,0.0,1.3877787807814457e-17,1
2027,0,253,bmi_risk,0.021701286047192916,0.023560024797916412,0.001858738750723496,1
2027,0,253,nonadherence,0.023716860653360483,0.020425520837306976,0.003291339816053507,1
2027,0,253,claim_rate,1.3877787807814457e-17,0.0,1.3877787807814457e-17,1
2027,0,253,claim_severity,0.03723345680983653,0.025560826063156128,0.011672630746680401,1
2027,0,253,provider_complication,0.007899112851570592,0.002057000994682312,0.00584211185688828,1
2027,0,253,coverage_gap,0.04289802054493137,0.044888779520988464,0.0019907589760570915,1
2027,0,254,age,0.19499641211383767,0.19309350848197937,0.0019029036318582992,1
2027,0,254,poor_health,0.15267723208495482,0.143231600522995,0.009445631561959822,1
2027,0,254,smoking,0.20243383904353618,0.19429516792297363,0.008138671120562546,1
2027,0,254,bmi_risk,0.09834205131829699,0.07316160202026367,0.025180449298033314,1
2027,0,254,nonadherence,0.02390630112906794,0.027105480432510376,0.0031991793034424343,1
2027,0,254,claim_rate,0.06480256155833947,0.0647793710231781,2.3190535161365933e-05,1
2027,0,254,claim_severity,0.1916792721626182,0.1456618309020996,0.0460174412605186,1
2027,0,254,provider_complication,0.04372041233704216,0.009154319763183594,0.034566092573858564,1
2027,0,254,coverage_gap,0.028193237576940366,0.0404779314994812,0.012284693922540835,1
2027,0,263,age,0.090945403675594,0.08917734026908875,0.0017680634065052603,1
2027,0,263,poor_health,0.13968558107867968,0.13633477687835693,0.0033508042003227434,1
2027,0,263,smoking,0.20820240478914825,0.1803596317768097,0.027842773012338562,1
2027,0,263,bmi_risk,0.17243711977353943,0.14501851797103882,0.02741860180250061,1
2027,0,263,nonadherence,0.09070179002769507,0.08564406633377075,0.005057723693924321,1
2027,0,263,claim_rate,0.12612594773755514,0.08284139633178711,0.043284551405768035,1
2027,0,263,claim_severity,0.21201692438257164,0.1727520227432251,0.03926490163934654,1
2027,0,263,provider_complication,0.051737555836169125,0.01106572151184082,0.040671834324328304,1
2027,0,263,coverage_gap,0.04039797904739384,0.051542580127716064,0.011144601080322225,1
2027,0,267,age,0.04882610269577123,0.04978945106267929,0.0009633483669080622,1
2027,0,267,poor_health,0.037034605585434935,0.03627411276102066,0.0007604928244142745,1
2027,0,267,smoking,-1.3877787807814457e-17,0.0,1.3877787807814457e-17,1
2027,0,267,bmi_risk,0.010004837544591971,0.010437920689582825,0.00043308314499085343,1
2027,0,267,nonadherence,0.026769312911124804,0.022497698664665222,0.004271614246459582,1
2027,0,267,claim_rate,-1.3877787807814457e-17,0.0,1.3877787807814457e-17,1
2027,0,267,claim_severity,0.025599316767830213,0.018031969666481018,0.007567347101349195,1
2027,0,267,provider_complication,0.008077137253120134,0.001943342387676239,0.006133794865443895,1
2027,0,267,coverage_gap,0.024894765996606463,0.0275924950838089,0.0026977290872024356,1
2027,0,275,age,0.08711581593639461,0.0788668692111969,0.008248946725197714,1
2027,0,275,poor_health,0.16671373980753434,0.18001008033752441,0.01329634052999007,1
2027,0,275,smoking,0.20314504993246374,0.2070067822933197,0.003861732360855963,1
2027,0,275,bmi_risk,0.06662962468150785,0.05475497245788574,0.011874652223622106,1
2027,0,275,nonadherence,0.06905948480827057,0.053848832845687866,0.0152106519625827,1
2027,0,275,claim_rate,0.0968122114651247,0.08226898312568665,0.014543228339438052,1
2027,0,275,claim_severity,0.2064257635257446,0.1402900218963623,0.0661357416293823,1
2027,0,275,provider_complication,0.037602417225220286,0.006510436534881592,0.031091980690338694,1
2027,0,275,coverage_gap,0.07419116794753583,0.08298364281654358,0.00879247486900775,1
2027,0,282,age,0.06095249765608737,0.058766260743141174,0.002186236912946199,1
2027,0,282,poor_health,0.020110884704818963,0.01926387846469879,0.0008470062401201711,1
2027,0,282,smoking,0.0,0.0,0.0,1
2027,0,282,bmi_risk,0.029538548437487364,0.02837129682302475,0.0011672516144626138,1
2027,0,282,nonadherence,0.03151764633859638,0.025301702320575714,0.006215944018020669,1
2027,0,282,claim_rate,0.015160053363297399,0.015999525785446167,0.0008394724221487682,1
2027,0,282,claim_severity,0.028438365514466893,0.018142148852348328,0.010296216662118565,1
2027,0,282,provider_complication,0.018351208870236918,0.004230529069900513,0.014120679800336405,1
2027,0,282,coverage_gap,0.042367696491551796,0.04127677530050278,0.0010909211910490185,1
2027,0,283,age,0.05757897221996751,0.06830399483442307,0.010725022614455557,1
2027,0,283,poor_health,0.04594127983834566,0.05386636406183243,0.00792508422348677,1
2027,0,283,smoking,1.3877787807814457e-17,0.0,1.3877787807814457e-17,1
2027,0,283,bmi_risk,0.017669689481453824,0.021823056042194366,0.004153366560740543,1
2027,0,283,nonadherence,0.008116061114456924,0.008324041962623596,0.00020798084816667228,1
2027,0,283,claim_rate,0.012581410857487083,0.015847012400627136,0.0032656015431400537,1
2027,0,283,claim_severity,0.021613279788783232,0.016714230179786682,0.00489904960899655,1
2027,0,283,provider_complication,0.005267302628874884,0.0015180259943008423,0.003749276634574042,1
2027,0,283,coverage_gap,0.02168345936606335,0.02583351731300354,0.004150057946940192,1
2027,0,284,age,0.01797379136349858,0.016204357147216797,0.0017694342162817844,1
2027,0,284,poor_health,0.02217334867403878,0.020657740533351898,0.0015156081406868804,1
2027,0,284,smoking,0.0,0.0,0.0,1
2027,0,284,bmi_risk,0.023484836671099615,0.02297225221991539,0.0005125844511842254,1
2027,0,284,nonadherence,0.021262640107110944,0.016279354691505432,0.004983285415605512,1
2027,0,284,claim_rate,0.0,0.0,0.0,1
2027,0,284,claim_severity,0.015705466132689513,0.008791916072368622,0.006913550060320892,1
2027,0,284,provider_complication,0.015447799103333437,0.0026788413524627686,0.012768957750870669,1
2027,0,284,coverage_gap,0.003949965975347441,0.003990344703197479,4.037872785003782e-05,1
2027,0,285,age,0.07269943632443078,0.07172791659832001,0.0009715197261107728,1
2027,0,285,poor_health,0.08964289326924722,0.08903393894433975,0.0006089543249074708,1
2027,0,285,smoking,0.0,0.0,0.0,1
2027,0,285,bmi_risk,0.023001095858230458,0.024333417415618896,0.0013323215573884384,1
2027,0,285,nonadherence,0.03069827096136246,0.027118027210235596,0.003580243751126866,1
2027,0,285,claim_rate,0.03800019622164111,0.04451972246170044,0.006519526240059331,1
2027,0,285,claim_severity,0.09165049447874471,0.06055830419063568,0.03109219028810903,1
2027,0,285,provider_complication,0.0033651669934587347,0.0008073598146438599,0.002557807178814875,1
2027,0,285,coverage_gap,0.010173430971362474,0.011314824223518372,0.0011413932521558978,1
2027,0,286,age,0.04491543316415911,0.04159954935312271,0.0033158838110363964,1
2027,0,286,poor_health,0.038750521711887934,0.036179713904857635,0.002570807807030298,1
2027,0,286,smoking,1.3877787807814457e-17,0.0,1.3877787807814457e-17,1
2027,0,286,bmi_risk,0.03307774614584136,0.032026708126068115,0.0010510380197732427,1
2027,0,286,nonadherence,0.023687880632337635,0.018578775227069855,0.00510910540526778,1
2027,0,286,claim_rate,1.3877787807814457e-17,0.0,1.3877787807814457e-17,1
2027,0,286,claim_severity,0.02260345994548983,0.013682596385478973,0.008920863560010858,1
2027,0,286,provider_complication,0.005921292527208813,0.0014202296733856201,0.004501062853823193,1
2027,0,286,coverage_gap,0.012388174971399768,0.013055838644504547,0.0006676636731047791,1
2027,0,287,age,-2.7755575615628914e-17,0.0,2.7755575615628914e-17,1
2027,0,287,poor_health,0.017468969759253106,0.01565699279308319,0.0018119769661699148,1
2027,0,287,smoking,0.09690167764481182,0.09145869314670563,0.005442984498106193,1
2027,0,287,bmi_risk,0.052588450636973316,0.048707857728004456,0.0038805929089688607,1
2027,0,287,nonadherence,0.01721392359226781,0.015906065702438354,0.0013078578898294557,1
2027,0,287,claim_rate,0.03616336519801258,0.03571388125419617,0.00044948394381641443,1
2027,0,287,claim_severity,0.07072677948687665,0.04418119788169861,0.026545581605178045,1
2027,0,287,provider_complication,0.003210712579035352,0.0007088929414749146,0.0025018196375604373,1
2027,0,287,coverage_gap,0.01688937928198289,0.01799371838569641,0.0011043391037135197,1
2027,0,288,age,0.02704431585406189,0.023124903440475464,0.003919412413586426,1
2027,0,288,poor_health,0.07942695106459344,0.06999975815415382,0.009427192910439613,1
2027,0,288,smoking,0.0,0.0,0.0,1
2027,0,288,bmi_risk,0.020696588215519562,0.018619298934936523,0.002077289280583039,1
2027,0,288,nonadherence,0.019135713868889098,0.014105170965194702,0.005030542903694396,1
2027,0,288,claim_rate,0.0,0.0,0.0,1
2027,0,288,claim_severity,0.04180812425553253,0.022650986909866333,0.019157137345666195,1
2027,0,288,provider_complication,0.011577330768559935,0.001820683479309082,0.009756647289250853,1
2027,0,288,coverage_gap,0.006424739776539734,0.006246931850910187,0.00017780792562954728,1
2027,0,292,age,0.0690594959301912,0.07136838138103485,0.0023088854508436507,1
2027,0,292,poor_health,0.03323288365200058,0.033787332475185394,0.000554448823184811,1
2027,0,292,smoking,0.0,0.0,0.0,1
2027,0,292,bmi_risk,0.013267787308100076,0.014510810375213623,0.0012430230671135467,1
2027,0,292,nonadherence,0.025211513393027074,0.021334953606128693,0.0038765597868983814,1
2027,0,292,claim_rate,0.01387775099283571,0.015535920858383179,0.001658169865547468,1
2027,0,292,claim_severity,0.01968531460444306,0.012812614440917969,0.006872700163525092,1
2027,0,292,provider_complication,0.03451933550081644,0.006423085927963257,0.028096249572853185,1
2027,0,292,coverage_gap,0.020375680289511353,0.02269294112920761,0.0023172608396962585,1
2027,0,293,age,0.09933026317875468,0.10005421936511993,0.0007239561863652544,1
2027,0,293,poor_health,0.08387819318007572,0.08519329130649567,0.0013150981264199446,1
2027,0,293,smoking,0.0,0.0,0.0,1
2027,0,293,bmi_risk,0.03843936651072177,0.045166581869125366,0.006727215358403593,1
2027,0,293,nonadherence,0.04196761750194897,0.041315361857414246,0.0006522556445347216,1
2027,0,293,claim_rate,0.0406786119640663,0.046302154660224915,0.005623542696158612,1
2027,0,293,claim_severity,0.06208406344909953,0.04479175806045532,0.017292305388644208,1
2027,0,293,provider_complication,0.00924561181540412,0.0022967904806137085,0.0069488213347904115,1
2027,0,293,coverage_gap,0.01844293109468076,0.023836448788642883,0.005393517693962124,1
2027,0,295,age,0.13964146279692982,0.1725998818874359,0.03295841909050609,1
2027,0,295,poor_health,0.09204605763804058,0.11845937371253967,0.026413316074499094,1
2027,0,295,smoking,0.15725022025267732,0.1985377073287964,0.04128748707611907,1
2027,0,295,bmi_risk,0.09100537205452308,0.11808869242668152,0.027083320372158437,1
2027,0,295,nonadherence,0.05449202654129698,0.07018676400184631,0.015694737460549335,1
2027,0,295,claim_rate,-5.551115123125783e-17,0.0,5.551115123125783e-17,1
2027,0,295,claim_severity,0.08802356652981527,0.07681113481521606,0.011212431714599208,1
2027,0,295,provider_complication,0.018110190303858464,0.004818081855773926,0.013292108448084539,1
2027,0,295,coverage_gap,0.0816912897834633,0.11071568727493286,0.029024397491469567,1
2027,0,297,age,0.09360705401177831,0.12294076383113861,0.0293337098193603,1
2027,0,297,poor_health,0.11782274158323876,0.1455342322587967,0.027711490675557934,1
2027,0,297,smoking,0.0,0.0,0.0,1
2027,0,297,bmi_risk,0.01464280419447489,0.020046517252922058,0.005403713058447168,1
2027,0,297,nonadherence,0.04906171563689435,0.056071147322654724,0.0070094316857603756,1
2027,0,297,claim_rate,0.0,0.0,0.0,1
2027,0,297,claim_severity,0.05965430782128539,0.049762532114982605,0.009891775706302786,1
2027,0,297,provider_complication,0.013069763181213667,0.0034368783235549927,0.009632884857658675,1
2027,0,297,coverage_gap,0.038934804402178474,0.05180060863494873,0.012865804232770256,1
2027,0,302,age,0.10242230468881611,0.09533317387104034,0.007089130817775763,1
2027,0,302,poor_health,0.1009106632940151,0.09598305821418762,0.0049276050798274795,1
2027,0,302,smoking,0.0,0.0,0.0,1
2027,0,302,bmi_risk,0.0621073735024569,0.06245119869709015,0.000343825194633246,1
2027,0,302,nonadherence,0.07421639928650989,0.0668061375617981,0.007410261724711792,1
2027,0,302,claim_rate,0.0462921457489775,0.05219200253486633,0.005899856785888835,1
2027,0,302,claim_severity,0.06872305102353266,0.04394972324371338,0.024773327779819276,1
2027,0,302,provider_complication,0.039365528151847906,0.009062707424163818,0.030302820727684088,1
2027,0,302,coverage_gap,0.009342409515436828,0.011517524719238281,0.002175115203801453,1
2027,0,313,age,0.022342500245489796,0.025432907044887543,0.0030904067993977463,1
2027,0,313,poor_health,0.004741606650779814,0.005056113004684448,0.0003145063539046339,1
2027,0,313,smoking,-1.3877787807814457e-17,0.0,1.3877787807814457e-17,1
2027,0,313,bmi_risk,0.0016757004974511658,0.0018156319856643677,0.0001399314882132019,1
2027,0,313,nonadherence,0.01709124902520507,0.015208996832370758,0.001882252192834312,1
2027,0,313,claim_rate,0.008141918952422916,0.009741097688674927,0.0015991787362520105,1
2027,0,313,claim_severity,0.012789030073484427,0.009947575628757477,0.00284145444472695,1
2027,0,313,provider_complication,0.009709981380514009,0.002910397946834564,0.0067995834336794445,1
2027,0,313,coverage_gap,0.018784081175880117,0.02238565683364868,0.0036015756577685645,1
2027,0,319,age,0.0,0.0,0.0,1
2027,0,319,poor_health,0.054537079820189654,0.05720160901546478,0.002664529195275128,1
2027,0,319,smoking,0.09688155667550795,0.10449851304292679,0.0076169563674188395,1
2027,0,319,bmi_risk,0.01594794360823809,0.015985146164894104,3.720255665601302e-05,1
2027,0,319,nonadherence,0.014866759035710553,0.015727117657661438,0.0008603586219508852,1
2027,0,319,claim_rate,0.051947471904430026,0.054996177554130554,0.0030487056497005283,1
2027,0,319,claim_severity,0.0829707458740993,0.06296652555465698,0.020004220319442323,1
2027,0,319,provider_complication,0.012176762167567079,0.0030077099800109863,0.009169052187556093,1
2027,0,319,coverage_gap,0.01571327005811335,0.01902197301387787,0.0033087029557645198,1
2027,0,322,age,0.08540238137473996,0.0724748894572258,0.012927491917514161,1
2027,0,322,poor_health,0.015578789995478626,0.013915523886680603,0.0016632661087980227,1
2027,0,322,smoking,0.08545821016160557,0.07830202579498291,0.007156184366622659,1
2027,0,322,bmi_risk,0.011230554012109623,0.008864298462867737,0.0023662555492418857,1
2027,0,322,nonadherence,0.02202475519076047,0.01921825110912323,0.00280650408163724,1
2027,0,322,claim_rate,0.0,0.0,0.0,1
2027,0,322,claim_severity,0.012183462673922507,0.006304800510406494,0.005878662163516013,1
2027,0,322,provider_complication,0.007868612487936494,0.0013300329446792603,0.0065385795432572336,1
2027,0,322,coverage_gap,0.011169671217177213,0.010057225823402405,0.001112445393774808,1
2027,0,328,age,0.1760497995472195,0.18742665648460388,0.011376856937384383,1
2027,0,328,poor_health,0.1340969525816853,0.15453138947486877,0.020434436893183472,1
2027,0,328,smoking,0.1962914835288863,0.20831316709518433,0.012021683566298014,1
2027,0,328,bmi_risk,0.04410568117986585,0.04472362995147705,0.0006179487716111987,1
2027,0,328,nonadherence,0.08678484385970525,0.0876721739768982,0.0008873301171929415,1
2027,0,328,claim_rate,0.06408467827683545,0.057658255100250244,0.006426423176585205,1
2027,0,328,claim_severity,0.1666388639551769,0.13958215713500977,0.027056706820167142,1
2027,0,328,provider_complication,0.013155928289249108,0.0028448104858398438,0.010311117803409264,1
2027,0,328,coverage_gap,0.03442978047806111,0.04623571038246155,0.011805929904400436,1
2027,0,338,age,0.02799017751613342,0.0322527214884758,0.004262543972342381,1
2027,0,338,poor_health,0.019998145030398193,0.022557668387889862,0.0025595233574916693,1
2027,0,338,smoking,0.06411749908914928,0.07562489062547684,0.011507391536327558,1
2027,0,338,bmi_risk,0.006433004626778122,0.006423234939575195,9.769687202926258e-06,1
2027,0,338,nonadherence,0.004400583087154117,0.0048210471868515015,0.00042046409969738463,1
2027,0,338,claim_rate,0.01291162541093098,0.014482676982879639,0.001571051571948659,1
2027,0,338,claim_severity,0.03799223099255229,0.029483020305633545,0.008509210686918747,1
2027,0,338,provider_complication,0.010365832358364621,0.0029833167791366577,0.007382515579227963,1
2027,0,338,coverage_gap,0.008299303163632005,0.010493651032447815,0.0021943478688158102,1
2027,0,347,age,0.06371469770794419,0.06149531900882721,0.0022193786991169806,1
2027,0,347,poor_health,0.1223182335521443,0.10907290875911713,0.013245324793027174,1
2027,0,347,smoking,2.7755575615628914e-17,0.0,2.7755575615628914e-17,1
2027,0,347,bmi_risk,0.008328226484906026,0.00823068618774414,9.75402971618855e-05,1
2027,0,347,nonadherence,0.04653822335532143,0.037986040115356445,0.008552183239964983,1
2027,0,347,claim_rate,0.022439030238468438,0.024434804916381836,0.001995774677913398,1
2027,0,347,claim_severity,0.08861381468887378,0.05726020038127899,0.031353614307594785,1
2027,0,347,provider_complication,0.04229895115954371,0.009893760085105896,0.03240519107443782,1
2027,0,347,coverage_gap,0.039220649288374154,0.03871630132198334,0.0005043479663908168,1
2027,0,352,age,0.03748410190016768,0.03157211095094681,0.005911990949220874,1
2027,0,352,poor_health,0.03524156953922468,0.02894023060798645,0.006301338931238229,1
2027,0,352,smoking,0.0,0.0,0.0,1
2027,0,352,bmi_risk,0.0022887326813025716,0.001987949013710022,0.0003007836675925496,1
2027,0,352,nonadherence,0.015037810025286313,0.010625086724758148,0.004412723300528165,1
2027,0,352,claim_rate,0.012741443291847773,0.011517979204654694,0.0012234640871930796,1
2027,0,352,claim_severity,0.024594251274120807,0.014627262949943542,0.009966988324177264,1
2027,0,352,provider_complication,0.019237691047366487,0.004216670989990234,0.015021020057376253,1
2027,0,352,coverage_gap,0.02829753264461579,0.026842527091503143,0.0014550055531126482,1
2027,0,366,age,0.1448664120947624,0.13535968214273453,0.009506729952027865,1
2027,0,366,poor_health,0.12992073602310547,0.12026719748973846,0.009653538533367007,1
2027,0,366,smoking,0.0,0.0,0.0,1
2027,0,366,bmi_risk,0.03292412648642995,0.029104411602020264,0.003819714884409686,1
2027,0,366,nonadherence,0.010796764038446816,0.00948779284954071,0.001308971188906105,1
2027,0,366,claim_rate,0.05042355707674384,0.04975767433643341,0.0006658827403104306,1
2027,0,366,claim_severity,0.09068060502613953,0.05481065809726715,0.03586994692887238,1
2027,0,366,provider_complication,0.023080721144182303,0.005066603422164917,0.018014117722017386,1
2027,0,366,coverage_gap,0.049100689197863284,0.04370172321796417,0.005398965979899112,1
2027,0,371,age,0.06391167516975087,0.052218735218048096,0.011692939951702772,1
2027,0,371,poor_health,0.020899080998599412,0.017241433262825012,0.0036576477357743997,1
2027,0,371,smoking,0.0,0.0,0.0,1
2027,0,371,bmi_risk,0.03973325639731738,0.03399777412414551,0.005735482273171874,1
2027,0,371,nonadherence,0.009812439022889086,0.0064598023891448975,0.003352636633744188,1
2027,0,371,claim_rate,0.0,0.0,0.0,1
2027,0,371,claim_severity,0.01778076448943966,0.00924837589263916,0.0085323885968005,1
2027,0,371,provider_complication,0.04183133655673864,0.0072782039642333984,0.03455313259250524,1
2027,0,371,coverage_gap,0.03781987484618843,0.03332861512899399,0.00449125971719444,1
2027,0,372,age,0.07624317011794918,0.06180724501609802,0.014435925101851155,1
2027,0,372,poor_health,0.06763697784466528,0.05672897398471832,0.01090800385994696,1
2027,0,372,smoking,0.0,0.0,0.0,1
2027,0,372,bmi_risk,0.018232485229292023,0.015366435050964355,0.002866050178327667,1
2027,0,372,nonadherence,0.015066913962875295,0.009876623749732971,0.005190290213142323,1
2027,0,372,claim_rate,0.0,0.0,0.0,1
2027,0,372,claim_severity,0.06200691087410712,0.03342010825872421,0.028586802615382906,1
2027,0,372,provider_complication,0.02052113271906525,0.0034014731645584106,0.01711965955450684,1
2027,0,372,coverage_gap,0.03863793108643407,0.033174291253089905,0.005463639833344164,1
2027,0,376,age,0.039446328413720644,0.03892166167497635,0.0005246667387442949,1
2027,0,376,poor_health,0.0583472342643884,0.05749792605638504,0.0008493082080033576,1
2027,0,376,smoking,0.0,0.0,0.0,1
2027,0,376,bmi_risk,0.026468904039703645,0.027379296720027924,0.000910392680324279,1
2027,0,376,nonadherence,0.02118142407744006,0.0174286887049675,0.00375273537247256,1
2027,0,376,claim_rate,0.0,0.0,0.0,1
2027,0,376,claim_severity,0.013189100673733495,0.009010903537273407,0.004178197136460088,1
2027,0,376,provider_complication,0.026293154834746243,0.006754294037818909,0.019538860796927335,1
2027,0,376,coverage_gap,0.02418458700171297,0.025583401322364807,0.0013988143206518366,1
2027,0,377,age,0.05659230594511172,0.04890239238739014,0.007689913557721584,1
2027,0,377,poor_health,0.2132674771118822,0.22792178392410278,0.014654306812220574,1
2027,0,377,smoking,0.18931217043580834,0.19862070679664612,0.009308536360837782,1
2027,0,377,bmi_risk,0.10130573858989439,0.0744037926197052,0.02690194597018919,1
2027,0,377,nonadherence,0.02599628298830059,0.025160670280456543,0.0008356127078440467,1
2027,0,377,claim_rate,0.06287137660497116,0.039359986782073975,0.02351138982289719,1
2027,0,377,claim_severity,0.18996625210299706,0.15057963132858276,0.039386620774414294,1
2027,0,377,provider_complication,0.022218147879807304,0.004922717809677124,0.01729543007013018,1
2027,0,377,coverage_gap,0.05672578592326166,0.06717610359191895,0.010450317668657283,1
2027,0,378,age,0.15711185181567477,0.16679027676582336,0.00967842495014859,1
2027,0,378,poor_health,0.060344333137261896,0.06034937500953674,5.04187227484687e-06,1
2027,0,378,smoking,0.18436442680302195,0.18905606865882874,0.004691641855806783,1
2027,0,378,bmi_risk,0.14600199122755086,0.1571252942085266,0.011123302980975747,1
2027,0,378,nonadherence,0.05372166488103974,0.0684119462966919,0.014690281415652151,1
2027,0,378,claim_rate,0.03136603153438394,0.03004246950149536,0.001323562032888581,1
2027,0,378,claim_severity,0.1155639689757752,0.09585773944854736,0.019706229527227836,1
2027,0,378,provider_complication,0.024988815509054296,0.006043881177902222,0.018944934331152075,1
2027,0,378,coverage_gap,0.07514937916241055,0.1016177237033844,0.026468344540973854,1
2027,0,379,age,0.07073192064149098,0.08053844422101974,0.00980652357952877,1
2027,0,379,poor_health,0.041295864255396664,0.0458216667175293,0.004525802462132633,1
2027,0,379,smoking,-2.7755575615628914e-17,0.0,2.7755575615628914e-17,1
2027,0,379,bmi_risk,0.038983393195621024,0.047497063875198364,0.00851367067957734,1
2027,0,379,nonadherence,0.02397100218391815,0.02312399446964264,0.0008470077142755106,1
2027,0,379,claim_rate,0.033850132097388824,0.041254982352256775,0.007404850254867951,1
2027,0,379,claim_severity,0.058060722222115405,0.0459563285112381,0.012104393710877306,1
2027,0,379,provider_complication,0.026796196875450762,0.0069711655378341675,0.019825031337616594,1
2027,0,379,coverage_gap,0.033248380817770984,0.04281364381313324,0.009565262995362256,1
2027,0,384,age,0.05145377973374665,0.06761017814278603,0.016156398409039374,1
2027,0,384,poor_health,0.011078720417377397,0.013350225985050201,0.0022715055676728046,1
2027,0,384,smoking,-1.3877787807814457e-17,0.0,1.3877787807814457e-17,1
2027,0,384,bmi_risk,0.022966970066898004,0.030414976179599762,0.007448006112701758,1
2027,0,384,nonadherence,0.023994672861827118,0.026754125952720642,0.002759453090893524,1
2027,0,384,claim_rate,-1.3877787807814457e-17,0.0,1.3877787807814457e-17,1
2027,0,384,claim_severity,0.003728657587924636,0.003286510705947876,0.0004421468819767599,1
2027,0,384,provider_complication,0.012190860500518264,0.003945097327232361,0.008245763173285903,1
2027,0,384,coverage_gap,0.005047286466033807,0.0066175684332847595,0.0015702819672509527,1
2027,0,393,age,0.03633101767996738,0.04462119936943054,0.00829018168946316,1
2027,0,393,poor_health,0.04534888578039558,0.05589011311531067,0.010541227334915089,1
2027,0,393,smoking,-2.7755575615628914e-17,0.0,2.7755575615628914e-17,1
2027,0,393,bmi_risk,0.0019385178499869427,0.0024483054876327515,0.0005097876376458088,1
2027,0,393,nonadherence,0.00847284441485964,0.008558139204978943,8.529479011930297e-05,1
2027,0,393,claim_rate,0.010646680911365822,0.014167562127113342,0.0035208812157475206,1
2027,0,393,claim_severity,0.01968219111335251,0.016314774751663208,0.0033674163616893016,1
2027,0,393,provider_complication,0.004230514861603293,0.0013079792261123657,0.0029225356354909277,1
2027,0,393,coverage_gap,0.020051180196092283,0.027221791446208954,0.007170611250116671,1
2027,0,407,age,0.0,0.0,0.0,1
2027,0,407,poor_health,0.04760402272554837,0.0579974502325058,0.010393427506957431,1
2027,0,407,smoking,0.0,0.0,0.0,1
2027,0,407,bmi_risk,0.021408832315283247,0.027109295129776,0.005700462814492754,1
2027,0,407,nonadherence,0.020966785355555878,0.0209902822971344,2.3496941578521335e-05,1
2027,0,407,claim_rate,0.0,0.0,0.0,1
2027,0,407,claim_severity,0.012644908175468456,0.00911819189786911,0.0035267162775993455,1
2027,0,407,provider_complication,0.004561849512202426,0.0009267255663871765,0.0036351239458152496,1
2027,0,407,coverage_gap,0.02921981060653915,0.03673543035984039,0.007515619753301242,1
2027,0,408,age,0.0018006636130862008,0.0014149323105812073,0.00038573130250499355,1
2027,0,408,poor_health,0.05251886819924744,0.04221032187342644,0.010308546325821004,1
2027,0,408,smoking,2.7755575615628914e-17,0.0,2.7755575615628914e-17,1
2027,0,408,bmi_risk,0.02498787411706399,0.02149556577205658,0.003492308345007411,1
2027,0,408,nonadherence,0.00603992246434451,0.004050105810165405,0.001989816654179105,1
2027,0,408,claim_rate,2.7755575615628914e-17,0.0,2.7755575615628914e-17,1
2027,0,408,claim_severity,0.022927639965610286,0.012149021029472351,0.010778618936137935,1
2027,0,408,provider_complication,0.015581096834678565,0.0021662339568138123,0.013414862877864753,1
2027,0,408,coverage_gap,0.01789040581031902,0.014502525329589844,0.0033878804807291746,1
2027,0,412,age,0.18815921676780123,0.18201622366905212,0.0061429930987491055,1
2027,0,412,poor_health,0.1245918169789626,0.13113033771514893,0.006538520736186326,1
2027,0,412,smoking,0.20721072667190138,0.21686199307441711,0.009651266402515735,1
2027,0,412,bmi_risk,0.07134431537475472,0.051062583923339844,0.020281731451414875,1
2027,0,412,nonadherence,0.05444070128521533,0.059032827615737915,0.0045921263305225835,1
2027,0,412,claim_rate,0.06478602097319591,0.05805426836013794,0.006731752613057973,1
2027,0,412,claim_severity,0.16105916399052606,0.12829118967056274,0.03276797431996331,1
2027,0,412,provider_complication,0.08759338705817427,0.01507413387298584,0.07251925318518843,1
2027,0,412,coverage_gap,0.07734612203077218,0.1089521050453186,0.031605983014546424,1
2027,0,419,age,0.06203643073524427,0.06843862682580948,0.006402196090565207,1
2027,0,419,poor_health,0.016537095985484335,0.01710854470729828,0.0005714487218139441,1
2027,0,419,smoking,-2.7755575615628914e-17,0.0,2.7755575615628914e-17,1
2027,0,419,bmi_risk,0.05325770169186579,0.06257828325033188,0.009320581558466087,1
2027,0,419,nonadherence,0.04313113394218887,0.03933195769786835,0.0037991762443205235,1
2027,0,419,claim_rate,-2.7755575615628914e-17,0.0,2.7755575615628914e-17,1
2027,0,419,claim_severity,0.015117936514473657,0.010438486933708191,0.004679449580765466,1
2027,0,419,provider_complication,0.014925750199981158,0.0031578540802001953,0.011767896119780963,1
2027,0,419,coverage_gap,0.071779244337115,0.0787474662065506,0.0069682218694356035,1
2027,0,428,age,0.06381269934958517,0.059342168271541595,0.004470531078043571,1
2027,0,428,poor_health,0.051979520593948156,0.04934214800596237,0.002637372587985784,1
2027,0,428,smoking,0.0,0.0,0.0,1
2027,0,428,bmi_risk,0.01080158949803571,0.010989278554916382,0.0001876890568806716,1
2027,0,428,nonadherence,0.030571297692957813,0.02496858686208725,0.005602710830870564,1
2027,0,428,claim_rate,0.0,0.0,0.0,1
2027,0,428,claim_severity,0.02314370037458592,0.01375182718038559,0.009391873194200331,1
2027,0,428,provider_complication,0.017292709155855873,0.004252627491950989,0.013040081663904884,1
2027,0,428,coverage_gap,0.009110819036757645,0.009438946843147278,0.0003281278063896331,1
2027,0,429,age,0.02752873941196024,0.030956976115703583,0.0034282367037433426,1
2027,0,429,poor_health,0.02007053779137015,0.023239202797412872,0.003168665006042723,1
2027,0,429,smoking,-2.7755575615628914e-17,0.0,2.7755575615628914e-17,1
2027,0,429,bmi_risk,0.03165601673810188,0.03929314762353897,0.007637130885437091,1
2027,0,429,nonadherence,0.005248349625068954,0.005276188254356384,2.7838629287429972e-05,1
2027,0,429,claim_rate,0.02829916997880577,0.03613702952861786,0.007837859549812087,1
2027,0,429,claim_severity,0.009442892760096966,0.006661012768745422,0.0027818799913515435,1
2027,0,429,provider_complication,0.0046203032840995,0.000997014343738556,0.003623288940360944,1
2027,0,429,coverage_gap,0.011818366122689022,0.014807246625423431,0.002988880502734409,1
2027,0,439,age,0.05865596459523664,0.05934213101863861,0.0006861664234019682,1
2027,0,439,poor_health,0.07927243928534199,0.08008448779582977,0.0008120485104877867,1
2027,0,439,smoking,2.7755575615628914e-17,0.0,2.7755575615628914e-17,1
2027,0,439,bmi_risk,0.02051103398782611,0.022524669766426086,0.002013635778599976,1
2027,0,439,nonadherence,0.04286388055251411,0.03744116425514221,0.005422716297371899,1
2027,0,439,claim_rate,0.03586992304489181,0.04163035750389099,0.005760434458999181,1
2027,0,439,claim_severity,0.07240908727320236,0.05148796737194061,0.020921119901261748,1
2027,0,439,provider_complication,0.007387199742241279,0.001864507794380188,0.005522691947861091,1
2027,0,439,coverage_gap,0.025756794411812584,0.028208673000335693,0.00245187858852311,1
2027,0,448,age,-1.3877787807814457e-17,0.0,1.3877787807814457e-17,1
2027,0,448,poor_health,0.03690181591772254,0.042618997395038605,0.005717181477316063,1
2027,0,448,smoking,-1.3877787807814457e-17,0.0,1.3877787807814457e-17,1
2027,0,448,bmi_risk,0.056975067224660766,0.06918271631002426,0.012207649085363495,1
2027,0,448,nonadherence,0.038227188908639784,0.037529632449150085,0.0006975564594896982,1
2027,0,448,claim_rate,0.02554687172671212,0.03428959846496582,0.0087427267382537,1
2027,0,448,claim_severity,0.027664972784000902,0.02061842381954193,0.007046548964458971,1
2027,0,448,provider_complication,0.005904797676525117,0.001322329044342041,0.004582468632183076,1
2027,0,448,coverage_gap,0.020633272412334466,0.0265234112739563,0.0058901388616218325,1
2027,0,449,age,0.0014661071211075072,0.0015659034252166748,9.979630410916762e-05,1
2027,0,449,poor_health,0.03473966736790976,0.03681173920631409,0.002072071838404327,1
2027,0,449,smoking,1.3877787807814457e-17,0.0,1.3877787807814457e-17,1
2027,0,449,bmi_risk,0.021016654640952648,0.023307956755161285,0.0022913021142086376,1
2027,0,449,nonadherence,0.02613607416013007,0.023176513612270355,0.002959560547859716,1
2027,0,449,claim_rate,1.3877787807814457e-17,0.0,1.3877787807814457e-17,1
2027,0,449,claim_severity,0.013404388988970381,0.009009793400764465,0.004394595588205916,1
2027,0,449,provider_complication,0.0057251681656369235,0.0010124221444129944,0.004712746021223929,1
2027,0,449,coverage_gap,0.019573094788124384,0.021432258188724518,0.0018591634006001334,1
2027,0,459,age,0.028536743739080828,0.0255400612950325,0.0029966824440483264,1
2027,0,459,poor_health,0.020209812072951763,0.01796339452266693,0.002246417550284832,1
2027,0,459,smoking,-1.3877787807814457e-17,0.0,1.3877787807814457e-17,1
2027,0,459,bmi_risk,0.016455606847825988,0.015556074678897858,0.0008995321689281299,1
2027,0,459,nonadherence,0.030478066933599474,0.023748479783535004,0.00672958715006447,1
2027,0,459,claim_rate,0.010897412814424717,0.010733060538768768,0.000164352275655949,1
2027,0,459,claim_severity,0.02098698401828414,0.012078158557415009,0.00890882546086913,1
2027,0,459,provider_complication,0.013560143676877398,0.00206901878118515,0.011491124895692248,1
2027,0,459,coverage_gap,0.0036006056452180246,0.0033885538578033447,0.0002120517874146799,1
2027,0,462,age,0.0,0.0,0.0,1
2027,0,462,poor_health,0.030126158862729943,0.023197844624519348,0.006928314238210595,1
2027,0,462,smoking,0.0,0.0,0.0,1
2027,0,462,bmi_risk,0.04392800499512313,0.03513951227068901,0.008788492724434119,1
2027,0,462,nonadherence,0.025767364760857808,0.01694474369287491,0.0088226210679829,1
2027,0,462,claim_rate,0.013326012960170747,0.011297345161437988,0.0020286677987327584,1
2027,0,462,claim_severity,0.02276785538220802,0.012110203504562378,0.01065765187764564,1
2027,0,462,provider_complication,0.03311131502940791,0.006215736269950867,0.026895578759457042,1
2027,0,462,coverage_gap,0.017028065966623082,0.01453523337841034,0.002492832588212743,1
2027,0,468,age,0.046623630581968806,0.04122377932071686,0.005399851261251948,1
2027,0,468,poor_health,0.0821608359180386,0.07254867255687714,0.009612163361161469,1
2027,0,468,smoking,-2.7755575615628914e-17,0.0,2.7755575615628914e-17,1
2027,0,468,bmi_risk,0.031259618488903046,0.02754516899585724,0.003714449493045807,1
2027,0,468,nonadherence,0.028153596863846997,0.020438402891159058,0.007715193972687939,1
2027,0,468,claim_rate,0.03634437927781539,0.03655405342578888,0.0002096741479734876,1
2027,0,468,claim_severity,0.057021886524668774,0.03166981041431427,0.025352076110354504,1
2027,0,468,provider_complication,0.022180377884837704,0.003917261958122253,0.01826311592671545,1
2027,0,468,coverage_gap,0.030958793594096146,0.029771268367767334,0.0011875252263288116,1
2027,0,474,age,0.04141254124846407,0.04428919777274132,0.002876656524277245,1
2027,0,474,poor_health,0.00938886047415001,0.009970083832740784,0.0005812233585907739,1
2027,0,474,smoking,1.3877787807814457e-17,0.0,1.3877787807814457e-17,1
2027,0,474,bmi_risk,0.02217215701032932,0.02386040985584259,0.0016882528455132717,1
2027,0,474,nonadherence,0.02433414808311446,0.021783843636512756,0.0025503044466017033,1
2027,0,474,claim_rate,1.3877787807814457e-17,0.0,1.3877787807814457e-17,1
2027,0,474,claim_severity,1.3877787807814457e-17,0.0,1.3877787807814457e-17,1
2027,0,474,provider_complication,0.00932539643626848,0.001705847680568695,0.007619548755699784,1
2027,0,474,coverage_gap,0.02142199402502168,0.02385740727186203,0.002435413246840351,1
2027,0,477,age,0.11131658654146415,0.07974565029144287,0.031570936250021275,1
2027,0,477,poor_health,0.09288527691105847,0.07607610523700714,0.016809171674051326,1
2027,0,477,smoking,0.1740892191687703,0.1301926076412201,0.0438966115275502,1
2027,0,477,bmi_risk,0.05782290942612561,0.02699565887451172,0.030827250551613894,1
2027,0,477,nonadherence,0.015116301202384386,0.013321876525878906,0.0017944246765054794,1
2027,0,477,claim_rate,0.13881696207435326,0.10595114529132843,0.03286581678302483,1
2027,0,477,claim_severity,0.1538948593450003,0.10265152156352997,0.05124333778147033,1
2027,0,477,provider_complication,0.040557691842231236,0.007104218006134033,0.0334534738360972,1
2027,0,477,coverage_gap,0.005581937404435744,0.007262855768203735,0.0016809183637679914,1
2027,0,478,age,0.05144367510208871,0.05177986994385719,0.00033619484176848624,1
2027,0,478,poor_health,0.011297439806346121,0.010952793061733246,0.00034464674461287537,1
2027,0,478,smoking,-1.3877787807814457e-17,0.0,1.3877787807814457e-17,1
2027,0,478,bmi_risk,0.03598291227785454,0.03612280637025833,0.00013989409240379447,1
2027,0,478,nonadherence,0.030159219020710767,0.025446943938732147,0.00471227508197862,1
2027,0,478,claim_rate,0.012191275034235144,0.012590385973453522,0.0003991109392183778,1
2027,0,478,claim_severity,-1.3877787807814457e-17,0.0,1.3877787807814457e-17,1
2027,0,478,provider_complication,0.0231695109314283,0.004215314984321594,0.018954195947106706,1
2027,0,478,coverage_gap,0.008550859029579555,0.00874464213848114,0.00019378310890158512,1
2027,0,480,age,0.0288541530354412,0.023861274123191833,0.0049928789122493655,1
2027,0,480,poor_health,0.10374181375639632,0.08455031365156174,0.019191500104834586,1
2027,0,480,smoking,0.0,0.0,0.0,1
2027,0,480,bmi_risk,0.0034984981575377216,0.0029112547636032104,0.0005872433939345112,1
2027,0,480,nonadherence,0.05471706405009494,0.03701642155647278,0.01770064249362216,1
2027,0,480,claim_rate,0.020065023116199343,0.018738210201263428,0.0013268129149359154,1
2027,0,480,claim_severity,0.08437539092103111,0.04899308830499649,0.03538230261603462,1
2027,0,480,provider_complication,0.008781409939526863,0.0019246786832809448,0.006856731256245918,1
2027,0,480,coverage_gap,0.038104620503420894,0.03472048044204712,0.003384140061373775,1
2027,0,482,age,0.06439283857187322,0.06302833557128906,0.0013645030005841607,1
2027,0,482,poor_health,0.03436445063238305,0.03453914821147919,0.0001746975790961336,1
2027,0,482,smoking,-1.3877787807814457e-17,0.0,1.3877787807814457e-17,1
2027,0,482,bmi_risk,0.02271204033120533,0.023261241614818573,0.0005492012836132432,1
2027,0,482,nonadherence,0.022214456062622123,0.018917441368103027,0.003297014694519096,1
2027,0,482,claim_rate,0.013181855052833064,0.014636635780334473,0.001454780727501409,1
2027,0,482,claim_severity,0.022570998635095638,0.014010995626449585,0.008560003008646053,1
2027,0,482,provider_complication,0.007838544535467493,0.001971989870071411,0.0058665546653960815,1
2027,0,482,coverage_gap,0.008652733927972042,0.00958462804555893,0.0009318941175868872,1
2027,0,484,age,0.026486305405470555,0.026296455413103104,0.00018984999236745098,1
2027,0,484,poor_health,0.01281586815864142,0.012514375150203705,0.0003014930084377157,1
2027,0,484,smoking,1.3877787807814457e-17,0.0,1.3877787807814457e-17,1
2027,0,484,bmi_risk,0.009566762124783218,0.009736202657222748,0.00016944053243952983,1
2027,0,484,nonadherence,0.017975698408478014,0.014683015644550323,0.00329268276392769,1
2027,0,484,claim_rate,1.3877787807814457e-17,0.0,1.3877787807814457e-17,1
2027,0,484,claim_severity,1.3877787807814457e-17,0.0,1.3877787807814457e-17,1
2027,0,484,provider_complication,0.006585091309840682,0.0011529624462127686,0.005432128863627914,1
2027,0,484,coverage_gap,0.015079244431911262,0.01596108078956604,0.0008818363576547777,1
2027,0,492,age,0.17499064042409807,0.16234290599822998,0.012647734425868085,1
2027,0,492,poor_health,0.08978374482159535,0.08934271335601807,0.00044103146557727957,1
2027,0,492,smoking,0.18951845392959515,0.18812844157218933,0.0013900123574058232,1
2027,0,492,bmi_risk,0.07097964660300904,0.06454634666442871,0.006433299938580328,1
2027,0,492,nonadherence,0.07606954385272224,0.08439242839813232,0.00832288454541008,1
2027,0,492,claim_rate,0.0,0.0,0.0,1
2027,0,492,claim_severity,0.12347175889298823,0.09229153394699097,0.03118022494599726,1
2027,0,492,provider_complication,0.06289375574939943,0.01078653335571289,0.052107222393686536,1
2027,0,492,coverage_gap,0.05932852974354624,0.07577043771743774,0.0164419079738915,1
2027,0,507,age,0.051255297987412046,0.05347679555416107,0.0022214975667490255,1
2027,0,507,poor_health,0.04775716086794679,0.05367909371852875,0.005921932850581957,1
2027,0,507,smoking,0.09580615056102364,0.11105159670114517,0.015245446140121535,1
2027,0,507,bmi_risk,0.025519729110793005,0.03129437565803528,0.005774646547242274,1
2027,0,507,nonadherence,0.03996598701077109,0.047933876514434814,0.007967889503663728,1
2027,0,507,claim_rate,0.0,0.0,0.0,1
2027,0,507,claim_severity,0.03989539481642923,0.028198912739753723,0.011696482076675507,1
2027,0,507,provider_complication,0.02232937871009788,0.004848122596740723,0.017481256113357158,1
2027,0,507,coverage_gap,0.022431733234938273,0.026661410927772522,0.0042296776928342494,1
2027,0,511,age,0.07313438833644559,0.06069141626358032,0.012442972072865266,1
2027,0,511,poor_health,0.19118555693845657,0.17427676916122437,0.016908787777232204,1
2027,0,511,smoking,0.20552708955070187,0.18321341276168823,0.022313676789013637,1
2027,0,511,bmi_risk,0.12256302318471135,0.06516462564468384,0.05739839754002751,1
2027,0,511,nonadherence,0.11526789883093758,0.09666535258293152,0.018602546248006058,1
2027,0,511,claim_rate,0.1555958197950018,0.09773004055023193,0.05786577924476988,1
2027,0,511,claim_severity,0.20313399413755923,0.14357814192771912,0.05955585220984011,1
2027,0,511,provider_complication,0.05007748013792124,0.009443998336791992,0.040633481801129245,1
2027,0,511,coverage_gap,0.03491476617484557,0.04209202527999878,0.007177259105153211,1
2027,0,512,age,0.01201136555601301,0.011353887617588043,0.0006574779384249663,1
2027,0,512,poor_health,0.052551632660933933,0.04837352782487869,0.004178104836055241,1
2027,0,512,smoking,0.0,0.0,0.0,1
2027,0,512,bmi_risk,0.04882184004892283,0.046314217150211334,0.002507622898711495,1
2027,0,512,nonadherence,0.032266368381171764,0.02554355561733246,0.006722812763839306,1
2027,0,512,claim_rate,0.015027481241917079,0.015791617333889008,0.0007641360919719287,1
2027,0,512,claim_severity,0.03685862816835543,0.023580655455589294,0.013277972712766137,1
2027,0,512,provider_complication,0.006279565493731959,0.0013669729232788086,0.00491259257045315,1
2027,0,512,coverage_gap,0.0262489717842352,0.026455529034137726,0.00020655724990252533,1
2027,0,519,age,0.05106946019525983,0.046131350100040436,0.004938110095219397,1
2027,0,519,poor_health,0.03319269097376712,0.03013703227043152,0.003055658703335601,1
2027,0,519,smoking,0.0,0.0,0.0,1
2027,0,519,bmi_risk,0.03798154578090139,0.03616669774055481,0.001814848040346581,1
2027,0,519,nonadherence,0.016377547512763324,0.012304000556468964,0.0040735469562943605,1
2027,0,519,claim_rate,0.01420558510397367,0.01434352993965149,0.00013794483567781957,1
2027,0,519,claim_severity,0.024340558146088584,0.014763668179512024,0.00957688996657656,1
2027,0,519,provider_complication,0.027916333788902542,0.006127253174781799,0.021789080614120743,1
2027,0,519,coverage_gap,0.017184939742370772,0.016969099640846252,0.00021584010152451982,1
2027,0,525,age,0.0290369492094662,0.031756557524204254,0.0027196083147380534,1
2027,0,525,poor_health,0.03986594618488113,0.043256960809230804,0.003391014624349674,1
2027,0,525,smoking,2.7755575615628914e-17,0.0,2.7755575615628914e-17,1
2027,0,525,bmi_risk,0.029342638316790987,0.0323336124420166,0.002990974125225615,1
2027,0,525,nonadherence,0.017954407123465743,0.01690726727247238,0.0010471398509933616,1
2027,0,525,claim_rate,2.7755575615628914e-17,0.0,2.7755575615628914e-17,1
2027,0,525,claim_severity,0.01879864731588092,0.012718915939331055,0.006079731376549866,1
2027,0,525,provider_complication,0.0019117243090282787,0.00034962594509124756,0.0015620983639370312,1
2027,0,525,coverage_gap,0.017529719015367998,0.02051825076341629,0.0029885317480482926,1
2027,0,531,age,0.06765848424650395,0.06753307580947876,0.00012540843702518734,1
2027,0,531,poor_health,0.22943775976707603,0.24643093347549438,0.016993173708418352,1
2027,0,531,smoking,0.2057925552047059,0.23829922080039978,0.03250666559569387,1
2027,0,531,bmi_risk,0.024707264283965746,0.0178338885307312,0.006873375753234545,1
2027,0,531,nonadherence,0.07750064283311436,0.06674158573150635,0.010759057101608016,1
2027,0,531,claim_rate,0.09715670541714799,0.08568611741065979,0.011470588006488203,1
2027,0,531,claim_severity,0.1812826080334199,0.13350486755371094,0.04777774047970895,1
2027,0,531,provider_complication,0.03006362445095312,0.006334066390991211,0.023729558059961908,1
2027,0,531,coverage_gap,0.10518951397726095,0.1369973123073578,0.03180779833009684,1
2027,0,534,age,0.05870298516269583,0.07479175925254822,0.01608877408985239,1
2027,0,534,poor_health,0.045255059165575484,0.05927543342113495,0.014020374255559465,1
2027,0,534,smoking,1.3877787807814457e-17,0.0,1.3877787807814457e-17,1
2027,0,534,bmi_risk,0.021937711980748523,0.029235005378723145,0.007297293397974622,1
2027,0,534,nonadherence,0.010026795000699931,0.011322975158691406,0.001296180157991475,1
2027,0,534,claim_rate,0.025420941858294924,0.0367305725812912,0.011309630722996275,1
2027,0,534,claim_severity,0.018249873779771483,0.01594613492488861,0.0023037388548828724,1
2027,0,534,provider_complication,0.0022877490411226525,0.0006815493106842041,0.0016061997304384484,1
2027,0,534,coverage_gap,0.03376147657510191,0.0455789715051651,0.011817494930063191,1
2027,0,537,age,0.04365559241324034,0.05875477194786072,0.01509917953462038,1
2027,0,537,poor_health,0.020479010193735464,0.02709808200597763,0.0066190718122421666,1
2027,0,537,smoking,-1.3877787807814457e-17,0.0,1.3877787807814457e-17,1
2027,0,537,bmi_risk,0.018197819708959062,0.025562256574630737,0.007364436865671675,1
2027,0,537,nonadherence,0.006714499806905874,0.007187403738498688,0.0004729039315928135,1
2027,0,537,claim_rate,-1.3877787807814457e-17,0.0,1.3877787807814457e-17,1
2027,0,537,claim_severity,-1.3877787807814457e-17,0.0,1.3877787807814457e-17,1
2027,0,537,provider_complication,0.003649637883256132,0.0008580982685089111,0.002791539614747221,1
2027,0,537,coverage_gap,0.00571732194189889,0.008137807250022888,0.0024204853081239985,1
2027,0,544,age,0.051529899942473055,0.05246727168560028,0.0009373717431272258,1
2027,0,544,poor_health,0.0347033614817632,0.035427115857601166,0.000723754375837965,1
2027,0,544,smoking,1.3877787807814457e-17,0.0,1.3877787807814457e-17,1
2027,0,544,bmi_risk,0.021136522101509833,0.02272256463766098,0.001586042536151147,1
2027,0,544,nonadherence,0.012284417262393224,0.010246239602565765,0.0020381776598274587,1
2027,0,544,claim_rate,1.3877787807814457e-17,0.0,1.3877787807814457e-17,1
2027,0,544,claim_severity,0.018416166081298965,0.01174096018075943,0.006675205900539535,1
2027,0,544,provider_complication,0.005605456632027148,0.0009624212980270386,0.004643035334000109,1
2027,0,544,coverage_gap,0.021075056115500937,0.022731579840183258,0.0016565237246823211,1
2027,0,548,age,0.09759173873541116,0.12584659457206726,0.0282548558366561,1
2027,0,548,poor_health,0.18335781262731288,0.2322073131799698,0.04884950055265691,1
2027,0,548,smoking,0.1845838260610669,0.23757198452949524,0.05298815846842833,1
2027,0,548,bmi_risk,0.08052043032468326,0.0883447527885437,0.007824322463860445,1
2027,0,548,nonadherence,0.048581833407449704,0.0668211579322815,0.01823932452483179,1
2027,0,548,claim_rate,-5.551115123125783e-17,0.0,5.551115123125783e-17,1
2027,0,548,claim_severity,0.1653402363223273,0.1601094901561737,0.005230746166153599,1
2027,0,548,provider_complication,0.025827094924383898,0.005944997072219849,0.01988209785216405,1
2027,0,548,coverage_gap,0.06983837544571353,0.1073170006275177,0.03747862518180417,1
2027,0,549,age,0.04823408921147122,0.04529396444559097,0.0029401247658802504,1
2027,0,549,poor_health,0.06264467565239822,0.06159569323062897,0.0010489824217692484,1
2027,0,549,smoking,2.7755575615628914e-17,0.0,2.7755575615628914e-17,1
2027,0,549,bmi_risk,0.03414965425386318,0.03588078171014786,0.0017311274562846757,1
2027,0,549,nonadherence,0.04454659312378233,0.03742413967847824,0.007122453445304086,1
2027,0,549,claim_rate,0.0160495208825088,0.019113659858703613,0.0030641389761948135,1
2027,0,549,claim_severity,0.026653885678418143,0.01610533893108368,0.010548546747334464,1
2027,0,549,provider_complication,0.012425326932415603,0.0021058619022369385,0.010319465030178665,1
2027,0,549,coverage_gap,0.023396047189026853,0.023552149534225464,0.000156102345198611,1
2027,0,580,age,0.08387923525237724,0.07110002636909485,0.012779208883282392,1
2027,0,580,poor_health,0.0452664497627247,0.037229299545288086,0.008037150217436617,1
2027,0,580,smoking,0.0,0.0,0.0,1
2027,0,580,bmi_risk,0.019328694366985005,0.016806982457637787,0.0025217119093472184,1
2027,0,580,nonadherence,0.025324508950960722,0.01815270632505417,0.007171802625906554,1
2027,0,580,claim_rate,0.0,0.0,0.0,1
2027,0,580,claim_severity,0.02986107964063428,0.01786591112613678,0.0119951685144975,1
2027,0,580,provider_complication,0.029414536768222727,0.006370373070240021,0.023044163697982706,1
2027,0,580,coverage_gap,0.017125082000387676,0.01538008451461792,0.0017449974857697559,1
2027,0,582,age,0.023251512657077852,0.02222117781639099,0.0010303348406868612,1
2027,0,582,poor_health,0.025654484314892534,0.02399706095457077,0.0016574233603217636,1
2027,0,582,smoking,-2.7755575615628914e-17,0.0,2.7755575615628914e-17,1
2027,0,582,bmi_risk,0.014355537142350772,0.013558745384216309,0.000796791758134463,1
2027,0,582,nonadherence,0.01494770992922935,0.011175721883773804,0.003771988045455546,1
2027,0,582,claim_rate,0.011163786500369935,0.011457093060016632,0.00029330655964669716,1
2027,0,582,claim_severity,0.037522972803551685,0.025127962231636047,0.012395010571915638,1
2027,0,582,provider_complication,0.013039379755482736,0.0030604228377342224,0.009978956917748513,1
2027,0,582,coverage_gap,0.009560315179875004,0.010437026619911194,0.0008767114400361903,1
2027,0,586,age,0.2589950066312545,0.19884651899337769,0.060148487637876835,1
2027,0,586,poor_health,0.1547858551281377,0.1254100799560547,0.029375775172083007,1
2027,0,586,smoking,0.18459577248455317,0.1666104793548584,0.017985293129694768,1
2027,0,586,bmi_risk,0.08527419646363565,0.045131683349609375,0.04014251311402628,1
2027,0,586,nonadherence,0.07436157309692071,0.06066840887069702,0.013693164226223686,1
2027,0,586,claim_rate,0.13665161376751633,0.08085370063781738,0.05579791312969895,1
2027,0,586,claim_severity,0.18885910716748344,0.13357162475585938,0.05528748241162407,1
2027,0,586,provider_complication,0.007745231399965968,0.001726686954498291,0.006018544445467677,1
2027,0,586,coverage_gap,0.03976319324098265,0.05434906482696533,0.01458587158598268,1
2027,0,587,age,0.0077134425374024845,0.007284052670001984,0.0004293898674005009,1
2027,0,587,poor_health,0.019338879697681256,0.018099047243595123,0.001239832454086133,1
2027,0,587,smoking,1.3877787807814457e-17,0.0,1.3877787807814457e-17,1
2027,0,587,bmi_risk,0.020215737458839755,0.01976289600133896,0.00045284145750079663,1
2027,0,587,nonadherence,0.009632641970631614,0.0076132118701934814,0.0020194301004381326,1
2027,0,587,claim_rate,1.3877787807814457e-17,0.0,1.3877787807814457e-17,1
2027,0,587,claim_severity,0.0031143049867400907,0.001988343894481659,0.0011259610922584318,1
2027,0,587,provider_complication,0.010537863212699936,0.0020957142114639282,0.008442149001236007,1
2027,0,587,coverage_gap,0.023302821375202253,0.02289985492825508,0.0004029664469471714,1
2027,0,591,age,0.05262635062635446,0.052447035908699036,0.00017931471765542106,1
2027,0,591,poor_health,0.033863815235734854,0.03406413644552231,0.0002003212097874546,1
2027,0,591,smoking,0.0,0.0,0.0,1
2027,0,591,bmi_risk,0.047378355630022434,0.049376480281353,0.001998124651330563,1
2027,0,591,nonadherence,0.04226952979368244,0.03593744337558746,0.006332086418094976,1
2027,0,591,claim_rate,0.0,0.0,0.0,1
2027,0,591,claim_severity,0.0,0.0,0.0,1
2027,0,591,provider_complication,0.012782494964286586,0.002220138907432556,0.01056235605685403,1
2027,0,591,coverage_gap,0.013620913769393894,0.014181569218635559,0.0005606554492416649,1
2028,0,1,age,0.10346170329660877,0.09117325395345688,0.012288449343151889,1
2028,0,1,poor_health,0.04854292456124937,0.04911205172538757,0.0005691271641382056,1
2028,0,1,smoking,0.0,0.0,0.0,1
2028,0,1,bmi_risk,0.05024756864808952,0.039209917187690735,0.011037651460398784,1
2028,0,1,nonadherence,0.04277657968287016,0.037570685148239136,0.005205894534631023,1
2028,0,1,claim_rate,0.03852264865210753,0.03338904678821564,0.00513360186389189,1
2028,0,1,claim_severity,0.03103595500040368,0.022988080978393555,0.008047874022010126,1
2028,0,1,provider_complication,0.051789516250453,0.009727805852890015,0.042061710397562985,1
2028,0,1,coverage_gap,0.015902354518141204,0.0178605318069458,0.0019581772888045967,1
2028,0,4,age,0.015801097042382452,0.014027703553438187,0.0017733934889442651,1
2028,0,4,poor_health,0.021797742796794264,0.02136954665184021,0.00042819614495405445,1
2028,0,4,smoking,-1.3877787807814457e-17,0.0,1.3877787807814457e-17,1
2028,0,4,bmi_risk,0.008298967217786252,0.006465382874011993,0.0018335843437742583,1
2028,0,4,nonadherence,0.009748897555740488,0.006726425141096115,0.0030224724146443727,1
2028,0,4,claim_rate,-1.3877787807814457e-17,0.0,1.3877787807814457e-17,1
2028,0,4,claim_severity,0.00032203507995723357,0.00021991878747940063,0.00010211629247783294,1
2028,0,4,provider_complication,0.014257455843781623,0.0027908235788345337,0.01146663226494709,1
2028,0,4,coverage_gap,0.01676764990762425,0.018705200403928757,0.0019375504963045076,1
2028,0,11,age,0.08137346252588738,0.07926963269710541,0.002103829828781975,1
2028,0,11,poor_health,0.0744247505204851,0.07816129922866821,0.0037365487081831156,1
2028,0,11,smoking,2.7755575615628914e-17,0.0,2.7755575615628914e-17,1
2028,0,11,bmi_risk,0.045507801865186104,0.035769686102867126,0.009738115762318977,1
2028,0,11,nonadherence,0.02655689729771482,0.020969778299331665,0.005587118998383156,1
2028,0,11,claim_rate,0.01965204707214943,0.01649785041809082,0.003154196654058611,1
2028,0,11,claim_severity,0.04386365291764799,0.03655548393726349,0.0073081689803845,1
2028,0,11,provider_complication,0.036953839618656975,0.01010255515575409,0.026851284462902886,1
2028,0,11,coverage_gap,0.041188301077556444,0.04355010390281677,0.0023618028252603285,1
2028,0,14,age,0.13417614388799404,0.1481938362121582,0.014017692324164166,1
2028,0,14,poor_health,0.11942044723747836,0.14645284414291382,0.027032396905435463,1
2028,0,14,smoking,0.19480089795427263,0.21199430525302887,0.017193407298756236,1
2028,0,14,bmi_risk,0.09203888424920048,0.10350528359413147,0.011466399344930989,1
2028,0,14,nonadherence,0.0901996481212412,0.08001703023910522,0.01018261788213598,1
2028,0,14,claim_rate,0.09473734138734452,0.10144272446632385,0.006705383078979332,1
2028,0,14,claim_severity,0.18166527781796443,0.14495134353637695,0.03671393428158748,1
2028,0,14,provider_complication,0.06817468315968367,0.016294270753860474,0.051880412405823195,1
2028,0,14,coverage_gap,0.005590178755650488,0.0069983601570129395,0.0014081814013624516,1
2028,0,16,age,0.0564891511732033,0.04577362537384033,0.010715525799362968,1
2028,0,16,poor_health,0.0715636439767193,0.06523679196834564,0.006326852008373657,1
2028,0,16,smoking,0.0,0.0,0.0,1
2028,0,16,bmi_risk,0.04982242362426592,0.03541405498981476,0.014408368634451163,1
2028,0,16,nonadherence,0.024183631946783718,0.01616351306438446,0.008020118882399258,1
2028,0,16,claim_rate,0.017923222063857686,0.014459401369094849,0.003463820694762837,1
2028,0,16,claim_severity,0.04569129282152534,0.029180437326431274,0.016510855495094068,1
2028,0,16,provider_complication,0.012248619568001301,0.002211540937423706,0.010037078630577595,1
2028,0,16,coverage_gap,0.013021668283508175,0.013756334781646729,0.0007346664981385531,1
2028,0,23,age,0.02560345740540261,0.023780547082424164,0.0018229103229784466,1
2028,0,23,poor_health,0.06756587540680752,0.06694512814283371,0.000620747263973806,1
2028,0,23,smoking,0.0,0.0,0.0,1
2028,0,23,bmi_risk,0.04403257947849962,0.033899493515491486,0.010133085963008132,1
2028,0,23,nonadherence,0.01725044052279265,0.012332655489444733,0.004917785033347916,1
2028,0,23,claim_rate,0.015778220769305823,0.01257934421300888,0.0031988765562969423,1
2028,0,23,claim_severity,0.033474147016705105,0.02531573921442032,0.008158407802284787,1
2028,0,23,provider_complication,0.027407361835932592,0.005849182605743408,0.021558179230189184,1
2028,0,23,coverage_gap,0.02261558881887396,0.026039376854896545,0.0034237880360225847,1
2028,0,27,age,0.08988127552047573,0.09652584791183472,0.006644572391358988,1
2028,0,27,poor_health,0.03414558042081037,0.04160965234041214,0.007464071919601772,1
2028,0,27,smoking,0.0,0.0,0.0,1
2028,0,27,bmi_risk,0.02813439151067719,0.02704550325870514,0.0010888882519720505,1
2028,0,27,nonadherence,0.021995793293653518,0.019472509622573853,0.0025232836710796652,1
2028,0,27,claim_rate,0.015021952375898096,0.015571147203445435,0.0005491948275473391,1
2028,0,27,claim_severity,0.03670438156652453,0.03138814866542816,0.005316232901096368,1
2028,0,27,provider_complication,0.007274231187480246,0.0015627741813659668,0.005711457006114279,1
2028,0,27,coverage_gap,0.0035360019764625605,0.005197197198867798,0.0016611952224052373,1
2028,0,32,age,0.02089674012092399,0.019550681114196777,0.0013460590067272127,1
2028,0,32,poor_health,0.05632519269795605,0.06189011037349701,0.005564917675540959,1
2028,0,32,smoking,0.11558752824041253,0.11148309707641602,0.004104431163996516,1
2028,0,32,bmi_risk,0.023639686511860603,0.022077858448028564,0.001561828063832038,1
2028,0,32,nonadherence,0.055961984857532066,0.047039732336997986,0.00892225252053408,1
2028,0,32,claim_rate,0.022016742707007514,0.021867260336875916,0.00014948237013159837,1
2028,0,32,claim_severity,0.08798398447499392,0.07059848308563232,0.017385501389361596,1
2028,0,32,provider_complication,0.026565034648764002,0.006772980093955994,0.01979205455480801,1
2028,0,32,coverage_gap,0.015162586084552787,0.01774698495864868,0.0025843988740958945,1
2028,0,37,age,0.08362518598153676,0.08090007305145264,0.0027251129300841226,1
2028,0,37,poor_health,0.14528562902437842,0.17047659307718277,0.025190964052804354,1
2028,0,37,smoking,5.551115123125783e-17,0.0,5.551115123125783e-17,1
2028,0,37,bmi_risk,0.0574694202606289,0.05192826688289642,0.005541153377732477,1
2028,0,37,nonadherence,0.061862407063752844,0.04903046786785126,0.012831939195901587,1
2028,0,37,claim_rate,5.551115123125783e-17,0.0,5.551115123125783e-17,1
2028,0,37,claim_severity,0.07078975444992461,0.04578234255313873,0.025007411896785875,1
2028,0,37,provider_complication,0.011021005818230345,0.002544611692428589,0.008476394125801756,1
2028,0,37,coverage_gap,0.05440189202512588,0.05604836344718933,0.0016464714220634502,1
2028,0,39,age,0.20900901174420913,0.20769022405147552,0.0013187876927336084,1
2028,0,39,poor_health,0.023645742750792786,0.023851454257965088,0.00020571150717230147,1
2028,0,39,smoking,0.17008665542032156,0.1533830612897873,0.016703594130534266,1
2028,0,39,bmi_risk,0.014394973782258791,0.01320609450340271,0.001188879278856081,1
2028,0,39,nonadherence,0.04117986374506627,0.03714573383331299,0.004034129911753281,1
2028,0,39,claim_rate,-5.551115123125783e-17,0.0,5.551115123125783e-17,1
2028,0,39,claim_severity,0.0896137392397432,0.07712626457214355,0.01248747466759964,1
2028,0,39,provider_complication,0.05122910483193027,0.013204723596572876,0.038024381235357396,1
2028,0,39,coverage_gap,0.10127279560452329,0.11382526159286499,0.012552465988341699,1
2028,0,45,age,0.023775408794167133,0.026516087353229523,0.00274067855906239,1
2028,0,45,poor_health,0.03378026885476665,0.043073639273643494,0.009293370418876845,1
2028,0,45,smoking,-1.3877787807814457e-17,0.0,1.3877787807814457e-17,1
2028,0,45,bmi_risk,0.03609344030113262,0.03557320684194565,0.0005202334591869751,1
2028,0,45,nonadherence,0.020446595787729574,0.01951020210981369,0.0009363936779158838,1
2028,0,45,claim_rate,-1.3877787807814457e-17,0.0,1.3877787807814457e-17,1
2028,0,45,claim_severity,0.01896931954349554,0.017980434000492096,0.0009888855430034427,1
2028,0,45,provider_complication,0.007540622856676338,0.0022711828351020813,0.0052694400215742565,1
2028,0,45,coverage_gap,0.01364499335503977,0.017041094601154327,0.003396101246114558,1
2028,0,70,age,0.02629571432478703,0.025347907096147537,0.0009478072286394912,1
2028,0,70,poor_health,0.027795987892406067,0.029380466789007187,0.00158447889660112,1
2028,0,70,smoking,1.3877787807814457e-17,0.0,1.3877787807814457e-17,1
2028,0,70,bmi_risk,0.0015773595068049179,0.0012509524822235107,0.00032640702458140713,1
2028,0,70,nonadherence,0.025031895694452085,0.01964280754327774,0.005389088151174344,1
2028,0,70,claim_rate,1.3877787807814457e-17,0.0,1.3877787807814457e-17,1
2028,0,70,claim_severity,0.006754967961397809,0.005022943019866943,0.0017320249415308658,1
2028,0,70,provider_complication,0.0163224535493251,0.003253452479839325,0.013069001069485775,1
2028,0,70,coverage_gap,0.0190747118419574,0.02403043583035469,0.00495572398839729,1
2028,0,71,age,0.07124995790700984,0.0838555246591568,0.012605566752146954,1
2028,0,71,poor_health,0.034204543654545214,0.044059596955776215,0.009855053301231001,1
2028,0,71,smoking,0.0,0.0,0.0,1
2028,0,71,bmi_risk,0.06286448990692904,0.06425458192825317,0.0013900920213241325,1
2028,0,71,nonadherence,0.012762283725651108,0.013176098465919495,0.0004138147402683867,1
2028,0,71,claim_rate,0.0,0.0,0.0,1
2028,0,71,claim_severity,0.021238588902118313,0.021876633167266846,0.0006380442651485324,1
2028,0,71,provider_complication,0.026109649859793305,0.008458107709884644,0.01765154214990866,1
2028,0,71,coverage_gap,0.031075795678911985,0.04389876872301102,0.012822973044099031,1
2028,0,72,age,0.10223207269785858,0.09000520408153534,0.012226868616323244,1
2028,0,72,poor_health,0.09322956045831451,0.0935363918542862,0.0003068313959716795,1
2028,0,72,smoking,0.0,0.0,0.0,1
2028,0,72,bmi_risk,0.023938202281870186,0.018989309668540955,0.004948892613329231,1
2028,0,72,nonadherence,0.03855559263571445,0.028349503874778748,0.010206088760935705,1
2028,0,72,claim_rate,0.04420338310942376,0.04003742337226868,0.004165959737155084,1
2028,0,72,claim_severity,0.09437274635069423,0.0664883404970169,0.027884405853677324,1
2028,0,72,provider_complication,0.026325235885348686,0.005002737045288086,0.0213224988400606,1
2028,0,72,coverage_gap,0.02900209787508551,0.032259345054626465,0.0032572471795409563,1
2028,0,73,age,0.051626464980330605,0.057238370180130005,0.0056119051997994,1
2028,0,73,poor_health,0.018934718609824236,0.024897903203964233,0.0059631845941399975,1
2028,0,73,smoking,0.12842680504594264,0.1475740522146225,0.019147247168679854,1
2028,0,73,bmi_risk,0.08199952384172848,0.08587656915187836,0.0038770453101498736,1
2028,0,73,nonadherence,0.05737240152707823,0.06456764042377472,0.0071952388966964875,1
2028,0,73,claim_rate,0.024065793364005272,0.03203496336936951,0.007969170005364234,1
2028,0,73,claim_severity,0.09208840864451653,0.08712601661682129,0.004962392027695245,1
2028,0,73,provider_complication,0.023652038920482565,0.006391704082489014,0.01726033483799355,1
2028,0,73,coverage_gap,0.06396642137137148,0.08387088775634766,0.01990446638497617,1
2028,0,82,age,0.02895041562988144,0.030117318034172058,0.0011669024042906193,1
2028,0,82,poor_health,0.030648109036234716,0.03353533521294594,0.0028872261767112217,1
2028,0,82,smoking,-1.3877787807814457e-17,0.0,1.3877787807814457e-17,1
2028,0,82,bmi_risk,0.003090569167648452,0.0026359185576438904,0.00045465061000456164,1
2028,0,82,nonadherence,0.012572554422557197,0.010065749287605286,0.0025068051349519116,1
2028,0,82,claim_rate,0.01018390777545107,0.00901271402835846,0.001171193747092611,1
2028,0,82,claim_severity,0.014000536452487222,0.011464476585388184,0.0025360598670990386,1
2028,0,82,provider_complication,0.004826492838803112,0.001106560230255127,0.003719932608547985,1
2028,0,82,coverage_gap,0.014997213059524492,0.018616273999214172,0.0036190609396896806,1
2028,0,84,age,0.10415534489843795,0.09160605072975159,0.012549294168686359,1
2028,0,84,poor_health,0.17175596331171716,0.17079617083072662,0.00095979248099054,1
2028,0,84,smoking,0.0,0.0,0.0,1
2028,0,84,bmi_risk,0.008262039564407075,0.00648537278175354,0.0017766667826535354,1
2028,0,84,nonadherence,0.05441305748635833,0.043739110231399536,0.010673947254958793,1
2028,0,84,claim_rate,0.05243465222257904,0.0490344762802124,0.0034001759423666345,1
2028,0,84,claim_severity,0.1376309922639373,0.09444522857666016,0.04318576368727714,1
2028,0,84,provider_complication,0.04565745263944704,0.010922819375991821,0.03473463326345522,1
2028,0,84,coverage_gap,0.02011943318304965,0.016152143478393555,0.003967289704656096,1
2028,0,86,age,0.029913152181123934,0.040917590260505676,0.011004438079381743,1
2028,0,86,poor_health,0.01735200384268939,0.025824792683124542,0.008472788840435154,1
2028,0,86,smoking,1.3877787807814457e-17,0.0,1.3877787807814457e-17,1
2028,0,86,bmi_risk,0.010581802323349522,0.011963486671447754,0.0013816843480982319,1
2028,0,86,nonadherence,0.008038706286653846,0.008254997432231903,0.00021629114557805695,1
2028,0,86,claim_rate,1.3877787807814457e-17,0.0,1.3877787807814457e-17,1
2028,0,86,claim_severity,0.005624656178029451,0.005870461463928223,0.00024580528589877165,1
2028,0,86,provider_complication,0.0050934216779096805,0.0014340132474899292,0.0036594084304197513,1
2028,0,86,coverage_gap,0.008763355130043879,0.015618979930877686,0.006855624800833807,1
2028,0,87,age,0.04843665731218724,0.040452904999256134,0.007983752312931108,1
2028,0,87,poor_health,0.06450512256635531,0.06057814508676529,0.003926977479590019,1
2028,0,87,smoking,0.0,0.0,0.0,1
2028,0,87,bmi_risk,0.009644008103410151,0.0064246803522109985,0.0032193277511991525,1
2028,0,87,nonadherence,0.014111867735121214,0.009019628167152405,0.005092239567968809,1
2028,0,87,claim_rate,0.03653392050167714,0.030092507600784302,0.00644141290089284,1
2028,0,87,claim_severity,0.06755932125834263,0.04807083308696747,0.019488488171375162,1
2028,0,87,provider_complication,0.06409321499398801,0.016539081931114197,0.047554133062873816,1
2028,0,87,coverage_gap,0.039129826804729484,0.040723346173763275,0.0015935193690337912,1
2028,0,88,age,0.0914343505057709,0.08897294104099274,0.002461409464778158,1
2028,0,88,poor_health,0.017416483463794208,0.01782776415348053,0.0004112806896863219,1
2028,0,88,smoking,0.11013080550848506,0.11180724948644638,0.0016764439779613227,1
2028,0,88,bmi_risk,0.05364230117809121,0.04293245077133179,0.010709850406759425,1
2028,0,88,nonadherence,0.014917041591707897,0.011037841439247131,0.0038792001524607655,1
2028,0,88,claim_rate,2.7755575615628914e-17,0.0,2.7755575615628914e-17,1
2028,0,88,claim_severity,0.06994698227106344,0.05228213965892792,0.017664842612135523,1
2028,0,88,provider_complication,0.023792107009542596,0.00669822096824646,0.017093886041296136,1
2028,0,88,coverage_gap,0.03708721959776634,0.03550626337528229,0.0015809562224840534,1
2028,0,98,age,9.1665576695793e-05,0.00010014325380325317,8.477677107460169e-06,1
2028,0,98,poor_health,0.008410142128461404,0.010300181806087494,0.0018900396776260903,1
2028,0,98,smoking,1.3877787807814457e-17,0.0,1.3877787807814457e-17,1
2028,0,98,bmi_risk,0.02768750449332246,0.025584060698747635,0.002103443794574826,1
2028,0,98,nonadherence,0.0026710266449734565,0.002226412296295166,0.00044461434867829053,1
2028,0,98,claim_rate,0.00786501427720742,0.007762782275676727,0.00010223200153069295,1
2028,0,98,claim_severity,0.022046516145830496,0.021252695471048355,0.0007938206747821405,1
2028,0,98,provider_complication,0.0068962332511203345,0.002188540995121002,0.004707692255999332,1
2028,0,98,coverage_gap,0.009346072151835853,0.01316928118467331,0.003823209032837456,1
2028,0,99,age,0.17823203540480603,0.14211997389793396,0.03611206150687207,1
2028,0,99,poor_health,0.15039937310461865,0.1470474749803543,0.003351898124264341,1
2028,0,99,smoking,0.0,0.0,0.0,1
2028,0,99,bmi_risk,0.07082863026365677,0.05488616228103638,0.01594246798262039,1
2028,0,99,nonadherence,0.03240127584699254,0.027262002229690552,0.005139273617301987,1
2028,0,99,claim_rate,0.05626407804019684,0.054937541484832764,0.0013265365553640773,1
2028,0,99,claim_severity,0.12500729990782622,0.08006808161735535,0.04493921829047087,1
2028,0,99,provider_complication,0.05508307097703391,0.007484734058380127,0.04759833691865378,1
2028,0,99,coverage_gap,0.015009617162873246,0.01118120551109314,0.003828411651780106,1
2028,0,101,age,0.08902232639236425,0.09308188408613205,0.0040595576937677985,1
2028,0,101,poor_health,0.07007314201441361,0.08053276687860489,0.010459624864191275,1
2028,0,101,smoking,-2.7755575615628914e-17,0.0,2.7755575615628914e-17,1
2028,0,101,bmi_risk,0.057020766856613,0.050720229744911194,0.006300537111701809,1
2028,0,101,nonadherence,0.010901750154824086,0.009638071060180664,0.0012636790946434218,1
2028,0,101,claim_rate,0.019994133710632273,0.020358264446258545,0.0003641307356262724,1
2028,0,101,claim_severity,0.07336488554215301,0.06472766399383545,0.008637221548317559,1
2028,0,101,provider_complication,0.00940838086110976,0.0024572759866714478,0.006951104874438313,1
2028,0,101,coverage_gap,0.03382729321306002,0.040898412466049194,0.007071119252989172,1
2028,0,102,age,0.04655833861781833,0.04892398416996002,0.002365645552141693,1
2028,0,102,poor_health,0.048878618261430334,0.05770299583673477,0.008824377575304437,1
2028,0,102,smoking,-1.3877787807814457e-17,0.0,1.3877787807814457e-17,1
2028,0,102,bmi_risk,0.014947944436325702,0.01358119398355484,0.0013667504527708624,1
2028,0,102,nonadherence,0.01307029636015479,0.010626047849655151,0.0024442485104996386,1
2028,0,102,claim_rate,-1.3877787807814457e-17,0.0,1.3877787807814457e-17,1
2028,0,102,claim_severity,0.018613338612414473,0.014892712235450745,0.0037206263769637288,1
2028,0,102,provider_complication,0.011236733754638684,0.0025642141699790955,0.008672519584659588,1
2028,0,102,coverage_gap,0.015259460011054812,0.01858355849981308,0.0033240984887582675,1
2028,0,123,age,0.12334553211484767,0.1192983090877533,0.004047223027094371,1
2028,0,123,poor_health,0.18539548682127416,0.18388736248016357,0.0015081243411105838,1
2028,0,123,smoking,0.2058473780468249,0.23495396971702576,0.029106591670200854,1
2028,0,123,bmi_risk,0.09474703227123293,0.11161786317825317,0.01687083090702024,1
2028,0,123,nonadherence,0.10983242883474686,0.11699038743972778,0.0071579586049809185,1
2028,0,123,claim_rate,0.060071615943179,0.07014483213424683,0.010073216191067824,1
2028,0,123,claim_severity,0.2146412718841063,0.13636210560798645,0.07827916627611986,1
2028,0,123,provider_complication,0.08441493801462918,0.00868368148803711,0.07573125652659207,1
2028,0,123,coverage_gap,0.07071930863450482,0.06175374984741211,0.008965558787092709,1
2028,0,124,age,0.0824104663691542,0.08782531321048737,0.005414846841333171,1
2028,0,124,poor_health,0.06986913375122619,0.0829918384552002,0.013122704703974003,1
2028,0,124,smoking,0.0,0.0,0.0,1
2028,0,124,bmi_risk,0.03151918180707525,0.027249693870544434,0.004269487936530814,1
2028,0,124,nonadherence,0.034173458035452936,0.03101286292076111,0.0031605951146918276,1
2028,0,124,claim_rate,0.01937818401778016,0.018316298723220825,0.0010618852945593338,1
2028,0,124,claim_severity,0.05761849373326394,0.05330418050289154,0.004314313230372402,1
2028,0,124,provider_complication,0.012947898952026471,0.0037301182746887207,0.00921778067733775,1
2028,0,124,coverage_gap,0.05389746257288888,0.06404085457324982,0.010143392000360935,1
2028,0,131,age,0.025647430630612283,0.023743361234664917,0.0019040693959473665,1
2028,0,131,poor_health,0.031384823382238886,0.03350762277841568,0.0021227993961767944,1
2028,0,131,smoking,0.0,0.0,0.0,1
2028,0,131,bmi_risk,0.023690027648979137,0.019839376211166382,0.003850651437812755,1
2028,0,131,nonadherence,0.024986714848971345,0.01903926581144333,0.005947449037528016,1
2028,0,131,claim_rate,0.011394002202404288,0.010601989924907684,0.0007920122774966037,1
2028,0,131,claim_severity,0.00196253999560711,0.0014252588152885437,0.0005372811803185662,1
2028,0,131,provider_complication,0.013704347114516457,0.0028591156005859375,0.01084523151393052,1
2028,0,131,coverage_gap,0.023686554404450708,0.027193985879421234,0.0035074314749705265,1
2028,0,135,age,0.0703723597630751,0.06431087106466293,0.006061488698412165,1
2028,0,135,poor_health,0.08316015766903817,0.08627644181251526,0.0031162841434770883,1
2028,0,135,smoking,0.0,0.0,0.0,1
2028,0,135,bmi_risk,0.05288383744500855,0.041992396116256714,0.010891441328751833,1
2028,0,135,nonadherence,0.034586298076634214,0.028224274516105652,0.0063620235605285624,1
2028,0,135,claim_rate,0.018995488394299348,0.0173652321100235,0.0016302562842758495,1
2028,0,135,claim_severity,0.02748509808495095,0.0208665132522583,0.006618584832692648,1
2028,0,135,provider_complication,0.027634396594615057,0.0069401562213897705,0.020694240373225287,1
2028,0,135,coverage_gap,0.03145095091413316,0.035236358642578125,0.0037854077284449617,1
2028,0,139,age,0.044379217744944466,0.047545865178108215,0.0031666474331637495,1
2028,0,139,poor_health,0.03970243922027489,0.04958932101726532,0.009886881796990432,1
2028,0,139,smoking,0.14421984573928595,0.1506383866071701,0.006418540867884154,1
2028,0,139,bmi_risk,0.08320059048695849,0.08640599250793457,0.003205402020976078,1
2028,0,139,nonadherence,0.04346655589681725,0.04483272135257721,0.00136616545575996,1
2028,0,139,claim_rate,0.051341143111238635,0.06256701052188873,0.011225867410650098,1
2028,0,139,claim_severity,0.10741830129397309,0.0915084183216095,0.015909882972363593,1
2028,0,139,provider_complication,0.03259649856257402,0.008552998304367065,0.02404350025820695,1
2028,0,139,coverage_gap,0.04764841990993113,0.0579613596200943,0.010312939710163171,1
2028,0,142,age,0.031305621302656225,0.03211165964603424,0.0008060383433780155,1
2028,0,142,poor_health,0.06703879480612462,0.07459802180528641,0.007559226999161783,1
2028,0,142,smoking,0.0,0.0,0.0,1
2028,0,142,bmi_risk,0.0044000687414491035,0.0035652220249176025,0.000834846716531501,1
2028,0,142,nonadherence,0.012725266083767409,0.010214701294898987,0.002510564788868422,1
2028,0,142,claim_rate,0.014583841965145297,0.013510286808013916,0.0010735551571313812,1
2028,0,142,claim_severity,0.032099858880581006,0.028114765882492065,0.0039850929980889405,1
2028,0,142,provider_complication,0.01892585755603192,0.0053869932889938354,0.013538864267038084,1
2028,0,142,coverage_gap,0.0421825260656461,0.05153542011976242,0.009352894054116323,1
2028,0,145,age,0.11439463786414805,0.10243530571460724,0.011959332149540813,1
2028,0,145,poor_health,0.07972980199012322,0.08163675665855408,0.0019069546684308547,1
2028,0,145,smoking,-5.551115123125783e-17,0.0,5.551115123125783e-17,1
2028,0,145,bmi_risk,0.10806787608546967,0.09213253855705261,0.015935337528417054,1
2028,0,145,nonadherence,0.04725087307384848,0.04603993892669678,0.0012109341471517043,1
2028,0,145,claim_rate,0.025009161436733734,0.023112744092941284,0.0018964173437924503,1
2028,0,145,claim_severity,0.03782529722212841,0.02717190980911255,0.010653387413015858,1
2028,0,145,provider_complication,0.03656191722847865,0.006344333291053772,0.03021758393742488,1
2028,0,145,coverage_gap,0.06928642124875628,0.06917136907577515,0.0001150521729811338,1
2028,0,155,age,0.030162858245488457,0.0293094702064991,0.0008533880389893569,1
2028,0,155,poor_health,0.003572559532700817,0.0039632245898246765,0.00039066505712385957,1
2028,0,155,smoking,-1.3877787807814457e-17,0.0,1.3877787807814457e-17,1
2028,0,155,bmi_risk,0.026652078584282833,0.022728946059942245,0.003923132524340588,1
2028,0,155,nonadherence,0.008706801348084478,0.0066597238183021545,0.0020470775297823235,1
2028,0,155,claim_rate,-1.3877787807814457e-17,0.0,1.3877787807814457e-17,1
2028,0,155,claim_severity,-1.3877787807814457e-17,0.0,1.3877787807814457e-17,1
2028,0,155,provider_complication,0.010942212640067936,0.0024130716919898987,0.008529140948078037,1
2028,0,155,coverage_gap,0.023488259299129573,0.027744073420763016,0.004255814121633443,1
2028,0,160,age,0.08637234641166053,0.06504800915718079,0.02132433725447974,1
2028,0,160,poor_health,0.20614731406959425,0.19709840416908264,0.009048909900511604,1
2028,0,160,smoking,0.0,0.0,0.0,1
2028,0,160,bmi_risk,0.04428431024264973,0.034111618995666504,0.010172691246983223,1
2028,0,160,nonadherence,0.056807300614749756,0.03186097741127014,0.024946323203479615,1
2028,0,160,claim_rate,0.02805378886747839,0.027152061462402344,0.0009017274050760471,1
2028,0,160,claim_severity,0.13169109262301873,0.07307836413383484,0.05861272848918389,1
2028,0,160,provider_complication,0.01092188754125284,0.0010855495929718018,0.009836337948281038,1
2028,0,160,coverage_gap,0.09139395423216043,0.05681923031806946,0.03457472391409097,1
2028,0,161,age,0.0031735484381072987,0.003176450729370117,2.9022912628184905e-06,1
2028,0,161,poor_health,0.03172701346001848,0.035544585436582565,0.0038175719765640853,1
2028,0,161,smoking,0.0,0.0,0.0,1
2028,0,161,bmi_risk,0.02702548436226608,0.0241742804646492,0.00285120389761688,1
2028,0,161,nonadherence,0.024738097996355818,0.02173341065645218,0.003004687339903639,1
2028,0,161,claim_rate,0.01006904691101003,0.009595133364200592,0.0004739135468094374,1
2028,0,161,claim_severity,0.012957805106869918,0.011182434856891632,0.0017753702499782864,1
2028,0,161,provider_complication,0.009899453426053847,0.0028857961297035217,0.007013657296350326,1
2028,0,161,coverage_gap,0.0010653585432025131,0.0012591853737831116,0.00019382683058059846,1
2028,0,163,age,0.03585050309560492,0.04498085379600525,0.00913035070040033,1
2028,0,163,poor_health,0.03420712395048857,0.04770860821008682,0.013501484259598254,1
2028,0,163,smoking,1.3877787807814457e-17,0.0,1.3877787807814457e-17,1
2028,0,163,bmi_risk,0.014705918397116019,0.015361681580543518,0.0006557631834274991,1
2028,0,163,nonadherence,0.021997571128788418,0.021808654069900513,0.00018891705888790522,1
2028,0,163,claim_rate,1.3877787807814457e-17,0.0,1.3877787807814457e-17,1
2028,0,163,claim_severity,0.024335281535398434,0.023534372448921204,0.0008009090864772306,1
2028,0,163,provider_complication,0.004329006637704108,0.0010730847716331482,0.00325592186607096,1
2028,0,163,coverage_gap,0.01284884239183165,0.0179760605096817,0.005127218117850052,1
2028,0,171,age,0.10294291105241024,0.10444951057434082,0.0015065995219305794,1
2028,0,171,poor_health,0.09772370467093776,0.10699688643217087,0.00927318176123311,1
2028,0,171,smoking,-2.7755575615628914e-17,0.0,2.7755575615628914e-17,1
2028,0,171,bmi_risk,0.03563530426447703,0.03193148970603943,0.0037038145584376014,1
2028,0,171,nonadherence,0.04424311736624184,0.03716990351676941,0.007073213849472432,1
2028,0,171,claim_rate,-2.7755575615628914e-17,0.0,2.7755575615628914e-17,1
2028,0,171,claim_severity,0.06071474558379722,0.05312888324260712,0.007585862341190103,1
2028,0,171,provider_complication,0.03957750844964297,0.011530384421348572,0.0280471240282944,1
2028,0,171,coverage_gap,0.029569892942617887,0.03354962170124054,0.003979728758622653,1
2028,0,173,age,0.07440030537038415,0.0665132999420166,0.007887005428367552,1
2028,0,173,poor_health,0.051524739537466224,0.05119843780994415,0.00032630172752207143,1
2028,0,173,smoking,0.0,0.0,0.0,1
2028,0,173,bmi_risk,0.013511113806959685,0.01072739064693451,0.0027837231600251755,1
2028,0,173,nonadherence,0.05734835207100647,0.04028879106044769,0.017059561010558777,1
2028,0,173,claim_rate,0.0,0.0,0.0,1
2028,0,173,claim_severity,0.04869644514723584,0.034786224365234375,0.013910220782001465,1
2028,0,173,provider_complication,0.02152284771940402,0.004998117685317993,0.016524730034086027,1
2028,0,173,coverage_gap,0.06537582893643197,0.06324431300163269,0.00213151593479928,1
2028,0,177,age,0.13700348466159773,0.10717625916004181,0.02982722550155592,1
2028,0,177,poor_health,0.2118205767281231,0.19304323196411133,0.018777344764011772,1
2028,0,177,smoking,5.551115123125783e-17,0.0,5.551115123125783e-17,1
2028,0,177,bmi_risk,0.06897498793159346,0.05928605794906616,0.009688929982527295,1
2028,0,177,nonadherence,0.06336396959900592,0.03468543291091919,0.02867853668808673,1
2028,0,177,claim_rate,0.03125863493718006,0.03147435188293457,0.00021571694575450717,1
2028,0,177,claim_severity,0.16864769617487907,0.10886961221694946,0.059778083957929606,1
2028,0,177,provider_complication,0.0657292943015691,0.011404424905776978,0.05432486939579212,1
2028,0,177,coverage_gap,0.07173764498775664,0.05398458242416382,0.017753062563592825,1
2028,0,181,age,0.057849575459802766,0.05095571279525757,0.006893862664545197,1
2028,0,181,poor_health,0.03355717788132624,0.03215745836496353,0.0013997195163627102,1
2028,0,181,smoking,0.0,0.0,0.0,1
2028,0,181,bmi_risk,0.008874883531758082,0.006020829081535339,0.0028540544502227427,1
2028,0,181,nonadherence,0.023131397989367836,0.016171105206012726,0.00696029278335511,1
2028,0,181,claim_rate,0.014635413838066533,0.011418156325817108,0.0032172575122494246,1
2028,0,181,claim_severity,0.030648965394808866,0.021457403898239136,0.00919156149656973,1
2028,0,181,provider_complication,0.023422741221386267,0.004863277077674866,0.0185594641437114,1
2028,0,181,coverage_gap,0.02978496502176861,0.02811247855424881,0.0016724864675198015,1
2028,0,182,age,0.01972422132633911,0.020338010042905807,0.0006137887165666989,1
2028,0,182,poor_health,0.02251647622882992,0.026230383664369583,0.0037139074355396623,1
2028,0,182,smoking,0.0,0.0,0.0,1
2028,0,182,bmi_risk,0.014356852561862518,0.01290595531463623,0.0014508972472262877,1
2028,0,182,nonadherence,0.01009198150067385,0.008213698863983154,0.0018782826366906952,1
2028,0,182,claim_rate,0.0,0.0,0.0,1
2028,0,182,claim_severity,0.012774450044847827,0.010193176567554474,0.0025812734772933527,1
2028,0,182,provider_complication,0.008735447958082593,0.0020140856504440308,0.006721362307638562,1
2028,0,182,coverage_gap,0.011666294547104349,0.013925805687904358,0.0022595111408000093,1
2028,0,190,age,0.09390798496855729,0.11871714890003204,0.024809163931474754,1
2028,0,190,poor_health,0.032341597599823815,0.04675398766994476,0.014412390070120948,1
2028,0,190,smoking,0.0,0.0,0.0,1
2028,0,190,bmi_risk,0.04668059588256371,0.06045486032962799,0.013774264447064283,1
2028,0,190,nonadherence,0.011359348933540708,0.015756428241729736,0.004397079308189028,1
2028,0,190,claim_rate,0.015365880796343961,0.020597249269485474,0.005231368473141512,1
2028,0,190,claim_severity,0.000230230197068082,0.00023786723613739014,7.637039069308127e-06,1
2028,0,190,provider_complication,0.007438965632898892,0.0017779767513275146,0.005660988881571377,1
2028,0,190,coverage_gap,0.032928896167640095,0.04900866746902466,0.016079771301384563,1
2028,0,204,age,0.05351599559213552,0.0460541769862175,0.007461818605918019,1
2028,0,204,poor_health,0.01516527535976099,0.014626830816268921,0.0005384445434920698,1
2028,0,204,smoking,0.0,0.0,0.0,1
2028,0,204,bmi_risk,0.0023690168289619007,0.0016936585307121277,0.000675358298249773,1
2028,0,204,nonadherence,0.019503819946319806,0.013160571455955505,0.0063432484903643005,1
2028,0,204,claim_rate,0.0,0.0,0.0,1
2028,0,204,claim_severity,0.015142541968433482,0.010209538042545319,0.004933003925888163,1
2028,0,204,provider_complication,0.02914811049529914,0.006633564829826355,0.022514545665472785,1
2028,0,204,coverage_gap,0.01158444910443239,0.011533886194229126,5.056291020326398e-05,1
2028,0,220,age,0.028510518003451654,0.03327541798353195,0.004764899980080298,1
2028,0,220,poor_health,0.03416697889233594,0.04472274333238602,0.010555764440050075,1
2028,0,220,smoking,1.3877787807814457e-17,0.0,1.3877787807814457e-17,1
2028,0,220,bmi_risk,0.004783405778021915,0.004747182130813599,3.622364720831661e-05,1
2028,0,220,nonadherence,0.016571967658307957,0.015259064733982086,0.0013129029243258705,1
2028,0,220,claim_rate,0.020032499964422995,0.021531082689762115,0.0014985827253391204,1
2028,0,220,claim_severity,0.02196486404422565,0.020260028541088104,0.0017048355031375473,1
2028,0,220,provider_complication,0.004425427189166123,0.0011205673217773438,0.003304859867388779,1
2028,0,220,coverage_gap,0.01581293703293385,0.022431954741477966,0.006619017708544117,1
2028,0,223,age,0.02466733296225225,0.024967961013317108,0.0003006280510648579,1
2028,0,223,poor_health,0.010262446240260896,0.011472214013338089,0.001209767773077193,1
2028,0,223,smoking,-6.938893903907228e-18,0.0,6.938893903907228e-18,1
2028,0,223,bmi_risk,0.008031750367263231,0.00682096928358078,0.001210781083682451,1
2028,0,223,nonadherence,0.0057392014066790925,0.004513803869485855,0.0012253975371932374,1
2028,0,223,claim_rate,-6.938893903907228e-18,0.0,6.938893903907228e-18,1
2028,0,223,claim_severity,0.00488963599078239,0.003758583217859268,0.0011310527729231218,1
2028,0,223,provider_complication,0.006847388276853286,0.0014807060360908508,0.005366682240762435,1
2028,0,223,coverage_gap,0.007176402920280711,0.00967031717300415,0.0024939142527234393,1
2028,0,224,age,0.017918820426542956,0.01940636709332466,0.0014875466667817056,1
2028,0,224,poor_health,0.010252661194742586,0.012747474014759064,0.0024948128200164774,1
2028,0,224,smoking,0.0,0.0,0.0,1
2028,0,224,bmi_risk,0.00643796630873468,0.006146758794784546,0.0002912075139501341,1
2028,0,224,nonadherence,0.021121951914631697,0.01895221322774887,0.002169738686882826,1
2028,0,224,claim_rate,0.0,0.0,0.0,1
2028,0,224,claim_severity,0.008375845573131459,0.0071566179394721985,0.0012192276336592603,1
2028,0,224,provider_complication,0.00893874597772916,0.002163901925086975,0.006774844052642184,1
2028,0,224,coverage_gap,0.010074499215142946,0.015178445726633072,0.005103946511490126,1
2028,0,243,age,0.09699281550943697,0.09556004405021667,0.0014327714592203,1
2028,0,243,poor_health,0.11888914614758556,0.12623955309391022,0.007350406946324661,1
2028,0,243,smoking,0.0,0.0,0.0,1
2028,0,243,bmi_risk,0.04403208889184798,0.03980161249637604,0.004230476395471944,1
2028,0,243,nonadherence,0.08024390107395041,0.0659945011138916,0.014249399960058806,1
2028,0,243,claim_rate,0.026092623764050638,0.021436721086502075,0.004655902677548562,1
2028,0,243,claim_severity,0.09424685162969462,0.07867605984210968,0.015570791787584942,1
2028,0,243,provider_complication,0.030007146588619915,0.0073097944259643555,0.02269735216265556,1
2028,0,243,coverage_gap,0.0827059608872528,0.0838698148727417,0.0011638539854889052,1
2028,0,244,age,0.10444062818239125,0.11615835130214691,0.011717723119755663,1
2028,0,244,poor_health,0.08979373095807533,0.110385000705719,0.020591269747643665,1
2028,0,244,smoking,2.7755575615628914e-17,0.0,2.7755575615628914e-17,1
2028,0,244,bmi_risk,0.06608215266270656,0.07176890969276428,0.005686757030057721,1
2028,0,244,nonadherence,0.06402671258364412,0.06653089821338654,0.002504185629742417,1
2028,0,244,claim_rate,0.06539532040906623,0.07391509413719177,0.00851977372812554,1
2028,0,244,claim_severity,0.06454573459634716,0.05297823250293732,0.011567502093409843,1
2028,0,244,provider_complication,0.022069874345459817,0.004904016852378845,0.01716585749308097,1
2028,0,244,coverage_gap,0.0147442437518219,0.017342999577522278,0.0025987558257003773,1
2028,0,255,age,0.13688345247179526,0.1422892063856125,0.0054057539138172295,1
2028,0,255,poor_health,0.04205686422340357,0.05085758864879608,0.008800724425392509,1
2028,0,255,smoking,0.14050656228897854,0.14512154459953308,0.004614982310554544,1
2028,0,255,bmi_risk,0.030327927105728292,0.03622707724571228,0.0058991501399839885,1
2028,0,255,nonadherence,0.08039069493498688,0.07758399844169617,0.0028066964932907112,1
2028,0,255,claim_rate,0.02589351677763696,0.029327422380447388,0.0034339056028104276,1
2028,0,255,claim_severity,0.06561826504092252,0.058698102831840515,0.006920162209082009,1
2028,0,255,provider_complication,0.022626919986488858,0.0060898661613464355,0.016537053825142423,1
2028,0,255,coverage_gap,0.008546890029201615,0.010088235139846802,0.001541345110645187,1
2028,0,259,age,0.023002167239829327,0.02205665409564972,0.0009455131441796077,1
2028,0,259,poor_health,0.005818685404636738,0.006220780313014984,0.0004020949083782463,1
2028,0,259,smoking,-6.938893903907228e-18,0.0,6.938893903907228e-18,1
2028,0,259,bmi_risk,0.000583791864262953,0.0004654005169868469,0.00011839134727610612,1
2028,0,259,nonadherence,0.006929942274995528,0.005284544080495834,0.0016453981944996934,1
2028,0,259,claim_rate,-6.938893903907228e-18,0.0,6.938893903907228e-18,1
2028,0,259,claim_severity,-6.938893903907228e-18,0.0,6.938893903907228e-18,1
2028,0,259,provider_complication,0.009261172161293664,0.002019062638282776,0.007242109523010888,1
2028,0,259,coverage_gap,0.007941195439562121,0.009701069444417953,0.0017598740048558326,1
2028,0,265,age,0.07117230251648109,0.07140233367681503,0.0002300311603339461,1
2028,0,265,poor_health,0.03908551481932178,0.04232638329267502,0.0032408684733532395,1
2028,0,265,smoking,-2.7755575615628914e-17,0.0,2.7755575615628914e-17,1
2028,0,265,bmi_risk,0.01787010840617112,0.01488184928894043,0.0029882591172306905,1
2028,0,265,nonadherence,0.015682865218106204,0.011878043413162231,0.0038048218049439725,1
2028,0,265,claim_rate,-2.7755575615628914e-17,0.0,2.7755575615628914e-17,1
2028,0,265,claim_severity,0.04499832414726576,0.03531971573829651,0.009678608408969253,1
2028,0,265,provider_complication,0.026652266202200944,0.005538627505302429,0.021113638696898515,1
2028,0,265,coverage_gap,0.025306132207522078,0.029477663338184357,0.004171531130662279,1
2028,0,267,age,2.7755575615628914e-17,0.0,2.7755575615628914e-17,1
2028,0,267,poor_health,0.049115804889117994,0.046988047659397125,0.0021277572297208683,1
2028,0,267,smoking,2.7755575615628914e-17,0.0,2.7755575615628914e-17,1
2028,0,267,bmi_risk,0.004803652941988271,0.0033972635865211487,0.001406389355467122,1
2028,0,267,nonadherence,0.021212400093125,0.014354832470417023,0.006857567622707977,1
2028,0,267,claim_rate,2.7755575615628914e-17,0.0,2.7755575615628914e-17,1
2028,0,267,claim_severity,0.030728210561253133,0.02211739867925644,0.008610811881996694,1
2028,0,267,provider_complication,0.017575327513332475,0.004326380789279938,0.013248946724052538,1
2028,0,267,coverage_gap,0.03049209047313728,0.03159131854772568,0.0010992280745883987,1
2028,0,274,age,0.07154319605535925,0.06305520236492157,0.008487993690437678,1
2028,0,274,poor_health,0.034629978896581315,0.03387461602687836,0.000755362869702958,1
2028,0,274,smoking,0.13354983710036317,0.1218782365322113,0.011671600568151863,1
2028,0,274,bmi_risk,0.06098181287342824,0.046377912163734436,0.014603900709693807,1
2028,0,274,nonadherence,0.019956690683828937,0.012287318706512451,0.007669371977316486,1
2028,0,274,claim_rate,0.0,0.0,0.0,1
2028,0,274,claim_severity,0.08377028243347612,0.05663527548313141,0.02713500695034471,1
2028,0,274,provider_complication,0.04227013167899615,0.008062660694122314,0.03420747098487384,1
2028,0,274,coverage_gap,0.0931288105400678,0.09130178391933441,0.0018270266207333907,1
2028,0,275,age,0.1333640336338012,0.14919160306453705,0.01582756943073585,1
2028,0,275,poor_health,0.05728168456095381,0.06973884999752045,0.012457165436566636,1
2028,0,275,smoking,0.1352624542066119,0.14886701107025146,0.013604556863639566,1
2028,0,275,bmi_risk,0.0024302719914560678,0.0030165910720825195,0.0005863190806264518,1
2028,0,275,nonadherence,0.06424479338701067,0.06538890302181244,0.001144109634801771,1
2028,0,275,claim_rate,0.02511284909299888,0.03058147430419922,0.00546862521120034,1
2028,0,275,claim_severity,0.06875897156057256,0.06779782474040985,0.0009611468201627116,1
2028,0,275,provider_complication,0.01672205948155775,0.004590392112731934,0.012131667368825816,1
2028,0,275,coverage_gap,0.02885234913928647,0.03739941120147705,0.00854706206219058,1
2028,0,277,age,0.04033581858521314,0.041330426931381226,0.0009946083461680882,1
2028,0,277,poor_health,0.0670654215886811,0.0768955647945404,0.009830143205859301,1
2028,0,277,smoking,0.0,0.0,0.0,1
2028,0,277,bmi_risk,0.03261297795763918,0.03046269714832306,0.0021502808093161185,1
2028,0,277,nonadherence,0.025762877554269953,0.02177026867866516,0.003992608875604792,1
2028,0,277,claim_rate,0.03209023795175078,0.03284753859043121,0.0007573006386804304,1
2028,0,277,claim_severity,0.04355435419250295,0.03515256941318512,0.008401784779317828,1
2028,0,277,provider_complication,0.0019665529877080923,0.0004091709852218628,0.0015573820024862295,1
2028,0,277,coverage_gap,0.03747522744262169,0.046286895871162415,0.008811668428540725,1
2028,0,278,age,0.039315758321649255,0.038037680089473724,0.0012780782321755307,1
2028,0,278,poor_health,0.05266376704410014,0.056573301553726196,0.003909534509626056,1
2028,0,278,smoking,2.7755575615628914e-17,0.0,2.7755575615628914e-17,1
2028,0,278,bmi_risk,0.009767584403655716,0.007991135120391846,0.00177644928326387,1
2028,0,278,nonadherence,0.015271825423734661,0.011580035090446472,0.003691790333288189,1
2028,0,278,claim_rate,0.027775867994878994,0.024558454751968384,0.0032174132429106106,1
2028,0,278,claim_severity,0.02760676615752089,0.020986728370189667,0.006620037787331223,1
2028,0,278,provider_complication,0.029499374158533376,0.006826728582382202,0.022672645576151174,1
2028,0,278,coverage_gap,0.035447876179759946,0.03956674784421921,0.0041188716644592616,1
2028,0,282,age,0.07613426989219423,0.08807004988193512,0.011935779989740894,1
2028,0,282,poor_health,0.017334331933669567,0.021745681762695312,0.004411349829025746,1
2028,0,282,smoking,0.0,0.0,0.0,1
2028,0,282,bmi_risk,0.0508264411404824,0.052648574113845825,0.0018221329733634217,1
2028,0,282,nonadherence,0.019355103883278477,0.022108688950538635,0.0027535850672601586,1
2028,0,282,claim_rate,0.015070571277963296,0.01631040871143341,0.0012398374334701145,1
2028,0,282,claim_severity,0.010232283788342206,0.010269537568092346,3.725377975014044e-05,1
2028,0,282,provider_complication,0.02534814126974959,0.007937490940093994,0.017410650329655594,1
2028,0,282,coverage_gap,0.030765643871867213,0.04659010469913483,0.015824460827267614,1
2028,0,283,age,0.06191207559600647,0.05260385945439339,0.009308216141613083,1
2028,0,283,poor_health,0.018082481960229005,0.017573967576026917,0.0005085143842020884,1
2028,0,283,smoking,-2.7755575615628914e-17,0.0,2.7755575615628914e-17,1
2028,0,283,bmi_risk,0.0390403867827156,0.028780683875083923,0.010259702907631674,1
2028,0,283,nonadherence,0.02267467461702434,0.015153951942920685,0.007520722674103655,1
2028,0,283,claim_rate,-2.7755575615628914e-17,0.0,2.7755575615628914e-17,1
2028,0,283,claim_severity,-2.7755575615628914e-17,0.0,2.7755575615628914e-17,1
2028,0,283,provider_complication,0.012951212797575856,0.0024282410740852356,0.01052297172349062,1
2028,0,283,coverage_gap,0.020792087027282136,0.020169325172901154,0.0006227618543809821,1
2028,0,302,age,0.031328120713769156,0.031775422394275665,0.0004473016805065094,1
2028,0,302,poor_health,0.08012663906559798,0.08930955827236176,0.00918291920676377,1
2028,0,302,smoking,-2.7755575615628914e-17,0.0,2.7755575615628914e-17,1
2028,0,302,bmi_risk,0.003099252309439998,0.002506077289581299,0.0005931750198586994,1
2028,0,302,nonadherence,0.017366687702020128,0.013724640011787415,0.0036420476902327137,1
2028,0,302,claim_rate,0.015337970305181248,0.014912471175193787,0.0004254991299874611,1
2028,0,302,claim_severity,0.040569236804516406,0.03537560999393463,0.005193626810581775,1
2028,0,302,provider_complication,0.010268518008282046,0.0028362423181533813,0.007432275690128665,1
2028,0,302,coverage_gap,0.02083819120507488,0.02595621347427368,0.005118022269198802,1
2028,0,309,age,0.03829804158811359,0.036280691623687744,0.0020173499644258464,1
2028,0,309,poor_health,0.02718928062931661,0.029452621936798096,0.0022633413074814868,1
2028,0,309,smoking,0.09734722973238696,0.09470004588365555,0.002647183848731416,1
2028,0,309,bmi_risk,0.02876122180794219,0.022503316402435303,0.006257905405506886,1
2028,0,309,nonadherence,0.01742365415853747,0.014696463942527771,0.0027271902160097006,1
2028,0,309,claim_rate,2.7755575615628914e-17,0.0,2.7755575615628914e-17,1
2028,0,309,claim_severity,0.06864298952817406,0.05537000298500061,0.013272986543173451,1
2028,0,309,provider_complication,0.0186181775699637,0.005078792572021484,0.013539384997942217,1
2028,0,309,coverage_gap,0.03889512972482931,0.045020997524261475,0.006125867799432166,1
2028,0,314,age,0.03477123579072279,0.03927941620349884,0.00450818041277605,1
2028,0,314,poor_health,0.04092606725498861,0.05184904858469963,0.01092298132971102,1
2028,0,314,smoking,0.0,0.0,0.0,1
2028,0,314,bmi_risk,0.02038353275087955,0.019807755947113037,0.0005757768037665117,1
2028,0,314,nonadherence,0.0029642108921417443,0.0026569440960884094,0.00030726679605333485,1
2028,0,314,claim_rate,0.0,0.0,0.0,1
2028,0,314,claim_severity,0.013006920945207098,0.01119963824748993,0.001807282697717169,1
2028,0,314,provider_complication,0.008884690143602797,0.0022076591849327087,0.006677030958670088,1
2028,0,314,coverage_gap,0.012274892522491407,0.017417840659618378,0.005142948137126971,1
2028,0,320,age,0.08367283914480537,0.07846711575984955,0.0052057233849558265,1
2028,0,320,poor_health,0.10576077107842188,0.10546655207872391,0.00029421899969797605,1
2028,0,320,smoking,0.0,0.0,0.0,1
2028,0,320,bmi_risk,0.010213615177647656,0.008306309580802917,0.0019073055968447383,1
2028,0,320,nonadherence,0.05708463639813752,0.04370503127574921,0.01337960512238831,1
2028,0,320,claim_rate,0.0,0.0,0.0,1
2028,0,320,claim_severity,0.05955296536107832,0.045321375131607056,0.014231590229471264,1
2028,0,320,provider_complication,0.017456427170273237,0.004656970500946045,0.012799456669327192,1
2028,0,320,coverage_gap,0.024218305149274616,0.02701963484287262,0.0028013296935980037,1
2028,0,326,age,0.04693883285616593,0.03524910658597946,0.011689726270186468,1
2028,0,326,poor_health,0.094205589652638,0.0776791200041771,0.016526469648460912,1
2028,0,326,smoking,-5.551115123125783e-17,0.0,5.551115123125783e-17,1
2028,0,326,bmi_risk,0.05593487160736227,0.03535778075456619,0.020577090852796076,1
2028,0,326,nonadherence,0.013541623536840797,0.008162543177604675,0.005379080359236121,1
2028,0,326,claim_rate,0.020653050432346637,0.014707520604133606,0.005945529828213031,1
2028,0,326,claim_severity,0.0707538963672949,0.044149622321128845,0.026604274046166054,1
2028,0,326,provider_complication,0.06990517043091862,0.015975728631019592,0.05392944179989903,1
2028,0,326,coverage_gap,0.004071338588150897,0.003678753972053528,0.00039258461609736894,1
2028,0,329,age,0.00934973662034922,0.01064496859908104,0.0012952319787318187,1
2028,0,329,poor_health,0.003847720377941115,0.0049859993159770966,0.0011382789380359817,1
2028,0,329,smoking,6.938893903907228e-18,0.0,6.938893903907228e-18,1
2028,0,329,bmi_risk,0.0053390045051738,0.005128346383571625,0.00021065812160217523,1
2028,0,329,nonadherence,0.0018349949234625212,0.0016429275274276733,0.0001920673960348479,1
2028,0,329,claim_rate,6.938893903907228e-18,0.0,6.938893903907228e-18,1
2028,0,329,claim_severity,0.0004682810272115187,0.00041133537888526917,5.694564832624954e-05,1
2028,0,329,provider_complication,0.005806633861834866,0.0014304742217063904,0.0043761596401284755,1
2028,0,329,coverage_gap,0.009780772986435177,0.01273386925458908,0.002953096268153904,1
2028,0,331,age,0.07148359498156709,0.07889596372842789,0.007412368746860798,1
2028,0,331,poor_health,0.07876956863219431,0.0965123251080513,0.01774275647585699,1
2028,0,331,smoking,-2.7755575615628914e-17,0.0,2.7755575615628914e-17,1
2028,0,331,bmi_risk,0.015932586702133406,0.016106024384498596,0.00017343768236519064,1
2028,0,331,nonadherence,0.046900889420162115,0.04344534873962402,0.003455540680538091,1
2028,0,331,claim_rate,-2.7755575615628914e-17,0.0,2.7755575615628914e-17,1
2028,0,331,claim_severity,0.0406109510733316,0.03630825877189636,0.004302692301435235,1
2028,0,331,provider_complication,0.013339078307613744,0.003484100103378296,0.009854978204235448,1
2028,0,331,coverage_gap,0.0460100853850791,0.05983869731426239,0.01382861192918329,1
2028,0,334,age,0.07332867886223282,0.04571138322353363,0.02761729563869919,1
2028,0,334,poor_health,0.1760412254647581,0.16626229882240295,0.009778926642355135,1
2028,0,334,smoking,0.0,0.0,0.0,1
2028,0,334,bmi_risk,0.06231758730303466,0.04017995297908783,0.02213763432394683,1
2028,0,334,nonadherence,0.0582756911700075,0.04241754114627838,0.015858150023729117,1
2028,0,334,claim_rate,0.0,0.0,0.0,1
2028,0,334,claim_severity,0.06879888754692326,0.03419947624206543,0.03459941130485783,1
2028,0,334,provider_complication,0.03335913442788413,0.005046427249908447,0.028312707177975682,1
2028,0,334,coverage_gap,0.04589355565558098,0.03388702869415283,0.012006526961428149,1
2028,0,340,age,0.14489754351219958,0.1360725313425064,0.00882501216969317,1
2028,0,340,poor_health,0.1629048498654261,0.17657694220542908,0.013672092340002967,1
2028,0,340,smoking,0.0,0.0,0.0,1
2028,0,340,bmi_risk,0.04191987937559294,0.047432512044906616,0.005512632669313677,1
2028,0,340,nonadherence,0.06665903457920763,0.054198235273361206,0.012460799305846426,1
2028,0,340,claim_rate,0.08325327192037968,0.08310374617576599,0.00014952574461368773,1
2028,0,340,claim_severity,0.1230356737469746,0.09671923518180847,0.026316438565166134,1
2028,0,340,provider_complication,0.01355130558086004,0.0034927725791931152,0.010058533001666925,1
2028,0,340,coverage_gap,0.06327972958820438,0.06130179762840271,0.001977931959801671,1
2028,0,342,age,0.10287542187513268,0.10564763844013214,0.002772216564999458,1
2028,0,342,poor_health,0.0766374865697182,0.09133504331111908,0.014697556741400886,1
2028,0,342,smoking,0.13386428996426608,0.14075076580047607,0.006886475836209993,1
2028,0,342,bmi_risk,7.901011052341422e-05,0.00010028481483459473,2.1274704311180503e-05,1
2028,0,342,nonadherence,0.03187254485709415,0.03427010774612427,0.0023975628890301193,1
2028,0,342,claim_rate,0.024901326442299032,0.027197688817977905,0.002296362375678873,1
2028,0,342,claim_severity,0.09449390374289196,0.08461764454841614,0.009876259194475823,1
2028,0,342,provider_complication,0.06217391786372786,0.016487866640090942,0.04568605122363692,1
2028,0,342,coverage_gap,0.039438822688679875,0.04648388922214508,0.007045066533465205,1
2028,0,343,age,0.07738412195004471,0.06350158154964447,0.01388254040040024,1
2028,0,343,poor_health,0.06827833132853933,0.06468607485294342,0.003592256475595912,1
2028,0,343,smoking,2.7755575615628914e-17,0.0,2.7755575615628914e-17,1
2028,0,343,bmi_risk,0.02596034257360988,0.017034485936164856,0.008925856637445023,1
2028,0,343,nonadherence,0.06636764664835809,0.04342015087604523,0.022947495772312865,1
2028,0,343,claim_rate,0.04278397131837039,0.03411377966403961,0.008670191654330778,1
2028,0,343,claim_severity,0.07444043708389239,0.051787152886390686,0.022653284197501705,1
2028,0,343,provider_complication,0.02891561447374741,0.007308557629585266,0.021607056844162142,1
2028,0,343,coverage_gap,0.05784552746949001,0.05749347805976868,0.00035204940972133336,1
2028,0,347,age,0.04284448577884286,0.042721062898635864,0.0001234228802069956,1
2028,0,347,poor_health,0.016521917313451775,0.01784190535545349,0.0013199880420017157,1
2028,0,347,smoking,1.3877787807814457e-17,0.0,1.3877787807814457e-17,1
2028,0,347,bmi_risk,0.00439698739280564,0.003403007984161377,0.0009939794086442633,1
2028,0,347,nonadherence,0.014003812100950544,0.010965824127197266,0.0030379879737532783,1
2028,0,347,claim_rate,1.3877787807814457e-17,0.0,1.3877787807814457e-17,1
2028,0,347,claim_severity,0.012861277916275435,0.009989999234676361,0.0028712786815990737,1
2028,0,347,provider_complication,0.013482795876016695,0.0031803250312805176,0.010302470844736178,1
2028,0,347,coverage_gap,0.004794268010116981,0.006517328321933746,0.0017230603118167653,1
2028,0,354,age,0.07311152146762644,0.0629827156662941,0.010128805801332338,1
2028,0,354,poor_health,0.08019409177075165,0.07623322308063507,0.003960868690116581,1
2028,0,354,smoking,0.0,0.0,0.0,1
2028,0,354,bmi_risk,0.051889782838370424,0.03929898142814636,0.012590801410224062,1
2028,0,354,nonadherence,0.03428728961853264,0.022909387946128845,0.011377901672403795,1
2028,0,354,claim_rate,0.0,0.0,0.0,1
2028,0,354,claim_severity,0.05007043606699921,0.03366971015930176,0.01640072590769745,1
2028,0,354,provider_complication,0.018489931661419212,0.0034507811069488525,0.01503915055447036,1
2028,0,354,coverage_gap,0.04407293910096291,0.03907155990600586,0.005001379194957051,1
2028,0,355,age,0.014191849664839926,0.01588207483291626,0.0016902251680763342,1
2028,0,355,poor_health,0.01899766064512861,0.023015223443508148,0.004017562798379538,1
2028,0,355,smoking,-1.3877787807814457e-17,0.0,1.3877787807814457e-17,1
2028,0,355,bmi_risk,0.017357818388023014,0.01555364578962326,0.001804172598399753,1
2028,0,355,nonadherence,0.016278672719588945,0.01423460990190506,0.002044062817683885,1
2028,0,355,claim_rate,-1.3877787807814457e-17,0.0,1.3877787807814457e-17,1
2028,0,355,claim_severity,0.010057801212740691,0.009222999215126038,0.0008348019976146537,1
2028,0,355,provider_complication,0.012239525729102932,0.0038565024733543396,0.008383023255748592,1
2028,0,355,coverage_gap,0.019063831429403058,0.02694224938750267,0.007878417958099612,1
2028,0,362,age,0.11305264691000338,0.09874813258647919,0.014304514323524198,1
2028,0,362,poor_health,0.1403834807819955,0.13666648417711258,0.0037169966048829217,1
2028,0,362,smoking,0.0,0.0,0.0,1
2028,0,362,bmi_risk,0.0407244910454663,0.024842455983161926,0.015882035062304373,1
2028,0,362,nonadherence,0.01624941018179668,0.012500971555709839,0.003748438626086842,1
2028,0,362,claim_rate,0.023774856121186155,0.01821291446685791,0.005561941654328245,1
2028,0,362,claim_severity,0.081862161562236,0.05451767146587372,0.02734449009636228,1
2028,0,362,provider_complication,0.038386767688028234,0.008013352751731873,0.03037341493629636,1
2028,0,362,coverage_gap,0.02553095453923565,0.023424386978149414,0.0021065675610862367,1
2028,0,365,age,0.03896013626066822,0.04470633715391159,0.005746200893243368,1
2028,0,365,poor_health,0.018829891575096028,0.024279139935970306,0.005449248360874279,1
2028,0,365,smoking,0.0,0.0,0.0,1
2028,0,365,bmi_risk,0.007064583543445663,0.006467513740062714,0.0005970698033829491,1
2028,0,365,nonadherence,0.010091919480492803,0.00927610695362091,0.0008158125268718924,1
2028,0,365,claim_rate,0.010047195308332396,0.01057615876197815,0.0005289634536457533,1
2028,0,365,claim_severity,0.024861334875934532,0.022633567452430725,0.002227767423503807,1
2028,0,365,provider_complication,0.008806835787103298,0.00254657119512558,0.006260264591977718,1
2028,0,365,coverage_gap,0.017515793948611816,0.023384705185890198,0.005868911237278382,1
2028,0,371,age,0.08057714957065201,0.09261038154363632,0.01203323197298431,1
2028,0,371,poor_health,0.06546611341349111,0.08060754835605621,0.015141434942565105,1
2028,0,371,smoking,0.0,0.0,0.0,1
2028,0,371,bmi_risk,0.027342726891245506,0.026944920420646667,0.0003978064705988382,1
2028,0,371,nonadherence,0.029790052499689995,0.025737375020980835,0.00405267747870916,1
2028,0,371,claim_rate,0.016380895860706485,0.017546474933624268,0.0011655790729177828,1
2028,0,371,claim_severity,0.02195629394453591,0.019000917673110962,0.0029553762714249476,1
2028,0,371,provider_complication,0.02011769312141584,0.004597768187522888,0.015519924933892953,1
2028,0,371,coverage_gap,0.022884105989668946,0.03140394389629364,0.008519837906624694,1
2028,0,372,age,0.040490646533519456,0.044580601155757904,0.004089954622238448,1
2028,0,372,poor_health,0.052183940233868964,0.06173313409090042,0.009549193857031457,1
2028,0,372,smoking,-1.3877787807814457e-17,0.0,1.3877787807814457e-17,1
2028,0,372,bmi_risk,0.023759144783399716,0.021761685609817505,0.001997459173582211,1
2028,0,372,nonadherence,0.002030886221094541,0.0018249601125717163,0.00020592610852282478,1
2028,0,372,claim_rate,-1.3877787807814457e-17,0.0,1.3877787807814457e-17,1
2028,0,372,claim_severity,0.023634736075887827,0.02075512707233429,0.0028796090035535377,1
2028,0,372,provider_complication,0.015581264892649202,0.004017814993858337,0.011563449898790865,1
2028,0,372,coverage_gap,0.03429419212941123,0.04249461740255356,0.008200425273142325,1
2028,0,377,age,0.1238088569768835,0.10884688794612885,0.014961969030754654,1
2028,0,377,poor_health,0.09231042340584117,0.09206515550613403,0.0002452678997071356,1
2028,0,377,smoking,0.0,0.0,0.0,1
2028,0,377,bmi_risk,0.010730408258742274,0.007642343640327454,0.003088064618414821,1
2028,0,377,nonadherence,0.052112875320648094,0.03213760256767273,0.019975272752975365,1
2028,0,377,claim_rate,0.02215335092286555,0.01760384440422058,0.004549506518644969,1
2028,0,377,claim_severity,0.07779010340999573,0.04819878935813904,0.029591314051856693,1
2028,0,377,provider_complication,0.054882600216575095,0.009088978171348572,0.04579362204522652,1
2028,0,377,coverage_gap,0.029700928087862566,0.026644960045814514,0.0030559680420480517,1
2028,0,384,age,0.0899017704799102,0.08326471596956253,0.00663705451034767,1
2028,0,384,poor_health,0.04934677821256893,0.05037618428468704,0.0010294060721181136,1
2028,0,384,smoking,0.0,0.0,0.0,1
2028,0,384,bmi_risk,0.02270127122385099,0.01728135347366333,0.005419917750187658,1
2028,0,384,nonadherence,0.01497199709561825,0.013118758797645569,0.0018532382979726814,1
2028,0,384,claim_rate,0.01710643109802437,0.015632927417755127,0.0014735036802692447,1
2028,0,384,claim_severity,0.009451769127535425,0.0067074596881866455,0.00274430943934878,1
2028,0,384,provider_complication,0.03205808841735233,0.0055847615003585815,0.02647332691699375,1
2028,0,384,coverage_gap,0.05302917452809111,0.05469343066215515,0.0016642561340640405,1
2028,0,403,age,0.029337852085589602,0.027570679783821106,0.0017671723017684965,1
2028,0,403,poor_health,0.03584660036837069,0.037817951291799545,0.001971350923428858,1
2028,0,403,smoking,-1.3877787807814457e-17,0.0,1.3877787807814457e-17,1
2028,0,403,bmi_risk,0.01089113523997047,0.008865639567375183,0.002025495672595287,1
2028,0,403,nonadherence,0.013351228493562281,0.009984105825424194,0.0033671226681380867,1
2028,0,403,claim_rate,0.010645834138786572,0.009444259107112885,0.0012015750316736878,1
2028,0,403,claim_severity,0.011094359318629815,0.007990516722202301,0.003103842596427514,1
2028,0,403,provider_complication,0.013052024900667744,0.0027610361576080322,0.010290988743059712,1
2028,0,403,coverage_gap,0.016368231840423478,0.0193629190325737,0.002994687192150222,1
2028,0,412,age,0.19071125784785387,0.1909421980381012,0.0002309401902473307,1
2028,0,412,poor_health,0.0418310343993229,0.04170456528663635,0.0001264691126865447,1
2028,0,412,smoking,0.15283851556162412,0.14942367374897003,0.0034148418126540847,1
2028,0,412,bmi_risk,0.01725340584654389,0.018044084310531616,0.0007906784639877262,1
2028,0,412,nonadherence,0.056415227050902295,0.05333542823791504,0.0030797988129872556,1
2028,0,412,claim_rate,0.027643362477161926,0.027430415153503418,0.00021294732365850777,1
2028,0,412,claim_severity,0.05051362704123652,0.04204997420310974,0.008463652838126778,1
2028,0,412,provider_complication,0.04686205101625085,0.012261629104614258,0.03460042191163659,1
2028,0,412,coverage_gap,0.04628308028520717,0.05441156029701233,0.008128480011805161,1
2028,0,416,age,0.02730788562519436,0.0318477489054203,0.004539863280225945,1
2028,0,416,poor_health,0.013819427356238388,0.017279736697673798,0.0034603093414354094,1
2028,0,416,smoking,0.0,0.0,0.0,1
2028,0,416,bmi_risk,0.007072734335448749,0.006408609449863434,0.0006641248855853155,1
2028,0,416,nonadherence,0.011398501826117999,0.010347992181777954,0.0010505096443400447,1
2028,0,416,claim_rate,0.00850594412684233,0.008699223399162292,0.00019327927231996278,1
2028,0,416,claim_severity,0.01126815468215793,0.011119812726974487,0.0001483419551834425,1
2028,0,416,provider_complication,0.011013601764539485,0.0036612749099731445,0.007352326854566341,1
2028,0,416,coverage_gap,0.01328455102638472,0.01691022515296936,0.003625674126584641,1
2028,0,419,age,0.013115774994405999,0.017006121575832367,0.0038903465814263682,1
2028,0,419,poor_health,0.013294651301779828,0.018084507435560226,0.0047898561337803985,1
2028,0,419,smoking,0.0,0.0,0.0,1
2028,0,419,bmi_risk,0.0020306579501786146,0.0021225549280643463,9.189697788573176e-05,1
2028,0,419,nonadherence,0.008229101747990956,0.00808708742260933,0.00014201432538162723,1
2028,0,419,claim_rate,0.0,0.0,0.0,1
2028,0,419,claim_severity,0.000739190598069546,0.0007053948938846588,3.379570418488714e-05,1
2028,0,419,provider_complication,0.0016505659896665012,0.00042732059955596924,0.001223245390110532,1
2028,0,419,coverage_gap,0.00848390217871084,0.013497266918420792,0.005013364739709952,1
2028,0,427,age,0.14480515964503915,0.12482665479183197,0.01997850485320718,1
2028,0,427,poor_health,0.15620010026156353,0.1516602784395218,0.00453982182204174,1
2028,0,427,smoking,-5.551115123125783e-17,0.0,5.551115123125783e-17,1
2028,0,427,bmi_risk,0.035523206221258374,0.03558996319770813,6.675697644975553e-05,1
2028,0,427,nonadherence,0.061782312145996277,0.04485312104225159,0.01692919110374469,1
2028,0,427,claim_rate,0.05506353807902925,0.047649234533309937,0.007414303545719314,1
2028,0,427,claim_severity,0.0859568238948262,0.06076902151107788,0.02518780238374832,1
2028,0,427,provider_complication,0.049893461023915675,0.01280820369720459,0.037085257326711085,1
2028,0,427,coverage_gap,0.07261093552828796,0.06844069063663483,0.00417024489165313,1
2028,0,431,age,0.09844164456530656,0.08758968859910965,0.01085195596619691,1
2028,0,431,poor_health,0.06383286773605192,0.06482822448015213,0.0009953567441002148,1
2028,0,431,smoking,0.0,0.0,0.0,1
2028,0,431,bmi_risk,0.008712079720824828,0.006673872470855713,0.002038207249969115,1
2028,0,431,nonadherence,0.024239990695314267,0.01798763871192932,0.006252351983384946,1
2028,0,431,claim_rate,0.035942432233116134,0.030505478382110596,0.005436953851005538,1
2028,0,431,claim_severity,0.05607552225270948,0.041538625955581665,0.014536896297127816,1
2028,0,431,provider_complication,0.0194177188075281,0.0049807727336883545,0.014436946073839746,1
2028,0,431,coverage_gap,0.0136186617817734,0.01605953276157379,0.0024408709798003914,1
2028,0,436,age,0.0204779000113383,0.019205525517463684,0.0012723744938746145,1
2028,0,436,poor_health,0.020230291048580318,0.020795591175556183,0.0005653001269758651,1
2028,0,436,smoking,1.3877787807814457e-17,0.0,1.3877787807814457e-17,1
2028,0,436,bmi_risk,0.027398662418961064,0.02141108363866806,0.005987578780293004,1
2028,0,436,nonadherence,0.030863410420725365,0.022841356694698334,0.008022053726027031,1
2028,0,436,claim_rate,1.3877787807814457e-17,0.0,1.3877787807814457e-17,1
2028,0,436,claim_severity,0.01495664701468094,0.011611536145210266,0.0033451108694706744,1
2028,0,436,provider_complication,0.009744322942181943,0.0024294257164001465,0.007314897225781797,1
2028,0,436,coverage_gap,0.026110852865929568,0.027467839419841766,0.0013569865539121984,1
2028,0,438,age,0.018545144711473137,0.018167026340961456,0.00037811837051168057,1
2028,0,438,poor_health,0.020219821668707096,0.02201918512582779,0.0017993634571206937,1
2028,0,438,smoking,0.0,0.0,0.0,1
2028,0,438,bmi_risk,0.0032678160552019747,0.002722799777984619,0.0005450162772173556,1
2028,0,438,nonadherence,0.0023438954135455853,0.001772761344909668,0.0005711340686359173,1
2028,0,438,claim_rate,0.015911967456808673,0.014534208923578262,0.001377758533230411,1
2028,0,438,claim_severity,0.006433434563778401,0.00484602153301239,0.0015874130307660106,1
2028,0,438,provider_complication,0.011602495780355528,0.0025530457496643066,0.009049450030691221,1
2028,0,438,coverage_gap,0.01186298788459661,0.014303967356681824,0.002440979472085214,1
2028,0,440,age,0.18965665590775366,0.18139293789863586,0.008263718009117793,1
2028,0,440,poor_health,0.1529982829035062,0.16703781485557556,0.014039531952069362,1
2028,0,440,smoking,0.2068606814037368,0.21253982186317444,0.005679140459437626,1
2028,0,440,bmi_risk,0.09648836652071002,0.11444777250289917,0.017959405982189147,1
2028,0,440,nonadherence,0.07302551866746376,0.07978314161300659,0.006757622945542829,1
2028,0,440,claim_rate,0.032339540064323824,0.04030269384384155,0.007963153779517729,1
2028,0,440,claim_severity,0.20635233767497313,0.15119165182113647,0.055160685853836655,1
2028,0,440,provider_complication,0.014857856202486253,0.0018256902694702148,0.013032165933016038,1
2028,0,440,coverage_gap,0.043374634255191835,0.045167118310928345,0.0017924840557365096,1
2028,0,442,age,0.06692013191626399,0.06842507421970367,0.0015049423034396853,1
2028,0,442,poor_health,0.06925986730500269,0.07889237254858017,0.009632505243577477,1
2028,0,442,smoking,0.0,0.0,0.0,1
2028,0,442,bmi_risk,0.04081316867414153,0.035576313734054565,0.005236854940086966,1
2028,0,442,nonadherence,0.012947418709167602,0.010310262441635132,0.00263715626753247,1
2028,0,442,claim_rate,0.018093158166812146,0.017556339502334595,0.0005368186644775508,1
2028,0,442,claim_severity,0.06182671772377746,0.0516575425863266,0.010169175137450859,1
2028,0,442,provider_complication,0.01236375603796408,0.002495110034942627,0.009868646003021453,1
2028,0,442,coverage_gap,0.03829130563883065,0.04647268354892731,0.008181377910096654,1
2028,0,443,age,0.009360370169962162,0.009387325495481491,2.6955325519328888e-05,1
2028,0,443,poor_health,0.00957260494379776,0.010689694434404373,0.0011170894906066126,1
2028,0,443,smoking,-6.938893903907228e-18,0.0,6.938893903907228e-18,1
2028,0,443,bmi_risk,0.004085004630458675,0.003451608121395111,0.0006333965090635635,1
2028,0,443,nonadherence,0.007302144219267864,0.00588279590010643,0.0014193483191614342,1
2028,0,443,claim_rate,0.005651748786546423,0.005234330892562866,0.0004174178939835571,1
2028,0,443,claim_severity,0.0024186562308878903,0.001861386001110077,0.0005572702297778134,1
2028,0,443,provider_complication,0.006351632362672076,0.0013861767947673798,0.004965455567904696,1
2028,0,443,coverage_gap,0.003562423631414978,0.004918552935123444,0.0013561293037084657,1
2028,0,446,age,0.11781768560004399,0.10068775713443756,0.01712992846560643,1
2028,0,446,poor_health,0.12830351474141144,0.12453994899988174,0.0037635657415296953,1
2028,0,446,smoking,0.0,0.0,0.0,1
2028,0,446,bmi_risk,0.05114126291446258,0.03970198333263397,0.01143927958182861,1
2028,0,446,nonadherence,0.06945233264644499,0.04900467395782471,0.02044765868862028,1
2028,0,446,claim_rate,0.0,0.0,0.0,1
2028,0,446,claim_severity,0.0780380208535732,0.04803965985774994,0.02999836099582326,1
2028,0,446,provider_complication,0.047051891368085796,0.008972108364105225,0.03807978300398057,1
2028,0,446,coverage_gap,0.0396738732284698,0.035996466875076294,0.003677406353393503,1
2028,0,447,age,0.049935994003212594,0.0441407710313797,0.005795222971832895,1
2028,0,447,poor_health,0.07126419659525791,0.07168936729431152,0.00042517069905360916,1
2028,0,447,smoking,0.0,0.0,0.0,1
2028,0,447,bmi_risk,0.00912266968625533,0.006534785032272339,0.0025878846539829914,1
2028,0,447,nonadherence,0.0073963713329132375,0.005335673689842224,0.0020606976430710133,1
2028,0,447,claim_rate,0.0,0.0,0.0,1
2028,0,447,claim_severity,0.047223628096774245,0.034421682357788086,0.012801945738986159,1
2028,0,447,provider_complication,0.026804424788792705,0.005126580595970154,0.02167784419282255,1
2028,0,447,coverage_gap,0.012897528415359738,0.01596119999885559,0.0030636715834958528,1
2028,0,448,age,0.026907382709695685,0.02629094570875168,0.0006164370009440062,1
2028,0,448,poor_health,0.04885662415502373,0.05564751476049423,0.006790890605470501,1
2028,0,448,smoking,2.7755575615628914e-17,0.0,2.7755575615628914e-17,1
2028,0,448,bmi_risk,0.04041684898589232,0.035702504217624664,0.004714344768267653,1
2028,0,448,nonadherence,0.005964584597322978,0.005219392478466034,0.0007451921188569438,1
2028,0,448,claim_rate,0.012555450184841721,0.01193147897720337,0.0006239712076383519,1
2028,0,448,claim_severity,0.01884756742339809,0.014986597001552582,0.003860970421845508,1
2028,0,448,provider_complication,0.012997642870179224,0.0031169652938842773,0.009880677576294947,1
2028,0,448,coverage_gap,0.0170412138669154,0.023734569549560547,0.006693355682645147,1
2028,0,455,age,0.005661763485967336,0.005553353577852249,0.00010840990811508688,1
2028,0,455,poor_health,0.017932228542569296,0.018796682357788086,0.0008644538152187894,1
2028,0,455,smoking,-1.3877787807814457e-17,0.0,1.3877787807814457e-17,1
2028,0,455,bmi_risk,0.01629967938432838,0.014095250517129898,0.002204428867198481,1
2028,0,455,nonadherence,0.025499769794570894,0.02002958580851555,0.005470183986055345,1
2028,0,455,claim_rate,-1.3877787807814457e-17,0.0,1.3877787807814457e-17,1
2028,0,455,claim_severity,0.004259246125006805,0.0032779574394226074,0.0009812886855841974,1
2028,0,455,provider_complication,0.005269459580481112,0.0010389089584350586,0.004230550622046053,1
2028,0,455,coverage_gap,0.005351995809743645,0.006600622087717056,0.0012486262779734109,1
2028,0,458,age,0.021880465205505614,0.022613320499658585,0.0007328552941529703,1
2028,0,458,poor_health,0.01677289566092819,0.019135430455207825,0.0023625347942796346,1
2028,0,458,smoking,1.3877787807814457e-17,0.0,1.3877787807814457e-17,1
2028,0,458,bmi_risk,0.0050697186810138226,0.004538990557193756,0.0005307281238200665,1
2028,0,458,nonadherence,0.004791349241011253,0.0038249120116233826,0.0009664372293878704,1
2028,0,458,claim_rate,1.3877787807814457e-17,0.0,1.3877787807814457e-17,1
2028,0,458,claim_severity,0.0076558828301425685,0.0061861127614974976,0.001469770068645071,1
2028,0,458,provider_complication,0.013087612772956156,0.0030351653695106506,0.010052447403445505,1
2028,0,458,coverage_gap,0.005411330839550942,0.007146432995796204,0.001735102156245262,1
2028,0,462,age,0.06572704150118686,0.05864742398262024,0.007079617518566617,1
2028,0,462,poor_health,0.024600139320826386,0.026265844702720642,0.0016657053818942558,1
2028,0,462,smoking,0.12000987655328021,0.1083001121878624,0.011709764365417819,1
2028,0,462,bmi_risk,0.0461908841005966,0.03765547275543213,0.008535411345164473,1
2028,0,462,nonadherence,0.03419242749561266,0.028162449598312378,0.0060299778973002816,1
2028,0,462,claim_rate,0.02273404904932355,0.020284011960029602,0.0024500370892939494,1
2028,0,462,claim_severity,0.0739303829265412,0.05652441084384918,0.01740597208269201,1
2028,0,462,provider_complication,0.02798525944421193,0.007209062576293945,0.020776196867917984,1
2028,0,462,coverage_gap,0.031673763485029954,0.032833606004714966,0.0011598425196850115,1
2028,0,463,age,0.028938151628549846,0.0215894877910614,0.007348663837488445,1
2028,0,463,poor_health,0.03925267847390718,0.03296518325805664,0.006287495215850536,1
2028,0,463,smoking,0.1217667997917972,0.09717293828725815,0.024593861504539058,1
2028,0,463,bmi_risk,0.03803275002728121,0.024086475372314453,0.013946274654966756,1
2028,0,463,nonadherence,0.020914343940143992,0.010764166712760925,0.010150177227383067,1
2028,0,463,claim_rate,0.0230157292869122,0.016358450055122375,0.0066572792317898255,1
2028,0,463,claim_severity,0.09321921101760788,0.0603034645318985,0.032915746485709385,1
2028,0,463,provider_complication,0.04956672242424007,0.012125357985496521,0.037441364438743546,1
2028,0,463,coverage_gap,0.03602067877097381,0.03476308286190033,0.0012575959090734834,1
2028,0,465,age,0.20554617483947402,0.21484586596488953,0.00929969112541551,1
2028,0,465,poor_health,0.08936039209151764,0.09636834263801575,0.0070079505464981096,1
2028,0,465,smoking,0.20293161251879882,0.2212715744972229,0.01833996197842408,1
2028,0,465,bmi_risk,0.07083571128691762,0.0849619209766388,0.01412620968972117,1
2028,0,465,nonadherence,0.10477340303739541,0.1071828305721283,0.0024094275347328886,1
2028,0,465,claim_rate,0.06483613146054817,0.0823812484741211,0.01754511701357292,1
2028,0,465,claim_severity,0.15985881769212018,0.12607869505882263,0.03378012263329755,1
2028,0,465,provider_complication,0.01534639110424807,0.0034415125846862793,0.01190487851956179,1
2028,0,465,coverage_gap,0.08039241882783882,0.07884961366653442,0.0015428051613043947,1
2028,0,469,age,0.051908609351766374,0.04672825708985329,0.005180352261913088,1
2028,0,469,poor_health,0.009959038338103951,0.009917408227920532,4.163011018341878e-05,1
2028,0,469,smoking,1.3877787807814457e-17,0.0,1.3877787807814457e-17,1
2028,0,469,bmi_risk,0.006210193512619949,0.004683874547481537,0.0015263189651384124,1
2028,0,469,nonadherence,0.020113197053030177,0.014840885996818542,0.005272311056211634,1
2028,0,469,claim_rate,1.3877787807814457e-17,0.0,1.3877787807814457e-17,1
2028,0,469,claim_severity,0.01662934610725382,0.011085890233516693,0.005543455873737127,1
2028,0,469,provider_complication,0.009200201773239866,0.001675620675086975,0.007524581098152891,1
2028,0,469,coverage_gap,0.016438709426873616,0.017893292009830475,0.0014545825829568593,1
2028,0,475,age,0.007525598266885647,0.006792008876800537,0.0007335893900851098,1
2028,0,475,poor_health,0.05804030593512963,0.0633406713604927,0.005300365425363079,1
2028,0,475,smoking,1.3877787807814457e-17,0.0,1.3877787807814457e-17,1
2028,0,475,bmi_risk,0.014573304863641695,0.012312166392803192,0.002261138470838503,1
2028,0,475,nonadherence,0.03621200164712457,0.029385827481746674,0.006826174165377896,1
2028,0,475,claim_rate,0.01353099134121176,0.013678386807441711,0.00014739546622995203,1
2028,0,475,claim_severity,0.034871426767826355,0.02610068768262863,0.008770739085197723,1
2028,0,475,provider_complication,0.01660299003823011,0.0034795626997947693,0.013123427338435342,1
2028,0,475,coverage_gap,0.023932550441969208,0.02591884881258011,0.0019862983706109005,1
2028,0,489,age,0.04601191516809791,0.042502984404563904,0.0035089307635340072,1
2028,0,489,poor_health,0.06464554591389221,0.0677419900894165,0.0030964441755242933,1
2028,0,489,smoking,0.0,0.0,0.0,1
2028,0,489,bmi_risk,0.04736841599404437,0.03890523314476013,0.00846318284928424,1
2028,0,489,nonadherence,0.04712406579108441,0.03761279582977295,0.009511269961311464,1
2028,0,489,claim_rate,0.07795912292863602,0.06945359706878662,0.0085055258598494,1
2028,0,489,claim_severity,0.07145466137119252,0.05587741732597351,0.015577244045219013,1
2028,0,489,provider_complication,0.044847228078289086,0.012009084224700928,0.03283814385358816,1
2028,0,489,coverage_gap,0.045484280705632735,0.049867182970047,0.004382902264414262,1
2028,0,496,age,0.07013049363021231,0.07425083220005035,0.004120338569838039,1
2028,0,496,poor_health,0.03806240098412228,0.04555533826351166,0.007492937279389378,1
2028,0,496,smoking,0.10306131936999542,0.10625287145376205,0.003191552083766633,1
2028,0,496,bmi_risk,0.0010294008507553132,0.0009819269180297852,4.747393272552802e-05,1
2028,0,496,nonadherence,0.034553857299303437,0.02848820388317108,0.006065653416132355,1
2028,0,496,claim_rate,0.01992392223203726,0.01919586956501007,0.0007280526670271903,1
2028,0,496,claim_severity,0.07435251168250345,0.06681224703788757,0.007540264644615879,1
2028,0,496,provider_complication,0.017114287861937916,0.0047893226146698,0.012324965247268116,1
2028,0,496,coverage_gap,0.01588351366187782,0.016560032963752747,0.0006765193018749283,1
2028,0,499,age,0.03386675235468392,0.031805552542209625,0.002061199812474296,1
2028,0,499,poor_health,0.03531243969712615,0.03774914890527725,0.0024367092081511027,1
2028,0,499,smoking,0.0,0.0,0.0,1
2028,0,499,bmi_risk,0.02741845775233248,0.022896692156791687,0.004521765595540794,1
2028,0,499,nonadherence,0.0335673335888874,0.026221103966236115,0.007346229622651287,1
2028,0,499,claim_rate,0.0,0.0,0.0,1
2028,0,499,claim_severity,0.0009201532026278936,0.0006775707006454468,0.0002425825019824468,1
2028,0,499,provider_complication,0.01768417967728937,0.004148855805397034,0.013535323871892338,1
2028,0,499,coverage_gap,0.021553434141016847,0.025676243007183075,0.004122808866166228,1
2028,0,502,age,0.05188758407533786,0.05290073901414871,0.0010131549388108507,1
2028,0,502,poor_health,0.055179391526429936,0.061957329511642456,0.0067779379852125204,1
2028,0,502,smoking,0.0,0.0,0.0,1
2028,0,502,bmi_risk,0.028007418318853727,0.024685010313987732,0.0033224080048659954,1
2028,0,502,nonadherence,0.02966322347392275,0.02709345519542694,0.00256976827849581,1
2028,0,502,claim_rate,0.015875532892630717,0.015037909150123596,0.0008376237425071209,1
2028,0,502,claim_severity,0.054539385675582364,0.04641129821538925,0.008128087460193112,1
2028,0,502,provider_complication,0.01390265487552192,0.002657487988471985,0.011245166887049934,1
2028,0,502,coverage_gap,0.018503997761004726,0.024134784936904907,0.0056307871759001815,1
2028,0,507,age,0.0,0.0,0.0,1
2028,0,507,poor_health,0.16707308801368542,0.18736989796161652,0.020296809947931094,1
2028,0,507,smoking,0.18278697209328895,0.1931523084640503,0.010365336370761341,1
2028,0,507,bmi_risk,0.0768797217209587,0.07583609223365784,0.0010436294873008567,1
2028,0,507,nonadherence,0.05965016092808473,0.05995860695838928,0.0003084460303045544,1
2028,0,507,claim_rate,0.09070125912687071,0.11432012915611267,0.023618870029241956,1
2028,0,507,claim_severity,0.1827701545639326,0.14219847321510315,0.040571681348829464,1
2028,0,507,provider_complication,0.05805712334860108,0.01373666524887085,0.04432045809973023,1
2028,0,507,coverage_gap,0.024993308309711693,0.026421576738357544,0.0014282684286458514,1
2028,0,510,age,0.07096298764984386,0.062454670667648315,0.008508316982195549,1
2028,0,510,poor_health,0.04517838397534489,0.045171454548835754,6.929426509136305e-06,1
2028,0,510,smoking,2.7755575615628914e-17,0.0,2.7755575615628914e-17,1
2028,0,510,bmi_risk,0.015674455026451345,0.011690795421600342,0.003983659604851003,1
2028,0,510,nonadherence,0.036868071970301064,0.02885349839925766,0.008014573571043404,1
2028,0,510,claim_rate,0.015790429945157003,0.013972491025924683,0.0018179389192323203,1
2028,0,510,claim_severity,0.04314680273280354,0.030563943088054657,0.012582859644748881,1
2028,0,510,provider_complication,0.019014565268933192,0.0029637962579727173,0.016050769010960475,1
2028,0,510,coverage_gap,0.010091675115064563,0.01194840669631958,0.0018567315812550167,1
2028,0,525,age,0.03498415742140101,0.031366050243377686,0.0036181071780233276,1
2028,0,525,poor_health,0.009470033678375678,0.009875103831291199,0.00040507015291552095,1
2028,0,525,smoking,1.3877787807814457e-17,0.0,1.3877787807814457e-17,1
2028,0,525,bmi_risk,0.03937077020062692,0.031443484127521515,0.007927286073105402,1
2028,0,525,nonadherence,0.03431388898134517,0.026208393275737762,0.00810549570560741,1
2028,0,525,claim_rate,0.02403334187924029,0.021297156810760498,0.0027361850684797934,1
2028,0,525,claim_severity,0.024058154294945205,0.01731795072555542,0.0067402035693897855,1
2028,0,525,provider_complication,0.010870036785043544,0.0023881345987319946,0.008481902186311549,1
2028,0,525,coverage_gap,0.016192005400891676,0.017278581857681274,0.001086576456789598,1
2028,0,532,age,0.039443553045138066,0.04129178822040558,0.0018482351752675125,1
2028,0,532,poor_health,0.05047798954512482,0.058364301919937134,0.007886312374812313,1
2028,0,532,smoking,0.0,0.0,0.0,1
2028,0,532,bmi_risk,0.029968276370425817,0.027585208415985107,0.0023830679544407096,1
2028,0,532,nonadherence,0.03723756981631483,0.0336739718914032,0.003563597924911635,1
2028,0,532,claim_rate,0.02955137431283189,0.029604241251945496,5.286693911360496e-05,1
2028,0,532,claim_severity,0.0219113254394111,0.01933303475379944,0.0025782906856116616,1
2028,0,532,provider_complication,0.007495620720466306,0.0021452605724334717,0.0053503601480328344,1
2028,0,532,coverage_gap,0.037517221974483636,0.04282868653535843,0.005311464560874793,1
2028,0,536,age,0.01937030596936637,0.018932126462459564,0.00043817950690680507,1
2028,0,536,poor_health,0.02669416886713573,0.02937142178416252,0.002677252917026793,1
2028,0,536,smoking,1.3877787807814457e-17,0.0,1.3877787807814457e-17,1
2028,0,536,bmi_risk,0.009647340783638936,0.008198581635951996,0.00144875914768694,1
2028,0,536,nonadherence,0.016328800533439852,0.012763440608978271,0.003565359924461581,1
2028,0,536,claim_rate,1.3877787807814457e-17,0.0,1.3877787807814457e-17,1
2028,0,536,claim_severity,0.01607052517858759,0.01216898113489151,0.0039015440436960813,1
2028,0,536,provider_complication,0.006926586423524672,0.00141945481300354,0.005507131610521132,1
2028,0,536,coverage_gap,0.01150923564012478,0.013151034712791443,0.0016417990726666637,1
2028,0,538,age,0.14960362528879195,0.1488913893699646,0.000712235918827353,1
2028,0,538,poor_health,0.20862193524646616,0.22494322061538696,0.0163212853689208,1
2028,0,538,smoking,0.200159022308678,0.21477839350700378,0.014619371198325792,1
2028,0,538,bmi_risk,0.13135148841231492,0.14658698439598083,0.015235495983665914,1
2028,0,538,nonadherence,0.059726797718616054,0.06309008598327637,0.0033632882646603135,1
2028,0,538,claim_rate,0.03244291756814083,0.0336727499961853,0.001229832428044475,1
2028,0,538,claim_severity,0.1741031641059358,0.13853472471237183,0.035568439393563966,1
2028,0,538,provider_complication,0.021880711626953542,0.005574166774749756,0.016306544852203786,1
2028,0,538,coverage_gap,0.06799462868168243,0.06264370679855347,0.005350921883128967,1
2028,0,544,age,-1.3877787807814457e-17,0.0,1.3877787807814457e-17,1
2028,0,544,poor_health,0.024562017910155054,0.027845893055200577,0.003283875145045523,1
2028,0,544,smoking,-1.3877787807814457e-17,0.0,1.3877787807814457e-17,1
2028,0,544,bmi_risk,0.014941878996469572,0.013089753687381744,0.0018521253090878279,1
2028,0,544,nonadherence,0.01936651288313039,0.01561582088470459,0.003750691998425801,1
2028,0,544,claim_rate,-1.3877787807814457e-17,0.0,1.3877787807814457e-17,1
2028,0,544,claim_severity,0.015799931414943916,0.014784436672925949,0.0010154947420179666,1
2028,0,544,provider_complication,0.011956622988847719,0.0035153627395629883,0.00844126024928473,1
2028,0,544,coverage_gap,0.005929248302117426,0.008013010025024414,0.0020837617229069877,1
2028,0,545,age,0.04390299848620344,0.04018267244100571,0.0037203260451977305,1
2028,0,545,poor_health,0.028413744770027713,0.029055118560791016,0.0006413737907633027,1
2028,0,545,smoking,1.3877787807814457e-17,0.0,1.3877787807814457e-17,1
2028,0,545,bmi_risk,0.0013992348298898089,0.0010077431797981262,0.00039149165009168263,1
2028,0,545,nonadherence,0.009298094850983277,0.006902158260345459,0.0023959365906378177,1
2028,0,545,claim_rate,1.3877787807814457e-17,0.0,1.3877787807814457e-17,1
2028,0,545,claim_severity,0.0027751236984515787,0.0021271109580993652,0.0006480127403522135,1
2028,0,545,provider_complication,0.020190537006415446,0.004931360483169556,0.01525917652324589,1
2028,0,545,coverage_gap,0.03303419398273215,0.034700408577919006,0.0016662145951868573,1
2028,0,546,age,0.07681271471179033,0.08797381073236465,0.01116109602057433,1
2028,0,546,poor_health,0.09438712238791923,0.11467525362968445,0.02028813124176522,1
2028,0,546,smoking,0.0,0.0,0.0,1
2028,0,546,bmi_risk,0.003596363414636067,0.0034043341875076294,0.0001920292271284374,1
2028,0,546,nonadherence,0.021540439848283133,0.01414690911769867,0.007393530730584463,1
2028,0,546,claim_rate,0.0,0.0,0.0,1
2028,0,546,claim_severity,0.055414566797749684,0.047496065497398376,0.007918501300351308,1
2028,0,546,provider_complication,0.006803274916473534,0.0019459128379821777,0.004857362078491356,1
2028,0,546,coverage_gap,0.023247143266831666,0.025474920868873596,0.0022277776020419304,1
2028,0,553,age,0.09284022703008823,0.08283314853906631,0.01000707849102192,1
2028,0,553,poor_health,0.07528232521180213,0.07343724370002747,0.0018450815117746627,1
2028,0,553,smoking,0.0,0.0,0.0,1
2028,0,553,bmi_risk,0.01438315440913579,0.01027052104473114,0.00411263336440465,1
2028,0,553,nonadherence,0.02596555221033575,0.018693983554840088,0.007271568655495664,1
2028,0,553,claim_rate,0.0,0.0,0.0,1
2028,0,553,claim_severity,0.06125015779508362,0.04811353236436844,0.013136625430715185,1
2028,0,553,provider_complication,0.02269129225204991,0.005942344665527344,0.016748947586522567,1
2028,0,553,coverage_gap,0.02147581659338671,0.023599714040756226,0.002123897447369516,1
2028,0,556,age,0.044440459349706335,0.039269521832466125,0.0051709375172402094,1
2028,0,556,poor_health,0.08720256960404396,0.08578430861234665,0.0014182609916973121,1
2028,0,556,smoking,2.7755575615628914e-17,0.0,2.7755575615628914e-17,1
2028,0,556,bmi_risk,0.01752323988879434,0.014301598072052002,0.0032216418167423377,1
2028,0,556,nonadherence,0.027161378144800102,0.019428759813308716,0.0077326183314913866,1
2028,0,556,claim_rate,0.017346972189633936,0.01573842763900757,0.0016085445506263674,1
2028,0,556,claim_severity,0.048760644637709585,0.03490818291902542,0.013852461718684164,1
2028,0,556,provider_complication,0.030193889281617814,0.005946353077888489,0.024247536203729325,1
2028,0,556,coverage_gap,0.011826124437454982,0.0144452303647995,0.002619105927344517,1
2028,0,574,age,0.07554870203528999,0.0635664239525795,0.01198227808271049,1
2028,0,574,poor_health,0.08486751295164684,0.082402303814888,0.0024652091367588364,1
2028,0,574,smoking,0.0,0.0,0.0,1
2028,0,574,bmi_risk,0.05489306435045571,0.043727174401283264,0.011165889949172447,1
2028,0,574,nonadherence,0.03810958027926417,0.027886897325515747,0.010222682953748424,1
2028,0,574,claim_rate,0.019908583426462706,0.018025577068328857,0.0018830063581338485,1
2028,0,574,claim_severity,0.03762501786118547,0.02479863166809082,0.012826386193094647,1
2028,0,574,provider_complication,0.037449763531185454,0.007115095853805542,0.030334667677379912,1
2028,0,574,coverage_gap,0.005047951663077699,0.005458623170852661,0.0004106715077749623,1
2028,0,582,age,0.07624690428008188,0.07921090722084045,0.0029640029407585755,1
2028,0,582,poor_health,0.11090549755554659,0.1263817548751831,0.015476257319636519,1
2028,0,582,smoking,0.0,0.0,0.0,1
2028,0,582,bmi_risk,0.04400317573812754,0.03751334547996521,0.006489830258162327,1
2028,0,582,nonadherence,0.05055144717047988,0.040608108043670654,0.009943339126809225,1
2028,0,582,claim_rate,0.0,0.0,0.0,1
2028,0,582,claim_severity,0.05671194804940946,0.05018433928489685,0.00652760876451261,1
2028,0,582,provider_complication,0.03566527651062951,0.01052546501159668,0.025139811499032827,1
2028,0,582,coverage_gap,0.03716881663102481,0.04469884932041168,0.007530032689386873,1
2028,0,583,age,0.04027421438623277,0.03723728656768799,0.0030369278185447823,1
2028,0,583,poor_health,0.008929903450881002,0.008943870663642883,1.3967212761881176e-05,1
2028,0,583,smoking,-2.7755575615628914e-17,0.0,2.7755575615628914e-17,1
2028,0,583,bmi_risk,0.021459062673558724,0.01676863431930542,0.004690428354253304,1
2028,0,583,nonadherence,0.023621536257278114,0.01793413609266281,0.005687400164615303,1
2028,0,583,claim_rate,-2.7755575615628914e-17,0.0,2.7755575615628914e-17,1
2028,0,583,claim_severity,0.005585093372674391,0.0038574114441871643,0.0017276819284872263,1
2028,0,583,provider_complication,0.010351421696158977,0.001957051455974579,0.008394370240184398,1
2028,0,583,coverage_gap,0.02071169904364882,0.022327594459056854,0.0016158954154080335,1
2028,0,588,age,0.053007202732836115,0.05196627974510193,0.0010409229877341858,1
2028,0,588,poor_health,0.043805747917257776,0.04790549725294113,0.004099749335683356,1
2028,0,588,smoking,-2.7755575615628914e-17,0.0,2.7755575615628914e-17,1
2028,0,588,bmi_risk,0.009387102508411738,0.007771842181682587,0.001615260326729151,1
2028,0,588,nonadherence,0.007345931383819129,0.005609326064586639,0.0017366053192324898,1
2028,0,588,claim_rate,-2.7755575615628914e-17,0.0,2.7755575615628914e-17,1
2028,0,588,claim_severity,0.024001742153053465,0.018203899264335632,0.005797842888717833,1
2028,0,588,provider_complication,0.021633665194575435,0.004302412271499634,0.0173312529230758,1
2028,0,588,coverage_gap,0.04086957998723109,0.046840742230415344,0.005971162243184253,1
2028,0,593,age,0.05161306547640587,0.05057673901319504,0.0010363264632108349,1
2028,0,593,poor_health,0.04872269108620007,0.051366426050662994,0.002643734964462921,1
2028,0,593,smoking,0.0,0.0,0.0,1
2028,0,593,bmi_risk,0.03552148699111607,0.029881492257118225,0.005639994733997844,1
2028,0,593,nonadherence,0.013061934830476657,0.010661095380783081,0.002400839449693576,1
2028,0,593,claim_rate,0.014059663023473001,0.012650378048419952,0.001409284975053049,1
2028,0,593,claim_severity,0.011003866487353436,0.008185148239135742,0.0028187182482176942,1
2028,0,593,provider_complication,0.014555837836183777,0.0028531476855278015,0.011702690150655976,1
2028,0,593,coverage_gap,0.022291562314278784,0.02583611011505127,0.003544547800772485,1
2028,0,595,age,0.1499752376030356,0.13421666622161865,0.015758571381416953,1
2028,0,595,poor_health,0.17954593293787963,0.18146386742591858,0.0019179344880389526,1
2028,0,595,smoking,5.551115123125783e-17,0.0,5.551115123125783e-17,1
2028,0,595,bmi_risk,0.06485625428224201,0.06857165694236755,0.003715402660125544,1
2028,0,595,nonadherence,0.08503575043098749,0.06647452712059021,0.01856122331039728,1
2028,0,595,claim_rate,0.06101597436220024,0.06466105580329895,0.0036450814410987076,1
2028,0,595,claim_severity,0.12945797022830358,0.09499132633209229,0.03446664389621129,1
2028,0,595,provider_complication,0.06843674809176586,0.014532268047332764,0.0539044800444331,1
2028,0,595,coverage_gap,0.08681851702056248,0.0850064754486084,0.0018120415719540817,1
2028,0,599,age,0.06867051641989591,0.06723728030920029,0.0014332361106956237,1
2028,0,599,poor_health,0.04050653947826481,0.04479940980672836,0.004292870328463552,1
2028,0,599,smoking,0.0,0.0,0.0,1
2028,0,599,bmi_risk,0.010129215206278894,0.008272722363471985,0.0018564928428069088,1
2028,0,599,nonadherence,0.011032544731814212,0.008900299668312073,0.002132245063502139,1
2028,0,599,claim_rate,0.0138842592468328,0.01277303695678711,0.0011112222900456908,1
2028,0,599,claim_severity,0.009673834902330036,0.007563501596450806,0.0021103333058792306,1
2028,0,599,provider_complication,0.025780209660850442,0.006103798747062683,0.01967641091378776,1
2028,0,599,coverage_gap,0.02924198529777898,0.03138820827007294,0.002146222972293957,1
2029,0,0,age,0.1116557683661068,0.11548498272895813,0.0038292143628513298,1
2029,0,0,poor_health,0.20459119037010803,0.2121225893497467,0.0075313989796386704,1
2029,0,0,smoking,0.2065336787960605,0.22808393836021423,0.02155025956415374,1
2029,0,0,bmi_risk,0.06578637076525945,0.06843283772468567,0.002646466959426219,1
2029,0,0,nonadherence,0.08385149094484656,0.07452365756034851,0.009327833384498052,1
2029,0,0,claim_rate,0.06485727731428903,0.06541246175765991,0.0005551844433708819,1
2029,0,0,claim_severity,0.22387206608641264,0.16274774074554443,0.0611243253408682,1
2029,0,0,provider_complication,0.0046426748360984815,0.0006923675537109375,0.003950307282387544,1
2029,0,0,coverage_gap,0.09210510300773367,0.09505879878997803,0.002953695782244359,1
2029,0,13,age,0.08209873410002794,0.0896819531917572,0.007583219091729265,1
2029,0,13,poor_health,0.06685463004224956,0.07497090101242065,0.008116270970171091,1
2029,0,13,smoking,0.0,0.0,0.0,1
2029,0,13,bmi_risk,0.05357755030672562,0.06391541659832001,0.010337866291594389,1
2029,0,13,nonadherence,0.07222898561962213,0.0795762836933136,0.007347298073691472,1
2029,0,13,claim_rate,0.038833082814515835,0.04975348711013794,0.010920404295622105,1
2029,0,13,claim_severity,0.030695326785657923,0.022213414311408997,0.008481912474248926,1
2029,0,13,provider_complication,0.00942338857294217,0.0018201768398284912,0.0076032117331136795,1
2029,0,13,coverage_gap,0.046753098594323944,0.05071525275707245,0.003962154162748505,1
2029,0,29,age,0.06960785480953348,0.05073542147874832,0.018872433330785157,1
2029,0,29,poor_health,0.05282778911212209,0.03764104098081589,0.015186748131306202,1
2029,0,29,smoking,0.0,0.0,0.0,1
2029,0,29,bmi_risk,0.06549551073132892,0.04127009958028793,0.024225411151040988,1
2029,0,29,nonadherence,0.028750711422387443,0.02279973030090332,0.005950981121484122,1
2029,0,29,claim_rate,0.01790852680249541,0.014707051217556,0.0032014755849394116,1
2029,0,29,claim_severity,0.03630912661179672,0.01822832226753235,0.018080804344264373,1
2029,0,29,provider_complication,0.026193732750315557,0.00338020920753479,0.022813523542780767,1
2029,0,29,coverage_gap,0.007496275621399762,0.006513774394989014,0.000982501226410748,1
2029,0,31,age,0.017707283754530838,0.02193848043680191,0.0042311966822710725,1
2029,0,31,poor_health,0.027630713349342043,0.032338790595531464,0.004708077246189421,1
2029,0,31,smoking,0.0,0.0,0.0,1
2029,0,31,bmi_risk,0.0003792938437234272,0.0003544837236404419,2.4810120082985332e-05,1
2029,0,31,nonadherence,0.0037269841839535633,0.004050552845001221,0.00032356866104765736,1
2029,0,31,claim_rate,0.007606944970198204,0.009426146745681763,0.0018192017754835588,1
2029,0,31,claim_severity,0.01280133384660452,0.010538548231124878,0.0022627856154796427,1
2029,0,31,provider_complication,0.0034679146760791396,0.0010417848825454712,0.0024261297935336684,1
2029,0,31,coverage_gap,0.010812860134464516,0.014249749481678009,0.0034368893472134926,1
2029,0,33,age,0.031152689888864563,0.03418990969657898,0.003037219807714417,1
2029,0,33,poor_health,0.0055323437356119415,0.005438074469566345,9.426926604559627e-05,1
2029,0,33,smoking,-1.3877787807814457e-17,0.0,1.3877787807814457e-17,1
2029,0,33,bmi_risk,0.010384449677902481,0.00911787897348404,0.0012665707044184418,1
2029,0,33,nonadherence,0.004851485977189714,0.00469622015953064,0.00015526581765907405,1
2029,0,33,claim_rate,-1.3877787807814457e-17,0.0,1.3877787807814457e-17,1
2029,0,33,claim_severity,0.007841322915526208,0.005588434636592865,0.002252888278933343,1
2029,0,33,provider_complication,0.011195593023050766,0.002054668962955475,0.009140924060095292,1
2029,0,33,coverage_gap,0.0034163665718759603,0.0037416592240333557,0.0003252926521573954,1
2029,0,38,age,0.07324861034696695,0.06982013583183289,0.003428474515134061,1
2029,0,38,poor_health,0.15453937819022584,0.15249976515769958,0.002039613032526255,1
2029,0,38,smoking,0.19696329260403955,0.2125397026538849,0.015576410049845335,1
2029,0,38,bmi_risk,0.07285588263150294,0.07204261422157288,0.000813268409930068,1
2029,0,38,nonadherence,0.06629633817484676,0.05007174611091614,0.01622459206393062,1
2029,0,38,claim_rate,0.06418355772833911,0.06359884142875671,0.0005847162995823996,1
2029,0,38,claim_severity,0.19739808123057884,0.14866918325424194,0.04872889797633689,1
2029,0,38,provider_complication,0.015990817227181486,0.0032066702842712402,0.012784146942910246,1
2029,0,38,coverage_gap,0.11124660385025187,0.11774331331253052,0.006496709462278649,1
2029,0,40,age,0.13857141625181824,0.13986847549676895,0.0012970592449507157,1
2029,0,40,poor_health,0.08942649719454104,0.08805292844772339,0.001373568746817655,1
2029,0,40,smoking,0.0,0.0,0.0,1
2029,0,40,bmi_risk,0.07681589016960608,0.06393295526504517,0.012882934904560911,1
2029,0,40,nonadherence,0.003944884000153831,0.005208790302276611,0.0012639063021227803,1
2029,0,40,claim_rate,0.02319381099569165,0.02591000497341156,0.0027161939777199107,1
2029,0,40,claim_severity,0.054170507234755416,0.04430091381072998,0.009869593424025436,1
2029,0,40,provider_complication,0.02377655813383786,0.005493789911270142,0.01828276822256772,1
2029,0,40,coverage_gap,0.04740964554308297,0.056532323360443115,0.009122677817360147,1
2029,0,52,age,0.004133880900376086,0.004196278750896454,6.239785052036817e-05,1
2029,0,52,poor_health,0.02409401319664556,0.024041734635829926,5.227856081563287e-05,1
2029,0,52,smoking,2.7755575615628914e-17,0.0,2.7755575615628914e-17,1
2029,0,52,bmi_risk,0.008573062546469418,0.007213383913040161,0.0013596786334292565,1
2029,0,52,nonadherence,0.022310314387399596,0.02118256688117981,0.0011277475062197867,1
2029,0,52,claim_rate,0.018666814546755603,0.019848905503749847,0.0011820909569942445,1
2029,0,52,claim_severity,0.01704152758618674,0.01178208738565445,0.005259440200532289,1
2029,0,52,provider_complication,0.004870707254894954,0.0007850304245948792,0.004085676830300075,1
2029,0,52,coverage_gap,0.02618830975225777,0.027673788368701935,0.001485478616444165,1
2029,0,56,age,0.04788998176986643,0.04364956170320511,0.004240420066661324,1
2029,0,56,poor_health,0.026840267080108116,0.02249758690595627,0.004342680174151847,1
2029,0,56,smoking,0.0,0.0,0.0,1
2029,0,56,bmi_risk,0.055336164548448266,0.040248431265354156,0.01508773328309411,1
2029,0,56,nonadherence,0.04137572243472322,0.03426603227853775,0.007109690156185469,1
2029,0,56,claim_rate,0.0,0.0,0.0,1
2029,0,56,claim_severity,0.03536596287204399,0.0230671688914299,0.012298793980614092,1
2029,0,56,provider_complication,0.015624143980502408,0.003330230712890625,0.012293913267611783,1
2029,0,56,coverage_gap,0.03630113820678835,0.03454954922199249,0.0017515889847958543,1
2029,0,58,age,0.07447812420029816,0.07218712195754051,0.0022910022427576476,1
2029,0,58,poor_health,0.03766518882872566,0.03466838598251343,0.002996802846212232,1
2029,0,58,smoking,0.0,0.0,0.0,1
2029,0,58,bmi_risk,0.016942065014686702,0.014541156589984894,0.0024009084247018087,1
2029,0,58,nonadherence,0.02906291441544534,0.0264902263879776,0.00257268802746774,1
2029,0,58,claim_rate,0.0,0.0,0.0,1
2029,0,58,claim_severity,0.025283690988453372,0.018115632236003876,0.0071680587524494965,1
2029,0,58,provider_complication,0.014989569963622607,0.0026144087314605713,0.012375161232162035,1
2029,0,58,coverage_gap,0.022023438994414432,0.022758401930332184,0.0007349629359177517,1
2029,0,62,age,0.16426942201272557,0.1997726857662201,0.035503263753494524,1
2029,0,62,poor_health,0.006329301680571386,0.0046423375606536865,0.0016869641199177,1
2029,0,62,smoking,0.1357632882353255,0.15204176306724548,0.016278474831919992,1
2029,0,62,bmi_risk,0.014492389078735235,0.009141296148300171,0.005351092930435064,1
2029,0,62,nonadherence,0.06904884516459908,0.07421785593032837,0.005169010765729287,1
2029,0,62,claim_rate,0.0,0.0,0.0,1
2029,0,62,claim_severity,0.03783376753608561,0.029929369688034058,0.007904397848051553,1
2029,0,62,provider_complication,0.05259270613670211,0.014092773199081421,0.03849993293762069,1
2029,0,62,coverage_gap,0.08354730287808557,0.1013423502445221,0.01779504736643653,1
2029,0,63,age,0.054420873967639005,0.043074026703834534,0.011346847263804472,1
2029,0,63,poor_health,0.04487717891422975,0.03351031243801117,0.011366866476218582,1
2029,0,63,smoking,0.0,0.0,0.0,1
2029,0,63,bmi_risk,0.008068562315075467,0.0049118176102638245,0.0031567447048116426,1
2029,0,63,nonadherence,0.030731185921988508,0.022107549011707306,0.008623636910281202,1
2029,0,63,claim_rate,0.0,0.0,0.0,1
2029,0,63,claim_severity,0.02883252928951724,0.015808790922164917,0.013023738367352322,1
2029,0,63,provider_complication,0.02420923316748584,0.0046100914478302,0.01959914171965564,1
2029,0,63,coverage_gap,0.014773508156702628,0.012962207198143005,0.0018113009585596224,1
2029,0,66,age,0.011554977885038537,0.010473139584064484,0.0010818383009740529,1
2029,0,66,poor_health,0.03943100925076932,0.03381223976612091,0.005618769484648407,1
2029,0,66,smoking,-1.3877787807814457e-17,0.0,1.3877787807814457e-17,1
2029,0,66,bmi_risk,0.02353619366985081,0.018127046525478363,0.005409147144372448,1
2029,0,66,nonadherence,0.012293566462765332,0.01017722487449646,0.002116341588268872,1
2029,0,66,claim_rate,0.010662706388718399,0.009650841355323792,0.0010118650333946072,1
2029,0,66,claim_severity,0.006620177633723065,0.0038925260305404663,0.0027276516031825987,1
2029,0,66,provider_complication,0.01188287122980164,0.0016044452786445618,0.010278425951157077,1
2029,0,66,coverage_gap,0.016297471293949137,0.014935098588466644,0.0013623727054824925,1
2029,0,68,age,0.04751426641173688,0.05219518393278122,0.004680917521044339,1
2029,0,68,poor_health,0.06014783961884834,0.0631442591547966,0.002996419535948258,1
2029,0,68,smoking,0.0,0.0,0.0,1
2029,0,68,bmi_risk,0.002376176087074716,0.0019893795251846313,0.0003867965618900848,1
2029,0,68,nonadherence,0.017132289457050684,0.01670430600643158,0.00042798345061910437,1
2029,0,68,claim_rate,0.013876199519951879,0.014915555715560913,0.0010393561956090341,1
2029,0,68,claim_severity,0.038567926594509916,0.03032659739255905,0.008241329201950864,1
2029,0,68,provider_complication,0.014219722013123257,0.003862529993057251,0.010357192020066006,1
2029,0,68,coverage_gap,0.02041644497554085,0.025066636502742767,0.004650191527201919,1
2029,0,70,age,0.036646736780442474,0.047331303358078,0.01068456657763553,1
2029,0,70,poor_health,0.1664719616525101,0.1846846416592598,0.018212680006749693,1
2029,0,70,smoking,0.0,0.0,0.0,1
2029,0,70,bmi_risk,0.0695813330673404,0.08145910501480103,0.01187777194746062,1
2029,0,70,nonadherence,0.06899789184611507,0.08381438255310059,0.014816490706985513,1
2029,0,70,claim_rate,0.0,0.0,0.0,1
2029,0,70,claim_severity,0.09780027844928099,0.07346193492412567,0.02433834352515532,1
2029,0,70,provider_complication,0.014103221380799169,0.001966029405593872,0.012137191975205297,1
2029,0,70,coverage_gap,0.0782465248408527,0.09046734869480133,0.012220823853948626,1
2029,0,72,age,0.025566807949336384,0.02167613059282303,0.0038906773565133557,1
2029,0,72,poor_health,0.056680460447683774,0.04758453741669655,0.009095923030987225,1
2029,0,72,smoking,0.0,0.0,0.0,1
2029,0,72,bmi_risk,0.018286402322536643,0.0131077840924263,0.005178618230110343,1
2029,0,72,nonadherence,0.002567594409988175,0.0020262151956558228,0.000541379214332352,1
2029,0,72,claim_rate,0.0,0.0,0.0,1
2029,0,72,claim_severity,0.025923700969067723,0.014875076711177826,0.011048624257889897,1
2029,0,72,provider_complication,0.02159536265147645,0.0027597472071647644,0.018835615444311685,1
2029,0,72,coverage_gap,0.025903934152570834,0.022240422666072845,0.003663511486497989,1
2029,0,74,age,0.057058135908920005,0.0633297711610794,0.006271635252159402,1
2029,0,74,poor_health,0.08266391661951844,0.09206275641918182,0.009398839799663383,1
2029,0,74,smoking,0.13243972604251972,0.1490192711353302,0.016579545092810483,1
2029,0,74,bmi_risk,0.015410988007344195,0.016118794679641724,0.0007078066722975285,1
2029,0,74,nonadherence,0.01696238348830198,0.02109888195991516,0.004136498471613181,1
2029,0,74,claim_rate,0.04777305868039036,0.054293498396873474,0.006520439716483112,1
2029,0,74,claim_severity,0.11430680803044871,0.09679767489433289,0.017509133136115823,1
2029,0,74,provider_complication,0.025072943328366654,0.005404859781265259,0.019668083547101395,1
2029,0,74,coverage_gap,0.05386535684191568,0.06780034303665161,0.013934986194735932,1
2029,0,85,age,0.05084200987163911,0.06145479157567024,0.010612781704031134,1
2029,0,85,poor_health,0.013713497272504371,0.01488378643989563,0.0011702891673912585,1
2029,0,85,smoking,0.0,0.0,0.0,1
2029,0,85,bmi_risk,0.028740901826352548,0.026929691433906555,0.001811210392445993,1
2029,0,85,nonadherence,0.009665666451069144,0.011291347444057465,0.001625680992988321,1
2029,0,85,claim_rate,0.0,0.0,0.0,1
2029,0,85,claim_severity,0.014046538969483005,0.01213274896144867,0.0019137900080343356,1
2029,0,85,provider_complication,0.005709177470593144,0.0013032183051109314,0.004405959165482212,1
2029,0,85,coverage_gap,0.005437216282589058,0.006663218140602112,0.0012260018580130538,1
2029,0,97,age,0.07757712543408377,0.08070100843906403,0.00312388300498026,1
2029,0,97,poor_health,0.05404593618899592,0.05686508119106293,0.0028191450020670084,1
2029,0,97,smoking,0.11790040208535474,0.13319913297891617,0.01529873089356143,1
2029,0,97,bmi_risk,0.039972249367013074,0.0408409982919693,0.0008687489249562252,1
2029,0,97,nonadherence,0.058486105438580266,0.06567798554897308,0.007191880110392818,1
2029,0,97,claim_rate,2.7755575615628914e-17,0.0,2.7755575615628914e-17,1
2029,0,97,claim_severity,0.07441114686855987,0.05570743978023529,0.018703707088324584,1
2029,0,97,provider_complication,0.011258128799401385,0.0012339651584625244,0.01002416364093886,1
2029,0,97,coverage_gap,0.018689093696657583,0.021765947341918945,0.0030768536452613626,1
2029,0,100,age,0.017874813510192336,0.01926303282380104,0.0013882193136087045,1
2029,0,100,poor_health,0.01060439436989126,0.010811824351549149,0.00020742998165788895,1
2029,0,100,smoking,0.0,0.0,0.0,1
2029,0,100,bmi_risk,0.006725444701864515,0.005776993930339813,0.0009484507715247018,1
2029,0,100,nonadherence,0.00046912970232965145,0.00044701993465423584,2.2109767675415615e-05,1
2029,0,100,claim_rate,0.0,0.0,0.0,1
2029,0,100,claim_severity,0.006599464171668026,0.0047556087374687195,0.0018438554341993069,1
2029,0,100,provider_complication,0.0039802045273852685,0.0007284879684448242,0.0032517165589404443,1
2029,0,100,coverage_gap,0.01591219776039267,0.01810646429657936,0.0021942665361866925,1
2029,0,103,age,0.09286072028344558,0.09319578856229782,0.0003350682788522408,1
2029,0,103,poor_health,0.05756856777029783,0.061237648129463196,0.0036690803591653692,1
2029,0,103,smoking,2.7755575615628914e-17,0.0,2.7755575615628914e-17,1
2029,0,103,bmi_risk,0.05345260295210162,0.049502789974212646,0.003949812977888975,1
2029,0,103,nonadherence,0.04442401664729648,0.04933919757604599,0.004915180928749513,1
2029,0,103,claim_rate,2.7755575615628914e-17,0.0,2.7755575615628914e-17,1
2029,0,103,claim_severity,0.015193691823158856,0.010122746229171753,0.005070945593987103,1
2029,0,103,provider_complication,0.04251646054766747,0.00575023889541626,0.03676622165225121,1
2029,0,103,coverage_gap,0.006684336781767164,0.0068133920431137085,0.00012905526134654455,1
2029,0,107,age,0.08799119442360881,0.07873360812664032,0.00925758629696849,1
2029,0,107,poor_health,0.16213707327279567,0.13798285275697708,0.024154220515818586,1
2029,0,107,smoking,0.0,0.0,0.0,1
2029,0,107,bmi_risk,0.0068235590623415,0.0072304606437683105,0.00040690158142681065,1
2029,0,107,nonadherence,0.05989510567912815,0.04496005177497864,0.014935053904149509,1
2029,0,107,claim_rate,0.0765208295914819,0.07154868543148041,0.004972144160001496,1
2029,0,107,claim_severity,0.11450836199911871,0.06667833030223846,0.04783003169688024,1
2029,0,107,provider_complication,0.06146601906325955,0.011442139744758606,0.05002387931850094,1
2029,0,107,coverage_gap,0.035432779253108115,0.030900776386260986,0.004532002866847129,1
2029,0,108,age,0.09784672705133342,0.08191835135221481,0.015928375699118605,1
2029,0,108,poor_health,0.06795600845486446,0.05409152805805206,0.0138644803968124,1
2029,0,108,smoking,-2.7755575615628914e-17,0.0,2.7755575615628914e-17,1
2029,0,108,bmi_risk,0.05718101829429323,0.0390535444021225,0.01812747389217073,1
2029,0,108,nonadherence,0.03937723844390609,0.034407854080200195,0.004969384363705892,1
2029,0,108,claim_rate,0.020065775948394232,0.01766529679298401,0.0024004791554102234,1
2029,0,108,claim_severity,0.024655175001018687,0.015385538339614868,0.009269636661403818,1
2029,0,108,provider_complication,0.033928379602239295,0.006860062479972839,0.027068317122266455,1
2029,0,108,coverage_gap,0.023198332573509922,0.02199968695640564,0.0011986456171042825,1
2029,0,110,age,0.11608656713319276,0.10331398248672485,0.01277258464646791,1
2029,0,110,poor_health,0.23951526650703542,0.2215697169303894,0.017945549576646014,1
2029,0,110,smoking,0.20461703190146013,0.17955505847930908,0.02506197342215105,1
2029,0,110,bmi_risk,0.0942701462013269,0.08266013860702515,0.011610007594301752,1
2029,0,110,nonadherence,0.04705448054115002,0.0461384654045105,0.0009160151366395253,1
2029,0,110,claim_rate,0.12235496731552264,0.1024276614189148,0.01992730589660785,1
2029,0,110,claim_severity,0.2382836328671844,0.1599925458431244,0.07829108702406001,1
2029,0,110,provider_complication,0.05329036861412606,0.009346485137939453,0.04394388347618661,1
2029,0,110,coverage_gap,0.04216846317778933,0.04871642589569092,0.00654796271790159,1
2029,0,121,age,0.2376409444229532,0.2314079999923706,0.006232944430582588,1
2029,0,121,poor_health,0.211548224813345,0.1990026831626892,0.0125455416506558,1
2029,0,121,smoking,0.1973081827215929,0.19582009315490723,0.0014880895666856686,1
2029,0,121,bmi_risk,0.033621969226302006,0.029046177864074707,0.004575791362227299,1
2029,0,121,nonadherence,0.059149987096005385,0.05461782217025757,0.004532164925747817,1
2029,0,121,claim_rate,0.08540462812228089,0.07552146911621094,0.009883159006069953,1
2029,0,121,claim_severity,0.20749404138115635,0.14086371660232544,0.06663032477883091,1
2029,0,121,provider_complication,0.03425129337450128,0.0046520233154296875,0.029599270059071592,1
2029,0,121,coverage_gap,0.050978175725915786,0.05809295177459717,0.007114776048681382,1
2029,0,125,age,0.07633501802808784,0.0974569022655487,0.021121884237460864,1
2029,0,125,poor_health,0.12474513347930466,0.15063580870628357,0.02589067522697891,1
2029,0,125,smoking,0.17246412222119195,0.22707045078277588,0.05460632856158393,1
2029,0,125,bmi_risk,0.06554347000684085,0.07708472013473511,0.011541250127894254,1
2029,0,125,nonadherence,0.10066570615326392,0.11225312948226929,0.011587423329005364,1
2029,0,125,claim_rate,0.05909229814331152,0.06923454999923706,0.010142251855925544,1
2029,0,125,claim_severity,0.14353347854843657,0.12680378556251526,0.016729692985921307,1
2029,0,125,provider_complication,0.037675481175503234,0.00748288631439209,0.030192594861111144,1
2029,0,125,coverage_gap,0.06724549598943103,0.09046083688735962,0.023215340897928594,1
2029,0,127,age,0.08143735429926732,0.08766598999500275,0.006228635695735424,1
2029,0,127,poor_health,0.14622335166333647,0.14622844755649567,5.095893159196008e-06,1
2029,0,127,smoking,0.0,0.0,0.0,1
2029,0,127,bmi_risk,0.07629111369377081,0.07192976772785187,0.004361345965918945,1
2029,0,127,nonadherence,0.05803150093202836,0.062436968088150024,0.004405467156121667,1
2029,0,127,claim_rate,0.07676543213486661,0.08827777206897736,0.011512339934110744,1
2029,0,127,claim_severity,0.11912088109238705,0.08030697703361511,0.03881390405877194,1
2029,0,127,provider_complication,0.0668641507109903,0.015139788389205933,0.05172436232178437,1
2029,0,127,coverage_gap,0.011909006087377882,0.01412162184715271,0.0022126157597748275,1
2029,0,131,age,0.06675100937678788,0.0647132396697998,0.002037769706988074,1
2029,0,131,poor_health,0.11048860000924607,0.09966934472322464,0.010819255286021429,1
2029,0,131,smoking,-2.7755575615628914e-17,0.0,2.7755575615628914e-17,1
2029,0,131,bmi_risk,0.03510300098931651,0.02941015362739563,0.005692847361920883,1
2029,0,131,nonadherence,0.015625271100645155,0.013286173343658447,0.0023390977569867077,1
2029,0,131,claim_rate,0.04147387155299803,0.04300312697887421,0.0015292554258761748,1
2029,0,131,claim_severity,0.09789431641175945,0.06791067123413086,0.029983645177628596,1
2029,0,131,provider_complication,0.03160057880636394,0.006522014737129211,0.025078564069234727,1
2029,0,131,coverage_gap,0.021116756927065827,0.02347467839717865,0.0023579214701128226,1
2029,0,136,age,0.05562980945179255,0.04715369641780853,0.008476113033984017,1
2029,0,136,poor_health,0.06963129495158091,0.05656611919403076,0.013065175757550146,1
2029,0,136,smoking,0.0,0.0,0.0,1
2029,0,136,bmi_risk,0.04552398865627054,0.032101020216941833,0.013422968439328706,1
2029,0,136,nonadherence,0.04060370794994425,0.034419551491737366,0.006184156458206885,1
2029,0,136,claim_rate,0.0,0.0,0.0,1
2029,0,136,claim_severity,0.024696581926689304,0.014542415738105774,0.01015416618858353,1
2029,0,136,provider_complication,0.033726964315223096,0.006141498684883118,0.027585465630339978,1
2029,0,136,coverage_gap,0.019551829085132783,0.018116280436515808,0.0014355486486169744,1
2029,0,140,age,0.07439367735586638,0.07928705960512161,0.004893382249255229,1
2029,0,140,poor_health,0.07353520269912264,0.07358845323324203,5.325053411939229e-05,1
2029,0,140,smoking,0.0,0.0,0.0,1
2029,0,140,bmi_risk,0.004456779686940665,0.004708021879196167,0.00025124219225550193,1
2029,0,140,nonadherence,0.04282850531921553,0.040651798248291016,0.002176707070924516,1
2029,0,140,claim_rate,0.03407267692020968,0.036592885851860046,0.002520208931650364,1
2029,0,140,claim_severity,0.05344038045509139,0.03792615234851837,0.01551422810657302,1
2029,0,140,provider_complication,0.004063600788926869,0.0008279383182525635,0.0032356624706743053,1
2029,0,140,coverage_gap,0.017874562953912376,0.01716601848602295,0.000708544467889427,1
2029,0,145,age,0.07423030380011253,0.05852454900741577,0.015705754792696758,1
2029,0,145,poor_health,0.10728293004575133,0.07871292531490326,0.028570004730848073,1
2029,0,145,smoking,0.0,0.0,0.0,1
2029,0,145,bmi_risk,0.03255364088351245,0.021799102425575256,0.010754538457937196,1
2029,0,145,nonadherence,0.023915669644598292,0.0166424959897995,0.007273173654798792,1
2029,0,145,claim_rate,0.022345471731701233,0.019036367535591125,0.0033091041961101075,1
2029,0,145,claim_severity,0.07295925845946588,0.042968377470970154,0.029990880988495727,1
2029,0,145,provider_complication,0.05048671935800628,0.009833425283432007,0.04065329407457427,1
2029,0,145,coverage_gap,0.037055904543604135,0.03297814726829529,0.0040777572753088465,1
2029,0,150,age,0.0,0.0,0.0,1
2029,0,150,poor_health,0.04440330359585187,0.04341164231300354,0.0009916612828483329,1
2029,0,150,smoking,0.09438047795178572,0.09060250222682953,0.003777975724956195,1
2029,0,150,bmi_risk,0.01836554148419378,0.0157453715801239,0.00262016990406988,1
2029,0,150,nonadherence,0.008771769577587796,0.008900642395019531,0.0001288728174317355,1
2029,0,150,claim_rate,0.03529878953314289,0.03572697937488556,0.00042818984174267105,1
2029,0,150,claim_severity,0.06640715233266214,0.04618769884109497,0.020219453491567174,1
2029,0,150,provider_complication,0.02374880916809652,0.005677014589309692,0.018071794578786826,1
2029,0,150,coverage_gap,0.012432625432558242,0.013753801584243774,0.0013211761516855325,1
2029,0,151,age,0.10813118582866982,0.10248470306396484,0.005646482764704974,1
2029,0,151,poor_health,0.14575483688858093,0.14714428782463074,0.0013894509360498075,1
2029,0,151,smoking,0.20311019953291232,0.2093581259250641,0.00624792639215177,1
2029,0,151,bmi_risk,0.03892157787756456,0.0349007248878479,0.004020852989716661,1
2029,0,151,nonadherence,0.04211052643886265,0.04222562909126282,0.00011510265240016748,1
2029,0,151,claim_rate,0.12811011792621196,0.1436043679714203,0.015494250045208324,1
2029,0,151,claim_severity,0.21538070568958484,0.14180994033813477,0.07357076535145007,1
2029,0,151,provider_complication,0.07654304441085186,0.013913154602050781,0.06262988980880108,1
2029,0,151,coverage_gap,0.06225163633769221,0.07034528255462646,0.008093646216934258,1
2029,0,154,age,0.04689596588794144,0.03909865766763687,0.007797308220304569,1
2029,0,154,poor_health,0.02931800739840916,0.022647902369499207,0.006670105028909953,1
2029,0,154,smoking,0.0,0.0,0.0,1
2029,0,154,bmi_risk,0.04931713586218671,0.033159635961055756,0.016157499901130953,1
2029,0,154,nonadherence,0.011376419109976471,0.00830608606338501,0.0030703330465914613,1
2029,0,154,claim_rate,0.030451853238667656,0.024928219616413116,0.00552363362225454,1
2029,0,154,claim_severity,0.041980182633988186,0.024841606616973877,0.01713857601701431,1
2029,0,154,provider_complication,0.032746072454764324,0.005588039755821228,0.027158032698943096,1
2029,0,154,coverage_gap,0.015418830746294548,0.013048775494098663,0.002370055252195885,1
2029,0,168,age,0.12710316451432058,0.12148497998714447,0.005618184527176107,1
2029,0,168,poor_health,0.0909398114078491,0.09042704105377197,0.0005127703540771245,1
2029,0,168,smoking,-2.7755575615628914e-17,0.0,2.7755575615628914e-17,1
2029,0,168,bmi_risk,0.02409309715368796,0.02411128580570221,1.818865201425046e-05,1
2029,0,168,nonadherence,0.029480111064269093,0.031171590089797974,0.0016914790255288803,1
2029,0,168,claim_rate,0.04270539499474238,0.04497557878494263,0.0022701837902002475,1
2029,0,168,claim_severity,0.054044994245528916,0.036438748240470886,0.01760624600505803,1
2029,0,168,provider_complication,0.01250638028035897,0.001519724726676941,0.010986655553682029,1
2029,0,168,coverage_gap,0.021538429961987182,0.02188071608543396,0.0003422861234467778,1
2029,0,171,age,0.09272977354685104,0.11144091188907623,0.018711138342225195,1
2029,0,171,poor_health,0.09870491611955882,0.10670213401317596,0.00799721789361714,1
2029,0,171,smoking,0.0,0.0,0.0,1
2029,0,171,bmi_risk,0.00552920796798595,0.004565149545669556,0.0009640584223163939,1
2029,0,171,nonadherence,0.014660070479748044,0.013947948813438416,0.0007121216663096286,1
2029,0,171,claim_rate,0.03957621744324577,0.0441901832818985,0.004613965838652728,1
2029,0,171,claim_severity,0.09024178828431856,0.07339049875736237,0.016851289526956192,1
2029,0,171,provider_complication,0.01997411451013506,0.0045061856508255005,0.01546792885930956,1
2029,0,171,coverage_gap,0.031533615687906635,0.03863726556301117,0.007103649875104534,1
2029,0,176,age,0.039567873093257544,0.035599373281002045,0.003968499812255499,1
2029,0,176,poor_health,0.044497419033800195,0.038730327039957047,0.005767091993843149,1
2029,0,176,smoking,1.3877787807814457e-17,0.0,1.3877787807814457e-17,1
2029,0,176,bmi_risk,0.0005200473895947688,0.000388219952583313,0.00013182743701145583,1
2029,0,176,nonadherence,0.01498802454005109,0.012068003416061401,0.0029200211239896884,1
2029,0,176,claim_rate,1.3877787807814457e-17,0.0,1.3877787807814457e-17,1
2029,0,176,claim_severity,0.01807669265257439,0.010602124035358429,0.00747456861721596,1
2029,0,176,provider_complication,0.004008579488834638,0.0006154477596282959,0.0033931317292063418,1
2029,0,176,coverage_gap,0.0066442808437350565,0.006335809826850891,0.00030847101688416534,1
2029,0,181,age,0.08463861812695422,0.062953881919384,0.02168473620757022,1
2029,0,181,poor_health,0.09524658464285479,0.07058896124362946,0.024657623399225337,1
2029,0,181,smoking,2.7755575615628914e-17,0.0,2.7755575615628914e-17,1
2029,0,181,bmi_risk,0.0240230624072566,0.01660551130771637,0.007417551099540232,1
2029,0,181,nonadherence,0.05978555491615356,0.04325254261493683,0.016533012301216732,1
2029,0,181,claim_rate,2.7755575615628914e-17,0.0,2.7755575615628914e-17,1
2029,0,181,claim_severity,0.05585200613970415,0.02748394012451172,0.028368066015192428,1
2029,0,181,provider_complication,0.03649967617336042,0.0031301528215408325,0.033369523351819586,1
2029,0,181,coverage_gap,0.04136524298693789,0.030060186982154846,0.011305056004783043,1
2029,0,190,age,0.03663599339388715,0.04303218051791191,0.00639618712402476,1
2029,0,190,poor_health,0.02999206042034707,0.03469282388687134,0.004700763466524267,1
2029,0,190,smoking,0.0,0.0,0.0,1
2029,0,190,bmi_risk,0.016152380677268305,0.015996068716049194,0.0001563119612191105,1
2029,0,190,nonadherence,0.018613759383505527,0.020809508860111237,0.00219574947660571,1
2029,0,190,claim_rate,0.0,0.0,0.0,1
2029,0,190,claim_severity,0.012258154781560546,0.009431026875972748,0.002827127905587798,1
2029,0,190,provider_complication,0.004245653214788564,0.000688694417476654,0.00355695879731191,1
2029,0,190,coverage_gap,0.0036740071256509965,0.004618436098098755,0.0009444289724477584,1
2029,0,192,age,0.14210215182013702,0.14460891485214233,0.0025067630320053103,1
2029,0,192,poor_health,0.11617910270462634,0.12688463926315308,0.01070553655852674,1
2029,0,192,smoking,0.18034009655229427,0.1910591721534729,0.01071907560117863,1
2029,0,192,bmi_risk,0.05628955788075679,0.058740586042404175,0.002451028161647384,1
2029,0,192,nonadherence,0.019945537515674516,0.024773001670837402,0.004827464155162886,1
2029,0,192,claim_rate,0.060970402663347356,0.07229277491569519,0.011322372252347834,1
2029,0,192,claim_severity,0.13287362732906727,0.11059358716011047,0.022280040168956794,1
2029,0,192,provider_complication,0.013791949338471832,0.002957463264465332,0.0108344860740065,1
2029,0,192,coverage_gap,0.09051303404902428,0.12083107233047485,0.030318038281450577,1
2029,0,193,age,0.029270835639507733,0.03285756707191467,0.0035867314324069394,1
2029,0,193,poor_health,0.004596662127765716,0.004811935126781464,0.0002152729990157476,1
2029,0,193,smoking,-1.3877787807814457e-17,0.0,1.3877787807814457e-17,1
2029,0,193,bmi_risk,0.0026044412460399097,0.0023845061659812927,0.00021993508005861695,1
2029,0,193,nonadherence,0.011712340442852645,0.012008197605609894,0.0002958571627572487,1
2029,0,193,claim_rate,0.007332083711221717,0.008084982633590698,0.0007528989223689816,1
2029,0,193,claim_severity,-1.3877787807814457e-17,0.0,1.3877787807814457e-17,1
2029,0,193,provider_complication,0.002729321974726799,0.0004869401454925537,0.0022423818292342454,1
2029,0,193,coverage_gap,0.010970568523332919,0.012244045734405518,0.001273477211072599,1
2029,0,194,age,0.05300208565694969,0.053257957100868225,0.00025587144391853167,1
2029,0,194,poor_health,0.04838813420450323,0.04378964751958847,0.004598486684914763,1
2029,0,194,smoking,0.0,0.0,0.0,1
2029,0,194,bmi_risk,0.026093036927620578,0.019733473658561707,0.006359563269058871,1
2029,0,194,nonadherence,0.04520202129316431,0.03967221826314926,0.005529803030015046,1
2029,0,194,claim_rate,0.0,0.0,0.0,1
2029,0,194,claim_severity,0.026531953757141777,0.01926743984222412,0.007264513914917656,1
2029,0,194,provider_complication,0.030864177015825014,0.0074500590562820435,0.02341411795954297,1
2029,0,194,coverage_gap,0.021452082654423527,0.020846441388130188,0.0006056412662933386,1
2029,0,196,age,0.06884244818385565,0.07143721729516983,0.002594769111314177,1
2029,0,196,poor_health,0.10839062028859889,0.1019243448972702,0.006466275391328685,1
2029,0,196,smoking,2.7755575615628914e-17,0.0,2.7755575615628914e-17,1
2029,0,196,bmi_risk,0.054208531622800205,0.04963284730911255,0.004575684313687656,1
2029,0,196,nonadherence,0.0529499644806975,0.05740363895893097,0.004453674478233471,1
2029,0,196,claim_rate,0.02050999888802771,0.02325756847858429,0.002747569590556581,1
2029,0,196,claim_severity,0.03751311839909682,0.0243615061044693,0.013151612294627524,1
2029,0,196,provider_complication,0.02416459291565487,0.00323311984539032,0.02093147307026455,1
2029,0,196,coverage_gap,0.006367322110242907,0.0065890103578567505,0.00022168824761384376,1
2029,0,199,age,0.052264490723468074,0.05674115568399429,0.004476664960526219,1
2029,0,199,poor_health,0.06065188344775911,0.05926983803510666,0.0013820454126524523,1
2029,0,199,smoking,0.0,0.0,0.0,1
2029,0,199,bmi_risk,0.012809920002203948,0.010656572878360748,0.0021533471238431995,1
2029,0,199,nonadherence,0.0032164060577094533,0.0029337257146835327,0.0002826803430259206,1
2029,0,199,claim_rate,0.013885690331003592,0.01471632719039917,0.0008306368593955782,1
2029,0,199,claim_severity,0.018354590269516136,0.01443532109260559,0.003919269176910545,1
2029,0,199,provider_complication,0.03353104867578778,0.008882701396942139,0.024648347278845642,1
2029,0,199,coverage_gap,0.020402190836831383,0.022740595042705536,0.0023384042058741533,1
2029,0,203,age,0.045786793120786234,0.03917115181684494,0.006615641303941294,1
2029,0,203,poor_health,0.05836354184750461,0.04826509207487106,0.01009844977263355,1
2029,0,203,smoking,0.0,0.0,0.0,1
2029,0,203,bmi_risk,0.016840938730262753,0.011864900588989258,0.004976038141273495,1
2029,0,203,nonadherence,0.023665268818251442,0.018389977514743805,0.005275291303507637,1
2029,0,203,claim_rate,0.014874775165412565,0.012670107185840607,0.0022046679795719587,1
2029,0,203,claim_severity,0.029830910585275358,0.016752302646636963,0.013078607938638395,1
2029,0,203,provider_complication,0.021713183687283213,0.003322705626487732,0.01839047806079548,1
2029,0,203,coverage_gap,0.02047919957732297,0.018204040825366974,0.002275158751955997,1
2029,0,211,age,-1.3877787807814457e-17,0.0,1.3877787807814457e-17,1
2029,0,211,poor_health,0.02500123458739277,0.020604971796274185,0.004396262791118585,1
2029,0,211,smoking,-1.3877787807814457e-17,0.0,1.3877787807814457e-17,1
2029,0,211,bmi_risk,0.0278092943834821,0.020558957010507584,0.007250337372974515,1
2029,0,211,nonadherence,0.015771871532792858,0.012309327721595764,0.003462543811197094,1
2029,0,211,claim_rate,-1.3877787807814457e-17,0.0,1.3877787807814457e-17,1
2029,0,211,claim_severity,0.021212540584270148,0.011188969016075134,0.010023571568195014,1
2029,0,211,provider_complication,0.01906185268187996,0.002664506435394287,0.016397346246485672,1
2029,0,211,coverage_gap,0.013315924465605714,0.011551164090633392,0.0017647603749723212,1
2029,0,214,age,0.012391518754415076,0.01194465160369873,0.00044686715071634575,1
2029,0,214,poor_health,0.0977081485349404,0.0861109308898449,0.011597217645095512,1
2029,0,214,smoking,0.0,0.0,0.0,1
2029,0,214,bmi_risk,0.005334689277949778,0.0042681097984313965,0.0010665794795183814,1
2029,0,214,nonadherence,0.04207301314794838,0.03657684475183487,0.005496168396113513,1
2029,0,214,claim_rate,0.0,0.0,0.0,1
2029,0,214,claim_severity,0.05042109711494448,0.034672707319259644,0.01574838979568484,1
2029,0,214,provider_complication,0.02496684336206803,0.005744338035583496,0.019222505326484535,1
2029,0,214,coverage_gap,0.01713200323130251,0.01726555824279785,0.00013355501149533988,1
2029,0,215,age,0.037142280666515995,0.039232827723026276,0.0020905470565102807,1
2029,0,215,poor_health,0.046420737034830156,0.046719178557395935,0.00029844152256577883,1
2029,0,215,smoking,0.0,0.0,0.0,1
2029,0,215,bmi_risk,0.026057731355066657,0.022014454007148743,0.004043277347917915,1
2029,0,215,nonadherence,0.01289300685966717,0.012060321867465973,0.0008326849922011964,1
2029,0,215,claim_rate,0.013278226726003664,0.014169491827487946,0.0008912651014842815,1
2029,0,215,claim_severity,0.029324998412702558,0.021004140377044678,0.00832085803565788,1
2029,0,215,provider_complication,0.014803281613097671,0.003304794430732727,0.011498487182364944,1
2029,0,215,coverage_gap,0.02908066501175957,0.031991712749004364,0.002911047737244793,1
2029,0,230,age,0.14892006305789554,0.1554614156484604,0.006541352590564847,1
2029,0,230,poor_health,0.1802410384076418,0.18566307425498962,0.0054220358473478225,1
2029,0,230,smoking,5.551115123125783e-17,0.0,5.551115123125783e-17,1
2029,0,230,bmi_risk,0.09323667333789659,0.0895991325378418,0.003637540800054795,1
2029,0,230,nonadherence,0.034747279982938195,0.04458299279212952,0.009835712809191322,1
2029,0,230,claim_rate,0.058123376061550824,0.06759274005889893,0.009469363997348101,1
2029,0,230,claim_severity,0.12980564227630004,0.09029355645179749,0.03951208582450255,1
2029,0,230,provider_complication,0.07075344034942738,0.011673778295516968,0.05907966205391041,1
2029,0,230,coverage_gap,0.031926335475815026,0.03631821274757385,0.004391877271758826,1
2029,0,232,age,0.11708444394017278,0.1289714127779007,0.011886968837727913,1
2029,0,232,poor_health,0.057481562852514045,0.07244497537612915,0.014963412523615105,1
2029,0,232,smoking,0.15130867328825173,0.16586296260356903,0.014554289315317298,1
2029,0,232,bmi_risk,0.09894906833323494,0.10346458852291107,0.004515520189676131,1
2029,0,232,nonadherence,0.0787819226810677,0.10494144260883331,0.026159519927765607,1
2029,0,232,claim_rate,0.02743336086624998,0.0337693989276886,0.00633603806143862,1
2029,0,232,claim_severity,0.043137038903140024,0.032877594232559204,0.01025944467058082,1
2029,0,232,provider_complication,0.05457081997913471,0.007422804832458496,0.047148015146676214,1
2029,0,232,coverage_gap,0.03656146089885437,0.04698735475540161,0.010425893856547241,1
2029,0,235,age,0.0643680264476997,0.07868365943431854,0.014315632986618837,1
2029,0,235,poor_health,0.09572762818112837,0.10735991597175598,0.01163228779062761,1
2029,0,235,smoking,0.0,0.0,0.0,1
2029,0,235,bmi_risk,0.02137401983788012,0.026136204600334167,0.004762184762454047,1
2029,0,235,nonadherence,0.03709171620370247,0.0468975305557251,0.00980581435202263,1
2029,0,235,claim_rate,0.01955908338791748,0.028335735201835632,0.008776651813918152,1
2029,0,235,claim_severity,0.04324286197605637,0.036275431513786316,0.006967430462270052,1
2029,0,235,provider_complication,0.04369477872820843,0.007556453347206116,0.03613832538100231,1
2029,0,235,coverage_gap,0.06868646626023739,0.07460501790046692,0.00591855164022953,1
2029,0,240,age,0.11218215217540328,0.10524564981460571,0.0069365023607975695,1
2029,0,240,poor_health,0.10490368625718721,0.10863927006721497,0.003735583810027754,1
2029,0,240,smoking,0.1837253837280227,0.18437212705612183,0.0006467433280991364,1
2029,0,240,bmi_risk,0.11696045805268784,0.0952673852443695,0.021693072808318337,1
2029,0,240,nonadherence,0.0560403490525877,0.0685117244720459,0.012471375419458197,1
2029,0,240,claim_rate,0.09104243277183449,0.1014879047870636,0.010445472015229107,1
2029,0,240,claim_severity,0.13674100054551902,0.10271945595741272,0.0340215445881063,1
2029,0,240,provider_complication,0.04646946269432317,0.010363280773162842,0.03610618192116033,1
2029,0,240,coverage_gap,0.012867594026212015,0.015212535858154297,0.002344941831942282,1
2029,0,249,age,0.05551315969342935,0.051515087485313416,0.0039980722081159326,1
2029,0,249,poor_health,0.023758904990898028,0.026142150163650513,0.002383245172752485,1
2029,0,249,smoking,0.12585698685677618,0.12598750740289688,0.0001305205461206993,1
2029,0,249,bmi_risk,0.09482188758647736,0.07890273630619049,0.01591915128028687,1
2029,0,249,nonadherence,0.04064096377133081,0.044370293617248535,0.003729329845917728,1
2029,0,249,claim_rate,0.023664001586496675,0.025690898299217224,0.0020268967127205495,1
2029,0,249,claim_severity,0.04981439795137868,0.037459179759025574,0.012355218192353107,1
2029,0,249,provider_complication,0.0035055268896105607,0.0007986724376678467,0.002706854451942714,1
2029,0,249,coverage_gap,0.0629387165322362,0.06841662526130676,0.0054779087290705575,1
2029,0,250,age,0.009210824288433138,0.009448587894439697,0.00023776360600655938,1
2029,0,250,poor_health,0.013298514163841806,0.012526143342256546,0.0007723708215852595,1
2029,0,250,smoking,-1.3877787807814457e-17,0.0,1.3877787807814457e-17,1
2029,0,250,bmi_risk,0.008070739805585599,0.0067163556814193726,0.001354384124166226,1
2029,0,250,nonadherence,0.013303766262059327,0.012305431067943573,0.0009983351941157542,1
2029,0,250,claim_rate,0.007372157699298158,0.007294036448001862,7.812125129629671e-05,1
2029,0,250,claim_severity,0.01066591425216011,0.007339190691709518,0.0033267235604505924,1
2029,0,250,provider_complication,0.009108503825333153,0.0015671923756599426,0.00754131144967321,1
2029,0,250,coverage_gap,0.007417497721254218,0.007567152380943298,0.0001496546596890802,1
2029,0,257,age,0.07418589977521683,0.0796472504734993,0.005461350698282463,1
2029,0,257,poor_health,0.04716588502361874,0.04868569225072861,0.0015198072271098706,1
2029,0,257,smoking,0.0,0.0,0.0,1
2029,0,257,bmi_risk,0.01662163139555914,0.014846861362457275,0.0017747700331018634,1
2029,0,257,nonadherence,0.003500204704279808,0.003360539674758911,0.00013966502952089677,1
2029,0,257,claim_rate,0.01568585591599378,0.01738421618938446,0.001698360273390681,1
2029,0,257,claim_severity,0.03852039123340534,0.03198818862438202,0.006532202609023319,1
2029,0,257,provider_complication,0.004279449053726125,0.0010555237531661987,0.0032239253005599267,1
2029,0,257,coverage_gap,0.04613869047129164,0.05430247634649277,0.008163785875201127,1
2029,0,263,age,0.22460658346936455,0.24377316236495972,0.01916657889559517,1
2029,0,263,poor_health,0.1180458543308382,0.11599710583686829,0.0020487484939699097,1
2029,0,263,smoking,0.17747502545274463,0.19435924291610718,0.01688421746336255,1
2029,0,263,bmi_risk,0.005793478133605701,0.005564302206039429,0.00022917592756627192,1
2029,0,263,nonadherence,0.03117164144725909,0.03141024708747864,0.0002386056402195469,1
2029,0,263,claim_rate,0.06030633898383675,0.06875863671302795,0.008452297729191205,1
2029,0,263,claim_severity,0.15580257378977563,0.13341736793518066,0.02238520585459497,1
2029,0,263,provider_complication,0.006851149019938052,0.0013419091701507568,0.005509239849787295,1
2029,0,263,coverage_gap,0.06418613269962925,0.08174058794975281,0.017554455250123557,1
2029,0,264,age,0.02481111393391683,0.025803759694099426,0.0009926457601825978,1
2029,0,264,poor_health,0.01666507539511068,0.0164765864610672,0.000188488934043482,1
2029,0,264,smoking,-1.3877787807814457e-17,0.0,1.3877787807814457e-17,1
2029,0,264,bmi_risk,0.023673580679599543,0.02082189917564392,0.002851681503955622,1
2029,0,264,nonadherence,0.024071726982285047,0.022576667368412018,0.0014950596138730288,1
2029,0,264,claim_rate,-1.3877787807814457e-17,0.0,1.3877787807814457e-17,1
2029,0,264,claim_severity,0.017810783424742904,0.012282639741897583,0.005528143682845321,1
2029,0,264,provider_complication,0.009255874047829307,0.0016579777002334595,0.007597896347595848,1
2029,0,264,coverage_gap,0.015204024267849059,0.01720108836889267,0.0019970641010436108,1
2029,0,266,age,0.0063615197299941445,0.00616125762462616,0.00020026210536798483,1
2029,0,266,poor_health,0.03751291790296784,0.03488553687930107,0.002627381023666768,1
2029,0,266,smoking,1.3877787807814457e-17,0.0,1.3877787807814457e-17,1
2029,0,266,bmi_risk,0.012626650396383388,0.010410144925117493,0.002216505471265895,1
2029,0,266,nonadherence,0.0063299811931059186,0.005687065422534943,0.0006429157705709759,1
2029,0,266,claim_rate,0.009654985462169058,0.009842686355113983,0.0001877008929449253,1
2029,0,266,claim_severity,0.029819852100698423,0.021194621920585632,0.00862523018011279,1
2029,0,266,provider_complication,0.004277328745631984,0.0005583539605140686,0.003718974785117915,1
2029,0,266,coverage_gap,0.010764542924271439,0.011224709451198578,0.0004601665269271388,1
2029,0,273,age,0.08200712881092,0.09263575822114944,0.010628629410229448,1
2029,0,273,poor_health,0.028233978754758082,0.029047586023807526,0.0008136072690494434,1
2029,0,273,smoking,0.0,0.0,0.0,1
2029,0,273,bmi_risk,0.006907333920169179,0.00710885226726532,0.00020151834709614125,1
2029,0,273,nonadherence,0.00842288002046869,0.008828461170196533,0.0004055811497278433,1
2029,0,273,claim_rate,0.0,0.0,0.0,1
2029,0,273,claim_severity,0.024731610818882324,0.020661264657974243,0.004070346160908081,1
2029,0,273,provider_complication,0.023539393042669707,0.006471753120422363,0.017067639922247343,1
2029,0,273,coverage_gap,0.011322464912002325,0.014851793646812439,0.0035293287348101138,1
2029,0,280,age,0.10069806297553177,0.10497969388961792,0.004281630914086149,1
2029,0,280,poor_health,0.15568510297064944,0.15251187980175018,0.0031732231688992585,1
2029,0,280,smoking,0.0,0.0,0.0,1
2029,0,280,bmi_risk,0.01398722859313245,0.013176590204238892,0.0008106383888935587,1
2029,0,280,nonadherence,0.02254768191295048,0.021108552813529968,0.0014391290994205108,1
2029,0,280,claim_rate,0.0,0.0,0.0,1
2029,0,280,claim_severity,0.11679572831616955,0.08148916065692902,0.035306567659240534,1
2029,0,280,provider_complication,0.04564025582568243,0.008428767323493958,0.03721148850218847,1
2029,0,280,coverage_gap,0.044111436000685456,0.050407230854034424,0.006295794853348968,1
2029,0,293,age,0.02877935331408296,0.02709978073835373,0.0016795725757292324,1
2029,0,293,poor_health,0.04146866770166145,0.03662928193807602,0.004839385763585433,1
2029,0,293,smoking,-1.3877787807814457e-17,0.0,1.3877787807814457e-17,1
2029,0,293,bmi_risk,0.0013885345682787265,0.0010270625352859497,0.00036147203299277675,1
2029,0,293,nonadherence,0.033021537297505524,0.028019621968269348,0.005001915329236176,1
2029,0,293,claim_rate,-1.3877787807814457e-17,0.0,1.3877787807814457e-17,1
2029,0,293,claim_severity,0.017023656615161656,0.011363692581653595,0.005659964033508061,1
2029,0,293,provider_complication,0.014262178492542923,0.0018566399812698364,0.012405538511273087,1
2029,0,293,coverage_gap,0.021071204840069954,0.01945687085390091,0.0016143339861690448,1
2029,0,294,age,0.14896108380974143,0.15381048619747162,0.004849402387730184,1
2029,0,294,poor_health,0.04352800307301713,0.04281565546989441,0.0007123476031227205,1
2029,0,294,smoking,0.15890739608575633,0.1740962117910385,0.015188815705282188,1
2029,0,294,bmi_risk,0.052110070686507304,0.05237928032875061,0.00026920964224330657,1
2029,0,294,nonadherence,0.038536273586105174,0.036698490381240845,0.0018377832048643294,1
2029,0,294,claim_rate,0.05553700679213186,0.061690449714660645,0.0061534429225287846,1
2029,0,294,claim_severity,0.11952867983557611,0.09760823845863342,0.021920441376942684,1
2029,0,294,provider_complication,0.027587707594486588,0.005710512399673462,0.021877195194813126,1
2029,0,294,coverage_gap,0.06882535596226619,0.08290344476699829,0.014078088804732103,1
2029,0,298,age,0.015599521242617743,0.015670515596866608,7.099435424886419e-05,1
2029,0,298,poor_health,0.012325843462609218,0.012060906738042831,0.0002649367245663864,1
2029,0,298,smoking,1.3877787807814457e-17,0.0,1.3877787807814457e-17,1
2029,0,298,bmi_risk,0.006892587207297629,0.005859635770320892,0.0010329514369767367,1
2029,0,298,nonadherence,0.003326964348526265,0.0029984042048454285,0.00032856014368083664,1
2029,0,298,claim_rate,1.3877787807814457e-17,0.0,1.3877787807814457e-17,1
2029,0,298,claim_severity,0.0048425568604956865,0.0032695718109607697,0.0015729850495349168,1
2029,0,298,provider_complication,0.002514362311448623,0.0003562942147254944,0.0021580680967231286,1
2029,0,298,coverage_gap,0.004564000757421638,0.0047612376511096954,0.00019723689368805752,1
2029,0,305,age,0.14531698828417056,0.17496106028556824,0.02964407200139768,1
2029,0,305,poor_health,0.1832791366417189,0.2088417112827301,0.025562574641011193,1
2029,0,305,smoking,0.0,0.0,0.0,1
2029,0,305,bmi_risk,0.06822360661299315,0.07358559966087341,0.005361993047880265,1
2029,0,305,nonadherence,0.029108500673413973,0.03916463255882263,0.010056131885408659,1
2029,0,305,claim_rate,0.05376707146795212,0.06102466583251953,0.00725759436456741,1
2029,0,305,claim_severity,0.09355524534966245,0.07383930683135986,0.019715938518302584,1
2029,0,305,provider_complication,0.0339454666351352,0.008340209722518921,0.02560525691261628,1
2029,0,305,coverage_gap,0.03783932177237309,0.042385756969451904,0.004546435197078813,1
2029,0,306,age,0.023252765326279373,0.022621028125286102,0.0006317372009932709,1
2029,0,306,poor_health,0.02435496948832063,0.022586122155189514,0.001768847333131117,1
2029,0,306,smoking,0.0,0.0,0.0,1
2029,0,306,bmi_risk,0.005286884382319043,0.0041222646832466125,0.0011646196990724306,1
2029,0,306,nonadherence,0.01214735887220468,0.01059587299823761,0.0015514858739670706,1
2029,0,306,claim_rate,0.0,0.0,0.0,1
2029,0,306,claim_severity,0.0,0.0,0.0,1
2029,0,306,provider_complication,0.018099045955702595,0.0032610520720481873,0.014837993883654407,1
2029,0,306,coverage_gap,0.018895536830276116,0.019358523190021515,0.0004629863597453987,1
2029,0,314,age,0.23181173287248333,0.23452429473400116,0.0027125618615178315,1
2029,0,314,poor_health,0.09977257596830541,0.10487034916877747,0.0050977732004720555,1
2029,0,314,smoking,0.1911461078650915,0.1970338225364685,0.005887714671376998,1
2029,0,314,bmi_risk,0.0788696018745737,0.07512366771697998,0.003745934157593722,1
2029,0,314,nonadherence,0.036487741505381976,0.042672812938690186,0.006185071433308209,1
2029,0,314,claim_rate,0.03194084787613427,0.03723222017288208,0.005291372296747809,1
2029,0,314,claim_severity,0.10134335396897687,0.08059445023536682,0.020748903733610047,1
2029,0,314,provider_complication,0.07731287947306592,0.017610132694244385,0.059702746778821536,1
2029,0,314,coverage_gap,0.07345302436501555,0.09173667430877686,0.018283649943761304,1
2029,0,319,age,0.16720789384925955,0.16352729499340057,0.003680598855858974,1
2029,0,319,poor_health,0.1694385221521973,0.1658783257007599,0.003560196451437403,1
2029,0,319,smoking,0.0,0.0,0.0,1
2029,0,319,bmi_risk,0.14166148563997052,0.11381407082080841,0.027847414819162114,1
2029,0,319,nonadherence,0.014497505173402758,0.02042296528816223,0.005925460114759473,1
2029,0,319,claim_rate,0.028867229115829396,0.036012083292007446,0.00714485417617805,1
2029,0,319,claim_severity,0.11010753258523268,0.08483794331550598,0.025269589269726694,1
2029,0,319,provider_complication,0.004232154720478554,0.0009196996688842773,0.0033124550515942763,1
2029,0,319,coverage_gap,0.030124940697825953,0.03829345107078552,0.00816851037295957,1
2029,0,320,age,0.2000712052105904,0.18799135088920593,0.012079854321384476,1
2029,0,320,poor_health,0.12132606361524906,0.11220934987068176,0.009116713744567295,1
2029,0,320,smoking,0.2021545090640285,0.20248115062713623,0.0003266415631077435,1
2029,0,320,bmi_risk,0.05205939341420851,0.04933515191078186,0.00272424150342665,1
2029,0,320,nonadherence,0.05267534817202307,0.05270668864250183,3.1340470478757876e-05,1
2029,0,320,claim_rate,0.03248399065759727,0.03561022877693176,0.00312623811933449,1
2029,0,320,claim_severity,0.13252994732271722,0.10241591930389404,0.03011402801882318,1
2029,0,320,provider_complication,0.07949701761919947,0.017346858978271484,0.06215015864092799,1
2029,0,320,coverage_gap,0.11385751618784873,0.131119966506958,0.01726245031910928,1
2029,0,324,age,0.03325474970624481,0.025181233882904053,0.00807351582334076,1
2029,0,324,poor_health,0.07817196013777886,0.05750178545713425,0.02067017468064461,1
2029,0,324,smoking,0.0,0.0,0.0,1
2029,0,324,bmi_risk,0.04912277277702899,0.031422585248947144,0.017700187528081848,1
2029,0,324,nonadherence,0.02353599685812577,0.016248516738414764,0.007287480119711004,1
2029,0,324,claim_rate,0.0,0.0,0.0,1
2029,0,324,claim_severity,0.050985001439826066,0.025495871901512146,0.02548912953831392,1
2029,0,324,provider_complication,0.019430077296212517,0.0030012130737304688,0.016428864222482048,1
2029,0,324,coverage_gap,0.011169241652919881,0.00910494476556778,0.0020642968873521017,1
2029,0,330,age,0.1042396654518529,0.12024185061454773,0.016002185162694832,1
2029,0,330,poor_health,0.05252576069226486,0.0565904825925827,0.004064721900317841,1
2029,0,330,smoking,0.0,0.0,0.0,1
2029,0,330,bmi_risk,0.00986610897672252,0.012039735913276672,0.0021736269365541516,1
2029,0,330,nonadherence,0.046164660628707804,0.04317113757133484,0.0029935230573729654,1
2029,0,330,claim_rate,0.0,0.0,0.0,1
2029,0,330,claim_severity,0.0399984447310589,0.034774720668792725,0.005223724062266177,1
2029,0,330,provider_complication,0.01717646577572854,0.004547804594039917,0.012628661181688622,1
2029,0,330,coverage_gap,0.05892240698999586,0.07093936204910278,0.012016955059106924,1
2029,0,334,age,0.10408650945504117,0.12616035342216492,0.022073843967123752,1
2029,0,334,poor_health,0.24806003446827066,0.2810332179069519,0.03297318343868125,1
2029,0,334,smoking,0.0,0.0,0.0,1
2029,0,334,bmi_risk,0.019541619668113908,0.02476578950881958,0.0052241698407056725,1
2029,0,334,nonadherence,0.11378522100494454,0.12631955742835999,0.012534336423415449,1
2029,0,334,claim_rate,0.09216444061764861,0.11025097966194153,0.018086539044292915,1
2029,0,334,claim_severity,0.17334654226485963,0.12853434681892395,0.044812195445935676,1
2029,0,334,provider_complication,0.08076629975270916,0.011658638715744019,0.06910766103696514,1
2029,0,334,coverage_gap,0.030738457569487232,0.03312310576438904,0.002384648194901806,1
2029,0,341,age,0.09357264526848919,0.08760839700698853,0.00596424826150066,1
2029,0,341,poor_health,0.1122923244848491,0.10411100834608078,0.008181316138768324,1
2029,0,341,smoking,-2.7755575615628914e-17,0.0,2.7755575615628914e-17,1
2029,0,341,bmi_risk,0.04359632025374055,0.03729909658432007,0.006297223669420482,1
2029,0,341,nonadherence,0.02224342889473349,0.024540022015571594,0.002296593120838103,1
2029,0,341,claim_rate,0.022156508386846352,0.025081589818000793,0.0029250814311544415,1
2029,0,341,claim_severity,0.07916125401006413,0.049322113394737244,0.029839140615326887,1
2029,0,341,provider_complication,0.02717172760905201,0.00415530800819397,0.02301641960085804,1
2029,0,341,coverage_gap,0.03119019871848422,0.03339408338069916,0.002203884662214939,1
2029,0,344,age,0.03020716541812163,0.031001873314380646,0.0007947078962590171,1
2029,0,344,poor_health,0.06154924618674774,0.060888633131980896,0.0006606130547668412,1
2029,0,344,smoking,-2.7755575615628914e-17,0.0,2.7755575615628914e-17,1
2029,0,344,bmi_risk,0.017719368101439897,0.014429286122322083,0.003290081979117815,1
2029,0,344,nonadherence,0.005135932269492383,0.004763111472129822,0.0003728207973625608,1
2029,0,344,claim_rate,-2.7755575615628914e-17,0.0,2.7755575615628914e-17,1
2029,0,344,claim_severity,0.04477768871744077,0.030973881483078003,0.013803807234362767,1
2029,0,344,provider_complication,0.007290776634357385,0.0018037781119346619,0.005486998522422723,1
2029,0,344,coverage_gap,0.012590214647812598,0.013735920190811157,0.0011457055429985596,1
2029,0,345,age,0.024318393133013705,0.025877803564071655,0.0015594104310579504,1
2029,0,345,poor_health,0.04444942173991001,0.04972578585147858,0.0052763641115685656,1
2029,0,345,smoking,-2.7755575615628914e-17,0.0,2.7755575615628914e-17,1
2029,0,345,bmi_risk,0.03055122828613205,0.03057943284511566,2.8204558983613293e-05,1
2029,0,345,nonadherence,0.044036462790300684,0.04676603525876999,0.0027295724684693046,1
2029,0,345,claim_rate,0.013601504530764377,0.017528831958770752,0.003927327428006375,1
2029,0,345,claim_severity,0.02124596166770998,0.015872061252593994,0.005373900415115984,1
2029,0,345,provider_complication,0.006883387148195183,0.0012241601943969727,0.00565922695379821,1
2029,0,345,coverage_gap,0.028260249400364285,0.03335493803024292,0.005094688629878635,1
2029,0,346,age,0.10446364566754868,0.1244068443775177,0.019943198709969023,1
2029,0,346,poor_health,0.12899843863801796,0.14948635548353195,0.020487916845513987,1
2029,0,346,smoking,0.0,0.0,0.0,1
2029,0,346,bmi_risk,0.053450681365723146,0.060159534215927124,0.006708852850203978,1
2029,0,346,nonadherence,0.020051772773541587,0.025551840662956238,0.00550006788941465,1
2029,0,346,claim_rate,0.023120296826907305,0.02851499617099762,0.005394699344090315,1
2029,0,346,claim_severity,0.053780199349650504,0.03810833394527435,0.01567186540437615,1
2029,0,346,provider_complication,0.014811060489865163,0.0020426809787750244,0.012768379511090139,1
2029,0,346,coverage_gap,0.058652495497669155,0.06541816890239716,0.006765673404728001,1
2029,0,350,age,0.01576608265800533,0.015489727258682251,0.0002763553993230805,1
2029,0,350,poor_health,0.06721768074633318,0.06302359700202942,0.004194083744303759,1
2029,0,350,smoking,0.0,0.0,0.0,1
2029,0,350,bmi_risk,0.004360234473419905,0.0035144686698913574,0.0008457658035285476,1
2029,0,350,nonadherence,0.021324788768406017,0.01853497326374054,0.002789815504665477,1
2029,0,350,claim_rate,0.029892453527260943,0.03066391497850418,0.0007714614512432383,1
2029,0,350,claim_severity,0.0477558382429268,0.03595953434705734,0.011796303895869456,1
2029,0,350,provider_complication,0.015902256411923416,0.003915458917617798,0.011986797494305618,1
2029,0,350,coverage_gap,0.04947714392445782,0.05253296345472336,0.003055819530265541,1
2029,0,351,age,0.06281233174430725,0.0519087091088295,0.010903622635477755,1
2029,0,351,poor_health,0.030994020563806332,0.02347816526889801,0.007515855294908322,1
2029,0,351,smoking,0.0,0.0,0.0,1
2029,0,351,bmi_risk,0.023338496584689256,0.015084214508533478,0.008254282076155778,1
2029,0,351,nonadherence,0.023957545527060656,0.01737532764673233,0.0065822178803283254,1
2029,0,351,claim_rate,0.015244865493638071,0.012661844491958618,0.002583021001679453,1
2029,0,351,claim_severity,0.02260107206244133,0.014182031154632568,0.008419040907808761,1
2029,0,351,provider_complication,0.036908856172651563,0.007356472313404083,0.02955238385924748,1
2029,0,351,coverage_gap,0.02231016488958866,0.01935999095439911,0.002950173935189551,1
2029,0,353,age,0.15294278793626606,0.1777644157409668,0.024821627804700735,1
2029,0,353,poor_health,0.2017217566585043,0.2218332216143608,0.0201114649558565,1
2029,0,353,smoking,0.0,0.0,0.0,1
2029,0,353,bmi_risk,0.01160466025948087,0.013822406530380249,0.002217746270899379,1
2029,0,353,nonadherence,0.05499279192185513,0.05389535427093506,0.0010974376509200745,1
2029,0,353,claim_rate,0.02784890365050663,0.03191104531288147,0.004062141662374841,1
2029,0,353,claim_severity,0.12408426485714111,0.08579882979393005,0.038285435063211054,1
2029,0,353,provider_complication,0.031266384605985575,0.006526976823806763,0.024739407782178813,1
2029,0,353,coverage_gap,0.02362913521858717,0.023596078157424927,3.305706116224494e-05,1
2029,0,370,age,0.02057856558711782,0.021686770021915436,0.001108204434797616,1
2029,0,370,poor_health,0.0038851203181861776,0.0037219226360321045,0.00016319768215407315,1
2029,0,370,smoking,-1.3877787807814457e-17,0.0,1.3877787807814457e-17,1
2029,0,370,bmi_risk,0.01570538461119772,0.01275385171175003,0.0029515328994476897,1
2029,0,370,nonadherence,0.02203007492741403,0.020447425544261932,0.0015826493831520988,1
2029,0,370,claim_rate,0.010889130715312181,0.01138288527727127,0.0004937545619590894,1
2029,0,370,claim_severity,0.01762761970763632,0.012962281703948975,0.004665338003687347,1
2029,0,370,provider_complication,0.0053838040266039056,0.0013460293412208557,0.00403777468538305,1
2029,0,370,coverage_gap,0.04386320383510115,0.04824258014559746,0.0043793763104963065,1
2029,0,374,age,0.06028003415649906,0.06441857665777206,0.004138542501273004,1
2029,0,374,poor_health,0.03944030537407853,0.04451936483383179,0.00507905945975326,1
2029,0,374,smoking,0.0,0.0,0.0,1
2029,0,374,bmi_risk,0.03554955035905112,0.035851649940013885,0.0003020995809627641,1
2029,0,374,nonadherence,0.044429409500935324,0.047510914504528046,0.0030815050035927216,1
2029,0,374,claim_rate,0.0,0.0,0.0,1
2029,0,374,claim_severity,0.0,0.0,0.0,1
2029,0,374,provider_complication,0.016131688958603507,0.002385944128036499,0.013745744830567008,1
2029,0,374,coverage_gap,0.03548649445728444,0.036310359835624695,0.000823865378340255,1
2029,0,378,age,0.06423253061068748,0.060779690742492676,0.003452839868194807,1
2029,0,378,poor_health,0.17818691422050914,0.1385834887623787,0.03960342545813045,1
2029,0,378,smoking,0.0,0.0,0.0,1
2029,0,378,bmi_risk,0.04325545691679222,0.03545615077018738,0.007799306146604845,1
2029,0,378,nonadherence,0.024766300952563935,0.02261403203010559,0.0021522689224583447,1
2029,0,378,claim_rate,0.0,0.0,0.0,1
2029,0,378,claim_severity,0.08777587968222486,0.05518917739391327,0.03258670228831159,1
2029,0,378,provider_complication,0.060824106586620214,0.012068003416061401,0.04875610317055881,1
2029,0,378,coverage_gap,0.07609141568206826,0.06688115000724792,0.009210265674820334,1
2029,0,382,age,0.028405303264132986,0.02229318767786026,0.006112115586272726,1
2029,0,382,poor_health,0.06673520694218633,0.04894433915615082,0.017790867786035516,1
2029,0,382,smoking,0.0,0.0,0.0,1
2029,0,382,bmi_risk,0.026215224276110588,0.016666807234287262,0.009548417041823326,1
2029,0,382,nonadherence,0.012350185187276291,0.008288264274597168,0.004061920912679123,1
2029,0,382,claim_rate,0.0163721453318518,0.013065367937088013,0.003306777394763788,1
2029,0,382,claim_severity,0.0472716691859737,0.024958893656730652,0.022312775529243045,1
2029,0,382,provider_complication,0.039727000358951936,0.007061660289764404,0.03266534006918753,1
2029,0,382,coverage_gap,0.015849991076040237,0.013652145862579346,0.0021978452134608917,1
2029,0,397,age,0.06355436082039678,0.0709642767906189,0.007409915970222114,1
2029,0,397,poor_health,0.0932741897142789,0.1071687638759613,0.01389457416168241,1
2029,0,397,smoking,-2.7755575615628914e-17,0.0,2.7755575615628914e-17,1
2029,0,397,bmi_risk,0.07079459581123024,0.07715243101119995,0.006357835199969714,1
2029,0,397,nonadherence,0.057280402356736815,0.07442602515220642,0.017145622795469606,1
2029,0,397,claim_rate,0.05889425371576573,0.07880838215351105,0.019914128437745315,1
2029,0,397,claim_severity,0.06709086516012491,0.04619508981704712,0.020895775343077794,1
2029,0,397,provider_complication,0.003157833976675739,0.00036044418811798096,0.002797389788557758,1
2029,0,397,coverage_gap,0.012530071993588465,0.014059588313102722,0.001529516319514257,1
2029,0,402,age,0.14021387825668064,0.13648825883865356,0.0037256194180270708,1
2029,0,402,poor_health,0.13824219023087297,0.13098204135894775,0.0072601488719252205,1
2029,0,402,smoking,0.20488578731506785,0.20748886466026306,0.002603077345195215,1
2029,0,402,bmi_risk,0.04665310088610064,0.04654121398925781,0.00011188689684282771,1
2029,0,402,nonadherence,0.07795704171203738,0.06711536645889282,0.010841675253144556,1
2029,0,402,claim_rate,0.06490802245907845,0.06256011128425598,0.00234791117482247,1
2029,0,402,claim_severity,0.22010178930099933,0.15857702493667603,0.0615247643643233,1
2029,0,402,provider_complication,0.050211911262423914,0.009416460990905762,0.04079545027151815,1
2029,0,402,coverage_gap,0.07613415276301971,0.09358134865760803,0.01744719589458832,1
2029,0,415,age,0.03189594570111354,0.02790917456150055,0.003986771139612988,1
2029,0,415,poor_health,0.056658478769538306,0.04832824319601059,0.008330235573527717,1
2029,0,415,smoking,0.0,0.0,0.0,1
2029,0,415,bmi_risk,0.027757281930717595,0.020939774811267853,0.006817507119449742,1
2029,0,415,nonadherence,0.02618116132786316,0.021340005099773407,0.004841156228089755,1
2029,0,415,claim_rate,0.014436905134381672,0.012966722249984741,0.0014701828843969311,1
2029,0,415,claim_severity,0.029691424908766487,0.016794197261333466,0.012897227647433021,1
2029,0,415,provider_complication,0.029581297449854965,0.004801571369171143,0.024779726080683823,1
2029,0,415,coverage_gap,0.012026583470944069,0.010728858411312103,0.0012977250596319656,1
2029,0,422,age,0.05460942439818991,0.06149568408727646,0.0068862596890865505,1
2029,0,422,poor_health,0.02254827487543337,0.023091763257980347,0.000543488382546975,1
2029,0,422,smoking,2.7755575615628914e-17,0.0,2.7755575615628914e-17,1
2029,0,422,bmi_risk,0.003993869616699744,0.003524079918861389,0.0004697896978383548,1
2029,0,422,nonadherence,0.02620258717321433,0.025985337793827057,0.0002172493793872743,1
2029,0,422,claim_rate,0.012346398551886115,0.013613879680633545,0.0012674811287474302,1
2029,0,422,claim_severity,0.0023060664065939485,0.001692250370979309,0.0006138160356146394,1
2029,0,422,provider_complication,0.01857299436766721,0.005190014839172363,0.013382979528494848,1
2029,0,422,coverage_gap,0.03176681774620056,0.038721971213817596,0.006955153467617034,1
2029,0,427,age,0.030768640881304862,0.028910145163536072,0.0018584957177687905,1
2029,0,427,poor_health,0.016286532739789597,0.013980455696582794,0.002306077043206803,1
2029,0,427,smoking,0.0,0.0,0.0,1
2029,0,427,bmi_risk,0.013486114003199767,0.009734116494655609,0.003751997508544158,1
2029,0,427,nonadherence,0.007737832151299834,0.006200917065143585,0.0015369150861562486,1
2029,0,427,claim_rate,0.0,0.0,0.0,1
2029,0,427,claim_severity,0.013281564276959201,0.008538521826267242,0.004743042450691959,1
2029,0,427,provider_complication,0.026158233011402562,0.006514914333820343,0.01964331867758222,1
2029,0,427,coverage_gap,0.032516141494723566,0.03249625861644745,1.9882878276117344e-05,1
2029,0,433,age,0.008675190106389633,0.008447103202342987,0.00022808690404664544,1
2029,0,433,poor_health,0.011576444129641615,0.01073998212814331,0.0008364620014983046,1
2029,0,433,smoking,0.0,0.0,0.0,1
2029,0,433,bmi_risk,0.00857039546236952,0.006942838430404663,0.001627557031964856,1
2029,0,433,nonadherence,0.008771608426328154,0.007641013711690903,0.0011305947146372508,1
2029,0,433,claim_rate,0.007611775332971478,0.007529575377702713,8.219995526876495e-05,1
2029,0,433,claim_severity,0.010550579156004145,0.00676191970705986,0.0037886594489442843,1
2029,0,433,provider_complication,0.009292627889833094,0.0015248656272888184,0.0077677622625442755,1
2029,0,433,coverage_gap,0.016100434017255166,0.01622714474797249,0.00012671073071732208,1
2029,0,434,age,0.14107964783071275,0.14064660668373108,0.00043304114698167195,1
2029,0,434,poor_health,0.12755570317008624,0.12626317143440247,0.0012925317356837773,1
2029,0,434,smoking,0.0,0.0,0.0,1
2029,0,434,bmi_risk,0.044700096661575484,0.047510817646980286,0.002810720985404802,1
2029,0,434,nonadherence,0.08633980272768188,0.08961567282676697,0.0032758700990850875,1
2029,0,434,claim_rate,0.0,0.0,0.0,1
2029,0,434,claim_severity,0.080302359814551,0.05217947065830231,0.028122889156248693,1
2029,0,434,provider_complication,0.0609028357677574,0.008233398199081421,0.05266943756867598,1
2029,0,434,coverage_gap,0.05871040582294407,0.05826111137866974,0.0004492944442743285,1
2029,0,437,age,0.04955298662417698,0.04399916157126427,0.005553825052912714,1
2029,0,437,poor_health,0.020129220993380673,0.01707615703344345,0.0030530639599372217,1
2029,0,437,smoking,0.0,0.0,0.0,1
2029,0,437,bmi_risk,7.969553785389105e-06,5.766749382019043e-06,2.2028044033700622e-06,1
2029,0,437,nonadherence,0.009024769216358641,0.007232509553432465,0.0017922596629261767,1
2029,0,437,claim_rate,0.02195604444176022,0.019697919487953186,0.0022581249538070336,1
2029,0,437,claim_severity,0.022880043469681366,0.013322331011295319,0.009557712458386047,1
2029,0,437,provider_complication,0.005113822715926225,0.0007818713784217834,0.004331951337504442,1
2029,0,437,coverage_gap,0.012616692948214783,0.011775419116020203,0.0008412738321945806,1
2029,0,439,age,0.046341954226170545,0.051451608538627625,0.005109654312457079,1
2029,0,439,poor_health,0.05769186552082595,0.06276874989271164,0.005076884371885693,1
2029,0,439,smoking,0.0,0.0,0.0,1
2029,0,439,bmi_risk,0.02366972699980359,0.021794021129608154,0.0018757058701954349,1
2029,0,439,nonadherence,0.023232856734034135,0.023019954562187195,0.00021290217184694038,1
2029,0,439,claim_rate,0.01495533326609183,0.018242239952087402,0.003286906685995572,1
2029,0,439,claim_severity,0.023963402086947347,0.019759610295295715,0.0042037917916516315,1
2029,0,439,provider_complication,0.019249961341673366,0.00457434356212616,0.014675617779547206,1
2029,0,439,coverage_gap,0.0451226884562065,0.05286889523267746,0.0077462067764709625,1
2029,0,440,age,0.03234632985198496,0.035230331122875214,0.002884001270890252,1
2029,0,440,poor_health,0.04021553366116501,0.04252499341964722,0.0023094597584822074,1
2029,0,440,smoking,1.3877787807814457e-17,0.0,1.3877787807814457e-17,1
2029,0,440,bmi_risk,0.033283597566898984,0.0306440070271492,0.0026395905397497837,1
2029,0,440,nonadherence,0.022606705833735072,0.021925844252109528,0.0006808615816255442,1
2029,0,440,claim_rate,0.012122675066579491,0.013635024428367615,0.0015123493617881234,1
2029,0,440,claim_severity,0.022813625764102105,0.01630614697933197,0.006507478784770135,1
2029,0,440,provider_complication,0.00278421152621694,0.0005190819501876831,0.0022651295760292567,1
2029,0,440,coverage_gap,0.013798615329365077,0.015870414674282074,0.002071799344916997,1
2029,0,442,age,0.03815729681034814,0.03684816509485245,0.0013091317154956955,1
2029,0,442,poor_health,0.034107069858837824,0.03150859475135803,0.002598475107479792,1
2029,0,442,smoking,-1.3877787807814457e-17,0.0,1.3877787807814457e-17,1
2029,0,442,bmi_risk,0.004675069192690354,0.0035907775163650513,0.0010842916763253024,1
2029,0,442,nonadherence,0.02314430590263601,0.020239822566509247,0.0029044833361267647,1
2029,0,442,claim_rate,0.011438544169696169,0.011076785624027252,0.0003617585456689165,1
2029,0,442,claim_severity,-1.3877787807814457e-17,0.0,1.3877787807814457e-17,1
2029,0,442,provider_complication,0.02533741286011698,0.004384554922580719,0.020952857937536262,1
2029,0,442,coverage_gap,0.024609014321626696,0.024754077196121216,0.00014506287449451982,1
2029,0,444,age,0.06550076710466171,0.06719841063022614,0.001697643525564424,1
2029,0,444,poor_health,0.07863858352585357,0.07882870733737946,0.00019012381152588853,1
2029,0,444,smoking,0.0,0.0,0.0,1
2029,0,444,bmi_risk,0.06537706100104662,0.054881930351257324,0.010495130649789297,1
2029,0,444,nonadherence,0.06808475999333044,0.06842377781867981,0.0003390178253493692,1
2029,0,444,claim_rate,0.021052971640265677,0.02565428614616394,0.004601314505898263,1
2029,0,444,claim_severity,0.030448732119907923,0.02365650236606598,0.006792229753841944,1
2029,0,444,provider_complication,0.04889738661470308,0.011769339442253113,0.03712804717244997,1
2029,0,444,coverage_gap,0.0581193115550869,0.06163144111633301,0.003512129561246108,1
2029,0,448,age,0.12786084310218057,0.1498422771692276,0.02198143406704703,1
2029,0,448,poor_health,0.2140929847837167,0.25528019666671753,0.04118721188300084,1
2029,0,448,smoking,0.0,0.0,0.0,1
2029,0,448,bmi_risk,0.05076428765748475,0.06956979632377625,0.018805508666291493,1
2029,0,448,nonadherence,0.057765830969476906,0.06745210289955139,0.009686271930074486,1
2029,0,448,claim_rate,0.02816551014738311,0.03454461693763733,0.006379106790254219,1
2029,0,448,claim_severity,0.13989802494308995,0.10191503167152405,0.0379829932715659,1
2029,0,448,provider_complication,0.012608920349882702,0.00297701358795166,0.009631906761931042,1
2029,0,448,coverage_gap,0.03624747635657871,0.04226964712142944,0.006022170764850732,1
2029,0,456,age,0.1437720564773589,0.13218647241592407,0.01158558406143484,1
2029,0,456,poor_health,0.2719790897742159,0.24780124425888062,0.024177845515335306,1
2029,0,456,smoking,0.19475589481037991,0.177303284406662,0.017452610403717927,1
2029,0,456,bmi_risk,0.07938916474411806,0.07497698068618774,0.004412184057930313,1
2029,0,456,nonadherence,0.0615280640903314,0.06393969058990479,0.0024116264995733827,1
2029,0,456,claim_rate,0.08380574065627588,0.07119828462600708,0.012607456030268804,1
2029,0,456,claim_severity,0.2309620961838348,0.1513674259185791,0.07959467026525568,1
2029,0,456,provider_complication,0.025713982964375215,0.004275977611541748,0.021438005352833467,1
2029,0,456,coverage_gap,0.03414651330207841,0.04284930229187012,0.00870278898979171,1
2029,0,457,age,0.037752648484058016,0.02914804220199585,0.008604606282062166,1
2029,0,457,poor_health,0.06715086585983376,0.04977690428495407,0.017373961574879693,1
2029,0,457,smoking,0.0,0.0,0.0,1
2029,0,457,bmi_risk,0.0158427922913274,0.01005496084690094,0.005787831444426461,1
2029,0,457,nonadherence,0.030963457498362976,0.021526910364627838,0.009436547133735138,1
2029,0,457,claim_rate,0.016180196765796906,0.012794539332389832,0.0033856574334070744,1
2029,0,457,claim_severity,0.03612582209637996,0.01881837099790573,0.01730745109847423,1
2029,0,457,provider_complication,0.015072269854399412,0.002302899956703186,0.012769369897696226,1
2029,0,457,coverage_gap,0.02527647184403614,0.02018950879573822,0.005086963048297921,1
2029,0,462,age,0.05463331610420202,0.05014916509389877,0.00448415101030325,1
2029,0,462,poor_health,0.026360494086722933,0.02218509465456009,0.0041753994321628435,1
2029,0,462,smoking,0.0,0.0,0.0,1
2029,0,462,bmi_risk,0.024283498026700948,0.017259791493415833,0.007023706533285115,1
2029,0,462,nonadherence,0.01168552160575008,0.00957874208688736,0.0021067795188627197,1
2029,0,462,claim_rate,0.0,0.0,0.0,1
2029,0,462,claim_severity,0.02269824446682618,0.0149683877825737,0.007729856684252481,1
2029,0,462,provider_complication,0.01989668186114528,0.004482544958591461,0.015414136902553818,1
2029,0,462,coverage_gap,0.03718401163625655,0.03718844801187515,4.436375618602217e-06,1
2029,0,463,age,0.04859693614381013,0.043036848306655884,0.005560087837154247,1
2029,0,463,poor_health,0.019028879793170514,0.01658076047897339,0.0024481193141971253,1
2029,0,463,smoking,-1.3877787807814457e-17,0.0,1.3877787807814457e-17,1
2029,0,463,bmi_risk,0.01469002177834397,0.01083434373140335,0.0038556780469406193,1
2029,0,463,nonadherence,0.009429317989394961,0.0075500234961509705,0.001879294493243991,1
2029,0,463,claim_rate,0.01133734175667342,0.010622948408126831,0.0007143933485465881,1
2029,0,463,claim_severity,0.01302035000216921,0.007738091051578522,0.0052822589505906875,1
2029,0,463,provider_complication,0.019009915487269435,0.002545192837715149,0.016464722649554286,1
2029,0,463,coverage_gap,0.018921754095944793,0.01765962690114975,0.001262127194795043,1
2029,0,466,age,0.13042116018330843,0.12280991673469543,0.007611243448612998,1
2029,0,466,poor_health,0.12581237616766905,0.1114879846572876,0.014324391510381451,1
2029,0,466,smoking,0.0,0.0,0.0,1
2029,0,466,bmi_risk,0.03127357701996766,0.0249406099319458,0.0063329670880218625,1
2029,0,466,nonadherence,0.024878512793328283,0.023449406027793884,0.0014291067655343992,1
2029,0,466,claim_rate,0.0,0.0,0.0,1
2029,0,466,claim_severity,0.10691381080580689,0.07761943340301514,0.029294377402791755,1
2029,0,466,provider_complication,0.0477458116502163,0.00952768325805664,0.038218128392159656,1
2029,0,466,coverage_gap,0.03657658776182213,0.040834248065948486,0.004257660304126359,1
2029,0,468,age,0.0381724284623739,0.03990260511636734,0.0017301766539934427,1
2029,0,468,poor_health,0.047385330056497095,0.05010446161031723,0.002719131553820135,1
2029,0,468,smoking,0.0,0.0,0.0,1
2029,0,468,bmi_risk,0.018233316685946133,0.01687178760766983,0.0013615290782763023,1
2029,0,468,nonadherence,0.0035622298577761696,0.0036550089716911316,9.277911391496196e-05,1
2029,0,468,claim_rate,0.0,0.0,0.0,1
2029,0,468,claim_severity,0.026866855479166424,0.019403211772441864,0.00746364370672456,1
2029,0,468,provider_complication,0.004898019496684045,0.0006526485085487366,0.004245370988135308,1
2029,0,468,coverage_gap,0.03133552473032973,0.033500030636787415,0.002164505906457684,1
2029,0,472,age,0.09587610151396683,0.07609415054321289,0.019781950970753942,1
2029,0,472,poor_health,0.09343080006856616,0.076010562479496,0.01742023758907016,1
2029,0,472,smoking,-2.7755575615628914e-17,0.0,2.7755575615628914e-17,1
2029,0,472,bmi_risk,0.06022291762683507,0.045727431774139404,0.014495485852695666,1
2029,0,472,nonadherence,0.017868527468313133,0.018186300992965698,0.0003177735246525648,1
2029,0,472,claim_rate,0.021925665453394333,0.021393075585365295,0.0005325898680290375,1
2029,0,472,claim_severity,0.051721487875637906,0.026436641812324524,0.025284846063313382,1
2029,0,472,provider_complication,0.024578807728458052,0.0027412474155426025,0.02183756031291545,1
2029,0,472,coverage_gap,0.02811014542142018,0.023119226098060608,0.004990919323359572,1
2029,0,475,age,0.019083654138957018,0.015963397920131683,0.0031202562188253347,1
2029,0,475,poor_health,0.06045562295775632,0.05095289275050163,0.009502730207254687,1
2029,0,475,smoking,2.7755575615628914e-17,0.0,2.7755575615628914e-17,1
2029,0,475,bmi_risk,0.04689331856018303,0.03505546599626541,0.011837852563917617,1
2029,0,475,nonadherence,0.004913057952762451,0.004057437181472778,0.0008556207712896724,1
2029,0,475,claim_rate,2.7755575615628914e-17,0.0,2.7755575615628914e-17,1
2029,0,475,claim_severity,0.0421980929974233,0.02531377226114273,0.016884320736280573,1
2029,0,475,provider_complication,0.027865185197892522,0.00360281765460968,0.024262367543282842,1
2029,0,475,coverage_gap,0.003955077542079105,0.0038300827145576477,0.0001249948275214574,1
2029,0,477,age,0.05785289564125751,0.06716200709342957,0.009309111452172059,1
2029,0,477,poor_health,0.11535958534508857,0.1228548213839531,0.007495236038864525,1
2029,0,477,smoking,-5.551115123125783e-17,0.0,5.551115123125783e-17,1
2029,0,477,bmi_risk,0.02847206504969077,0.028214231133461,0.0002578339162297716,1
2029,0,477,nonadherence,0.05263913622008326,0.05379389226436615,0.0011547560442828897,1
2029,0,477,claim_rate,-5.551115123125783e-17,0.0,5.551115123125783e-17,1
2029,0,477,claim_severity,0.07956116406902267,0.06652961671352386,0.013031547355498801,1
2029,0,477,provider_complication,0.02623578562336623,0.006437554955482483,0.01979823066788375,1
2029,0,477,coverage_gap,0.0447459538672422,0.05336524546146393,0.008619291594221729,1
2029,0,482,age,0.15900375428129573,0.15501455962657928,0.003989194654716449,1
2029,0,482,poor_health,0.10880042697440584,0.10726511478424072,0.0015353121901651168,1
2029,0,482,smoking,0.17921988746261913,0.1814172863960266,0.0021973989334074795,1
2029,0,482,bmi_risk,0.030765005684359525,0.03035864233970642,0.00040636334465310453,1
2029,0,482,nonadherence,0.09797445490230255,0.09719812870025635,0.000776326202046207,1
2029,0,482,claim_rate,0.06071358532745047,0.06434014439582825,0.003626559068377777,1
2029,0,482,claim_severity,0.10181631267525171,0.07403221726417542,0.027784095411076293,1
2029,0,482,provider_complication,0.04731154712430691,0.010669857263565063,0.036641689860741844,1
2029,0,482,coverage_gap,0.02109768205702417,0.02198651432991028,0.0008888322728861087,1
2029,0,496,age,0.14180702880282722,0.14486607909202576,0.003059050289198534,1
2029,0,496,poor_health,0.20361937262722127,0.20004195719957352,0.003577415427647751,1
2029,0,496,smoking,5.551115123125783e-17,0.0,5.551115123125783e-17,1
2029,0,496,bmi_risk,0.05421267109039163,0.04605305194854736,0.008159619141844265,1
2029,0,496,nonadherence,0.02392588429169823,0.026027321815490723,0.002101437523792493,1
2029,0,496,claim_rate,0.028678539138031145,0.028304725885391235,0.0003738132526399096,1
2029,0,496,claim_severity,0.15646746527043395,0.09638530015945435,0.06008216511097961,1
2029,0,496,provider_complication,0.02880165442521565,0.004936188459396362,0.023865465965819288,1
2029,0,496,coverage_gap,0.016809053168966914,0.017588704824447632,0.0007796516554807176,1
2029,0,499,age,0.10467503790471122,0.1016661524772644,0.003008885427446817,1
2029,0,499,poor_health,0.18220127176819811,0.17809438705444336,0.004106884713754755,1
2029,0,499,smoking,0.1901074008901637,0.19723151624202728,0.00712411535186358,1
2029,0,499,bmi_risk,0.07145959646859407,0.07387146353721619,0.00241186706862212,1
2029,0,499,nonadherence,0.041793757938556275,0.0437522828578949,0.0019585249193386223,1
2029,0,499,claim_rate,0.0,0.0,0.0,1
2029,0,499,claim_severity,0.14768949870156217,0.10803082585334778,0.039658672848214394,1
2029,0,499,provider_complication,0.07705511172744489,0.016404658555984497,0.060650453171460394,1
2029,0,499,coverage_gap,0.07897790520131459,0.08290731906890869,0.0039294138675941,1
2029,0,508,age,0.0650860507391279,0.041465193033218384,0.02362085770590952,1
2029,0,508,poor_health,0.08552374994242262,0.060271263122558594,0.02525248681986403,1
2029,0,508,smoking,0.0,0.0,0.0,1
2029,0,508,bmi_risk,0.09473917769964989,0.057037703692913055,0.03770147400673683,1
2029,0,508,nonadherence,0.011292390448659956,0.009653493762016296,0.0016388966866436594,1
2029,0,508,claim_rate,0.02035246854499137,0.016505151987075806,0.0038473165579155644,1
2029,0,508,claim_severity,0.05380252783316128,0.027794644236564636,0.026007883596596643,1
2029,0,508,provider_complication,0.04981671893423606,0.004541739821434021,0.04527497911280204,1
2029,0,508,coverage_gap,0.005255669209084102,0.004287108778953552,0.0009685604301305495,1
2029,0,514,age,0.1328860326975944,0.13634728640317917,0.0034612537055847825,1
2029,0,514,poor_health,0.13077770222652596,0.134082593023777,0.0033048907972510477,1
2029,0,514,smoking,-2.7755575615628914e-17,0.0,2.7755575615628914e-17,1
2029,0,514,bmi_risk,0.024244996638221772,0.02066996693611145,0.0035750297021103217,1
2029,0,514,nonadherence,0.011830068299306828,0.013365373015403748,0.001535304716096919,1
2029,0,514,claim_rate,-2.7755575615628914e-17,0.0,2.7755575615628914e-17,1
2029,0,514,claim_severity,0.06518592133696996,0.04271318018436432,0.02247274115260564,1
2029,0,514,provider_complication,0.04009943769843852,0.006417512893676758,0.03368192480476176,1
2029,0,514,coverage_gap,0.03435675375547362,0.036213845014572144,0.0018570912590985256,1
2029,0,518,age,0.02880243401179615,0.02570623904466629,0.003096194967129859,1
2029,0,518,poor_health,0.05064623603664167,0.04195456951856613,0.008691666518075541,1
2029,0,518,smoking,0.0,0.0,0.0,1
2029,0,518,bmi_risk,0.00016902952849948139,0.00011195242404937744,5.7077104450103944e-05,1
2029,0,518,nonadherence,0.023050414532452018,0.018361002206802368,0.00468941232564965,1
2029,0,518,claim_rate,0.0,0.0,0.0,1
2029,0,518,claim_severity,0.01794656308751523,0.011274665594100952,0.006671897493414278,1
2029,0,518,provider_complication,0.013629148188641305,0.0027761310338974,0.010853017154743905,1
2029,0,518,coverage_gap,0.05176992237298314,0.04617109149694443,0.005598830876038713,1
2029,0,524,age,0.043473016195924724,0.0324942022562027,0.010978813939722026,1
2029,0,524,poor_health,0.06276179162363468,0.04824693500995636,0.014514856613678323,1
2029,0,524,smoking,2.7755575615628914e-17,0.0,2.7755575615628914e-17,1
2029,0,524,bmi_risk,0.08337406090304827,0.05416160821914673,0.029212452683901546,1
2029,0,524,nonadherence,0.042215345372140445,0.03429713845252991,0.007918206919610538,1
2029,0,524,claim_rate,2.7755575615628914e-17,0.0,2.7755575615628914e-17,1
2029,0,524,claim_severity,0.04138736390840528,0.023294121026992798,0.01809324288141248,1
2029,0,524,provider_complication,0.04260691448200227,0.007536336779594421,0.035070577702407846,1
2029,0,524,coverage_gap,0.03653028576104464,0.033190980553627014,0.0033393052074176255,1
2029,0,527,age,0.07121036193537764,0.06597641855478287,0.005233943380594769,1
2029,0,527,poor_health,0.05228902081497866,0.04592418670654297,0.006364834108435691,1
2029,0,527,smoking,0.0,0.0,0.0,1
2029,0,527,bmi_risk,0.0181568862723141,0.01380234956741333,0.004354536704900769,1
2029,0,527,nonadherence,0.02384208895626659,0.020291537046432495,0.003550551909834096,1
2029,0,527,claim_rate,0.0,0.0,0.0,1
2029,0,527,claim_severity,0.0,0.0,0.0,1
2029,0,527,provider_complication,0.017125841736901154,0.002825900912284851,0.014299940824616303,1
2029,0,527,coverage_gap,0.0407687056332751,0.037977881729602814,0.0027908239036722876,1
2029,0,534,age,0.0042281209418950985,0.00502358004450798,0.0007954591026128818,1
2029,0,534,poor_health,0.009607579556238435,0.010491844266653061,0.0008842647104146256,1
2029,0,534,smoking,-1.3877787807814457e-17,0.0,1.3877787807814457e-17,1
2029,0,534,bmi_risk,0.0009057650126550673,0.0008804462850093842,2.531872764568316e-05,1
2029,0,534,nonadherence,0.011536459625140785,0.012192636728286743,0.0006561771031459579,1
2029,0,534,claim_rate,0.005545339160493851,0.006407897919416428,0.0008625587589225769,1
2029,0,534,claim_severity,0.004647893413553754,0.003612890839576721,0.0010350025739770327,1
2029,0,534,provider_complication,0.0028197096086438264,0.0005423612892627716,0.002277348319381055,1
2029,0,534,coverage_gap,0.005270320021653591,0.006134152412414551,0.0008638323907609602,1
2029,0,536,age,0.01881312941555649,0.016585461795330048,0.0022276676202264423,1
2029,0,536,poor_health,0.032956563245360226,0.026044875383377075,0.006911687861983151,1
2029,0,536,smoking,0.0,0.0,0.0,1
2029,0,536,bmi_risk,0.045080325634841226,0.03152071684598923,0.013559608788851998,1
2029,0,536,nonadherence,0.009548930314909984,0.007352419197559357,0.0021965111173506274,1
2029,0,536,claim_rate,0.012750919879203057,0.011110767722129822,0.0016401521570732353,1
2029,0,536,claim_severity,0.03508555348348641,0.021449178457260132,0.013636375026226277,1
2029,0,536,provider_complication,0.02606629144369013,0.004317633807659149,0.021748657636030982,1
2029,0,536,coverage_gap,0.00925154953771258,0.008860684931278229,0.00039086460643435184,1
2029,0,557,age,0.15641817439119005,0.14999020844697952,0.006427965944210523,1
2029,0,557,poor_health,0.10884177247214633,0.0956040471792221,0.013237725292924218,1
2029,0,557,smoking,0.0,0.0,0.0,1
2029,0,557,bmi_risk,0.03935187168974455,0.034264832735061646,0.005087038954682904,1
2029,0,557,nonadherence,0.07352749807977929,0.07639455795288086,0.0028670598731015684,1
2029,0,557,claim_rate,0.025038515742698636,0.02316059172153473,0.001877924021163907,1
2029,0,557,claim_severity,0.02998998601615177,0.018932446837425232,0.011057539178726539,1
2029,0,557,provider_complication,0.058734067571895365,0.013045117259025574,0.04568895031286979,1
2029,0,557,coverage_gap,0.051371915860833506,0.04482857882976532,0.006543337031068186,1
2029,0,560,age,0.13403578876974998,0.15513646602630615,0.021100677256556177,1
2029,0,560,poor_health,0.09854455186795291,0.11662125587463379,0.018076704006680877,1
2029,0,560,smoking,0.17463013777359238,0.20802614092826843,0.03339600315467606,1
2029,0,560,bmi_risk,0.11003697636332488,0.12171295285224915,0.011675976488924267,1
2029,0,560,nonadherence,0.02790217182543475,0.038318127393722534,0.010415955568287782,1
2029,0,560,claim_rate,5.551115123125783e-17,0.0,5.551115123125783e-17,1
2029,0,560,claim_severity,0.16027013667446413,0.14070415496826172,0.019565981706202412,1
2029,0,560,provider_complication,0.01397802255511199,0.0028043389320373535,0.011173683623074637,1
2029,0,560,coverage_gap,0.07007444107098393,0.10638988018035889,0.03631543910937496,1
2029,0,588,age,0.057048391202810356,0.06162906438112259,0.004580673178312233,1
2029,0,588,poor_health,0.025281988156603222,0.02520854026079178,7.344789581144318e-05,1
2029,0,588,smoking,1.3877787807814457e-17,0.0,1.3877787807814457e-17,1
2029,0,588,bmi_risk,0.00405756586270252,0.003735780715942383,0.0003217851467601368,1
2029,0,588,nonadherence,0.03999351980165651,0.03864714503288269,0.0013463747687738198,1
2029,0,588,claim_rate,1.3877787807814457e-17,0.0,1.3877787807814457e-17,1
2029,0,588,claim_severity,0.031538413152118944,0.025126241147518158,0.006412172004600786,1
2029,0,588,provider_complication,0.003586997469522901,0.0008896291255950928,0.0026973683439278084,1
2029,0,588,coverage_gap,0.031203679803662496,0.03560778498649597,0.004404105182833476,1
2029,0,595,age,0.04546710452524225,0.03571232780814171,0.009754776717100538,1
2029,0,595,poor_health,0.021110058634969106,0.01589973270893097,0.005210325926038137,1
2029,0,595,smoking,-2.7755575615628914e-17,0.0,2.7755575615628914e-17,1
2029,0,595,bmi_risk,0.0364750191477881,0.024113640189170837,0.012361378958617261,1
2029,0,595,nonadherence,0.01646722552814979,0.011468037962913513,0.004999187565236277,1
2029,0,595,claim_rate,0.013160724581596325,0.010501466691493988,0.0026592578901023373,1
2029,0,595,claim_severity,0.024197384064649927,0.012649208307266235,0.011548175757383691,1
2029,0,595,provider_complication,0.022101887027707656,0.003155343234539032,0.018946543793168624,1
2029,0,595,coverage_gap,0.007628445580844884,0.006418049335479736,0.0012103962453651473,1
2029,0,597,age,0.053499642283133156,0.0504312664270401,0.0030683758560930557,1
2029,0,597,poor_health,0.031374316810918415,0.0283985435962677,0.002975773214650715,1
2029,0,597,smoking,2.7755575615628914e-17,0.0,2.7755575615628914e-17,1
2029,0,597,bmi_risk,0.034289684793490566,0.027537554502487183,0.006752130291003383,1
2029,0,597,nonadherence,0.02964768772595308,0.02579476684331894,0.003852920882634142,1
2029,0,597,claim_rate,0.013694958282168171,0.013430945575237274,0.00026401270693089673,1
2029,0,597,claim_severity,0.024735680234219806,0.0156126469373703,0.009123033296849506,1
2029,0,597,provider_complication,0.015516216141956612,0.003077559173107147,0.012438656968849465,1
2029,0,597,coverage_gap,0.008939825929034056,0.009218521416187286,0.0002786954871532299,1
2029,0,599,age,-6.938893903907228e-18,0.0,6.938893903907228e-18,1
2029,0,599,poor_health,0.007916589071856418,0.008098937571048737,0.00018234849919231827,1
2029,0,599,smoking,-6.938893903907228e-18,0.0,6.938893903907228e-18,1
2029,0,599,bmi_risk,0.0033539093391185826,0.00299743190407753,0.00035647743504105267,1
2029,0,599,nonadherence,0.00993291491496328,0.009478062391281128,0.00045485252368215184,1
2029,0,599,claim_rate,0.011609303732964114,0.012704610824584961,0.0010953070916208466,1
2029,0,599,claim_severity,0.005013854976395775,0.0034925639629364014,0.0015212910134593735,1
2029,0,599,provider_complication,0.0009297686836701458,0.0001670047640800476,0.0007627639195900981,1
2029,0,599,coverage_gap,0.014257367040832726,0.015854965895414352,0.0015975988545816264,1
2030,0,1,age,0.15703785106819668,0.1546318531036377,0.0024059979645589813,1
2030,0,1,poor_health,0.09928130316459999,0.0904008150100708,0.008880488154529187,1
2030,0,1,smoking,0.1862359657364277,0.2001139223575592,0.013877956621131504,1
2030,0,1,bmi_risk,0.05345948691803326,0.05438119173049927,0.0009217048124660066,1
2030,0,1,nonadherence,0.05005997198299783,0.05324351787567139,0.003183545892673556,1
2030,0,1,claim_rate,0.06225445862053397,0.06901013851165771,0.006755679891123745,1
2030,0,1,claim_severity,0.1348148541765607,0.1025117039680481,0.0323031502085126,1
2030,0,1,provider_complication,0.04800741507347306,0.010920345783233643,0.037087069290239416,1
2030,0,1,coverage_gap,0.09497841481493141,0.11006271839141846,0.015084303576487046,1
2030,0,2,age,0.009330952060442557,0.008164525032043457,0.0011664270283991002,1
2030,0,2,poor_health,0.023426513775163485,0.020948532968759537,0.0024779808064039482,1
2030,0,2,smoking,1.3877787807814457e-17,0.0,1.3877787807814457e-17,1
2030,0,2,bmi_risk,0.0076005480787722235,0.0055375173687934875,0.002063030709978736,1
2030,0,2,nonadherence,0.015981780975178772,0.010859660804271698,0.005122120170907074,1
2030,0,2,claim_rate,0.008748728933859196,0.007734529674053192,0.0010141992598060035,1
2030,0,2,claim_severity,0.012276430527003057,0.008622430264949799,0.0036540002620532586,1
2030,0,2,provider_complication,0.01109026421131748,0.0028042197227478027,0.008286044488569677,1
2030,0,2,coverage_gap,0.01703581762398681,0.019857164472341537,0.002821346848354729,1
2030,0,4,age,0.0512784117731358,0.05167265981435776,0.0003942480412219562,1
2030,0,4,poor_health,0.07500479381790535,0.06479022651910782,0.010214567298797536,1
2030,0,4,smoking,0.0,0.0,0.0,1
2030,0,4,bmi_risk,0.06585058169582597,0.053538352251052856,0.012312229444773115,1
2030,0,4,nonadherence,0.03787464466022278,0.026829123497009277,0.0110455211632135,1
2030,0,4,claim_rate,0.0,0.0,0.0,1
2030,0,4,claim_severity,0.05228279016220655,0.04210919141769409,0.010173598744512458,1
2030,0,4,provider_complication,0.016723066364250833,0.004882842302322388,0.011840224061928445,1
2030,0,4,coverage_gap,0.03179361282704998,0.03853437304496765,0.0067407602179176684,1
2030,0,13,age,0.2003903538211761,0.17893600463867188,0.021454349182504218,1
2030,0,13,poor_health,0.17805225673449088,0.16504451632499695,0.013007740409493929,1
2030,0,13,smoking,0.20210797107766748,0.21096614003181458,0.008858168954147094,1
2030,0,13,bmi_risk,0.051968907815820864,0.04385340213775635,0.008115505678064516,1
2030,0,13,nonadherence,0.08910125658026186,0.09925654530525208,0.010155288724990219,1
2030,0,13,claim_rate,0.032483489949750644,0.03206908702850342,0.00041440292124722555,1
2030,0,13,claim_severity,0.23188093991943654,0.15096423029899597,0.08091670962044056,1
2030,0,13,provider_complication,0.01712673668765191,0.003300905227661133,0.013825831459990778,1
2030,0,13,coverage_gap,0.019954226527852115,0.021021485328674316,0.0010672588008222017,1
2030,0,18,age,0.05471675634070347,0.04831118881702423,0.00640556752367924,1
2030,0,18,poor_health,0.0718215204434863,0.05627825856208801,0.01554326188139829,1
2030,0,18,smoking,0.14568496908046316,0.13414733856916428,0.011537630511298885,1
2030,0,18,bmi_risk,0.07706822828170934,0.06991928815841675,0.007148940123292591,1
2030,0,18,nonadherence,0.05195885943026207,0.03668805956840515,0.01527079986185692,1
2030,0,18,claim_rate,0.0,0.0,0.0,1
2030,0,18,claim_severity,0.10774283410761401,0.0686950534582138,0.039047780649400204,1
2030,0,18,provider_complication,0.04924068283959604,0.010766088962554932,0.03847459387704111,1
2030,0,18,coverage_gap,0.018014071154667854,0.019974201917648315,0.001960130762980461,1
2030,0,19,age,0.08377017043603321,0.08917675912380219,0.005406588687768971,1
2030,0,19,poor_health,0.05838312254891356,0.05851386487483978,0.0001307423259262197,1
2030,0,19,smoking,0.0,0.0,0.0,1
2030,0,19,bmi_risk,0.026494204246996028,0.026451140642166138,4.306360482989047e-05,1
2030,0,19,nonadherence,0.005243342667865913,0.004359796643257141,0.0008835460246087723,1
2030,0,19,claim_rate,0.0,0.0,0.0,1
2030,0,19,claim_severity,0.009760564050952658,0.008170053362846375,0.0015905106881062836,1
2030,0,19,provider_complication,0.019563259269535963,0.005333125591278076,0.014230133678257886,1
2030,0,19,coverage_gap,0.03153732241535223,0.03831569105386734,0.006778368638515109,1
2030,0,23,age,0.06621393015679876,0.061063751578330994,0.005150178578467765,1
2030,0,23,poor_health,0.04049513547091296,0.03282986581325531,0.007665269657657653,1
2030,0,23,smoking,0.0,0.0,0.0,1
2030,0,23,bmi_risk,0.06935108124789591,0.05999961495399475,0.009351466293901156,1
2030,0,23,nonadherence,0.023716068717534455,0.016836464405059814,0.006879604312474641,1
2030,0,23,claim_rate,0.0,0.0,0.0,1
2030,0,23,claim_severity,0.02600960191204893,0.017610564827919006,0.008399037084129923,1
2030,0,23,provider_complication,0.0491940937862948,0.014712214469909668,0.03448187931638513,1
2030,0,23,coverage_gap,0.06504740313072337,0.0683814212679863,0.0033340181372629313,1
2030,0,26,age,0.04081186419122848,0.031120598316192627,0.009691265875035854,1
2030,0,26,poor_health,0.07803686715159334,0.06341660022735596,0.014620266924237388,1
2030,0,26,smoking,2.7755575615628914e-17,0.0,2.7755575615628914e-17,1
2030,0,26,bmi_risk,0.031145006326854713,0.020656585693359375,0.010488420633495338,1
2030,0,26,nonadherence,0.026646648800699446,0.01929132640361786,0.007355322397081587,1
2030,0,26,claim_rate,0.035149474475289794,0.030558891594409943,0.004590582880879851,1
2030,0,26,claim_severity,0.05417504733952974,0.03266604244709015,0.021509004892439593,1
2030,0,26,provider_complication,0.05102786488852326,0.012237608432769775,0.038790256455753486,1
2030,0,26,coverage_gap,0.0050140328818947255,0.0056727975606918335,0.000658764678797108,1
2030,0,28,age,0.09822854271774645,0.0818910300731659,0.016337512644580554,1
2030,0,28,poor_health,0.11981500474992318,0.09536433219909668,0.024450672550826502,1
2030,0,28,smoking,0.20167650885728133,0.17840754985809326,0.023268958999188072,1
2030,0,28,bmi_risk,0.09348094870119,0.06822517514228821,0.025255773558901795,1
2030,0,28,nonadherence,0.07370132794090883,0.0507584810256958,0.022942846915213033,1
2030,0,28,claim_rate,0.127583230544221,0.11001324653625488,0.01756998400796611,1
2030,0,28,claim_severity,0.12578190598389416,0.07691648602485657,0.04886541995903759,1
2030,0,28,provider_complication,0.04969932934524984,0.010538160800933838,0.039161168544316005,1
2030,0,28,coverage_gap,0.0774919568054761,0.07717117667198181,0.0003207801334942917,1
2030,0,36,age,0.04981466481651117,0.03646297752857208,0.01335168728793909,1
2030,0,36,poor_health,0.09480125295821189,0.0716564953327179,0.023144757625493992,1
2030,0,36,smoking,2.7755575615628914e-17,0.0,2.7755575615628914e-17,1
2030,0,36,bmi_risk,0.019495016181260705,0.012820765376091003,0.006674250805169701,1
2030,0,36,nonadherence,0.01194112045118087,0.00829923152923584,0.00364188892194503,1
2030,0,36,claim_rate,0.018321869465783597,0.016079038381576538,0.0022428310842070587,1
2030,0,36,claim_severity,0.07041926337402238,0.04301517456769943,0.027404088806322946,1
2030,0,36,provider_complication,0.03342898759821317,0.006424769759178162,0.027004217839035005,1
2030,0,36,coverage_gap,0.005996435379113846,0.006332993507385254,0.0003365581282714081,1
2030,0,46,age,0.013565969408803641,0.014260735362768173,0.0006947659539645323,1
2030,0,46,poor_health,0.0076166493743598865,0.0074772909283638,0.00013935844599608643,1
2030,0,46,smoking,0.0,0.0,0.0,1
2030,0,46,bmi_risk,0.005660373374814516,0.005532011389732361,0.00012836198508215518,1
2030,0,46,nonadherence,0.009835636459869547,0.00740969181060791,0.002425944649261637,1
2030,0,46,claim_rate,0.0,0.0,0.0,1
2030,0,46,claim_severity,0.004959924590272342,0.003961965441703796,0.000997959148568546,1
2030,0,46,provider_complication,0.009402900997097535,0.002645052969455719,0.006757848027641816,1
2030,0,46,coverage_gap,0.022905918311604836,0.030376706272363663,0.007470787960758826,1
2030,0,49,age,0.181724991933718,0.17433303594589233,0.00739195598782566,1
2030,0,49,poor_health,0.20759919606795335,0.1864548921585083,0.02114430390944505,1
2030,0,49,smoking,0.20531068938441055,0.18954581022262573,0.015764879161784817,1
2030,0,49,bmi_risk,0.0265582198800689,0.01869642734527588,0.007861792534793022,1
2030,0,49,nonadherence,0.043835143678933486,0.045985400676727295,0.002150256997793809,1
2030,0,49,claim_rate,0.0971162442977912,0.09686803817749023,0.00024820612030096445,1
2030,0,49,claim_severity,0.17313614986442538,0.1308078169822693,0.042328332882156094,1
2030,0,49,provider_complication,0.059127086781864235,0.014855295419692993,0.04427179136217124,1
2030,0,49,coverage_gap,0.028579507731360088,0.03183773159980774,0.0032582238684476517,1
2030,0,53,age,0.11263725312816283,0.09351940453052521,0.019117848597637627,1
2030,0,53,poor_health,0.05931142477287932,0.04385268688201904,0.015458737890860275,1
2030,0,53,smoking,0.14677978683092607,0.14050401747226715,0.0062757693586589225,1
2030,0,53,bmi_risk,0.06035420280641571,0.04853777587413788,0.01181642693227783,1
2030,0,53,nonadherence,0.020970671505243788,0.016974687576293945,0.003995983928949842,1
2030,0,53,claim_rate,0.0,0.0,0.0,1
2030,0,53,claim_severity,0.08890721393435569,0.05615638196468353,0.032750831969672156,1
2030,0,53,provider_complication,0.042662863040638155,0.011177301406860352,0.0314855616337778,1
2030,0,53,coverage_gap,0.07655134117710863,0.07225675880908966,0.004294582368018968,1
2030,0,56,age,0.07123065846319152,0.06623391807079315,0.004996740392398363,1
2030,0,56,poor_health,0.09109892176979059,0.08896318823099136,0.0021357335387992282,1
2030,0,56,smoking,-2.7755575615628914e-17,0.0,2.7755575615628914e-17,1
2030,0,56,bmi_risk,0.028924060081097436,0.023461803793907166,0.00546225628719027,1
2030,0,56,nonadherence,0.05772906775189665,0.05196307599544525,0.0057659917564514,1
2030,0,56,claim_rate,0.03798478535783134,0.04237283766269684,0.004388052304865497,1
2030,0,56,claim_severity,0.05468592208871134,0.03839288651943207,0.016293035569279274,1
2030,0,56,provider_complication,0.02598077344427205,0.006760641932487488,0.01922013151178456,1
2030,0,56,coverage_gap,0.0054625685866434015,0.00704607367515564,0.0015835050885122381,1
2030,0,59,age,0.11045135565885303,0.1202576607465744,0.009806305087721373,1
2030,0,59,poor_health,0.1072479403254375,0.11583222448825836,0.008584284162820865,1
2030,0,59,smoking,0.0,0.0,0.0,1
2030,0,59,bmi_risk,0.06631311188948,0.06458194553852081,0.0017311663509591846,1
2030,0,59,nonadherence,0.0031625906424790073,0.003108084201812744,5.45064406662632e-05,1
2030,0,59,claim_rate,0.04373727011056838,0.050837963819503784,0.007100693708935402,1
2030,0,59,claim_severity,0.07909691642684569,0.07572731375694275,0.003369602669902938,1
2030,0,59,provider_complication,0.020198886477483136,0.006509453058242798,0.013689433419240338,1
2030,0,59,coverage_gap,0.016861998289341734,0.027571246027946472,0.010709247738604738,1
2030,0,67,age,6.938893903907228e-18,0.0,6.938893903907228e-18,1
2030,0,67,poor_health,0.007211915731321121,0.007517904043197632,0.0003059883118765108,1
2030,0,67,smoking,6.938893903907228e-18,0.0,6.938893903907228e-18,1
2030,0,67,bmi_risk,0.010140627125263327,0.00986628606915474,0.0002743410561085874,1
2030,0,67,nonadherence,0.011686512947202049,0.010204344987869263,0.0014821679593327863,1
2030,0,67,claim_rate,6.938893903907228e-18,0.0,6.938893903907228e-18,1
2030,0,67,claim_severity,6.938893903907228e-18,0.0,6.938893903907228e-18,1
2030,0,67,provider_complication,0.0021273085360425797,0.0005888305604457855,0.0015384779755967942,1
2030,0,67,coverage_gap,0.01119784360112043,0.016373533755540848,0.005175690154420418,1
2030,0,69,age,0.03251533352431966,0.032016366720199585,0.0004989668041200726,1
2030,0,69,poor_health,0.011578595259677998,0.010115750133991241,0.001462845125686757,1
2030,0,69,smoking,0.0,0.0,0.0,1
2030,0,69,bmi_risk,0.016441933887554716,0.015009887516498566,0.0014320463710561504,1
2030,0,69,nonadherence,0.0006922681716377832,0.00047040730714797974,0.00022186086448980347,1
2030,0,69,claim_rate,0.0,0.0,0.0,1
2030,0,69,claim_severity,0.007620674200757155,0.005673415958881378,0.0019472582418757767,1
2030,0,69,provider_complication,0.02518272994474189,0.0066581666469573975,0.018524563297784492,1
2030,0,69,coverage_gap,0.017493265659451404,0.01999884843826294,0.0025055827788115353,1
2030,0,73,age,0.041903957031205114,0.03235061466693878,0.009553342364266332,1
2030,0,73,poor_health,0.04746971766525082,0.034593239426612854,0.012876478238637967,1
2030,0,73,smoking,0.0,0.0,0.0,1
2030,0,73,bmi_risk,0.03577949537808385,0.02683255821466446,0.008946937163419391,1
2030,0,73,nonadherence,0.010420337747241548,0.005871519446372986,0.004548818300868562,1
2030,0,73,claim_rate,0.02971784486151871,0.022237539291381836,0.007480305570136875,1
2030,0,73,claim_severity,0.037297834061787535,0.02233462780714035,0.014963206254647185,1
2030,0,73,provider_complication,0.024502857402556033,0.005375169217586517,0.019127688184969516,1
2030,0,73,coverage_gap,0.011120638796323662,0.011277154088020325,0.00015651529169666278,1
2030,0,74,age,0.13281614270289166,0.12011333554983139,0.01270280715306027,1
2030,0,74,poor_health,0.07298760292934539,0.0564437061548233,0.016543896774522088,1
2030,0,74,smoking,0.0,0.0,0.0,1
2030,0,74,bmi_risk,0.07014694831557702,0.057605549693107605,0.012541398622469419,1
2030,0,74,nonadherence,0.04675764098362134,0.04098282754421234,0.005774813439408999,1
2030,0,74,claim_rate,0.0,0.0,0.0,1
2030,0,74,claim_severity,0.03254598283720511,0.022905245423316956,0.009640737413888156,1
2030,0,74,provider_complication,0.04918371102570179,0.014907494187355042,0.03427621683834675,1
2030,0,74,coverage_gap,0.010947900131602406,0.011647090315818787,0.0006991901842163806,1
2030,0,93,age,0.009159264812642176,0.010328501462936401,0.0011692366502942253,1
2030,0,93,poor_health,0.01071161220262215,0.011892806738615036,0.0011811945359928855,1
2030,0,93,smoking,6.938893903907228e-18,0.0,6.938893903907228e-18,1
2030,0,93,bmi_risk,0.0017244491966228181,0.001512676477432251,0.00021177271919056717,1
2030,0,93,nonadherence,0.011373611824904317,0.009709183126688004,0.0016644286982163137,1
2030,0,93,claim_rate,0.00558869312210078,0.0063023194670677185,0.0007136263449669389,1
2030,0,93,claim_severity,6.938893903907228e-18,0.0,6.938893903907228e-18,1
2030,0,93,provider_complication,0.0065323196190403485,0.002029377967119217,0.0045029416519211315,1
2030,0,93,coverage_gap,0.008984439566928265,0.013305965811014175,0.00432152624408591,1
2030,0,94,age,0.05865605651726544,0.058289289474487305,0.0003667670427781322,1
2030,0,94,poor_health,0.12772323433372107,0.12538433074951172,0.002338903584209351,1
2030,0,94,smoking,-2.7755575615628914e-17,0.0,2.7755575615628914e-17,1
2030,0,94,bmi_risk,0.07209992073788743,0.06403766572475433,0.008062255013133096,1
2030,0,94,nonadherence,0.05450907244167419,0.04851891100406647,0.005990161437607722,1
2030,0,94,claim_rate,-2.7755575615628914e-17,0.0,2.7755575615628914e-17,1
2030,0,94,claim_severity,0.06231776419162388,0.05060896277427673,0.011708801417347148,1
2030,0,94,provider_complication,0.03311284594814634,0.007390379905700684,0.025722466042445657,1
2030,0,94,coverage_gap,0.04158645997167423,0.05434274673461914,0.012756286762944907,1
2030,0,101,age,0.05515260300291999,0.05655047297477722,0.0013978699718572296,1
2030,0,101,poor_health,0.055419973980322126,0.05832464247941971,0.002904668499097582,1
2030,0,101,smoking,-1.3877787807814457e-17,0.0,1.3877787807814457e-17,1
2030,0,101,bmi_risk,0.00587669189788885,0.005199134349822998,0.0006775575480658519,1
2030,0,101,nonadherence,0.014282619746394984,0.012679144740104675,0.0016034750062903086,1
2030,0,101,claim_rate,0.02574062756163205,0.028118044137954712,0.0023774165763226635,1
2030,0,101,claim_severity,0.031487897044499974,0.025925762951374054,0.00556213409312592,1
2030,0,101,provider_complication,0.009159541225551404,0.002482086420059204,0.0066774548054922,1
2030,0,101,coverage_gap,0.007212409183317808,0.00980442762374878,0.002592018440430971,1
2030,0,102,age,0.12227999616746299,0.1229894608259201,0.0007094646584571151,1
2030,0,102,poor_health,0.1687959119609224,0.1609468311071396,0.007849080853782803,1
2030,0,102,smoking,5.551115123125783e-17,0.0,5.551115123125783e-17,1
2030,0,102,bmi_risk,0.04887486846633948,0.044186681509017944,0.0046881869573215385,1
2030,0,102,nonadherence,0.0880994239387835,0.07331252098083496,0.014786902957948544,1
2030,0,102,claim_rate,0.05802335698606381,0.06693470478057861,0.008911347794514801,1
2030,0,102,claim_severity,0.10116403390169071,0.07673600316047668,0.024428030741214024,1
2030,0,102,provider_complication,0.09314356480527636,0.028386294841766357,0.06475726996351,1
2030,0,102,coverage_gap,0.08125046886310971,0.097380131483078,0.016129662619968288,1
2030,0,113,age,0.025480332375511908,0.02031753957271576,0.005162792802796148,1
2030,0,113,poor_health,0.0367289770209215,0.02731393277645111,0.009415044244470386,1
2030,0,113,smoking,0.0,0.0,0.0,1
2030,0,113,bmi_risk,0.027387895558925318,0.020440436899662018,0.0069474586592633,1
2030,0,113,nonadherence,0.0087324079992082,0.004797205328941345,0.003935202670266855,1
2030,0,113,claim_rate,0.01238402225788357,0.009100906550884247,0.0032831157069993233,1
2030,0,113,claim_severity,0.018699646765505257,0.011611968278884888,0.007087678486620369,1
2030,0,113,provider_complication,0.025883279200125953,0.0055499449372291565,0.020333334262896796,1
2030,0,113,coverage_gap,0.015239100227507268,0.015946269035339355,0.000707168807832087,1
2030,0,130,age,0.07531123417628827,0.07457180321216583,0.0007394309641224339,1
2030,0,130,poor_health,0.12902535018972625,0.13508429378271103,0.0060589435929847835,1
2030,0,130,smoking,0.0,0.0,0.0,1
2030,0,130,bmi_risk,0.03913376108838115,0.031152546405792236,0.007981214682588916,1
2030,0,130,nonadherence,0.04348511213335904,0.03931243717670441,0.004172674956654632,1
2030,0,130,claim_rate,0.0,0.0,0.0,1
2030,0,130,claim_severity,0.06302120244190365,0.045780107378959656,0.017241095062943995,1
2030,0,130,provider_complication,0.018860940875735144,0.004644289612770081,0.014216651262965063,1
2030,0,130,coverage_gap,0.025539082206457175,0.028288155794143677,0.0027490735876865013,1
2030,0,131,age,0.026898474588838373,0.02351665496826172,0.0033818196205766538,1
2030,0,131,poor_health,0.053145359935427405,0.04415573179721832,0.008989628138209083,1
2030,0,131,smoking,0.0,0.0,0.0,1
2030,0,131,bmi_risk,0.01435868853800265,0.011903926730155945,0.002454761807846706,1
2030,0,131,nonadherence,0.015259272671532431,0.010120555758476257,0.005138716913056174,1
2030,0,131,claim_rate,0.026658920766667177,0.0230877622961998,0.0035711584704673782,1
2030,0,131,claim_severity,0.03535550047455781,0.02471931278705597,0.010636187687501839,1
2030,0,131,provider_complication,0.025405196217111306,0.005272038280963898,0.02013315793614741,1
2030,0,131,coverage_gap,0.018154638439781212,0.021256960928440094,0.003102322488658882,1
2030,0,134,age,0.17640619202364177,0.12240159511566162,0.05400459690798015,1
2030,0,134,poor_health,0.09855547463698239,0.07180574536323547,0.026749729273746914,1
2030,0,134,smoking,0.19601675168069665,0.16413187980651855,0.0318848718741781,1
2030,0,134,bmi_risk,0.17549009393226017,0.14515623450279236,0.030333859429467813,1
2030,0,134,nonadherence,0.01747110339305319,0.017680197954177856,0.0002090945611246675,1
2030,0,134,claim_rate,0.0950930860560879,0.08377522230148315,0.011317863754604751,1
2030,0,134,claim_severity,0.10672256737079316,0.073812335729599,0.032910231641194165,1
2030,0,134,provider_complication,0.04284077071979858,0.010164588689804077,0.032676182029994505,1
2030,0,134,coverage_gap,0.03876683163487582,0.04396745562553406,0.0052006239906582374,1
2030,0,147,age,0.03627519794936235,0.04034613072872162,0.004070932779359271,1
2030,0,147,poor_health,0.06929616471247052,0.06830364465713501,0.0009925200553355107,1
2030,0,147,smoking,0.12762754959572736,0.14226767420768738,0.014640124611960015,1
2030,0,147,bmi_risk,0.0067632102121718,0.008734792470932007,0.001971582258760207,1
2030,0,147,nonadherence,0.054903822295667176,0.0489848256111145,0.005918996684552674,1
2030,0,147,claim_rate,0.023941294239207628,0.025510862469673157,0.001569568230465529,1
2030,0,147,claim_severity,0.09001288498582546,0.07864585518836975,0.011367029797455713,1
2030,0,147,provider_complication,0.023462056918636565,0.007642894983291626,0.01581916193534494,1
2030,0,147,coverage_gap,0.07679159948308245,0.08726027607917786,0.010468676596095405,1
2030,0,165,age,0.10007252309824172,0.09045451879501343,0.00961800430322829,1
2030,0,165,poor_health,0.08647589138768713,0.06868526339530945,0.017790627992377683,1
2030,0,165,smoking,0.16354622482533648,0.16101200878620148,0.0025342160391350066,1
2030,0,165,bmi_risk,0.05221739033715084,0.04548609256744385,0.00673129776970699,1
2030,0,165,nonadherence,0.07307586140373101,0.052615970373153687,0.020459891030577326,1
2030,0,165,claim_rate,0.029049319910470106,0.024133682250976562,0.004915637659493544,1
2030,0,165,claim_severity,0.10626677665545747,0.07164657115936279,0.03462020549609468,1
2030,0,165,provider_complication,0.06787185307609933,0.021081537008285522,0.04679031606781381,1
2030,0,165,coverage_gap,0.05345754945115161,0.0578000545501709,0.004342505099019289,1
2030,0,167,age,0.08049455175343376,0.09270942211151123,0.012214870358077473,1
2030,0,167,poor_health,0.03829275821849282,0.04405343532562256,0.005760677107129741,1
2030,0,167,smoking,0.11765173679419967,0.14973331987857819,0.032081583084378515,1
2030,0,167,bmi_risk,0.061920704455415476,0.07690010964870453,0.014979405193289053,1
2030,0,167,nonadherence,0.02573588177706329,0.022875547409057617,0.0028603343680056736,1
2030,0,167,claim_rate,2.7755575615628914e-17,0.0,2.7755575615628914e-17,1
2030,0,167,claim_severity,0.06233293540265766,0.0537019819021225,0.008630953500535166,1
2030,0,167,provider_complication,0.01641767452581594,0.004110783338546753,0.012306891187269187,1
2030,0,167,coverage_gap,0.06038031716698783,0.08575890958309174,0.025378592416103907,1
2030,0,176,age,0.07486347075317928,0.07370467483997345,0.0011587959132058345,1
2030,0,176,poor_health,0.1339907731634191,0.12795044481754303,0.0060403283458760615,1
2030,0,176,smoking,5.551115123125783e-17,0.0,5.551115123125783e-17,1
2030,0,176,bmi_risk,0.05852724668883394,0.053312838077545166,0.005214408611288773,1
2030,0,176,nonadherence,0.055897970539979774,0.046115145087242126,0.009782825452737648,1
2030,0,176,claim_rate,5.551115123125783e-17,0.0,5.551115123125783e-17,1
2030,0,176,claim_severity,0.10135478485348812,0.07130832970142365,0.030046455152064472,1
2030,0,176,provider_complication,0.024009592706156324,0.0059101879596710205,0.018099404746485304,1
2030,0,176,coverage_gap,0.06817816315072064,0.07977545261383057,0.011597289463109922,1
2030,0,179,age,0.0019133422144578943,0.0018294677138328552,8.38745006250391e-05,1
2030,0,179,poor_health,0.033569104427105805,0.03170941025018692,0.0018596941769188843,1
2030,0,179,smoking,-1.3877787807814457e-17,0.0,1.3877787807814457e-17,1
2030,0,179,bmi_risk,0.021298963491808626,0.019656337797641754,0.0016426256941668715,1
2030,0,179,nonadherence,0.0023791186728338715,0.0016435086727142334,0.0007356100001196381,1
2030,0,179,claim_rate,0.018742332952536647,0.018104106187820435,0.0006382267647162126,1
2030,0,179,claim_severity,0.014726563421268477,0.011195331811904907,0.0035312316093635693,1
2030,0,179,provider_complication,0.01560508857987726,0.004132166504859924,0.011472922075017336,1
2030,0,179,coverage_gap,0.01410291025825379,0.017604075372219086,0.003501165113965296,1
2030,0,185,age,0.12037304142076577,0.12638601660728455,0.006012975186518776,1
2030,0,185,poor_health,0.044388472099458065,0.04436042904853821,2.8043050919857038e-05,1
2030,0,185,smoking,0.0,0.0,0.0,1
2030,0,185,bmi_risk,0.02659953245947641,0.028996184468269348,0.0023966520087929377,1
2030,0,185,nonadherence,0.05531217989532644,0.045713216066360474,0.009598963828965967,1
2030,0,185,claim_rate,0.019138839907848815,0.019583851099014282,0.0004450111911654675,1
2030,0,185,claim_severity,0.03603863671578161,0.03391171991825104,0.002126916797530576,1
2030,0,185,provider_complication,0.024352412590132155,0.007631763815879822,0.016720648774252334,1
2030,0,185,coverage_gap,0.012524831665178066,0.017267301678657532,0.004742470013479466,1
2030,0,189,age,0.0196484156929954,0.020899727940559387,0.0012513122475639876,1
2030,0,189,poor_health,0.024976815135262384,0.025438599288463593,0.00046178415320120847,1
2030,0,189,smoking,-1.3877787807814457e-17,0.0,1.3877787807814457e-17,1
2030,0,189,bmi_risk,0.029519366766834414,0.030405297875404358,0.0008859311085699442,1
2030,0,189,nonadherence,0.010909528900804405,0.008119024336338043,0.0027905045644663617,1
2030,0,189,claim_rate,-1.3877787807814457e-17,0.0,1.3877787807814457e-17,1
2030,0,189,claim_severity,0.014799098531128305,0.012001439929008484,0.0027976586021198208,1
2030,0,189,provider_complication,0.009802054685744535,0.0027586668729782104,0.007043387812766325,1
2030,0,189,coverage_gap,0.02367680161683361,0.032841987907886505,0.009165186291052896,1
2030,0,194,age,0.026834792883806677,0.026441849768161774,0.00039294311564490314,1
2030,0,194,poor_health,0.021415299952377287,0.019076615571975708,0.002338684380401579,1
2030,0,194,smoking,1.3877787807814457e-17,0.0,1.3877787807814457e-17,1
2030,0,194,bmi_risk,0.019183715213809974,0.016245685517787933,0.0029380296960220403,1
2030,0,194,nonadherence,0.02292352605523261,0.015506111085414886,0.007417414969817723,1
2030,0,194,claim_rate,0.012648327120672598,0.011377349495887756,0.0012709776247848414,1
2030,0,194,claim_severity,0.024979781023074424,0.019685231149196625,0.005294549873877799,1
2030,0,194,provider_complication,0.01857150410666583,0.006125189363956451,0.01244631474270938,1
2030,0,194,coverage_gap,0.03550462688791972,0.04010611027479172,0.004601483386871996,1
2030,0,197,age,0.04360115972294702,0.043454863131046295,0.00014629659190072697,1
2030,0,197,poor_health,0.009243847424244292,0.008219465613365173,0.0010243818108791186,1
2030,0,197,smoking,0.0,0.0,0.0,1
2030,0,197,bmi_risk,0.0004824933162294043,0.0004408732056617737,4.16201105676306e-05,1
2030,0,197,nonadherence,0.02473144241016606,0.019057929515838623,0.005673512894327437,1
2030,0,197,claim_rate,0.009985346273634288,0.009745627641677856,0.0002397186319564315,1
2030,0,197,claim_severity,0.0,0.0,0.0,1
2030,0,197,provider_complication,0.005397121819364442,0.001345992088317871,0.004051129731046571,1
2030,0,197,coverage_gap,0.021783296886468656,0.02467501163482666,0.002891714748358004,1
2030,0,203,age,-2.7755575615628914e-17,0.0,2.7755575615628914e-17,1
2030,0,203,poor_health,0.0778831995101729,0.08163420110940933,0.003751001599236428,1
2030,0,203,smoking,0.09327421668422008,0.1082487553358078,0.014974538651587724,1
2030,0,203,bmi_risk,0.014489236763072566,0.014147356152534485,0.00034188061053808116,1
2030,0,203,nonadherence,0.029850547438590946,0.027019932866096497,0.00283061457249445,1
2030,0,203,claim_rate,0.018230126097779492,0.015017986297607422,0.0032121398001720702,1
2030,0,203,claim_severity,0.03936017524884777,0.029127493500709534,0.01023268174813824,1
2030,0,203,provider_complication,0.04075416877913837,0.011783584952354431,0.02897058382678394,1
2030,0,203,coverage_gap,0.025270929677792375,0.027849331498146057,0.002578401820353682,1
2030,0,205,age,0.015729118171958725,0.01786300539970398,0.002133887227745254,1
2030,0,205,poor_health,0.026148249653222315,0.02534092217683792,0.0008073274763843938,1
2030,0,205,smoking,1.3877787807814457e-17,0.0,1.3877787807814457e-17,1
2030,0,205,bmi_risk,0.01586664563482447,0.014952309429645538,0.0009143362051789311,1
2030,0,205,nonadherence,0.017147995634891125,0.012902192771434784,0.004245802863456341,1
2030,0,205,claim_rate,1.3877787807814457e-17,0.0,1.3877787807814457e-17,1
2030,0,205,claim_severity,0.0228606556823812,0.020511001348495483,0.0023496543338857173,1
2030,0,205,provider_complication,0.007327290609653703,0.0021106377243995667,0.005216652885254136,1
2030,0,205,coverage_gap,0.023256810467394293,0.031547240912914276,0.008290430445519983,1
2030,0,207,age,0.09149153483290948,0.10485285520553589,0.013361320372626412,1
2030,0,207,poor_health,0.10120394731418546,0.11824669688940048,0.017042749575215024,1
2030,0,207,smoking,0.0,0.0,0.0,1
2030,0,207,bmi_risk,0.07066323188205823,0.0728294849395752,0.0021662530575169703,1
2030,0,207,nonadherence,0.03216708994945519,0.03633230924606323,0.0041652192966080415,1
2030,0,207,claim_rate,0.0,0.0,0.0,1
2030,0,207,claim_severity,0.0492462311092178,0.042577385902404785,0.006668845206813018,1
2030,0,207,provider_complication,0.014353910283602667,0.00350227952003479,0.010851630763567877,1
2030,0,207,coverage_gap,0.009387651464604657,0.013019993901252747,0.0036323424366480894,1
2030,0,208,age,0.10493960401093544,0.10432150959968567,0.0006180944112497699,1
2030,0,208,poor_health,0.02420237738970793,0.023570924997329712,0.0006314523923782178,1
2030,0,208,smoking,0.16637096207579347,0.1764850914478302,0.010114129372036734,1
2030,0,208,bmi_risk,0.07360211437127212,0.07642936706542969,0.002827252694157567,1
2030,0,208,nonadherence,0.081025441955281,0.06686273217201233,0.014162709783268668,1
2030,0,208,claim_rate,0.05753841928039882,0.05326232314109802,0.0042760961393008,1
2030,0,208,claim_severity,0.09784040527404131,0.07977789640426636,0.01806250886977495,1
2030,0,208,provider_complication,0.01873645855387751,0.005614280700683594,0.013122177853193917,1
2030,0,208,coverage_gap,0.08511338717646139,0.10467192530632019,0.019558538129858805,1
2030,0,212,age,0.13906869790335397,0.12424018979072571,0.014828508112628258,1
2030,0,212,poor_health,0.24079993327284022,0.20189431309700012,0.038905620175840094,1
2030,0,212,smoking,0.20934198808713267,0.17523762583732605,0.03410436224980662,1
2030,0,212,bmi_risk,0.13019981399982822,0.09384185075759888,0.03635796324222934,1
2030,0,212,nonadherence,0.06675690180817029,0.06147658824920654,0.005280313558963745,1
2030,0,212,claim_rate,0.06335106685824143,0.052658915519714355,0.010692151338527078,1
2030,0,212,claim_severity,0.15203291939132357,0.1040911078453064,0.04794181154601718,1
2030,0,212,provider_complication,0.016431240844243078,0.0042040348052978516,0.012227206038945226,1
2030,0,212,coverage_gap,0.0925477524788948,0.10868498682975769,0.016137234350862895,1
2030,0,222,age,0.11122944691002185,0.10219292342662811,0.009036523483393732,1
2030,0,222,poor_health,0.10824694888184935,0.08557477593421936,0.022672172947629993,1
2030,0,222,smoking,0.155744742267205,0.14452625811100006,0.011218484156204939,1
2030,0,222,bmi_risk,0.04901935293845855,0.04162004590034485,0.0073993070381137005,1
2030,0,222,nonadherence,0.010370613265861417,0.008542120456695557,0.0018284928091658603,1
2030,0,222,claim_rate,0.02803631515632732,0.023512572050094604,0.004523743106232714,1
2030,0,222,claim_severity,0.12530174582372786,0.0889374166727066,0.03636432915102125,1
2030,0,222,provider_complication,0.036367136223949215,0.011000901460647583,0.02536623476330163,1
2030,0,222,coverage_gap,0.020998277328214743,0.020116865634918213,0.0008814116932965299,1
2030,0,229,age,0.03332015665001109,0.040940508246421814,0.007620351596410724,1
2030,0,229,poor_health,0.018370197791690218,0.019486352801322937,0.0011161550096327189,1
2030,0,229,smoking,0.08993715994814884,0.11800768971443176,0.028070529766282923,1
2030,0,229,bmi_risk,0.03046636277592471,0.03737883269786835,0.006912469921943637,1
2030,0,229,nonadherence,0.04018461126506001,0.04124853014945984,0.0010639188843998282,1
2030,0,229,claim_rate,0.0,0.0,0.0,1
2030,0,229,claim_severity,0.04078814786541457,0.03696592152118683,0.0038222263442277415,1
2030,0,229,provider_complication,0.009490816544959563,0.003350496292114258,0.006140320252845305,1
2030,0,229,coverage_gap,0.05147102839281137,0.07018251717090607,0.018711488778094698,1
2030,0,235,age,-1.3877787807814457e-17,0.0,1.3877787807814457e-17,1
2030,0,235,poor_health,0.029158884247155806,0.025962423533201218,0.003196460713954588,1
2030,0,235,smoking,-1.3877787807814457e-17,0.0,1.3877787807814457e-17,1
2030,0,235,bmi_risk,0.0013397459917534466,0.0012265592813491821,0.00011318671040426442,1
2030,0,235,nonadherence,0.006975254219896719,0.004714682698249817,0.002260571521646902,1
2030,0,235,claim_rate,-1.3877787807814457e-17,0.0,1.3877787807814457e-17,1
2030,0,235,claim_severity,0.010253788983895812,0.007624678313732147,0.0026291106701636646,1
2030,0,235,provider_complication,0.012193263286398762,0.003140576183795929,0.009052687102602833,1
2030,0,235,coverage_gap,0.016678058713800605,0.0210283026099205,0.004350243896119897,1
2030,0,239,age,0.045786328518056,0.04469054937362671,0.001095779144429293,1
2030,0,239,poor_health,0.06275887493824084,0.057849496603012085,0.0049093783352287534,1
2030,0,239,smoking,0.0,0.0,0.0,1
2030,0,239,bmi_risk,0.03475001595822112,0.03135472536087036,0.0033952905973507613,1
2030,0,239,nonadherence,0.024157913848136342,0.016431033611297607,0.007726880236838735,1
2030,0,239,claim_rate,0.0,0.0,0.0,1
2030,0,239,claim_severity,0.044210972218601235,0.03420808166265488,0.010002890555946359,1
2030,0,239,provider_complication,0.02735611682115227,0.008183687925338745,0.019172428895813526,1
2030,0,239,coverage_gap,0.029147037459640965,0.033422939479351044,0.004275902019710079,1
2030,0,240,age,0.12491127563454554,0.11541774868965149,0.009493526944894054,1
2030,0,240,poor_health,0.15260768964854865,0.1410517394542694,0.01155595019427924,1
2030,0,240,smoking,0.1667396180652835,0.18278396129608154,0.016044343230798036,1
2030,0,240,bmi_risk,0.10228009558044082,0.0965680480003357,0.0057120475801051285,1
2030,0,240,nonadherence,0.03922275180521717,0.05060756206512451,0.01138481025990734,1
2030,0,240,claim_rate,-5.551115123125783e-17,0.0,5.551115123125783e-17,1
2030,0,240,claim_severity,0.09963898102603341,0.0831480622291565,0.01649091879687692,1
2030,0,240,provider_complication,0.03940921289935162,0.012255221605300903,0.027153991294050717,1
2030,0,240,coverage_gap,0.03972297755519799,0.051615118980407715,0.011892141425209724,1
2030,0,245,age,0.17156315851385648,0.20556911826133728,0.0340059597474808,1
2030,0,245,poor_health,0.19139252260798523,0.2296954095363617,0.03830288692837647,1
2030,0,245,smoking,0.0,0.0,0.0,1
2030,0,245,bmi_risk,0.010208720894213652,0.007419973611831665,0.002788747282381987,1
2030,0,245,nonadherence,0.042328081388532335,0.052607953548431396,0.010279872159899062,1
2030,0,245,claim_rate,0.05533598981720955,0.07202279567718506,0.016686805859975506,1
2030,0,245,claim_severity,0.13652016454181787,0.12377014756202698,0.01275001697979089,1
2030,0,245,provider_complication,0.04290170701868501,0.011217594146728516,0.031684112871956494,1
2030,0,245,coverage_gap,0.02377422896105369,0.029580414295196533,0.005806185334142844,1
2030,0,251,age,0.13614202166177763,0.13749141991138458,0.0013493982496069479,1
2030,0,251,poor_health,0.1625703474398599,0.15674585103988647,0.005824496399973428,1
2030,0,251,smoking,0.0,0.0,0.0,1
2030,0,251,bmi_risk,0.07647563409615937,0.07154038548469543,0.004935248611463938,1
2030,0,251,nonadherence,0.05630674476268255,0.05204218626022339,0.004264558502459159,1
2030,0,251,claim_rate,0.028281483737243263,0.03173476457595825,0.0034532808387149894,1
2030,0,251,claim_severity,0.11370849601715774,0.0874340683221817,0.026274427694976038,1
2030,0,251,provider_complication,0.049496466289191354,0.012758910655975342,0.03673755563321601,1
2030,0,251,coverage_gap,0.0340258086954382,0.04852291941642761,0.014497110720989415,1
2030,0,254,age,0.0999026877701888,0.10590577125549316,0.0060030834853043585,1
2030,0,254,poor_health,0.08317975233178843,0.08734524250030518,0.00416549016851675,1
2030,0,254,smoking,-2.7755575615628914e-17,0.0,2.7755575615628914e-17,1
2030,0,254,bmi_risk,0.03266802196331545,0.03331132233142853,0.0006433003681130811,1
2030,0,254,nonadherence,0.06544757412391775,0.05914238095283508,0.0063051931710826625,1
2030,0,254,claim_rate,0.01980235799199742,0.022255167365074158,0.0024528093730767364,1
2030,0,254,claim_severity,0.04778658601810523,0.035556286573410034,0.012230299444695197,1
2030,0,254,provider_complication,0.04135422943154443,0.00892205536365509,0.03243217406788934,1
2030,0,254,coverage_gap,0.006543300122003021,0.008907631039619446,0.002364330917616425,1
2030,0,256,age,0.0,0.0,0.0,1
2030,0,256,poor_health,0.0024355166210734067,0.0022982656955718994,0.00013725092550150725,1
2030,0,256,smoking,0.0,0.0,0.0,1
2030,0,256,bmi_risk,0.005949684718500055,0.0049306415021419525,0.0010190432163581023,1
2030,0,256,nonadherence,0.0075546382470644755,0.0060150474309921265,0.001539590816072349,1
2030,0,256,claim_rate,0.00469295656209634,0.004459887742996216,0.000233068819100124,1
2030,0,256,claim_severity,0.0,0.0,0.0,1
2030,0,256,provider_complication,0.003034064813184939,0.000753890722990036,0.002280174090194903,1
2030,0,256,coverage_gap,0.008222391286863286,0.010438725352287292,0.002216334065424007,1
2030,0,260,age,0.01692134447379854,0.021015368402004242,0.004094023928205702,1
2030,0,260,poor_health,0.006078272767890219,0.006697297096252441,0.0006190243283622221,1
2030,0,260,smoking,1.3877787807814457e-17,0.0,1.3877787807814457e-17,1
2030,0,260,bmi_risk,0.012403213433045623,0.014282748103141785,0.0018795346700961613,1
2030,0,260,nonadherence,0.012689560695131039,0.011395208537578583,0.0012943521575524558,1
2030,0,260,claim_rate,0.01635927972389356,0.01947624236345291,0.003116962639559351,1
2030,0,260,claim_severity,0.002120103354491837,0.001987256109714508,0.0001328472447773288,1
2030,0,260,provider_complication,0.01142668924057906,0.0035514608025550842,0.007875228438023976,1
2030,0,260,coverage_gap,0.030217981533331953,0.04482850059866905,0.0146105190653371,1
2030,0,263,age,0.03381883687946382,0.031112153083086014,0.0027066837963778054,1
2030,0,263,poor_health,0.020871735176599793,0.01786208152770996,0.0030096536488898318,1
2030,0,263,smoking,0.0,0.0,0.0,1
2030,0,263,bmi_risk,0.013550657001497476,0.011633321642875671,0.001917335358621805,1
2030,0,263,nonadherence,0.007079440322028674,0.004464432597160339,0.0026150077248683345,1
2030,0,263,claim_rate,0.010152094333170186,0.008520662784576416,0.0016314315485937703,1
2030,0,263,claim_severity,0.026073958213987877,0.018513798713684082,0.007560159500303795,1
2030,0,263,provider_complication,0.010708749768011117,0.0025686994194984436,0.008140050348512673,1
2030,0,263,coverage_gap,0.00470869516412567,0.005888663232326508,0.0011799680682008373,1
2030,0,280,age,1.3877787807814457e-17,0.0,1.3877787807814457e-17,1
2030,0,280,poor_health,0.02002935039746056,0.020511701703071594,0.0004823513056110354,1
2030,0,280,smoking,1.3877787807814457e-17,0.0,1.3877787807814457e-17,1
2030,0,280,bmi_risk,0.0045943600399374895,0.004975281655788422,0.0003809216158509321,1
2030,0,280,nonadherence,0.0026502570867046465,0.0020659491419792175,0.000584307944725429,1
2030,0,280,claim_rate,0.00795108566334838,0.008230246603488922,0.0002791609401405423,1
2030,0,280,claim_severity,0.022294716565103186,0.019442524760961533,0.002852191804141653,1
2030,0,280,provider_complication,0.01820209401605708,0.005464427173137665,0.012737666842919416,1
2030,0,280,coverage_gap,0.020298179982405226,0.02725682407617569,0.0069586440937704636,1
2030,0,281,age,0.10839517117105302,0.11042666435241699,0.0020314931813639747,1
2030,0,281,poor_health,0.09259979123651005,0.08723309636116028,0.00536669487534977,1
2030,0,281,smoking,0.15634467784871897,0.1604626625776291,0.004117984728910118,1
2030,0,281,bmi_risk,0.040133975116818044,0.038341373205184937,0.0017926019116331071,1
2030,0,281,nonadherence,0.03674534312162142,0.032266318798065186,0.0044790243235562355,1
2030,0,281,claim_rate,0.054827864639807045,0.06002989411354065,0.005202029473733605,1
2030,0,281,claim_severity,0.10050909364424152,0.07705378532409668,0.023455308320144835,1
2030,0,281,provider_complication,0.018889269046463042,0.006108283996582031,0.01278098504988101,1
2030,0,281,coverage_gap,0.0761581246480581,0.09431147575378418,0.01815335110572608,1
2030,0,283,age,0.036688300126906506,0.03366868197917938,0.003019618147727124,1
2030,0,283,poor_health,0.04008242184777796,0.03803860396146774,0.002043817886310216,1
2030,0,283,smoking,-1.3877787807814457e-17,0.0,1.3877787807814457e-17,1
2030,0,283,bmi_risk,0.0013260722079709297,0.0010176226496696472,0.0003084495583012825,1
2030,0,283,nonadherence,0.015116893568200715,0.010407470166683197,0.004709423401517518,1
2030,0,283,claim_rate,-1.3877787807814457e-17,0.0,1.3877787807814457e-17,1
2030,0,283,claim_severity,0.011725960554068937,0.008446499705314636,0.003279460848754301,1
2030,0,283,provider_complication,0.009593869188633544,0.0024778470396995544,0.00711602214893399,1
2030,0,283,coverage_gap,0.02122935041491969,0.02313826233148575,0.0019089119165660584,1
2030,0,286,age,0.009235894647009538,0.00956069678068161,0.00032480213367207245,1
2030,0,286,poor_health,0.05807808353217286,0.05681661516427994,0.0012614683678929192,1
2030,0,286,smoking,0.0,0.0,0.0,1
2030,0,286,bmi_risk,0.020681973519261446,0.020329833030700684,0.0003521404885607621,1
2030,0,286,nonadherence,0.022656291047593508,0.017411790788173676,0.005244500259419832,1
2030,0,286,claim_rate,0.0,0.0,0.0,1
2030,0,286,claim_severity,0.03103718155516076,0.025182515382766724,0.005854666172394038,1
2030,0,286,provider_complication,0.01651844723425973,0.003941178321838379,0.01257726891242135,1
2030,0,286,coverage_gap,0.02834833690381293,0.03696242719888687,0.008614090295073942,1
2030,0,287,age,0.014862513484825056,0.01771744340658188,0.0028549299217568228,1
2030,0,287,poor_health,0.014042207322589415,0.015403520315885544,0.0013613129932961293,1
2030,0,287,smoking,0.0,0.0,0.0,1
2030,0,287,bmi_risk,0.00019162289537855148,0.00016507506370544434,2.6547831673107147e-05,1
2030,0,287,nonadherence,0.0028358664294637764,0.0028118491172790527,2.4017312184723694e-05,1
2030,0,287,claim_rate,0.006750723935637665,0.007640484720468521,0.0008897607848308564,1
2030,0,287,claim_severity,0.01104221344388142,0.010432779788970947,0.0006094336549104726,1
2030,0,287,provider_complication,0.005947899003528337,0.0018365904688835144,0.0041113085346448225,1
2030,0,287,coverage_gap,0.011700052640607958,0.016761884093284607,0.005061831452676649,1
2030,0,295,age,0.03454842595940763,0.037942200899124146,0.003393774939716515,1
2030,0,295,poor_health,0.03191051113249756,0.032733120024204254,0.000822608891706697,1
2030,0,295,smoking,2.7755575615628914e-17,0.0,2.7755575615628914e-17,1
2030,0,295,bmi_risk,0.01506633879716876,0.016378730535507202,0.001312391738338442,1
2030,0,295,nonadherence,0.014514981821964146,0.010823875665664673,0.003691106156299473,1
2030,0,295,claim_rate,0.011176912469839623,0.011857151985168457,0.0006802395153288343,1
2030,0,295,claim_severity,0.02306155254938634,0.01931847631931305,0.0037430762300732917,1
2030,0,295,provider_complication,0.009972310061620943,0.0027081146836280823,0.00726419537799286,1
2030,0,295,coverage_gap,0.019356133880009188,0.026707857847213745,0.007351723967204557,1
2030,0,296,age,0.006319819985547204,0.005845963954925537,0.0004738560306216666,1
2030,0,296,poor_health,0.029178288317297435,0.025476694107055664,0.003701594210241771,1
2030,0,296,smoking,2.7755575615628914e-17,0.0,2.7755575615628914e-17,1
2030,0,296,bmi_risk,0.021142168193528238,0.01921803504228592,0.0019241331512423188,1
2030,0,296,nonadherence,0.00331621668476334,0.002121642231941223,0.001194574452822117,1
2030,0,296,claim_rate,2.7755575615628914e-17,0.0,2.7755575615628914e-17,1
2030,0,296,claim_severity,0.01757661809265293,0.012382738292217255,0.0051938798004356745,1
2030,0,296,provider_complication,0.023380315254793213,0.005384065210819244,0.01799625004397397,1
2030,0,296,coverage_gap,0.03239857938817865,0.03480580449104309,0.002407225102864438,1
2030,0,300,age,0.0614883675018541,0.06164274364709854,0.0001543761452444392,1
2030,0,300,poor_health,0.0570336645177609,0.04951292276382446,0.0075207417539364385,1
2030,0,300,smoking,2.7755575615628914e-17,0.0,2.7755575615628914e-17,1
2030,0,300,bmi_risk,0.024031937191808586,0.02080872654914856,0.0032232106426600265,1
2030,0,300,nonadherence,0.03352202767224151,0.02201780676841736,0.01150422090382415,1
2030,0,300,claim_rate,2.7755575615628914e-17,0.0,2.7755575615628914e-17,1
2030,0,300,claim_severity,0.020517513807633808,0.016471080482006073,0.004046433325627735,1
2030,0,300,provider_complication,0.02552340863081891,0.007558673620223999,0.01796473501059491,1
2030,0,300,coverage_gap,0.01626252839849869,0.02057599276304245,0.004313464364543759,1
2030,0,301,age,0.046438499770145386,0.04011053591966629,0.006327963850479096,1
2030,0,301,poor_health,0.04134837885783342,0.033560171723365784,0.007788207134467637,1
2030,0,301,smoking,0.0,0.0,0.0,1
2030,0,301,bmi_risk,0.02495464910355824,0.01942022144794464,0.0055344276556136,1
2030,0,301,nonadherence,0.022009607620707333,0.013287574052810669,0.008722033567896664,1
2030,0,301,claim_rate,0.013644294979112667,0.010892584919929504,0.002751710059183163,1
2030,0,301,claim_severity,0.025570584555067527,0.017357923090457916,0.00821266146460961,1
2030,0,301,provider_complication,0.020369808838506864,0.004643872380256653,0.01572593645825021,1
2030,0,301,coverage_gap,0.011772772867223308,0.01363428682088852,0.0018615139536652114,1
2030,0,307,age,2.7755575615628914e-17,0.0,2.7755575615628914e-17,1
2030,0,307,poor_health,0.07600226597525118,0.0764952078461647,0.0004929418709135186,1
2030,0,307,smoking,2.7755575615628914e-17,0.0,2.7755575615628914e-17,1
2030,0,307,bmi_risk,0.06966839222750987,0.059978187084198,0.00969020514331187,1
2030,0,307,nonadherence,0.04137861343662058,0.033720433712005615,0.007658179724614966,1
2030,0,307,claim_rate,0.03570701752595859,0.04165343940258026,0.005946421876621671,1
2030,0,307,claim_severity,0.05548076582225017,0.043621599674224854,0.011859166148025319,1
2030,0,307,provider_complication,0.03634251790200754,0.00809459388256073,0.028247924019446813,1
2030,0,307,coverage_gap,0.04247864145584432,0.0520036518573761,0.00952501040153178,1
2030,0,308,age,0.014368347338530443,0.014137685298919678,0.0002306620396107656,1
2030,0,308,poor_health,0.05839778854402221,0.05668473243713379,0.0017130561068884192,1
2030,0,308,smoking,0.0,0.0,0.0,1
2030,0,308,bmi_risk,0.05313065151191056,0.05104178935289383,0.0020888621590167272,1
2030,0,308,nonadherence,0.014806516009416723,0.01111668348312378,0.0036898325262929438,1
2030,0,308,claim_rate,0.014025329135645817,0.014217257499694824,0.00019192836404900715,1
2030,0,308,claim_severity,0.023017568096345656,0.017644919455051422,0.005372648641294234,1
2030,0,308,provider_complication,0.018060690647028366,0.004475876688957214,0.013584813958071151,1
2030,0,308,coverage_gap,0.029580634356436528,0.03491611033678055,0.0053354759803440205,1
2030,0,312,age,0.03703837106168312,0.03791506588459015,0.0008766948229070315,1
2030,0,312,poor_health,0.1234764169780393,0.12774354964494705,0.004267132666907758,1
2030,0,312,smoking,0.0,0.0,0.0,1
2030,0,312,bmi_risk,0.0057993260589385975,0.005142867565155029,0.0006564584937835682,1
2030,0,312,nonadherence,0.03239267897051251,0.03074471652507782,0.001647962445434692,1
2030,0,312,claim_rate,0.0,0.0,0.0,1
2030,0,312,claim_severity,0.08724166584182155,0.06782157719135284,0.01942008865046871,1
2030,0,312,provider_complication,0.008067907987282713,0.0020949840545654297,0.005972923932717283,1
2030,0,312,coverage_gap,0.025882556470338935,0.03428483009338379,0.008402273623044854,1
2030,0,318,age,0.042545845926905496,0.04437527805566788,0.0018294321287623816,1
2030,0,318,poor_health,0.06299908433423483,0.06150412559509277,0.0014949587391420577,1
2030,0,318,smoking,2.7755575615628914e-17,0.0,2.7755575615628914e-17,1
2030,0,318,bmi_risk,0.015608389294069644,0.015089944005012512,0.0005184452890571317,1
2030,0,318,nonadherence,0.030874552132731187,0.02252495288848877,0.008349599244242417,1
2030,0,318,claim_rate,2.7755575615628914e-17,0.0,2.7755575615628914e-17,1
2030,0,318,claim_severity,0.019005315368660902,0.014726385474205017,0.004278929894455885,1
2030,0,318,provider_complication,0.034336743398349745,0.011012598872184753,0.02332414452616499,1
2030,0,318,coverage_gap,0.04185402157358076,0.05068191885948181,0.008827897285901054,1
2030,0,319,age,0.030860649392371882,0.03389212489128113,0.003031475498909246,1
2030,0,319,poor_health,0.014480768484438841,0.014531508088111877,5.0739603673036204e-05,1
2030,0,319,smoking,0.0,0.0,0.0,1
2030,0,319,bmi_risk,0.012374305280618114,0.012412488460540771,3.8183179922657295e-05,1
2030,0,319,nonadherence,0.01665775702825864,0.012996450066566467,0.0036613069616921734,1
2030,0,319,claim_rate,0.0,0.0,0.0,1
2030,0,319,claim_severity,0.010525691962967723,0.008565239608287811,0.001960452354679912,1
2030,0,319,provider_complication,0.006556360756689486,0.0017926990985870361,0.00476366165810245,1
2030,0,319,coverage_gap,0.029267134957783207,0.04000363126397133,0.010736496306188122,1
2030,0,320,age,0.03468023391730923,0.02964739501476288,0.005032838902546355,1
2030,0,320,poor_health,0.03272035427364978,0.028673656284809113,0.004046697988840664,1
2030,0,320,smoking,0.0,0.0,0.0,1
2030,0,320,bmi_risk,0.022676515931708233,0.017325125634670258,0.005351390297037975,1
2030,0,320,nonadherence,0.009442202114176068,0.005949392914772034,0.0034928091994040344,1
2030,0,320,claim_rate,0.01054902424076487,0.009235575795173645,0.0013134484455912254,1
2030,0,320,claim_severity,0.008807064841280562,0.006117783486843109,0.0026892813544374533,1
2030,0,320,provider_complication,0.009412873685815767,0.002283528447151184,0.007129345238664583,1
2030,0,320,coverage_gap,0.0035953985185338128,0.004372105002403259,0.0007767064838694465,1
2030,0,322,age,0.07187069813986371,0.06679550558328629,0.005075192556577429,1
2030,0,322,poor_health,0.06298543882941894,0.052181683480739594,0.010803755348679348,1
2030,0,322,smoking,0.0,0.0,0.0,1
2030,0,322,bmi_risk,0.010994469815685887,0.009108766913414001,0.0018857029022718852,1
2030,0,322,nonadherence,0.02297302384192748,0.014540128409862518,0.008432895432064963,1
2030,0,322,claim_rate,0.016081650659095476,0.013364352285861969,0.0027172983732335065,1
2030,0,322,claim_severity,0.03639867454709024,0.02835845947265625,0.00804021507443399,1
2030,0,322,provider_complication,0.044463218626602685,0.013190977275371552,0.031272241351231134,1
2030,0,322,coverage_gap,0.006631614967261917,0.008039683103561401,0.001408068136299484,1
2030,0,330,age,0.16147866490235968,0.1660485416650772,0.0045698767627175285,1
2030,0,330,poor_health,0.12758353056305488,0.12300579249858856,0.004577738064466319,1
2030,0,330,smoking,0.0,0.0,0.0,1
2030,0,330,bmi_risk,0.01503461953741042,0.012248039245605469,0.002786580291804952,1
2030,0,330,nonadherence,0.013579909953572944,0.010631650686264038,0.002948259267308906,1
2030,0,330,claim_rate,0.049120632149310034,0.05167670547962189,0.0025560733303118532,1
2030,0,330,claim_severity,0.09150789314196578,0.066895991563797,0.024611901578168782,1
2030,0,330,provider_complication,0.013844538560563002,0.0032331645488739014,0.010611374011689101,1
2030,0,330,coverage_gap,0.04734394904003142,0.0557403564453125,0.008396407405281081,1
2030,0,332,age,0.017831213724574066,0.015910841524600983,0.0019203721999730833,1
2030,0,332,poor_health,0.030087324702204876,0.028362922370433807,0.0017244023317710688,1
2030,0,332,smoking,-1.3877787807814457e-17,0.0,1.3877787807814457e-17,1
2030,0,332,bmi_risk,0.004326717129952584,0.0033939406275749207,0.0009327765023776635,1
2030,0,332,nonadherence,0.029916727716474065,0.02489573508501053,0.005020992631463536,1
2030,0,332,claim_rate,0.011767935165386503,0.0114845409989357,0.00028339416645080384,1
2030,0,332,claim_severity,0.013403620565299354,0.00980626791715622,0.0035973526481431345,1
2030,0,332,provider_complication,0.026425203396524197,0.0068535879254341125,0.019571615471090084,1
2030,0,332,coverage_gap,0.03472579431981587,0.04045332223176956,0.005727527911953689,1
2030,0,339,age,0.09044824693874276,0.08397045731544495,0.006477789623297814,1
2030,0,339,poor_health,0.1701622032005004,0.14798599481582642,0.02217620838467399,1
2030,0,339,smoking,0.18459820132324514,0.16779693961143494,0.016801261711810206,1
2030,0,339,bmi_risk,0.02459305557415903,0.022450298070907593,0.0021427575032514357,1
2030,0,339,nonadherence,0.045610772403735456,0.03896936774253845,0.0066414046611970035,1
2030,0,339,claim_rate,-5.551115123125783e-17,0.0,5.551115123125783e-17,1
2030,0,339,claim_severity,0.176085724186618,0.10901038348674774,0.06707534069987026,1
2030,0,339,provider_complication,0.07633574012631333,0.014655321836471558,0.061680418289841776,1
2030,0,339,coverage_gap,0.05799780198176835,0.05464354157447815,0.0033542604072901994,1
2030,0,352,age,0.0,0.0,0.0,1
2030,0,352,poor_health,0.012526758081124936,0.016644857823848724,0.004118099742723789,1
2030,0,352,smoking,0.0,0.0,0.0,1
2030,0,352,bmi_risk,0.0072560091801729745,0.00944933295249939,0.002193323772326415,1
2030,0,352,nonadherence,0.004030149594203829,0.003985431045293808,4.471854891002075e-05,1
2030,0,352,claim_rate,0.0,0.0,0.0,1
2030,0,352,claim_severity,0.0,0.0,0.0,1
2030,0,352,provider_complication,0.0060214529840910205,0.002186819911003113,0.0038346330730879077,1
2030,0,352,coverage_gap,0.010535756435718673,0.01891849935054779,0.008382742914829117,1
2030,0,354,age,0.07303400280807254,0.10320564359426498,0.030171640786192444,1
2030,0,354,poor_health,0.02289833960767043,0.03097410500049591,0.008075765392825479,1
2030,0,354,smoking,-1.3877787807814457e-17,0.0,1.3877787807814457e-17,1
2030,0,354,bmi_risk,0.007057417437013505,0.010643988847732544,0.003586571410719039,1
2030,0,354,nonadherence,0.017585648206027926,0.01906585693359375,0.0014802087275658238,1
2030,0,354,claim_rate,0.012287778102155741,0.016787871718406677,0.004500093616250936,1
2030,0,354,claim_severity,0.014233661460927985,0.018368974328041077,0.004135312867113092,1
2030,0,354,provider_complication,0.00677460459303543,0.002833932638168335,0.003940671954867095,1
2030,0,354,coverage_gap,0.02327290149929767,0.041443534195423126,0.018170632696125455,1
2030,0,367,age,0.027526662746583372,0.026747286319732666,0.0007793764268507059,1
2030,0,367,poor_health,0.019606227222023584,0.017355233430862427,0.002250993791161157,1
2030,0,367,smoking,0.0,0.0,0.0,1
2030,0,367,bmi_risk,0.02503021823627248,0.022495552897453308,0.0025346653388191726,1
2030,0,367,nonadherence,0.013049478953227084,0.008475244045257568,0.0045742349079695155,1
2030,0,367,claim_rate,0.0,0.0,0.0,1
2030,0,367,claim_severity,0.0175536384105396,0.013290368020534515,0.004263270390005083,1
2030,0,367,provider_complication,0.019661285086554722,0.005872264504432678,0.013789020582122044,1
2030,0,367,coverage_gap,0.020088064018266835,0.02490352839231491,0.004815464374048076,1
2030,0,374,age,0.11378038563996681,0.12057328224182129,0.006792896601854476,1
2030,0,374,poor_health,0.18532692524393723,0.21020203828811646,0.02487511304417922,1
2030,0,374,smoking,0.0,0.0,0.0,1
2030,0,374,bmi_risk,0.04127902851427179,0.04281309247016907,0.0015340639558972802,1
2030,0,374,nonadherence,0.01478725986198487,0.014034509658813477,0.0007527502031713929,1
2030,0,374,claim_rate,0.05350432042655684,0.06290009617805481,0.00939577575149797,1
2030,0,374,claim_severity,0.1516223445794478,0.1307694911956787,0.020852853383769077,1
2030,0,374,provider_complication,0.01847269982734706,0.004845291376113892,0.01362740845123317,1
2030,0,374,coverage_gap,0.058327011134312434,0.07990670204162598,0.021579690907313542,1
2030,0,385,age,0.11261976694373815,0.13168008625507355,0.019060319311335394,1
2030,0,385,poor_health,0.14991354354232578,0.16135166585445404,0.011438122312128263,1
2030,0,385,smoking,0.0,0.0,0.0,1
2030,0,385,bmi_risk,0.05763390039619412,0.05964943766593933,0.00201553726974521,1
2030,0,385,nonadherence,0.023955592334726994,0.024422109127044678,0.00046651679231768384,1
2030,0,385,claim_rate,0.04999989768760882,0.0614374577999115,0.01143756011230268,1
2030,0,385,claim_severity,0.12516905090201683,0.11437222361564636,0.010796827286370464,1
2030,0,385,provider_complication,0.03704150508462964,0.009209215641021729,0.02783228944360791,1
2030,0,385,coverage_gap,0.01982932946000171,0.028399646282196045,0.008570316822194335,1
2030,0,387,age,0.05606721163810359,0.059103138744831085,0.0030359271067274957,1
2030,0,387,poor_health,0.023157273506008644,0.021453097462654114,0.00170417604335453,1
2030,0,387,smoking,0.0,0.0,0.0,1
2030,0,387,bmi_risk,0.0019151218994747504,0.0016602426767349243,0.0002548792227398261,1
2030,0,387,nonadherence,0.01390966930846764,0.010254062712192535,0.0036556065962751044,1
2030,0,387,claim_rate,0.0,0.0,0.0,1
2030,0,387,claim_severity,0.010739214660468788,0.009019836783409119,0.001719377877059669,1
2030,0,387,provider_complication,0.00793578843486703,0.0025610923767089844,0.005374696058158046,1
2030,0,387,coverage_gap,0.014522931470888567,0.018094003200531006,0.003571071729642439,1
2030,0,393,age,0.11356923179111966,0.10774069279432297,0.005828538996796695,1
2030,0,393,poor_health,0.08562381534048225,0.07879462838172913,0.0068291869587531195,1
2030,0,393,smoking,0.0,0.0,0.0,1
2030,0,393,bmi_risk,0.05203993471223295,0.04735270142555237,0.004687233286680581,1
2030,0,393,nonadherence,0.03428327779228857,0.029886692762374878,0.004396585029913691,1
2030,0,393,claim_rate,0.020637356777784083,0.021282494068145752,0.0006451372903616692,1
2030,0,393,claim_severity,0.026433007061224062,0.02131548523902893,0.005117521822195131,1
2030,0,393,provider_complication,0.0309670578718165,0.009510606527328491,0.02145645134448801,1
2030,0,393,coverage_gap,0.016527683502089996,0.02286149561405182,0.006333812111961823,1
2030,0,397,age,0.013064712497232595,0.013156697154045105,9.198465681251045e-05,1
2030,0,397,poor_health,0.08827967422634475,0.09510235488414764,0.006822680657802893,1
2030,0,397,smoking,0.0,0.0,0.0,1
2030,0,397,bmi_risk,0.04212331240126296,0.03812560439109802,0.003997708010164941,1
2030,0,397,nonadherence,0.028300104807142346,0.02663727104663849,0.0016628337605038568,1
2030,0,397,claim_rate,0.03395740355517973,0.04087616503238678,0.006918761477207047,1
2030,0,397,claim_severity,0.045551584294059894,0.03805321455001831,0.007498369744041583,1
2030,0,397,provider_complication,0.0095434403682777,0.0024069398641586304,0.00713650050411907,1
2030,0,397,coverage_gap,0.047800316689639896,0.06428471207618713,0.016484395386547238,1
2030,0,410,age,0.1155244802713502,0.12192198634147644,0.006397506070126235,1
2030,0,410,poor_health,0.1310190887512187,0.14465340971946716,0.013634320968248459,1
2030,0,410,smoking,0.0,0.0,0.0,1
2030,0,410,bmi_risk,0.03698205482665831,0.041313186287879944,0.004331131461221632,1
2030,0,410,nonadherence,0.048673727284563095,0.049605295062065125,0.0009315677775020292,1
2030,0,410,claim_rate,0.023972215855388057,0.0329362154006958,0.008963999545307744,1
2030,0,410,claim_severity,0.08573256354357583,0.07807719707489014,0.007655366468685698,1
2030,0,410,provider_complication,0.025315563205786373,0.006689012050628662,0.01862655115515771,1
2030,0,410,coverage_gap,0.0421565746142733,0.06644783914089203,0.024291264526618728,1
2030,0,412,age,0.24838421926014825,0.21541815996170044,0.032966059298447814,1
2030,0,412,poor_health,0.18225563464915795,0.1633087694644928,0.01894686518466515,1
2030,0,412,smoking,0.19503829644268522,0.1550402045249939,0.039998091917691325,1
2030,0,412,bmi_risk,0.10880784634276963,0.07805198431015015,0.030755862032619485,1
2030,0,412,nonadherence,0.06720955139284013,0.06497615575790405,0.002233395634936075,1
2030,0,412,claim_rate,0.11438986699480447,0.09493160247802734,0.019458264516777124,1
2030,0,412,claim_severity,0.16553894910286537,0.11506158113479614,0.05047736796806923,1
2030,0,412,provider_complication,0.02321472187834528,0.006173372268676758,0.01704134960966852,1
2030,0,412,coverage_gap,0.027607773409964564,0.03653109073638916,0.008923317326424596,1
2030,0,413,age,0.07870715308933857,0.08779045194387436,0.009083298854535793,1
2030,0,413,poor_health,0.08042543490154096,0.08545209467411041,0.005026659772569456,1
2030,0,413,smoking,0.0,0.0,0.0,1
2030,0,413,bmi_risk,0.032005007634133414,0.03239242732524872,0.00038741969111530383,1
2030,0,413,nonadherence,0.03530682622329026,0.03401361405849457,0.001293212164795693,1
2030,0,413,claim_rate,0.0,0.0,0.0,1
2030,0,413,claim_severity,0.028735619854770383,0.027737319469451904,0.000998300385318479,1
2030,0,413,provider_complication,0.009265337135821117,0.0022824257612228394,0.006982911374598277,1
2030,0,413,coverage_gap,0.0371395456881799,0.051008015871047974,0.013868470182868076,1
2030,0,416,age,0.15234198545834096,0.14893463253974915,0.003407352918591816,1
2030,0,416,poor_health,0.16100162648293603,0.15806496143341064,0.0029366650495253888,1
2030,0,416,smoking,5.551115123125783e-17,0.0,5.551115123125783e-17,1
2030,0,416,bmi_risk,0.02807348895050804,0.021383672952651978,0.006689815997856063,1
2030,0,416,nonadherence,0.0492760621523915,0.04135847091674805,0.00791759123564345,1
2030,0,416,claim_rate,0.0269179586720652,0.030064135789871216,0.003146177117806015,1
2030,0,416,claim_severity,0.07854563770837311,0.056797176599502563,0.021748461108870548,1
2030,0,416,provider_complication,0.04791711537272603,0.013975799083709717,0.03394131628901631,1
2030,0,416,coverage_gap,0.05043265338096142,0.057243749499320984,0.006811096118359561,1
2030,0,421,age,0.06314445837484856,0.062344133853912354,0.000800324520936202,1
2030,0,421,poor_health,0.09332580649704932,0.08397727459669113,0.009348531900358184,1
2030,0,421,smoking,-2.7755575615628914e-17,0.0,2.7755575615628914e-17,1
2030,0,421,bmi_risk,0.05189926094144909,0.04715511202812195,0.00474414891332714,1
2030,0,421,nonadherence,0.03333820449885186,0.02359411120414734,0.00974409329470452,1
2030,0,421,claim_rate,-2.7755575615628914e-17,0.0,2.7755575615628914e-17,1
2030,0,421,claim_severity,0.07034290392724857,0.056698039174079895,0.013644864753168673,1
2030,0,421,provider_complication,0.008211302594078512,0.002347797155380249,0.005863505438698263,1
2030,0,421,coverage_gap,0.047809076211916324,0.05925406515598297,0.011444988944066647,1
2030,0,422,age,0.037232462200154456,0.04037771373987198,0.0031452515397175224,1
2030,0,422,poor_health,0.02228699923831383,0.022443965077400208,0.00015696583908637873,1
2030,0,422,smoking,1.3877787807814457e-17,0.0,1.3877787807814457e-17,1
2030,0,422,bmi_risk,0.01738691073307115,0.017538689076900482,0.0001517783438293313,1
2030,0,422,nonadherence,0.017016783806073382,0.013291850686073303,0.003724933120000079,1
2030,0,422,claim_rate,0.010179749455143092,0.010229438543319702,4.968908817661044e-05,1
2030,0,422,claim_severity,0.004297629325944019,0.0034935250878334045,0.0008041042381106145,1
2030,0,422,provider_complication,0.012910167453612911,0.003684625029563904,0.009225542424049007,1
2030,0,422,coverage_gap,0.020263529040899342,0.026877664029598236,0.006614134988698894,1
2030,0,427,age,0.06172964042993023,0.0546935498714447,0.0070360905584855304,1
2030,0,427,poor_health,0.09939807281907488,0.08326525241136551,0.016132820407709372,1
2030,0,427,smoking,0.0,0.0,0.0,1
2030,0,427,bmi_risk,0.012920032404965004,0.010894522070884705,0.0020255103340802993,1
2030,0,427,nonadherence,0.011121189710645102,0.007204800844192505,0.003916388866452597,1
2030,0,427,claim_rate,0.02081676665270668,0.019010767340660095,0.0018059993120465856,1
2030,0,427,claim_severity,0.08254552983276511,0.0607774555683136,0.021768074264451515,1
2030,0,427,provider_complication,0.05546380190381575,0.015256300568580627,0.040207501335235124,1
2030,0,427,coverage_gap,0.04984828493643975,0.05857968330383301,0.008731398367393256,1
2030,0,429,age,0.04527165957694426,0.051039934158325195,0.005768274581380933,1
2030,0,429,poor_health,0.06353324621621477,0.06971840560436249,0.006185159388147718,1
2030,0,429,smoking,0.09461665762931265,0.11752352118492126,0.022906863555608614,1
2030,0,429,bmi_risk,0.013409582036164408,0.014716163277626038,0.0013065812414616296,1
2030,0,429,nonadherence,0.027507355841640102,0.024816185235977173,0.002691170605662929,1
2030,0,429,claim_rate,2.7755575615628914e-17,0.0,2.7755575615628914e-17,1
2030,0,429,claim_severity,0.049860627595359225,0.039741963148117065,0.01011866444724216,1
2030,0,429,provider_complication,0.016239891804517043,0.005143210291862488,0.011096681512654555,1
2030,0,429,coverage_gap,0.03271136475431813,0.0394209623336792,0.006709597579361071,1
2030,0,430,age,0.02372377868768752,0.021701030433177948,0.002022748254509571,1
2030,0,430,poor_health,0.035134498723723054,0.03150470554828644,0.003629793175436616,1
2030,0,430,smoking,-2.7755575615628914e-17,0.0,2.7755575615628914e-17,1
2030,0,430,bmi_risk,0.025812747279469,0.021208710968494415,0.004604036310974585,1
2030,0,430,nonadherence,0.02164226646417776,0.01473778486251831,0.0069044816016594485,1
2030,0,430,claim_rate,0.01108070296402712,0.01007351279258728,0.0010071901714398396,1
2030,0,430,claim_severity,0.018022390633291502,0.012674883008003235,0.005347507625288267,1
2030,0,430,provider_complication,0.006726918982249294,0.0015482380986213684,0.005178680883627926,1
2030,0,430,coverage_gap,0.009856478768044519,0.010597176849842072,0.0007406980817975528,1
2030,0,436,age,1.3877787807814457e-17,0.0,1.3877787807814457e-17,1
2030,0,436,poor_health,0.03413551945959552,0.033408273011446,0.0007272464481495183,1
2030,0,436,smoking,1.3877787807814457e-17,0.0,1.3877787807814457e-17,1
2030,0,436,bmi_risk,0.011784265987490064,0.00917883962392807,0.002605426363561994,1
2030,0,436,nonadherence,0.01985777660746664,0.016543328762054443,0.0033144478454121967,1
2030,0,436,claim_rate,0.009561706793693697,0.00986500084400177,0.00030329405030807277,1
2030,0,436,claim_severity,0.008016583460296253,0.005674339830875397,0.0023422436294208565,1
2030,0,436,provider_complication,0.010571456664193485,0.0027560293674468994,0.007815427296746585,1
2030,0,436,coverage_gap,0.018358214654142363,0.021499186754226685,0.0031409721000843216,1
2030,0,444,age,0.03337422631481743,0.02485697716474533,0.008517249150072098,1
2030,0,444,poor_health,0.05931773965786177,0.0445595383644104,0.014758201293451373,1
2030,0,444,smoking,0.0,0.0,0.0,1
2030,0,444,bmi_risk,0.011483242223327111,0.007232360541820526,0.004250881681506585,1
2030,0,444,nonadherence,0.03441965785493807,0.019943982362747192,0.014475675492190879,1
2030,0,444,claim_rate,0.015421753347629463,0.012589938938617706,0.002831814409011757,1
2030,0,444,claim_severity,0.043181341107429175,0.025718703866004944,0.01746263724142423,1
2030,0,444,provider_complication,0.0203006861718259,0.004446402192115784,0.015854283979710115,1
2030,0,444,coverage_gap,0.018483309935010822,0.01832764595746994,0.0001556639775408819,1
2030,0,447,age,0.030496756673273548,0.030717264860868454,0.0002205081875949061,1
2030,0,447,poor_health,0.020871893387940363,0.019003447145223618,0.0018684462427167453,1
2030,0,447,smoking,0.0,0.0,0.0,1
2030,0,447,bmi_risk,0.01204715065170351,0.011076606810092926,0.0009705438416105841,1
2030,0,447,nonadherence,0.0031286898007253094,0.002074524760246277,0.0010541650404790326,1
2030,0,447,claim_rate,0.0,0.0,0.0,1
2030,0,447,claim_severity,0.0,0.0,0.0,1
2030,0,447,provider_complication,0.014219133708657156,0.003944426774978638,0.010274706933678518,1
2030,0,447,coverage_gap,0.010227133466670757,0.01337379589676857,0.003146662430097813,1
2030,0,448,age,0.04102371229215651,0.036914438009262085,0.004109274282894426,1
2030,0,448,poor_health,0.04404011106386785,0.03527047485113144,0.00876963621273641,1
2030,0,448,smoking,-2.7755575615628914e-17,0.0,2.7755575615628914e-17,1
2030,0,448,bmi_risk,0.021903614576943967,0.017423398792743683,0.004480215784200284,1
2030,0,448,nonadherence,0.013117981713673885,0.008261337876319885,0.004856643837353999,1
2030,0,448,claim_rate,0.01446403216294162,0.011693604290485382,0.002770427872456238,1
2030,0,448,claim_severity,0.024996810131984862,0.017855092883110046,0.007141717248874815,1
2030,0,448,provider_complication,0.019032129255087932,0.0049393028020858765,0.014092826453002055,1
2030,0,448,coverage_gap,0.035200618802218656,0.0364421084523201,0.0012414896501014433,1
2030,0,456,age,0.0626243726339393,0.05396589636802673,0.008658476265912568,1
2030,0,456,poor_health,0.01999595843238655,0.01867416501045227,0.0013217934219342808,1
2030,0,456,smoking,0.133319231802497,0.12074370682239532,0.012575524980101671,1
2030,0,456,bmi_risk,0.008426678808462484,0.0073206424713134766,0.0011060363371490078,1
2030,0,456,nonadherence,0.025583812535853012,0.02035766839981079,0.005226144136042221,1
2030,0,456,claim_rate,0.06965064904919627,0.06330282986164093,0.006347819187555337,1
2030,0,456,claim_severity,0.12339710683546012,0.0868871659040451,0.03650994093141502,1
2030,0,456,provider_complication,0.07603716773189259,0.01788640022277832,0.05815076750911427,1
2030,0,456,coverage_gap,0.015104453715771848,0.018231093883514404,0.003126640167742556,1
2030,0,462,age,0.026976300521879368,0.022630736231803894,0.004345564290075474,1
2030,0,462,poor_health,0.044296619808812,0.03861431032419205,0.005682309484619952,1
2030,0,462,smoking,0.0,0.0,0.0,1
2030,0,462,bmi_risk,0.004862293621046995,0.0035530701279640198,0.0013092234930829755,1
2030,0,462,nonadherence,0.02037091394886313,0.014453232288360596,0.005917681660502536,1
2030,0,462,claim_rate,0.025953620622247014,0.023997925221920013,0.001955695400327001,1
2030,0,462,claim_severity,0.02935436054760586,0.01992613822221756,0.0094282223253883,1
2030,0,462,provider_complication,0.026122062353886866,0.0062621235847473145,0.01985993876913955,1
2030,0,462,coverage_gap,0.02819361028987029,0.030511967837810516,0.002318357547940228,1
2030,0,467,age,0.03200596672850638,0.025359801948070526,0.006646164780435851,1
2030,0,467,poor_health,0.035699862799108834,0.027127236127853394,0.00857262667125544,1
2030,0,467,smoking,0.0,0.0,0.0,1
2030,0,467,bmi_risk,0.01189739926823126,0.00917595624923706,0.002721443018994199,1
2030,0,467,nonadherence,0.019878061791512566,0.01122293621301651,0.008655125578496056,1
2030,0,467,claim_rate,0.0125683514000485,0.009686514735221863,0.002881836664826637,1
2030,0,467,claim_severity,0.009621204322893706,0.005822710692882538,0.0037984936300111682,1
2030,0,467,provider_complication,0.01617569424917749,0.003398612141609192,0.012777082107568297,1
2030,0,467,coverage_gap,0.030877718966875883,0.031292930245399475,0.00041521127852359174,1
2030,0,472,age,0.060530449441998535,0.06065294146537781,0.00012249202337927256,1
2030,0,472,poor_health,0.07884867063762252,0.0880325436592102,0.009183873021587685,1
2030,0,472,smoking,0.0,0.0,0.0,1
2030,0,472,bmi_risk,0.014254069197416147,0.014378875494003296,0.0001248062965871488,1
2030,0,472,nonadherence,0.03346656790331548,0.03305096924304962,0.000415598660265859,1
2030,0,472,claim_rate,0.05212117225707866,0.06447482109069824,0.012353648833619585,1
2030,0,472,claim_severity,0.05941102508236723,0.048873960971832275,0.010537064110534955,1
2030,0,472,provider_complication,0.010387910146217844,0.0027054250240325928,0.007682485122185251,1
2030,0,472,coverage_gap,0.04267787386973251,0.055644020438194275,0.012966146568461762,1
2030,0,473,age,0.09503817415462491,0.09735484421253204,0.0023166700579071303,1
2030,0,473,poor_health,0.04918352593492642,0.04544515907764435,0.0037383668572820716,1
2030,0,473,smoking,0.0,0.0,0.0,1
2030,0,473,bmi_risk,0.012567314614177844,0.01149509847164154,0.001072216142536303,1
2030,0,473,nonadherence,0.045050399615465975,0.033938705921173096,0.011111693694292879,1
2030,0,473,claim_rate,0.03441945284310585,0.032358139753341675,0.0020613130897641774,1
2030,0,473,claim_severity,0.032592817637175864,0.027481824159622192,0.005110993477553671,1
2030,0,473,provider_complication,0.028558897748873435,0.009649664163589478,0.018909233585283958,1
2030,0,473,coverage_gap,0.025015303028595393,0.033782556653022766,0.008767253624427374,1
2030,0,479,age,0.03701840837666802,0.03509889543056488,0.0019195129461031385,1
2030,0,479,poor_health,0.009159380413599344,0.009006105363368988,0.00015327505023035592,1
2030,0,479,smoking,0.0,0.0,0.0,1
2030,0,479,bmi_risk,0.021533970774025246,0.016930967569351196,0.00460300320467405,1
2030,0,479,nonadherence,0.03088414637835249,0.024691350758075714,0.006192795620276775,1
2030,0,479,claim_rate,0.020904099179815575,0.02131912112236023,0.00041502194254465496,1
2030,0,479,claim_severity,0.00903122398823221,0.006567031145095825,0.002464192843136384,1
2030,0,479,provider_complication,0.012883930819920009,0.0032982826232910156,0.009585648196628993,1
2030,0,479,coverage_gap,0.012761087389720371,0.015312068164348602,0.002550980774628231,1
2030,0,496,age,0.013213409031474152,0.014380544424057007,0.0011671353925828548,1
2030,0,496,poor_health,0.03307001264641941,0.033290762454271317,0.00022074980785190962,1
2030,0,496,smoking,1.3877787807814457e-17,0.0,1.3877787807814457e-17,1
2030,0,496,bmi_risk,0.021962766767893827,0.021937400102615356,2.536666527847009e-05,1
2030,0,496,nonadherence,0.023961567907102327,0.018532566726207733,0.005429001180894594,1
2030,0,496,claim_rate,1.3877787807814457e-17,0.0,1.3877787807814457e-17,1
2030,0,496,claim_severity,0.013227174150597557,0.010658897459506989,0.002568276691090568,1
2030,0,496,provider_complication,0.008215795013147023,0.002306126058101654,0.005909668955045369,1
2030,0,496,coverage_gap,0.002877337275052738,0.004027083516120911,0.0011497462410681725,1
2030,0,500,age,0.0,0.0,0.0,1
2030,0,500,poor_health,0.13039779584017844,0.13482734560966492,0.004429549769486479,1
2030,0,500,smoking,0.15073073323058964,0.17987264692783356,0.02914191369724392,1
2030,0,500,bmi_risk,0.05679972560965879,0.05925634503364563,0.002456619423986839,1
2030,0,500,nonadherence,0.06438070066974144,0.053416937589645386,0.010963763080096056,1
2030,0,500,claim_rate,0.027353477321094055,0.026924073696136475,0.00042940362495758055,1
2030,0,500,claim_severity,0.12267084967129946,0.10193425416946411,0.020736595501835348,1
2030,0,500,provider_complication,0.03653704377903505,0.012294471263885498,0.024242572515149552,1
2030,0,500,coverage_gap,0.06482916697755303,0.08176115155220032,0.016931984574647285,1
2030,0,504,age,0.016119245120307255,0.016912035644054413,0.0007927905237471583,1
2030,0,504,poor_health,0.026825886701724276,0.024843059480190277,0.001982827221533999,1
2030,0,504,smoking,-1.3877787807814457e-17,0.0,1.3877787807814457e-17,1
2030,0,504,bmi_risk,0.014325907906245591,0.012353755533695221,0.0019721523725503703,1
2030,0,504,nonadherence,0.0017524702539063325,0.0011465325951576233,0.0006059376587487092,1
2030,0,504,claim_rate,-1.3877787807814457e-17,0.0,1.3877787807814457e-17,1
2030,0,504,claim_severity,0.02261868531155225,0.01912858337163925,0.003490101939912997,1
2030,0,504,provider_complication,0.01869993850508854,0.006432965397834778,0.012266973107253762,1
2030,0,504,coverage_gap,0.011632841804660482,0.01570923626422882,0.004076394459568339,1
2030,0,510,age,0.025726815810622167,0.02375427633523941,0.0019725394753827563,1
2030,0,510,poor_health,0.021831671927316387,0.019932031631469727,0.0018996402958466607,1
2030,0,510,smoking,-1.3877787807814457e-17,0.0,1.3877787807814457e-17,1
2030,0,510,bmi_risk,0.019621201366842173,0.015935063362121582,0.0036861380047205905,1
2030,0,510,nonadherence,0.030647446536775536,0.022000551223754883,0.008646895313020653,1
2030,0,510,claim_rate,0.0109804247376762,0.010278895497322083,0.0007015292403541179,1
2030,0,510,claim_severity,0.01771998329908317,0.01294371485710144,0.004776268441981729,1
2030,0,510,provider_complication,0.00595190507605993,0.001501709222793579,0.0044501958532663505,1
2030,0,510,coverage_gap,0.016340051414827333,0.020823165774345398,0.0044831143595180645,1
2030,0,525,age,0.14010606775497655,0.14305096864700317,0.0029449008920266195,1
2030,0,525,poor_health,0.16573474737182226,0.17478816211223602,0.009053414740413768,1
2030,0,525,smoking,0.0,0.0,0.0,1
2030,0,525,bmi_risk,0.01383694015966197,0.0121421217918396,0.0016948183678223705,1
2030,0,525,nonadherence,0.010681382570085662,0.008307695388793945,0.002373687181291717,1
2030,0,525,claim_rate,0.026352122429885105,0.028360366821289062,0.002008244391403957,1
2030,0,525,claim_severity,0.11564019458251315,0.08866795897483826,0.026972235607674894,1
2030,0,525,provider_complication,0.02313554892552555,0.005665600299835205,0.017469948625690346,1
2030,0,525,coverage_gap,0.08725032915148825,0.1098528802394867,0.02260255108799844,1
2030,0,532,age,0.04768708847395901,0.0400107242166996,0.007676364257259413,1
2030,0,532,poor_health,0.02121480024548464,0.01573336124420166,0.005481439001282978,1
2030,0,532,smoking,1.3877787807814457e-17,0.0,1.3877787807814457e-17,1
2030,0,532,bmi_risk,0.0014476215947778343,0.0011229142546653748,0.0003247073401124595,1
2030,0,532,nonadherence,0.012363840892358244,0.0072221532464027405,0.005141687645955503,1
2030,0,532,claim_rate,1.3877787807814457e-17,0.0,1.3877787807814457e-17,1
2030,0,532,claim_severity,0.021063926932834875,0.013669624924659729,0.0073943020081751465,1
2030,0,532,provider_complication,0.013362410719127207,0.002708651125431061,0.010653759593696147,1
2030,0,532,coverage_gap,0.02628418733023999,0.02537178248167038,0.000912404848569609,1
2030,0,536,age,-1.3877787807814457e-17,0.0,1.3877787807814457e-17,1
2030,0,536,poor_health,0.03477965765287844,0.027514252811670303,0.007265404841208134,1
2030,0,536,smoking,-1.3877787807814457e-17,0.0,1.3877787807814457e-17,1
2030,0,536,bmi_risk,0.021406822355983623,0.014122791588306427,0.0072840307676771965,1
2030,0,536,nonadherence,0.024683291063110374,0.015605989843606949,0.009077301219503425,1
2030,0,536,claim_rate,-1.3877787807814457e-17,0.0,1.3877787807814457e-17,1
2030,0,536,claim_severity,0.0178607770540454,0.010605566203594208,0.007255210850451194,1
2030,0,536,provider_complication,0.01465336165219533,0.0031135231256484985,0.01153983852654683,1
2030,0,536,coverage_gap,0.00612877673550552,0.006424345076084137,0.0002955683405786169,1
2030,0,540,age,0.042731755721330894,0.03932119905948639,0.003410556661844505,1
2030,0,540,poor_health,0.07889602643604814,0.0678357258439064,0.011060300592141734,1
2030,0,540,smoking,0.0,0.0,0.0,1
2030,0,540,bmi_risk,0.0321010951758221,0.02549181878566742,0.006609276390154684,1
2030,0,540,nonadherence,0.010882351668125956,0.007513061165809631,0.0033692905023163244,1
2030,0,540,claim_rate,0.05155553593990525,0.045884571969509125,0.005670963970396126,1
2030,0,540,claim_severity,0.06328315505982024,0.04818607121706009,0.01509708384276015,1
2030,0,540,provider_complication,0.042558185557168865,0.01269085705280304,0.029867328504365825,1
2030,0,540,coverage_gap,0.020368062810355275,0.025742143392562866,0.005374080582207591,1
2030,0,552,age,0.04668745336615111,0.04669445753097534,7.004164824228609e-06,1
2030,0,552,poor_health,0.03527145341164703,0.03134427219629288,0.003927181215354153,1
2030,0,552,smoking,1.3877787807814457e-17,0.0,1.3877787807814457e-17,1
2030,0,552,bmi_risk,0.012465979153010606,0.011105157434940338,0.001360821718070268,1
2030,0,552,nonadherence,0.02609106913715875,0.01799652725458145,0.0080945418825773,1
2030,0,552,claim_rate,0.013513687408399283,0.012002900242805481,0.001510787165593802,1
2030,0,552,claim_severity,0.01451538583206094,0.011442810297012329,0.0030725755350486106,1
2030,0,552,provider_complication,0.0304301221115095,0.0095834881067276,0.0208466340047819,1
2030,0,552,coverage_gap,0.03398806710072236,0.0428888201713562,0.008900753070633843,1
2030,0,557,age,0.10703883214362245,0.08562678471207619,0.02141204743154626,1
2030,0,557,poor_health,0.025003681108890452,0.018612459301948547,0.006391221806941905,1
2030,0,557,smoking,-2.7755575615628914e-17,0.0,2.7755575615628914e-17,1
2030,0,557,bmi_risk,0.003906166612711759,0.003263428807258606,0.000642737805453153,1
2030,0,557,nonadherence,0.053512936955630586,0.03407374024391174,0.019439196711718842,1
2030,0,557,claim_rate,0.017848627527267347,0.01412472128868103,0.0037239062385863164,1
2030,0,557,claim_severity,0.020273827374996223,0.013577252626419067,0.006696574748577155,1
2030,0,557,provider_complication,0.03439356575434707,0.009463414549827576,0.024930151204519496,1
2030,0,557,coverage_gap,0.024736624076640623,0.0249115452170372,0.0001749211403965778,1
2030,0,558,age,0.08897471046485854,0.0847499743103981,0.004224736154460437,1
2030,0,558,poor_health,0.09322773406563678,0.08599343150854111,0.007234302557095673,1
2030,0,558,smoking,0.0,0.0,0.0,1
2030,0,558,bmi_risk,0.004949603178589723,0.004286870360374451,0.0006627328182152725,1
2030,0,558,nonadherence,0.02133099854124232,0.01607273519039154,0.005258263350850778,1
2030,0,558,claim_rate,0.0,0.0,0.0,1
2030,0,558,claim_severity,0.057204756868633466,0.04579654335975647,0.011408213508876996,1
2030,0,558,provider_complication,0.010367701893799375,0.0023169517517089844,0.00805075014209039,1
2030,0,558,coverage_gap,0.049978906085064,0.05709351599216461,0.007114609907100611,1
2030,0,560,age,0.11739009893972932,0.09975384175777435,0.017636257181954967,1
2030,0,560,poor_health,0.08574827097812354,0.06301192939281464,0.022736341585308906,1
2030,0,560,smoking,0.0,0.0,0.0,1
2030,0,560,bmi_risk,0.10737085016910666,0.09089022874832153,0.01648062142078513,1
2030,0,560,nonadherence,0.01829042690324334,0.012656137347221375,0.005634289556021965,1
2030,0,560,claim_rate,0.024145338331849703,0.02201944589614868,0.002125892435701021,1
2030,0,560,claim_severity,0.03936930420766513,0.024964913725852966,0.014404390481812163,1
2030,0,560,provider_complication,0.05149558804042986,0.01223301887512207,0.03926256916530779,1
2030,0,560,coverage_gap,0.057866165282755594,0.05979858338832855,0.0019324181055729583,1
2030,0,562,age,0.09761254102816827,0.10558812320232391,0.007975582174155643,1
2030,0,562,poor_health,0.09671497832032976,0.09847483038902283,0.0017598520686930713,1
2030,0,562,smoking,-2.7755575615628914e-17,0.0,2.7755575615628914e-17,1
2030,0,562,bmi_risk,0.04155135809148475,0.0436263382434845,0.00207498015199975,1
2030,0,562,nonadherence,0.015812847298645932,0.014337554574012756,0.001475292724633176,1
2030,0,562,claim_rate,0.040635948536984906,0.04575267434120178,0.005116725804216876,1
2030,0,562,claim_severity,0.08709703832764021,0.07106278836727142,0.016034249960368785,1
2030,0,562,provider_complication,0.020469262867242793,0.004053637385368347,0.016415625481874446,1
2030,0,562,coverage_gap,0.00340354822401312,0.004662156105041504,0.001258607881028384,1
2030,0,564,age,0.04028008668470718,0.041488613933324814,0.0012085272486176343,1
2030,0,564,poor_health,0.02996362852579703,0.02849532663822174,0.0014683018875752893,1
2030,0,564,smoking,1.3877787807814457e-17,0.0,1.3877787807814457e-17,1
2030,0,564,bmi_risk,0.015310380437861482,0.01427992433309555,0.001030456104765931,1
2030,0,564,nonadherence,0.014986003337609882,0.010767050087451935,0.004218953250157947,1
2030,0,564,claim_rate,1.3877787807814457e-17,0.0,1.3877787807814457e-17,1
2030,0,564,claim_severity,0.002993264171557819,0.0023210644721984863,0.0006721996993593327,1
2030,0,564,provider_complication,0.005351187690644396,0.0013515353202819824,0.003999652370362414,1
2030,0,564,coverage_gap,0.010225295260019446,0.013771794736385345,0.0035464994763658997,1
2030,0,566,age,0.0933783994119046,0.06739303469657898,0.025985364715325615,1
2030,0,566,poor_health,0.051364306779898616,0.036450520157814026,0.01491378662208459,1
2030,0,566,smoking,0.0,0.0,0.0,1
2030,0,566,bmi_risk,0.03545696935447512,0.026271536946296692,0.009185432408178429,1
2030,0,566,nonadherence,0.03690996525540127,0.019404858350753784,0.01750510690464749,1
2030,0,566,claim_rate,0.04191013237205904,0.03066590428352356,0.01124422808853548,1
2030,0,566,claim_severity,0.039143290546018866,0.02189818024635315,0.017245110299665717,1
2030,0,566,provider_complication,0.0581490742253081,0.011082082986831665,0.047066991238476436,1
2030,0,566,coverage_gap,0.059296266655602003,0.055788494646549225,0.0035077720090527786,1
2030,0,568,age,0.06444536653577584,0.07363490760326385,0.00918954106748801,1
2030,0,568,poor_health,0.08168242558617526,0.09164261072874069,0.009960185142565428,1
2030,0,568,smoking,2.7755575615628914e-17,0.0,2.7755575615628914e-17,1
2030,0,568,bmi_risk,0.0435272566716174,0.046145498752593994,0.0026182420809765933,1
2030,0,568,nonadherence,0.0257552721182204,0.023724690079689026,0.0020305820385313755,1
2030,0,568,claim_rate,2.7755575615628914e-17,0.0,2.7755575615628914e-17,1
2030,0,568,claim_severity,0.04179801520196934,0.042437419295310974,0.0006394040933416362,1
2030,0,568,provider_complication,0.014901484590049002,0.0052457451820373535,0.009655739408011649,1
2030,0,568,coverage_gap,0.03140277286164811,0.04871384799480438,0.017311075133156273,1
2030,0,572,age,0.06269427080516445,0.0523524209856987,0.010341849819465745,1
2030,0,572,poor_health,0.07044789328280096,0.05340678244829178,0.017041110834509182,1
2030,0,572,smoking,0.0,0.0,0.0,1
2030,0,572,bmi_risk,0.03173797113648555,0.022609815001487732,0.009128156134997817,1
2030,0,572,nonadherence,0.0363328738540829,0.021702304482460022,0.014630569371622881,1
2030,0,572,claim_rate,0.0,0.0,0.0,1
2030,0,572,claim_severity,0.026906716466591124,0.018479280173778534,0.00842743629281259,1
2030,0,572,provider_complication,0.03968302828381215,0.010319709777832031,0.02936331850598012,1
2030,0,572,coverage_gap,0.03543896176855102,0.034231945872306824,0.0012070158962441957,1
2030,0,574,age,0.1880469587051007,0.18535086512565613,0.0026960935794445584,1
2030,0,574,poor_health,0.1937795335136489,0.20896205306053162,0.015182519546882711,1
2030,0,574,smoking,0.20056043726163802,0.21877193450927734,0.01821149724763932,1
2030,0,574,bmi_risk,0.09310993533958717,0.09150713682174683,0.0016027985178403426,1
2030,0,574,nonadherence,0.08123825198808143,0.08877748250961304,0.0075392305215316036,1
2030,0,574,claim_rate,0.0,0.0,0.0,1
2030,0,574,claim_severity,0.18786618857449228,0.13579943776130676,0.052066750813185514,1
2030,0,574,provider_complication,0.012683657089367417,0.0028449296951293945,0.009838727394238023,1
2030,0,574,coverage_gap,0.07080503243574321,0.08412900567054749,0.013323973234804276,1
2030,0,577,age,0.07830403021958812,0.046925127506256104,0.03137890271333202,1
2030,0,577,poor_health,0.11287452937262754,0.06825017184019089,0.044624357532436654,1
2030,0,577,smoking,2.7755575615628914e-17,0.0,2.7755575615628914e-17,1
2030,0,577,bmi_risk,0.06140496522756822,0.03237193822860718,0.029033026998961042,1
2030,0,577,nonadherence,0.0362974967299452,0.01672154664993286,0.01957595008001234,1
2030,0,577,claim_rate,2.7755575615628914e-17,0.0,2.7755575615628914e-17,1
2030,0,577,claim_severity,0.05590314501995855,0.027603015303611755,0.028300129716346795,1
2030,0,577,provider_complication,0.030015773769563797,0.0057985782623291016,0.024217195507234696,1
2030,0,577,coverage_gap,0.020262573995101035,0.015386983752250671,0.004875590242850364,1
2030,0,579,age,0.03877294555269153,0.03509601950645447,0.00367692604623706,1
2030,0,579,poor_health,0.02392847885567828,0.020539656281471252,0.003388822574207029,1
2030,0,579,smoking,1.3877787807814457e-17,0.0,1.3877787807814457e-17,1
2030,0,579,bmi_risk,0.01123479223186373,0.009679734706878662,0.0015550575249850679,1
2030,0,579,nonadherence,0.02485546318456648,0.017483815550804138,0.007371647633762343,1
2030,0,579,claim_rate,0.010843048556299001,0.009437598288059235,0.0014054502682397663,1
2030,0,579,claim_severity,0.009820506024365128,0.006626732647418976,0.003193773376946152,1
2030,0,579,provider_complication,0.005857910660716892,0.0013644546270370483,0.0044934560336798435,1
2030,0,579,coverage_gap,0.015478270049905027,0.01789439469575882,0.0024161246458537927,1
2030,0,580,age,0.1644000242122292,0.15980952978134155,0.004590494430887659,1
2030,0,580,poor_health,0.1617199763721861,0.1578095257282257,0.003910450643960395,1
2030,0,580,smoking,0.20132851122919854,0.20953819155693054,0.008209680327732005,1
2030,0,580,bmi_risk,0.07864803965589862,0.07677954435348511,0.0018684953024135087,1
2030,0,580,nonadherence,0.0479682724461486,0.056942373514175415,0.008974101068026819,1
2030,0,580,claim_rate,0.032471637601190484,0.03565838932991028,0.0031867517287197944,1
2030,0,580,claim_severity,0.15183860607925598,0.11871737241744995,0.03312123366180603,1
2030,0,580,provider_complication,0.06138756469844264,0.014813661575317383,0.04657390312312526,1
2030,0,580,coverage_gap,0.09952936004178337,0.11211574077606201,0.012586380734278646,1
2030,0,596,age,0.05354406480517236,0.056109026074409485,0.002564961269237123,1
2030,0,596,poor_health,0.04141557636223281,0.03888804465532303,0.0025275317069097802,1
2030,0,596,smoking,0.0,0.0,0.0,1
2030,0,596,bmi_risk,0.021800750005058808,0.020399965345859528,0.0014007846591992806,1
2030,0,596,nonadherence,0.02311771265828841,0.016401685774326324,0.006716026883962084,1
2030,0,596,claim_rate,0.0,0.0,0.0,1
2030,0,596,claim_severity,0.028905000076781553,0.023930437862873077,0.004974562213908476,1
2030,0,596,provider_complication,0.017782608894418003,0.005952313542366028,0.011830295352051975,1
2030,0,596,coverage_gap,0.02714966715936383,0.0352993905544281,0.00814972339506427,1
2031,0,1,age,0.07281862900118871,0.054312288761138916,0.018506340240049796,1
2031,0,1,poor_health,0.07444212467552778,0.058245666325092316,0.01619645835043547,1
2031,0,1,smoking,0.0,0.0,0.0,1
2031,0,1,bmi_risk,0.03457324949578147,0.027457624673843384,0.007115624821938088,1
2031,0,1,nonadherence,0.040858799962401326,0.029648229479789734,0.011210570482611593,1
2031,0,1,claim_rate,0.0,0.0,0.0,1
2031,0,1,claim_severity,0.029881828973385455,0.014656811952590942,0.015225017020794512,1
2031,0,1,provider_complication,0.016802852058400597,0.0019476860761642456,0.014855165982236351,1
2031,0,1,coverage_gap,0.023325146712356665,0.017054051160812378,0.006271095551544287,1
2031,0,9,age,0.00961513665507576,0.008367285132408142,0.0012478515226676187,1
2031,0,9,poor_health,0.01420872344198934,0.012744493782520294,0.0014642296594690463,1
2031,0,9,smoking,-6.938893903907228e-18,0.0,6.938893903907228e-18,1
2031,0,9,bmi_risk,0.003177235666497656,0.0025500282645225525,0.0006272074019751037,1
2031,0,9,nonadherence,0.00952468800286508,0.00761055201292038,0.0019141359899447,1
2031,0,9,claim_rate,-6.938893903907228e-18,0.0,6.938893903907228e-18,1
2031,0,9,claim_severity,0.014104755600631867,0.010154232382774353,0.003950523217857514,1
2031,0,9,provider_complication,0.0034665441735322877,0.0009042620658874512,0.0025622821076448365,1
2031,0,9,coverage_gap,0.014235514385425675,0.0156523659825325,0.001416851597106826,1
2031,0,11,age,0.12928891275754772,0.12465409934520721,0.0046348134123405105,1
2031,0,11,poor_health,0.1729970944539636,0.1613188534975052,0.011678240956458419,1
2031,0,11,smoking,0.0,0.0,0.0,1
2031,0,11,bmi_risk,0.046145039986479564,0.04842081665992737,0.0022757766734478047,1
2031,0,11,nonadherence,0.016709581155456787,0.015663594007492065,0.001045987147964722,1
2031,0,11,claim_rate,0.026230800440316393,0.02405652403831482,0.0021742764020015737,1
2031,0,11,claim_severity,0.11885647837771571,0.0771031379699707,0.041753340407745004,1
2031,0,11,provider_complication,0.052224298317216034,0.009057313203811646,0.04316698511340439,1
2031,0,11,coverage_gap,0.016502807079040727,0.017738789319992065,0.0012359822409513388,1
2031,0,16,age,0.0,0.0,0.0,1
2031,0,16,poor_health,0.06002474529212841,0.03928554803133011,0.0207391972607983,1
2031,0,16,smoking,0.0,0.0,0.0,1
2031,0,16,bmi_risk,0.03349594980213985,0.019413664937019348,0.014082284865120503,1
2031,0,16,nonadherence,0.033423725175908955,0.018433213233947754,0.014990511941961202,1
2031,0,16,claim_rate,0.014640625581003958,0.009495571255683899,0.005145054325320059,1
2031,0,16,claim_severity,0.03376776755052982,0.017122142016887665,0.016645625533642155,1
2031,0,16,provider_complication,0.03417497644537071,0.006557345390319824,0.027617631055050884,1
2031,0,16,coverage_gap,0.025695737291102805,0.01936659961938858,0.0063291376717142245,1
2031,0,22,age,-2.7755575615628914e-17,0.0,2.7755575615628914e-17,1
2031,0,22,poor_health,0.1470010088686775,0.14834952354431152,0.001348514675634016,1
2031,0,22,smoking,-2.7755575615628914e-17,0.0,2.7755575615628914e-17,1
2031,0,22,bmi_risk,0.03509493025964602,0.04375554621219635,0.008660615952550327,1
2031,0,22,nonadherence,0.030753586411482264,0.028436079621315002,0.002317506790167262,1
2031,0,22,claim_rate,0.06574602062439408,0.08180409669876099,0.016058076074366906,1
2031,0,22,claim_severity,0.10032220388698948,0.08062492311000824,0.01969728077698124,1
2031,0,22,provider_complication,0.025319255286914255,0.004903197288513184,0.02041605799840107,1
2031,0,22,coverage_gap,0.07033281121066975,0.09320729970932007,0.022874488498650314,1
2031,0,28,age,0.0194153268505729,0.01615624874830246,0.0032590781022704407,1
2031,0,28,poor_health,0.010178036025795853,0.00792800635099411,0.002250029674801743,1
2031,0,28,smoking,1.3877787807814457e-17,0.0,1.3877787807814457e-17,1
2031,0,28,bmi_risk,0.01054371414426726,0.0077125877141952515,0.002831126430072009,1
2031,0,28,nonadherence,0.010888325891459695,0.007952265441417694,0.002936060450042001,1
2031,0,28,claim_rate,0.00791415367574231,0.006095200777053833,0.0018189528986884765,1
2031,0,28,claim_severity,0.006838511098146385,0.0042127519845962524,0.002625759113550133,1
2031,0,28,provider_complication,0.01632733364457538,0.003704540431499481,0.012622793213075897,1
2031,0,28,coverage_gap,0.0034230277386849833,0.003079913556575775,0.0003431141821092082,1
2031,0,29,age,0.11142120641692976,0.07736469805240631,0.03405650836452345,1
2031,0,29,poor_health,0.06996496281267939,0.05694356560707092,0.013021397205608465,1
2031,0,29,smoking,2.7755575615628914e-17,0.0,2.7755575615628914e-17,1
2031,0,29,bmi_risk,0.048401466362840595,0.03862258791923523,0.009778878443605366,1
2031,0,29,nonadherence,0.02767282844790886,0.01887163519859314,0.00880119324931572,1
2031,0,29,claim_rate,2.7755575615628914e-17,0.0,2.7755575615628914e-17,1
2031,0,29,claim_severity,0.013369750077939946,0.005721718072891235,0.0076480320050487105,1
2031,0,29,provider_complication,0.044181646790243584,0.004243910312652588,0.039937736477590996,1
2031,0,29,coverage_gap,0.036345521465707686,0.027142390608787537,0.00920313085692015,1
2031,0,33,age,0.0350088681846322,0.020941324532032013,0.014067543652600184,1
2031,0,33,poor_health,0.021059607508657,0.012779884040355682,0.008279723468301317,1
2031,0,33,smoking,-1.3877787807814457e-17,0.0,1.3877787807814457e-17,1
2031,0,33,bmi_risk,0.01686590604766515,0.009703367948532104,0.007162538099133045,1
2031,0,33,nonadherence,0.029788170447321682,0.016858115792274475,0.012930054655047207,1
2031,0,33,claim_rate,-1.3877787807814457e-17,0.0,1.3877787807814457e-17,1
2031,0,33,claim_severity,0.0003666081421409978,0.00015904754400253296,0.00020756059813846484,1
2031,0,33,provider_complication,0.02214179870251011,0.002809680998325348,0.019332117704184762,1
2031,0,33,coverage_gap,0.02663781796805681,0.018575519323349,0.00806229864470781,1
2031,0,36,age,0.06660352351818272,0.04527319222688675,0.021330331291295967,1
2031,0,36,poor_health,0.052758406042580586,0.035875268280506134,0.01688313776207445,1
2031,0,36,smoking,0.0,0.0,0.0,1
2031,0,36,bmi_risk,0.02130945529068927,0.014765664935112,0.00654379035557727,1
2031,0,36,nonadherence,0.02276338636975378,0.013861916959285736,0.008901469410468044,1
2031,0,36,claim_rate,0.0,0.0,0.0,1
2031,0,36,claim_severity,0.009939229257368926,0.004922598600387573,0.005016630656981352,1
2031,0,36,provider_complication,0.015057326906542878,0.0020296797156333923,0.013027647190909486,1
2031,0,36,coverage_gap,0.008880685049836662,0.0065774694085121155,0.0023032156413245464,1
2031,0,37,age,0.10132266886450003,0.1044912338256836,0.003168564961183562,1
2031,0,37,poor_health,0.17267681285020287,0.18109433352947235,0.008417520679269486,1
2031,0,37,smoking,0.15829493002871625,0.17572644352912903,0.017431513500412776,1
2031,0,37,bmi_risk,0.014438525598635565,0.01655939221382141,0.0021208666151858457,1
2031,0,37,nonadherence,0.054621958079112076,0.057529598474502563,0.0029076403953904872,1
2031,0,37,claim_rate,0.0,0.0,0.0,1
2031,0,37,claim_severity,0.12313352039527112,0.08646094799041748,0.03667257240485364,1
2031,0,37,provider_complication,0.03079658958847481,0.0052145421504974365,0.025582047437977373,1
2031,0,37,coverage_gap,0.015256381954667941,0.01601347327232361,0.0007570913176556671,1
2031,0,40,age,0.0,0.0,0.0,1
2031,0,40,poor_health,0.06587518690817051,0.07031343877315521,0.004438251864984699,1
2031,0,40,smoking,0.08352871972649707,0.09647596627473831,0.01294724654824124,1
2031,0,40,bmi_risk,0.00877332836517275,0.009901806712150574,0.0011284783469778237,1
2031,0,40,nonadherence,0.031701650247978275,0.03476928174495697,0.0030676314969786955,1
2031,0,40,claim_rate,0.016496092230857268,0.018098175525665283,0.0016020832948080155,1
2031,0,40,claim_severity,0.05614023066112499,0.04687093198299408,0.009269298678130908,1
2031,0,40,provider_complication,0.00631180669798731,0.0014131814241409302,0.00489862527384638,1
2031,0,40,coverage_gap,0.012627768107922682,0.01619720458984375,0.0035694364819210678,1
2031,0,46,age,0.0394709787757791,0.03363874554634094,0.005832233229438155,1
2031,0,46,poor_health,0.10725009504355527,0.09519759565591812,0.012052499387637153,1
2031,0,46,smoking,0.0,0.0,0.0,1
2031,0,46,bmi_risk,0.0942938669828155,0.08959151059389114,0.004702356388924356,1
2031,0,46,nonadherence,0.045312266258527106,0.040801167488098145,0.004511098770428962,1
2031,0,46,claim_rate,0.04239619570279754,0.045228466391563416,0.0028322706887658755,1
2031,0,46,claim_severity,0.06184348270332732,0.03588242828845978,0.02596105441486754,1
2031,0,46,provider_complication,0.005601631127687023,0.0005349963903427124,0.005066634737344311,1
2031,0,46,coverage_gap,0.022149653529825925,0.02186870574951172,0.00028094778031420575,1
2031,0,53,age,0.059926920117983826,0.04457522928714752,0.015351690830836304,1
2031,0,53,poor_health,0.04990179894443453,0.037475116550922394,0.012426682393512134,1
2031,0,53,smoking,2.7755575615628914e-17,0.0,2.7755575615628914e-17,1
2031,0,53,bmi_risk,0.021166869327897048,0.016035109758377075,0.0051317595695199725,1
2031,0,53,nonadherence,0.00879279775155345,0.0056562721729278564,0.003136525578625593,1
2031,0,53,claim_rate,0.014353614443426699,0.011236488819122314,0.0031171256243043843,1
2031,0,53,claim_severity,0.022322684050465502,0.013875789940357208,0.008446894110108294,1
2031,0,53,provider_complication,0.021182481879933213,0.0037300139665603638,0.01745246791337285,1
2031,0,53,coverage_gap,0.03175702165972134,0.027576714754104614,0.004180306905616729,1
2031,0,66,age,0.06881371629424854,0.05659100413322449,0.012222712161024052,1
2031,0,66,poor_health,0.056345582935085764,0.051881372928619385,0.004464210006466379,1
2031,0,66,smoking,0.1350294475411009,0.12146669626235962,0.013562751278741292,1
2031,0,66,bmi_risk,0.08344670922974279,0.07519987225532532,0.00824683697441747,1
2031,0,66,nonadherence,0.029095510338868785,0.024243295192718506,0.004852215146150279,1
2031,0,66,claim_rate,0.02507769520135114,0.02228054404258728,0.002797151158763861,1
2031,0,66,claim_severity,0.06765058565152679,0.0435849130153656,0.02406567263616119,1
2031,0,66,provider_complication,0.037322449453241785,0.005276605486869812,0.03204584396637197,1
2031,0,66,coverage_gap,0.02866866086324793,0.029622405767440796,0.0009537449041928658,1
2031,0,70,age,0.013863690451691377,0.010402239859104156,0.00346145059258722,1
2031,0,70,poor_health,0.04762798544338468,0.039962053298950195,0.0076659321444344855,1
2031,0,70,smoking,1.3877787807814457e-17,0.0,1.3877787807814457e-17,1
2031,0,70,bmi_risk,0.0011393982231233946,0.0007662028074264526,0.0003731954156969419,1
2031,0,70,nonadherence,0.005305059882068475,0.0035960152745246887,0.001709044607543786,1
2031,0,70,claim_rate,0.010092650234460696,0.007748350501060486,0.0023442997334002097,1
2031,0,70,claim_severity,0.0314091818182636,0.018728189170360565,0.012680992647903032,1
2031,0,70,provider_complication,0.011003571322508982,0.002063572406768799,0.008939998915740183,1
2031,0,70,coverage_gap,0.006662584998318649,0.0059504434466362,0.0007121415516824492,1
2031,0,82,age,0.13850416020341602,0.13968239724636078,0.0011782370429447575,1
2031,0,82,poor_health,0.07364441075880424,0.08071011304855347,0.007065702289749232,1
2031,0,82,smoking,0.16338263213182913,0.18046410381793976,0.017081471686110627,1
2031,0,82,bmi_risk,0.139814018011213,0.15841113030910492,0.018597112297891932,1
2031,0,82,nonadherence,0.007527162936937504,0.007775306701660156,0.00024814376472265254,1
2031,0,82,claim_rate,0.02902874860319221,0.030911564826965332,0.0018828162237731205,1
2031,0,82,claim_severity,0.10352893296281676,0.07974597811698914,0.023782954845827625,1
2031,0,82,provider_complication,0.03151197172697501,0.005700111389160156,0.02581186033781485,1
2031,0,82,coverage_gap,0.024188000790666853,0.03052845597267151,0.006340455182004656,1
2031,0,84,age,0.07192381021364967,0.05332300812005997,0.018600802093589705,1
2031,0,84,poor_health,0.05439178016021673,0.04231450706720352,0.012077273093013208,1
2031,0,84,smoking,2.7755575615628914e-17,0.0,2.7755575615628914e-17,1
2031,0,84,bmi_risk,0.04728030078918011,0.03952331095933914,0.007756989829840966,1
2031,0,84,nonadherence,0.044992632239340996,0.02975030243396759,0.015242329805373406,1
2031,0,84,claim_rate,2.7755575615628914e-17,0.0,2.7755575615628914e-17,1
2031,0,84,claim_severity,0.02667864729215505,0.01701320707798004,0.009665440214175008,1
2031,0,84,provider_complication,0.01960812989895741,0.0030587464570999146,0.016549383441857496,1
2031,0,84,coverage_gap,0.05227823103773896,0.048883773386478424,0.003394457651260535,1
2031,0,85,age,0.055036519752550236,0.04313056915998459,0.011905950592565648,1
2031,0,85,poor_health,0.0752236177657157,0.0584816113114357,0.016742006454280006,1
2031,0,85,smoking,0.0,0.0,0.0,1
2031,0,85,bmi_risk,0.03525389682069713,0.027237839996814728,0.0080160568238824,1
2031,0,85,nonadherence,0.030661976518846334,0.023304134607315063,0.007357841911531271,1
2031,0,85,claim_rate,0.01648387469804566,0.012804776430130005,0.0036790982679156536,1
2031,0,85,claim_severity,0.02724766740049933,0.013981223106384277,0.013266444294115054,1
2031,0,85,provider_complication,0.02439987649067038,0.002993345260620117,0.021406531230050263,1
2031,0,85,coverage_gap,0.01464721398374294,0.010842561721801758,0.0038046522619411827,1
2031,0,86,age,0.049332311809893115,0.04109057039022446,0.008241741419668658,1
2031,0,86,poor_health,0.019748533432910997,0.015443302690982819,0.004305230741928179,1
2031,0,86,smoking,2.7755575615628914e-17,0.0,2.7755575615628914e-17,1
2031,0,86,bmi_risk,0.008468627818238067,0.006148137152194977,0.00232049066604309,1
2031,0,86,nonadherence,0.011828497675233599,0.00801268219947815,0.003815815475755449,1
2031,0,86,claim_rate,0.01035416549199257,0.007660679519176483,0.002693485972816087,1
2031,0,86,claim_severity,0.018386311838775635,0.011251695454120636,0.007134616384654999,1
2031,0,86,provider_complication,0.0042593374007159485,0.00090036541223526,0.0033589719884806885,1
2031,0,86,coverage_gap,0.011911473215103122,0.01090238243341446,0.0010090907816886624,1
2031,0,88,age,0.03814111059577331,0.02483075112104416,0.013310359474729153,1
2031,0,88,poor_health,0.04667421262960322,0.03144353628158569,0.01523067634801753,1
2031,0,88,smoking,0.0,0.0,0.0,1
2031,0,88,bmi_risk,0.028751201348932512,0.017961032688617706,0.010790168660314806,1
2031,0,88,nonadherence,0.009083229494606146,0.004716955125331879,0.004366274369274267,1
2031,0,88,claim_rate,0.0,0.0,0.0,1
2031,0,88,claim_severity,0.014083678788730125,0.00768791139125824,0.006395767397471885,1
2031,0,88,provider_complication,0.024279491065287248,0.0046880170702934265,0.01959147399499382,1
2031,0,88,coverage_gap,0.03009400159174519,0.02305653691291809,0.007037464678827099,1
2031,0,92,age,0.1066315109077614,0.11872336268424988,0.012091851776488471,1
2031,0,92,poor_health,0.18130760436754548,0.19673599302768707,0.015428388660141595,1
2031,0,92,smoking,-5.551115123125783e-17,0.0,5.551115123125783e-17,1
2031,0,92,bmi_risk,0.07928572108073217,0.08639460802078247,0.007108886940050296,1
2031,0,92,nonadherence,0.05314341698038222,0.04948908090591431,0.003654336074467912,1
2031,0,92,claim_rate,0.08771377098649452,0.10065513849258423,0.012941367506089707,1
2031,0,92,claim_severity,0.12010582102926537,0.08641102910041809,0.03369479192884728,1
2031,0,92,provider_complication,0.06555638000131497,0.01053360104560852,0.05502277895570645,1
2031,0,92,coverage_gap,0.10499735264853977,0.11760643124580383,0.012609078597264067,1
2031,0,96,age,0.053033286199781204,0.04300291836261749,0.010030367837163712,1
2031,0,96,poor_health,0.04870471450174657,0.03805994242429733,0.010644772077449238,1
2031,0,96,smoking,0.0,0.0,0.0,1
2031,0,96,bmi_risk,0.010539691430863404,0.008033931255340576,0.002505760175522828,1
2031,0,96,nonadherence,0.027239798509077387,0.018360644578933716,0.008879153930143671,1
2031,0,96,claim_rate,0.0,0.0,0.0,1
2031,0,96,claim_severity,0.04019305232119677,0.026703856885433197,0.013489195435763573,1
2031,0,96,provider_complication,0.0069077328565891605,0.0014416426420211792,0.005466090214567981,1
2031,0,96,coverage_gap,0.0220700317363431,0.01988140493631363,0.0021886268000294723,1
2031,0,106,age,0.10698877594159023,0.10583534836769104,0.0011534275738991906,1
2031,0,106,poor_health,0.09970742986492981,0.10265615582466125,0.0029487259597314464,1
2031,0,106,smoking,0.19293721707134354,0.2064816653728485,0.013544448301504974,1
2031,0,106,bmi_risk,0.04546421351703983,0.04973280429840088,0.004268590781361048,1
2031,0,106,nonadherence,0.08084004833699798,0.07006090879440308,0.010779139542594907,1
2031,0,106,claim_rate,0.09416831999813824,0.08925634622573853,0.004911973772399714,1
2031,0,106,claim_severity,0.1703808190058419,0.12329795956611633,0.047082859439725566,1
2031,0,106,provider_complication,0.06990560299164683,0.012331485748291016,0.057574117243355816,1
2031,0,106,coverage_gap,0.07377125828431425,0.08242720365524292,0.008655945370928675,1
2031,0,116,age,0.023700031028659682,0.014977328479290009,0.008722702549369674,1
2031,0,116,poor_health,0.032082311900794844,0.021224237978458405,0.01085807392233644,1
2031,0,116,smoking,0.0,0.0,0.0,1
2031,0,116,bmi_risk,0.01572439454560863,0.009302839636802673,0.006421554908805957,1
2031,0,116,nonadherence,0.008188360270703118,0.0047354623675346375,0.003452897903168481,1
2031,0,116,claim_rate,0.011011692261758813,0.007109597325325012,0.0039020949364338003,1
2031,0,116,claim_severity,0.026893165227020607,0.013313263654708862,0.013579901572311745,1
2031,0,116,provider_complication,0.012006775303236822,0.002296537160873413,0.009710238142363409,1
2031,0,116,coverage_gap,0.006002029775328099,0.004726223647594452,0.0012758061277336474,1
2031,0,117,age,0.1750766368760437,0.18742063641548157,0.012343999539437878,1
2031,0,117,poor_health,0.08702565839233728,0.10086265206336975,0.013836993671032471,1
2031,0,117,smoking,0.18327837870187938,0.2216310352087021,0.03835265650682271,1
2031,0,117,bmi_risk,0.07688516514020083,0.08780762553215027,0.01092246039194944,1
2031,0,117,nonadherence,0.07416726639307131,0.07658690214157104,0.0024196357484997377,1
2031,0,117,claim_rate,0.0,0.0,0.0,1
2031,0,117,claim_severity,0.13810793757903372,0.09973695874214172,0.038370978836892,1
2031,0,117,provider_complication,0.005855783231717093,0.0010674893856048584,0.004788293846112235,1
2031,0,117,coverage_gap,0.0881004932623129,0.10114941000938416,0.01304891674707126,1
2031,0,121,age,0.0627148829585482,0.05904120206832886,0.0036736808902193413,1
2031,0,121,poor_health,0.0832243567024816,0.07540733367204666,0.007817023030434939,1
2031,0,121,smoking,0.0,0.0,0.0,1
2031,0,121,bmi_risk,0.012663961903800314,0.013997092843055725,0.0013331309392554114,1
2031,0,121,nonadherence,0.019389769986233513,0.013413608074188232,0.00597616191204528,1
2031,0,121,claim_rate,0.018403504093688655,0.01775267720222473,0.0006508268914639237,1
2031,0,121,claim_severity,0.0654043358625911,0.045318931341171265,0.02008540452141984,1
2031,0,121,provider_complication,0.0060855451973066965,0.0010268539190292358,0.005058691278277461,1
2031,0,121,coverage_gap,0.06091404435130622,0.06867507100105286,0.007761026649746636,1
2031,0,135,age,0.06489236642937701,0.06045171618461609,0.004440650244760924,1
2031,0,135,poor_health,0.03291696026406099,0.0360388457775116,0.0031218855134506063,1
2031,0,135,smoking,0.15400876906196836,0.1487463265657425,0.005262442496225872,1
2031,0,135,bmi_risk,0.10828722585401512,0.101284459233284,0.007002766620731127,1
2031,0,135,nonadherence,0.0668366868777675,0.05115380883216858,0.015682878045598925,1
2031,0,135,claim_rate,0.07901294726365787,0.06860989332199097,0.010403053941666907,1
2031,0,135,claim_severity,0.1240339745151931,0.08386640250682831,0.040167572008364794,1
2031,0,135,provider_complication,0.008828363241831616,0.0015247464179992676,0.0073036168238323484,1
2031,0,135,coverage_gap,0.016761008216035767,0.01825183629989624,0.0014908280838604737,1
2031,0,141,age,0.16168202175460644,0.14770227670669556,0.013979745047910885,1
2031,0,141,poor_health,0.17954215363377307,0.18008670210838318,0.000544548474610107,1
2031,0,141,smoking,0.20588031267123807,0.18496456742286682,0.020915745248371254,1
2031,0,141,bmi_risk,0.11437784012567404,0.0980452299118042,0.016332610213869836,1
2031,0,141,nonadherence,0.13018647253654536,0.09706306457519531,0.03312340796135005,1
2031,0,141,claim_rate,0.09716264565502708,0.06726211309432983,0.029900532560697246,1
2031,0,141,claim_severity,0.15283557477094045,0.09081462025642395,0.0620209545145165,1
2031,0,141,provider_complication,0.03170010405699042,0.004854857921600342,0.026845246135390077,1
2031,0,141,coverage_gap,0.022826386512715735,0.023379087448120117,0.0005527009354043821,1
2031,0,154,age,0.06308740951083233,0.04602699726819992,0.01706041224263241,1
2031,0,154,poor_health,0.03134093826657537,0.022793881595134735,0.008547056671440637,1
2031,0,154,smoking,1.3877787807814457e-17,0.0,1.3877787807814457e-17,1
2031,0,154,bmi_risk,0.013586045395698076,0.009644128382205963,0.003941917013492113,1
2031,0,154,nonadherence,0.01383936363930266,0.00819975882768631,0.00563960481161635,1
2031,0,154,claim_rate,1.3877787807814457e-17,0.0,1.3877787807814457e-17,1
2031,0,154,claim_severity,1.3877787807814457e-17,0.0,1.3877787807814457e-17,1
2031,0,154,provider_complication,0.028379333694982092,0.004802815616130829,0.023576518078851263,1
2031,0,154,coverage_gap,0.01905528277452502,0.01631323993206024,0.0027420428424647786,1
2031,0,156,age,0.039226006756398105,0.02880767732858658,0.010418329427811526,1
2031,0,156,poor_health,0.038309743298507365,0.027917347848415375,0.01039239545009199,1
2031,0,156,smoking,2.7755575615628914e-17,0.0,2.7755575615628914e-17,1
2031,0,156,bmi_risk,0.016009259900456096,0.011976465582847595,0.004032794317608501,1
2031,0,156,nonadherence,0.03231420172504272,0.020598918199539185,0.011715283525503536,1
2031,0,156,claim_rate,2.7755575615628914e-17,0.0,2.7755575615628914e-17,1
2031,0,156,claim_severity,0.022220621740429075,0.01257738471031189,0.009643237030117185,1
2031,0,156,provider_complication,0.024975294959511715,0.004626616835594177,0.020348678123917538,1
2031,0,156,coverage_gap,0.047888312288649884,0.04345592111349106,0.004432391175158826,1
2031,0,162,age,0.07783338927710645,0.06954672932624817,0.008286659950858283,1
2031,0,162,poor_health,0.11399440456708602,0.0966721624135971,0.017322242153488918,1
2031,0,162,smoking,-2.7755575615628914e-17,0.0,2.7755575615628914e-17,1
2031,0,162,bmi_risk,0.03680850054409052,0.037702277302742004,0.0008937767586514878,1
2031,0,162,nonadherence,0.034909311394927395,0.02931329607963562,0.005596015315291775,1
2031,0,162,claim_rate,0.021236289464481167,0.02280201017856598,0.0015657207140848117,1
2031,0,162,claim_severity,0.06836917341375254,0.04104626178741455,0.027322911626337987,1
2031,0,162,provider_complication,0.02743628232929357,0.0021886080503463745,0.025247674278947196,1
2031,0,162,coverage_gap,0.02005366181614676,0.020745456218719482,0.0006917944025727207,1
2031,0,163,age,0.029433013593328936,0.02003815770149231,0.009394855891836626,1
2031,0,163,poor_health,0.036262114020516545,0.026716843247413635,0.00954527077310291,1
2031,0,163,smoking,0.0,0.0,0.0,1
2031,0,163,bmi_risk,0.020917210889655632,0.014174841344356537,0.006742369545299096,1
2031,0,163,nonadherence,0.03148816301277972,0.02048499882221222,0.011003164190567502,1
2031,0,163,claim_rate,0.0,0.0,0.0,1
2031,0,163,claim_severity,0.010021784314875368,0.005040869116783142,0.004980915198092226,1
2031,0,163,provider_complication,0.004342703160469488,0.0006970465183258057,0.0036456566421436826,1
2031,0,163,coverage_gap,0.015771371614715174,0.012790031731128693,0.0029813398835864813,1
2031,0,166,age,0.1635065001438475,0.16695761680603027,0.003451116662182785,1
2031,0,166,poor_health,0.0633643522059768,0.06590428948402405,0.002539937278047244,1
2031,0,166,smoking,0.20178902136492122,0.20470473170280457,0.002915710337883348,1
2031,0,166,bmi_risk,0.09009722133528514,0.0891467034816742,0.0009505178536109438,1
2031,0,166,nonadherence,0.1377728850562081,0.11655178666114807,0.021221098395060034,1
2031,0,166,claim_rate,0.09655097243079896,0.07352817058563232,0.02302280184516664,1
2031,0,166,claim_severity,0.14639432915199424,0.09805843234062195,0.04833589681137229,1
2031,0,166,provider_complication,0.04678425225958077,0.008605241775512695,0.03817901048406808,1
2031,0,166,coverage_gap,0.07733164720661845,0.08355560898780823,0.00622396178118978,1
2031,0,167,age,0.06605037019258694,0.07765057682991028,0.011600206637323335,1
2031,0,167,poor_health,0.09217709443107605,0.11651092767715454,0.02433383324607849,1
2031,0,167,smoking,0.1384558487826286,0.18877899646759033,0.05032314768496174,1
2031,0,167,bmi_risk,0.07403705993007795,0.09798100590705872,0.02394394597698077,1
2031,0,167,nonadherence,0.01452189834752271,0.01702934503555298,0.002507446688030268,1
2031,0,167,claim_rate,0.04961560643428378,0.06172478199005127,0.012109175555767487,1
2031,0,167,claim_severity,0.0984926740335306,0.0923377275466919,0.006154946486838703,1
2031,0,167,provider_complication,0.004942622864766266,0.0009923279285430908,0.003950294936223175,1
2031,0,167,coverage_gap,0.059824182127667935,0.08841222524642944,0.028588043118761508,1
2031,0,168,age,0.010138896715927367,0.008109524846076965,0.002029371869850402,1
2031,0,168,poor_health,0.004372924589566458,0.00371599942445755,0.0006569251651089084,1
2031,0,168,smoking,1.3877787807814457e-17,0.0,1.3877787807814457e-17,1
2031,0,168,bmi_risk,0.012005650176285049,0.009939789772033691,0.0020658604042513573,1
2031,0,168,nonadherence,0.004767404558147212,0.003648333251476288,0.001119071306670924,1
2031,0,168,claim_rate,1.3877787807814457e-17,0.0,1.3877787807814457e-17,1
2031,0,168,claim_severity,1.3877787807814457e-17,0.0,1.3877787807814457e-17,1
2031,0,168,provider_complication,0.009603567080618006,0.0017403364181518555,0.00786323066246615,1
2031,0,168,coverage_gap,0.01820014586719986,0.018841445446014404,0.0006412995788145429,1
2031,0,172,age,0.10200448613229797,0.09065389633178711,0.01135058980051086,1
2031,0,172,poor_health,0.059081359026701225,0.05652850866317749,0.0025528503635237343,1
2031,0,172,smoking,0.0,0.0,0.0,1
2031,0,172,bmi_risk,0.0582854777442508,0.05797646939754486,0.00030900834670594124,1
2031,0,172,nonadherence,0.04701921411052637,0.03992252051830292,0.007096693592223452,1
2031,0,172,claim_rate,0.0,0.0,0.0,1
2031,0,172,claim_severity,0.020187221069316252,0.013442635536193848,0.006744585533122405,1
2031,0,172,provider_complication,0.02634481168468414,0.0050483644008636475,0.02129644728382049,1
2031,0,172,coverage_gap,0.025477792257584286,0.02606278657913208,0.0005849943215477937,1
2031,0,174,age,0.12807070834019013,0.13576927781105042,0.007698569470860284,1
2031,0,174,poor_health,0.09012638328065048,0.09836062788963318,0.0082342446089827,1
2031,0,174,smoking,0.17395842110534962,0.19555383920669556,0.021595418101345937,1
2031,0,174,bmi_risk,0.10016102121866183,0.11504831910133362,0.01488729788267179,1
2031,0,174,nonadherence,0.049453136169261225,0.04772356152534485,0.0017295746439163762,1
2031,0,174,claim_rate,0.05946083990358747,0.056378960609436035,0.003081879294151435,1
2031,0,174,claim_severity,0.0781885333122106,0.053885310888290405,0.02430322242392019,1
2031,0,174,provider_complication,0.00812712644146879,0.001460939645767212,0.006666186795701579,1
2031,0,174,coverage_gap,0.09291031472074468,0.1099729835987091,0.017062668877964426,1
2031,0,181,age,0.021025318167172888,0.016534902155399323,0.004490416011773565,1
2031,0,181,poor_health,0.02385466873309844,0.01958734542131424,0.004267323311784199,1
2031,0,181,smoking,1.3877787807814457e-17,0.0,1.3877787807814457e-17,1
2031,0,181,bmi_risk,0.0015314776672328972,0.0010919496417045593,0.0004395280255283379,1
2031,0,181,nonadherence,0.01841691631208453,0.013599082827568054,0.004817833484516476,1
2031,0,181,claim_rate,0.00958254039873098,0.00777415931224823,0.0018083810864827493,1
2031,0,181,claim_severity,0.00525933181596748,0.0032479390501976013,0.002011392765769879,1
2031,0,181,provider_complication,0.009382650762661357,0.001895405352115631,0.007487245410545726,1
2031,0,181,coverage_gap,0.03060544634929325,0.029315873980522156,0.0012895723687710928,1
2031,0,187,age,0.09140524642353415,0.09222221374511719,0.0008169673215830398,1
2031,0,187,poor_health,0.10218281897563958,0.10839548707008362,0.0062126680944440404,1
2031,0,187,smoking,2.7755575615628914e-17,0.0,2.7755575615628914e-17,1
2031,0,187,bmi_risk,0.07296308543944802,0.08152762055397034,0.00856453511452232,1
2031,0,187,nonadherence,0.0576570031699189,0.05714532732963562,0.0005116758402832766,1
2031,0,187,claim_rate,0.04276001599907056,0.04979740083217621,0.007037384833105648,1
2031,0,187,claim_severity,0.0548166916014354,0.03771063685417175,0.01710605474726365,1
2031,0,187,provider_complication,0.02469970650906317,0.0033197402954101562,0.021379966213653012,1
2031,0,187,coverage_gap,0.012868399173632722,0.015534594655036926,0.0026661954814042044,1
2031,0,190,age,0.09825663222031389,0.10035169124603271,0.002095059025718826,1
2031,0,190,poor_health,0.148153687484747,0.15956911444664001,0.011415426961893016,1
2031,0,190,smoking,0.18132184266189336,0.20329244434833527,0.02197060168644191,1
2031,0,190,bmi_risk,0.0715819534947627,0.07462537288665771,0.003043419391895008,1
2031,0,190,nonadherence,0.03881263695903542,0.034540772438049316,0.004271864520986102,1
2031,0,190,claim_rate,0.061192340680932766,0.055597156286239624,0.005595184394693142,1
2031,0,190,claim_severity,0.16924839949980927,0.12097477912902832,0.04827362037078095,1
2031,0,190,provider_complication,0.008469495611974742,0.0014491081237792969,0.007020387488195445,1
2031,0,190,coverage_gap,0.05453727669129338,0.055790990591049194,0.001253713899755815,1
2031,0,193,age,0.07694338876372982,0.05773467570543289,0.019208713058296925,1
2031,0,193,poor_health,0.038813815997095436,0.031177468597888947,0.007636347399206489,1
2031,0,193,smoking,-2.7755575615628914e-17,0.0,2.7755575615628914e-17,1
2031,0,193,bmi_risk,0.03358107987382081,0.026884570717811584,0.006696509156009223,1
2031,0,193,nonadherence,0.046227190727048964,0.032329708337783813,0.01389748238926515,1
2031,0,193,claim_rate,0.01676038561606058,0.014186054468154907,0.002574331147905673,1
2031,0,193,claim_severity,0.0388535059680329,0.023285135626792908,0.015568370341239993,1
2031,0,193,provider_complication,0.01828759898160978,0.003379449248313904,0.014908149733295878,1
2031,0,193,coverage_gap,0.020121394531637554,0.017852962017059326,0.002268432514578228,1
2031,0,203,age,0.05429972379262908,0.043714843690395355,0.010584880102233726,1
2031,0,203,poor_health,0.050156385167122744,0.04057043790817261,0.009585947258950137,1
2031,0,203,smoking,2.7755575615628914e-17,0.0,2.7755575615628914e-17,1
2031,0,203,bmi_risk,0.0053205393575951054,0.004790447652339935,0.0005300917052551701,1
2031,0,203,nonadherence,0.022207636931613164,0.016108110547065735,0.00609952638454743,1
2031,0,203,claim_rate,0.012660417587060963,0.009396776556968689,0.0032636410300922736,1
2031,0,203,claim_severity,0.017741765220208233,0.010716669261455536,0.007025095958752697,1
2031,0,203,provider_complication,0.017334837587092825,0.002848006784915924,0.0144868308021769,1
2031,0,203,coverage_gap,0.003955286484101567,0.004044376313686371,8.908982958480416e-05,1
2031,0,207,age,0.057201587036469714,0.06119149923324585,0.003989912196776135,1
2031,0,207,poor_health,0.12678469555092545,0.13694040477275848,0.010155709221833037,1
2031,0,207,smoking,0.16465239141182125,0.18409642577171326,0.019444034359892004,1
2031,0,207,bmi_risk,0.05857137492449421,0.0686834454536438,0.010112070529149586,1
2031,0,207,nonadherence,0.008810106440396148,0.00849410891532898,0.0003159975250671687,1
2031,0,207,claim_rate,0.05708652695902944,0.06506001949310303,0.00797349253407359,1
2031,0,207,claim_severity,0.10894699098756036,0.07896515727043152,0.029981833717128842,1
2031,0,207,provider_complication,0.007853064118265418,0.0013734698295593262,0.006479594288706092,1
2031,0,207,coverage_gap,0.08781923025671651,0.10967881977558136,0.021859589518864853,1
2031,0,216,age,0.20353687304943407,0.19969698786735535,0.0038398851820787283,1
2031,0,216,poor_health,0.13829221415907283,0.1411207616329193,0.0028285474738464766,1
2031,0,216,smoking,0.20904119142257788,0.2183971107006073,0.009355919278029423,1
2031,0,216,bmi_risk,0.13983239850209195,0.12471750378608704,0.015114894716004912,1
2031,0,216,nonadherence,0.04713031232508624,0.0461430549621582,0.0009872573629280401,1
2031,0,216,claim_rate,0.03185900291828858,0.02599543333053589,0.005863569587752693,1
2031,0,216,claim_severity,0.19048191035231737,0.12614333629608154,0.06433857405623583,1
2031,0,216,provider_complication,0.048381390527814094,0.007573366165161133,0.04080802436265296,1
2031,0,216,coverage_gap,0.10181910769060548,0.10796687006950378,0.006147762378898303,1
2031,0,217,age,0.08972306601526353,0.07397862523794174,0.01574444077732179,1
2031,0,217,poor_health,0.030439384667148767,0.02756999433040619,0.0028693903367425777,1
2031,0,217,smoking,0.0,0.0,0.0,1
2031,0,217,bmi_risk,0.06246993767625922,0.058456823229789734,0.0040131144464694846,1
2031,0,217,nonadherence,0.03033817813171244,0.021930411458015442,0.008407766673696998,1
2031,0,217,claim_rate,0.02000037995138826,0.017609015107154846,0.0023913648442334123,1
2031,0,217,claim_severity,0.050284646697528856,0.032300591468811035,0.01798405522871782,1
2031,0,217,provider_complication,0.0038952637510027976,0.0006609708070755005,0.003234292943927297,1
2031,0,217,coverage_gap,0.06658440163851628,0.0704815536737442,0.0038971520352279188,1
2031,0,220,age,0.03852844151218568,0.0450381264090538,0.006509684896868123,1
2031,0,220,poor_health,0.02936531441151844,0.03474116325378418,0.005375848842265739,1
2031,0,220,smoking,-1.3877787807814457e-17,0.0,1.3877787807814457e-17,1
2031,0,220,bmi_risk,0.0066931300446530645,0.008446469902992249,0.001753339858339184,1
2031,0,220,nonadherence,0.008823026113304183,0.011076442897319794,0.0022534167840156105,1
2031,0,220,claim_rate,0.00887035811550635,0.010420851409435272,0.0015504932939289229,1
2031,0,220,claim_severity,0.013018122985993821,0.01031108945608139,0.002707033529912431,1
2031,0,220,provider_complication,0.004512585836526362,0.0008531659841537476,0.003659419852372614,1
2031,0,220,coverage_gap,0.010980243611405469,0.012460865080356598,0.0014806214689511293,1
2031,0,222,age,0.026649482395695923,0.020408309996128082,0.00624117239956784,1
2031,0,222,poor_health,0.02142333544051192,0.016894862055778503,0.004528473384733417,1
2031,0,222,smoking,-1.3877787807814457e-17,0.0,1.3877787807814457e-17,1
2031,0,222,bmi_risk,0.009724662919994131,0.006917387247085571,0.00280727567290856,1
2031,0,222,nonadherence,0.023908573897454252,0.01719096302986145,0.006717610867592802,1
2031,0,222,claim_rate,-1.3877787807814457e-17,0.0,1.3877787807814457e-17,1
2031,0,222,claim_severity,0.018513895142369438,0.010691717267036438,0.007822177875333,1
2031,0,222,provider_complication,0.0038405779766586545,0.000817514955997467,0.0030230630206611875,1
2031,0,222,coverage_gap,0.026832493393798645,0.024838559329509735,0.0019939340642889103,1
2031,0,223,age,0.01116495830883494,0.009716339409351349,0.0014486188994835905,1
2031,0,223,poor_health,0.016564293626384057,0.015588946640491486,0.0009753469858925709,1
2031,0,223,smoking,0.0,0.0,0.0,1
2031,0,223,bmi_risk,0.00933435674453955,0.008123986423015594,0.0012103703215239556,1
2031,0,223,nonadherence,0.003895231779908595,0.003155261278152466,0.0007399705017561292,1
2031,0,223,claim_rate,0.0,0.0,0.0,1
2031,0,223,claim_severity,0.008427783583786229,0.00547703355550766,0.002950750028278569,1
2031,0,223,provider_complication,0.0033028375178302677,0.000631287693977356,0.0026715498238529117,1
2031,0,223,coverage_gap,0.0078013929919833955,0.008499465882778168,0.0006980728907947722,1
2031,0,230,age,0.023888384446308614,0.013705790042877197,0.010182594403431416,1
2031,0,230,poor_health,0.05439055223356913,0.03405536711215973,0.020335185121409402,1
2031,0,230,smoking,-1.3877787807814457e-17,0.0,1.3877787807814457e-17,1
2031,0,230,bmi_risk,0.02031268659749698,0.011114053428173065,0.009198633169323914,1
2031,0,230,nonadherence,0.024242506283023962,0.013314031064510345,0.010928475218513617,1
2031,0,230,claim_rate,-1.3877787807814457e-17,0.0,1.3877787807814457e-17,1
2031,0,230,claim_severity,0.03469273459985937,0.015502892434597015,0.019189842165262358,1
2031,0,230,provider_complication,0.015196016151889952,0.002455003559589386,0.012741012592300566,1
2031,0,230,coverage_gap,0.012879259395397857,0.009366542100906372,0.0035127172944914853,1
2031,0,231,age,0.0076019070323233295,0.005214869976043701,0.0023870370562796284,1
2031,0,231,poor_health,0.030696272532632796,0.02473767101764679,0.005958601514986006,1
2031,0,231,smoking,0.0,0.0,0.0,1
2031,0,231,bmi_risk,0.022403325991995862,0.01761890947818756,0.004784416513808301,1
2031,0,231,nonadherence,0.015824413747515143,0.011807911098003387,0.004016502649511755,1
2031,0,231,claim_rate,0.019711691738580436,0.01659826934337616,0.0031134223952042767,1
2031,0,231,claim_severity,0.01234597436883915,0.006683968007564545,0.005662006361274605,1
2031,0,231,provider_complication,0.0052809687581465425,0.0008790343999862671,0.0044019343581602755,1
2031,0,231,coverage_gap,0.021176704357211737,0.019229434430599213,0.0019472699266125243,1
2031,0,236,age,0.012264698613353706,0.010500289499759674,0.0017644091135940315,1
2031,0,236,poor_health,0.03721397222735445,0.03244643658399582,0.0047675356433586336,1
2031,0,236,smoking,-1.3877787807814457e-17,0.0,1.3877787807814457e-17,1
2031,0,236,bmi_risk,0.013331712784073121,0.011891275644302368,0.0014404371397707533,1
2031,0,236,nonadherence,0.02505417958343914,0.019391320645809174,0.0056628589376299665,1
2031,0,236,claim_rate,0.00925522680890331,0.008235923945903778,0.0010193028629995327,1
2031,0,236,claim_severity,0.0006564353476229134,0.00035131722688674927,0.0003051181207361642,1
2031,0,236,provider_complication,0.004830404573482841,0.0007395371794700623,0.004090867394012779,1
2031,0,236,coverage_gap,0.010631872493249636,0.009373806416988373,0.0012580660762612633,1
2031,0,237,age,0.10659893996910988,0.11116978526115417,0.0045708452920442955,1
2031,0,237,poor_health,0.09782487905720091,0.10632586479187012,0.008500985734669203,1
2031,0,237,smoking,2.7755575615628914e-17,0.0,2.7755575615628914e-17,1
2031,0,237,bmi_risk,0.06920023678018974,0.07490000128746033,0.005699764507270583,1
2031,0,237,nonadherence,0.0406202267093502,0.03639589250087738,0.004224334208472819,1
2031,0,237,claim_rate,0.04388848145724475,0.047397464513778687,0.0035089830565339375,1
2031,0,237,claim_severity,0.06154241956197265,0.042823970317840576,0.018718449244132074,1
2031,0,237,provider_complication,0.020086742455990708,0.0038138628005981445,0.016272879655392564,1
2031,0,237,coverage_gap,0.028536139342014905,0.03236149251461029,0.003825353172595386,1
2031,0,242,age,0.18060579795077925,0.19249852001667023,0.011892722065890982,1
2031,0,242,poor_health,0.20078545823485033,0.21362486481666565,0.012839406581815316,1
2031,0,242,smoking,0.0,0.0,0.0,1
2031,0,242,bmi_risk,0.0259157484929618,0.027276456356048584,0.0013607078630867853,1
2031,0,242,nonadherence,0.06308097172381955,0.06397762894630432,0.0008966572224847758,1
2031,0,242,claim_rate,0.0,0.0,0.0,1
2031,0,242,claim_severity,0.12011906722316487,0.07873755693435669,0.04138151028880818,1
2031,0,242,provider_complication,0.018788915398616157,0.002829432487487793,0.015959482911128364,1
2031,0,242,coverage_gap,0.03892459738389947,0.04101526737213135,0.0020906699882318747,1
2031,0,255,age,0.04432935043448269,0.039468638598918915,0.004860711835563775,1
2031,0,255,poor_health,0.017353153514410066,0.013859845697879791,0.003493307816530275,1
2031,0,255,smoking,-1.3877787807814457e-17,0.0,1.3877787807814457e-17,1
2031,0,255,bmi_risk,0.000643584122514515,0.0004807785153388977,0.00016280560717561732,1
2031,0,255,nonadherence,0.019823622236813873,0.015591315925121307,0.004232306311692566,1
2031,0,255,claim_rate,-1.3877787807814457e-17,0.0,1.3877787807814457e-17,1
2031,0,255,claim_severity,0.011864801865918262,0.0073826611042022705,0.004482140761715991,1
2031,0,255,provider_complication,0.010765011423507734,0.002346515655517578,0.008418495767990156,1
2031,0,255,coverage_gap,0.0100830688058922,0.009351842105388641,0.0007312267005035594,1
2031,0,257,age,0.08337644580697953,0.06287705898284912,0.02049938682413041,1
2031,0,257,poor_health,0.05142789709242829,0.044322460889816284,0.007105436202612003,1
2031,0,257,smoking,0.11137239209375248,0.0987505242228508,0.012621867870901679,1
2031,0,257,bmi_risk,0.03301280295275916,0.030021414160728455,0.0029913887920307025,1
2031,0,257,nonadherence,0.030640565330917996,0.023890167474746704,0.006750397856171292,1
2031,0,257,claim_rate,-2.7755575615628914e-17,0.0,2.7755575615628914e-17,1
2031,0,257,claim_severity,0.06344793613608465,0.036089226603507996,0.02735870953257666,1
2031,0,257,provider_complication,0.014230276900229821,0.0023662596940994263,0.011864017206130395,1
2031,0,257,coverage_gap,0.012943317688746625,0.01317518949508667,0.0002318718063400449,1
2031,0,268,age,0.030590724865635147,0.019921213388442993,0.010669511477192153,1
2031,0,268,poor_health,0.04092492206861263,0.026288896799087524,0.014636025269525108,1
2031,0,268,smoking,-2.7755575615628914e-17,0.0,2.7755575615628914e-17,1
2031,0,268,bmi_risk,0.00483549688229469,0.0027488991618156433,0.002086597720479047,1
2031,0,268,nonadherence,0.03461364948756383,0.021278828382492065,0.013334821105071767,1
2031,0,268,claim_rate,-2.7755575615628914e-17,0.0,2.7755575615628914e-17,1
2031,0,268,claim_severity,0.02422814510395152,0.012655004858970642,0.011573140244980878,1
2031,0,268,provider_complication,0.016802916196408627,0.0030491426587104797,0.013753773537698147,1
2031,0,268,coverage_gap,0.010545763204689668,0.007924772799015045,0.0026209904056746225,1
2031,0,272,age,0.06476493878705183,0.07727734744548798,0.012512408658436142,1
2031,0,272,poor_health,0.08451747379357094,0.10647620260715485,0.021958728813583905,1
2031,0,272,smoking,0.1290747717645905,0.16472198069095612,0.03564720892636561,1
2031,0,272,bmi_risk,0.05553371225840609,0.07753913104534149,0.022005418786935405,1
2031,0,272,nonadherence,0.060660191430818244,0.06871090829372406,0.008050716862905816,1
2031,0,272,claim_rate,0.0,0.0,0.0,1
2031,0,272,claim_severity,0.09995907865231951,0.07710552215576172,0.022853556496557792,1
2031,0,272,provider_complication,0.007716825110145875,0.0010607540607452393,0.006656071049400636,1
2031,0,272,coverage_gap,0.03425801488463712,0.04296097159385681,0.008702956709219695,1
2031,0,275,age,0.04580514072276067,0.03893084079027176,0.006874299932488913,1
2031,0,275,poor_health,0.00817902884086956,0.006187260150909424,0.0019917686899601356,1
2031,0,275,smoking,-1.3877787807814457e-17,0.0,1.3877787807814457e-17,1
2031,0,275,bmi_risk,0.008045032205146088,0.0056280717253685,0.0024169604797775884,1
2031,0,275,nonadherence,0.021811603246606456,0.01673612743616104,0.005075475810445415,1
2031,0,275,claim_rate,-1.3877787807814457e-17,0.0,1.3877787807814457e-17,1
2031,0,275,claim_severity,0.006114404025724024,0.003957934677600861,0.0021564693481231634,1
2031,0,275,provider_complication,0.0140159772688742,0.003086172044277191,0.010929805224597008,1
2031,0,275,coverage_gap,0.0196419464100797,0.01762746274471283,0.00201448366536687,1
2031,0,280,age,0.08976673657062412,0.10032635927200317,0.010559622701379057,1
2031,0,280,poor_health,0.130697119203147,0.1543651521205902,0.02366803291744321,1
2031,0,280,smoking,0.17100986092549397,0.19563017785549164,0.024620316929997665,1
2031,0,280,bmi_risk,0.0875474588283442,0.10637450218200684,0.018827043353662642,1
2031,0,280,nonadherence,0.06992909075123827,0.07283523678779602,0.002906146036557755,1
2031,0,280,claim_rate,0.0,0.0,0.0,1
2031,0,280,claim_severity,0.1723119234229362,0.13504719734191895,0.037264726081017246,1
2031,0,280,provider_complication,0.026385701582175847,0.004765838384628296,0.02161986319754755,1
2031,0,280,coverage_gap,0.012933867759539308,0.013509362936019897,0.0005754951764805893,1
2031,0,296,age,0.15509791768476913,0.15588223934173584,0.0007843216569667077,1
2031,0,296,poor_health,0.1732165765392847,0.1748705357313156,0.0016539591920309016,1
2031,0,296,smoking,0.0,0.0,0.0,1
2031,0,296,bmi_risk,0.04002581304145203,0.04564139246940613,0.005615579427954098,1
2031,0,296,nonadherence,0.056408747298086315,0.05390557646751404,0.0025031708305722766,1
2031,0,296,claim_rate,0.054922779520774845,0.05770576000213623,0.0027829804813613856,1
2031,0,296,claim_severity,0.14375292221279806,0.09512419998645782,0.04862872222634024,1
2031,0,296,provider_complication,0.007924940256855306,0.0012603998184204102,0.006664540438434896,1
2031,0,296,coverage_gap,0.019171289795235746,0.019921809434890747,0.0007505196396550007,1
2031,0,298,age,0.041399280005296954,0.02283262461423874,0.018566655391058215,1
2031,0,298,poor_health,0.05237074867305669,0.030719280242919922,0.021651468430136767,1
2031,0,298,smoking,0.0,0.0,0.0,1
2031,0,298,bmi_risk,0.032413818283454576,0.01795395463705063,0.014459863646403948,1
2031,0,298,nonadherence,0.01373212116105535,0.005748860538005829,0.00798326062304952,1
2031,0,298,claim_rate,0.0,0.0,0.0,1
2031,0,298,claim_severity,0.061192124898592326,0.028752870857715607,0.03243925404087672,1
2031,0,298,provider_complication,0.034506209545187946,0.004927188158035278,0.029579021387152668,1
2031,0,298,coverage_gap,0.02895529733732008,0.020109035074710846,0.008846262262609234,1
2031,0,312,age,0.11697788179779577,0.074590764939785,0.04238711685801076,1
2031,0,312,poor_health,0.08938106486759842,0.06129281967878342,0.028088245188815003,1
2031,0,312,smoking,0.0,0.0,0.0,1
2031,0,312,bmi_risk,0.012771029919249527,0.010419785976409912,0.002351243942839615,1
2031,0,312,nonadherence,0.021086790014200274,0.013723298907279968,0.007363491106920306,1
2031,0,312,claim_rate,0.043452245192019956,0.030509471893310547,0.012942773298709409,1
2031,0,312,claim_severity,0.08381403363947842,0.043392106890678406,0.04042192674880002,1
2031,0,312,provider_complication,0.021546743372528904,0.0031770914793014526,0.01836965189322745,1
2031,0,312,coverage_gap,0.029375811544607805,0.02310885488986969,0.006266956654738115,1
2031,0,314,age,0.24480844873021523,0.23331975936889648,0.011488689361318749,1
2031,0,314,poor_health,0.0925085815677727,0.09053826332092285,0.001970318246849845,1
2031,0,314,smoking,0.2049415554802273,0.2150333821773529,0.010091826697125605,1
2031,0,314,bmi_risk,0.14829290755614521,0.14374572038650513,0.004547187169640088,1
2031,0,314,nonadherence,0.029780209495526733,0.026962757110595703,0.0028174523849310296,1
2031,0,314,claim_rate,0.06490833680535757,0.05632162094116211,0.00858671586419546,1
2031,0,314,claim_severity,0.16763759999002298,0.10734227299690247,0.06029532699312051,1
2031,0,314,provider_complication,0.06076376148900087,0.00860893726348877,0.0521548242255121,1
2031,0,314,coverage_gap,0.026041868026029702,0.026430845260620117,0.0003889772345904152,1
2031,0,329,age,0.0013353329778535566,0.0010462068021297455,0.00028912617572381116,1
2031,0,329,poor_health,0.012997336671487572,0.009953450411558151,0.003043886259929421,1
2031,0,329,smoking,6.938893903907228e-18,0.0,6.938893903907228e-18,1
2031,0,329,bmi_risk,0.000745764962519109,0.0005364120006561279,0.00020935296186298108,1
2031,0,329,nonadherence,0.011121080188689153,0.007830847054719925,0.003290233133969228,1
2031,0,329,claim_rate,6.938893903907228e-18,0.0,6.938893903907228e-18,1
2031,0,329,claim_severity,0.00019112206232462653,0.00010638684034347534,8.473522198115119e-05,1
2031,0,329,provider_complication,0.007363984265889113,0.0010836012661457062,0.006280382999743407,1
2031,0,329,coverage_gap,0.006716085808130733,0.005525380373001099,0.001190705435129634,1
2031,0,330,age,0.03356818684664238,0.02549213171005249,0.00807605513658989,1
2031,0,330,poor_health,0.015904805408785125,0.012849293649196625,0.0030555117595885,1
2031,0,330,smoking,1.3877787807814457e-17,0.0,1.3877787807814457e-17,1
2031,0,330,bmi_risk,0.037728082562227344,0.029479794204235077,0.008248288357992267,1
2031,0,330,nonadherence,0.03788812918253331,0.029381856322288513,0.008506272860244794,1
2031,0,330,claim_rate,1.3877787807814457e-17,0.0,1.3877787807814457e-17,1
2031,0,330,claim_severity,0.0007148473907355457,0.00038833171129226685,0.00032651567944327886,1
2031,0,330,provider_complication,0.011898046482598318,0.001654118299484253,0.010243928183114065,1
2031,0,330,coverage_gap,0.011865727601032716,0.010723181068897247,0.0011425465321354689,1
2031,0,335,age,0.042055743502418044,0.035814620554447174,0.00624112294797087,1
2031,0,335,poor_health,0.052582329819990996,0.045440755784511566,0.00714157403547943,1
2031,0,335,smoking,0.0,0.0,0.0,1
2031,0,335,bmi_risk,0.005327574475557956,0.005714289844036102,0.0003867153684781466,1
2031,0,335,nonadherence,0.009165718067600762,0.007950641214847565,0.0012150768527531969,1
2031,0,335,claim_rate,0.011922143486175776,0.011270791292190552,0.0006513521939852246,1
2031,0,335,claim_severity,0.02130885505343208,0.013383306562900543,0.007925548490531537,1
2031,0,335,provider_complication,0.007992631650301396,0.0011326298117637634,0.006860001838537633,1
2031,0,335,coverage_gap,0.01573830983854531,0.014620065689086914,0.0011182441494583945,1
2031,0,336,age,0.03340584424663948,0.02378205955028534,0.009623784696354137,1
2031,0,336,poor_health,0.021303088224407303,0.015526212751865387,0.005776875472541916,1
2031,0,336,smoking,1.3877787807814457e-17,0.0,1.3877787807814457e-17,1
2031,0,336,bmi_risk,0.0017288272786172704,0.0011063963174819946,0.0006224309611352757,1
2031,0,336,nonadherence,0.010566466146807035,0.006621837615966797,0.0039446285308402385,1
2031,0,336,claim_rate,1.3877787807814457e-17,0.0,1.3877787807814457e-17,1
2031,0,336,claim_severity,0.0051909558582141635,0.002469688653945923,0.0027212672042682406,1
2031,0,336,provider_complication,0.002269986782431982,0.0003404468297958374,0.0019295399526361445,1
2031,0,336,coverage_gap,0.025612818964743995,0.02177424728870392,0.003838571676040077,1
2031,0,338,age,0.024646078747946276,0.01574265956878662,0.008903419179159655,1
2031,0,338,poor_health,0.017893941860849805,0.01176411658525467,0.0061298252755951355,1
2031,0,338,smoking,-1.3877787807814457e-17,0.0,1.3877787807814457e-17,1
2031,0,338,bmi_risk,0.02773158595571107,0.017732731997966766,0.009998853957744303,1
2031,0,338,nonadherence,0.02150384953196373,0.013042107224464417,0.008461742307499312,1
2031,0,338,claim_rate,-1.3877787807814457e-17,0.0,1.3877787807814457e-17,1
2031,0,338,claim_severity,-1.3877787807814457e-17,0.0,1.3877787807814457e-17,1
2031,0,338,provider_complication,0.012577548394054172,0.0015953034162521362,0.010982244977802036,1
2031,0,338,coverage_gap,0.009962562021046839,0.007051825523376465,0.0029107364976703742,1
2031,0,342,age,0.09862703764994629,0.06904828548431396,0.029578752165632327,1
2031,0,342,poor_health,0.040763080215848596,0.03333674371242523,0.007426336503423364,1
2031,0,342,smoking,0.1383672223030465,0.1182456687092781,0.020121553593768382,1
2031,0,342,bmi_risk,0.00033798084902658676,0.0003038942813873291,3.408656763925766e-05,1
2031,0,342,nonadherence,0.03671167811565945,0.028783708810806274,0.007927969304853177,1
2031,0,342,claim_rate,0.025577507630714313,0.024047866463661194,0.0015296411670531196,1
2031,0,342,claim_severity,0.0752943980387521,0.04384930431842804,0.03144509372032406,1
2031,0,342,provider_complication,0.05454306596086467,0.006884470582008362,0.047658595378856305,1
2031,0,342,coverage_gap,0.0765034165230859,0.06581753492355347,0.010685881599532432,1
2031,0,344,age,0.13810354910242503,0.135053813457489,0.003049735644936019,1
2031,0,344,poor_health,0.0670049289092716,0.07877133786678314,0.011766408957511548,1
2031,0,344,smoking,0.14592549867010746,0.15940189361572266,0.0134763949456152,1
2031,0,344,bmi_risk,0.03039485941438086,0.04047739505767822,0.010082535643297363,1
2031,0,344,nonadherence,0.03353364773387396,0.03680315613746643,0.0032695084035924693,1
2031,0,344,claim_rate,0.026678043405756302,0.03147858381271362,0.004800540406957321,1
2031,0,344,claim_severity,0.09512350541188216,0.07869376242160797,0.016429742990274193,1
2031,0,344,provider_complication,0.029723688682929572,0.005296498537063599,0.024427190145865973,1
2031,0,344,coverage_gap,0.030092031460942525,0.03975918889045715,0.009667157429514628,1
2031,0,345,age,0.06445223910337344,0.062198519706726074,0.002253719396647369,1
2031,0,345,poor_health,0.12235745720457458,0.12665848433971405,0.004301027135139468,1
2031,0,345,smoking,0.15541217830732143,0.16668976843357086,0.011277590126249432,1
2031,0,345,bmi_risk,0.11254227352744159,0.12059549987316132,0.008053226345719727,1
2031,0,345,nonadherence,0.022380014600899112,0.02520596981048584,0.002825955209586728,1
2031,0,345,claim_rate,0.0,0.0,0.0,1
2031,0,345,claim_severity,0.108401600559526,0.08049289882183075,0.027908701737695246,1
2031,0,345,provider_complication,0.005381253446807677,0.0009359121322631836,0.004445341314544493,1
2031,0,345,coverage_gap,0.03956204744905001,0.0505145788192749,0.010952531370224894,1
2031,0,347,age,0.013900877851424145,0.012649960815906525,0.0012509170355176208,1
2031,0,347,poor_health,0.047454185875465356,0.0420227125287056,0.005431473346759759,1
2031,0,347,smoking,1.3877787807814457e-17,0.0,1.3877787807814457e-17,1
2031,0,347,bmi_risk,0.01851456360902995,0.017974138259887695,0.0005404253491422539,1
2031,0,347,nonadherence,0.012203666814819061,0.011711843311786652,0.0004918235030324097,1
2031,0,347,claim_rate,0.01990883917748093,0.018786266446113586,0.001122572731367344,1
2031,0,347,claim_severity,0.018996012164685536,0.011584460735321045,0.007411551429364491,1
2031,0,347,provider_complication,0.00431592094363846,0.0006434023380279541,0.003672518605610506,1
2031,0,347,coverage_gap,0.0048278094038464725,0.004665844142436981,0.0001619652614094913,1
2031,0,352,age,0.12935305332078545,0.13883283734321594,0.009479784022430493,1
2031,0,352,poor_health,0.24212418700620242,0.2880488187074661,0.04592463170126371,1
2031,0,352,smoking,0.17931675577149953,0.20092058181762695,0.021603826046127428,1
2031,0,352,bmi_risk,0.001978947818436161,0.0021409690380096436,0.0001620212195734827,1
2031,0,352,nonadherence,0.00374786920950243,0.004005908966064453,0.00025803975656202294,1
2031,0,352,claim_rate,0.03086873252456207,0.033272743225097656,0.002404010700535586,1
2031,0,352,claim_severity,0.19541948946115417,0.14740952849388123,0.04800996096727295,1
2031,0,352,provider_complication,0.01579890769000647,0.0027435123920440674,0.013055395297962402,1
2031,0,352,coverage_gap,0.03397317637503994,0.03465545177459717,0.0006822753995572306,1
2031,0,354,age,0.07019806325491873,0.053261712193489075,0.016936351061429655,1
2031,0,354,poor_health,0.11058420946937444,0.07747624814510345,0.03310796132427099,1
2031,0,354,smoking,-2.7755575615628914e-17,0.0,2.7755575615628914e-17,1
2031,0,354,bmi_risk,0.011397941051890292,0.010186418890953064,0.0012115221609372284,1
2031,0,354,nonadherence,0.047962431564457064,0.030603423714637756,0.017359007849819308,1
2031,0,354,claim_rate,0.021252656104381207,0.016585081815719604,0.004667574288661602,1
2031,0,354,claim_severity,0.06114951949550168,0.033593371510505676,0.027556147984996004,1
2031,0,354,provider_complication,0.044723649656463804,0.006881937384605408,0.037841712271858396,1
2031,0,354,coverage_gap,0.033916509810650114,0.02841925621032715,0.0054972536003229655,1
2031,0,355,age,0.03609612858999607,0.022271938621997833,0.013824189967998238,1
2031,0,355,poor_health,0.04350595973605009,0.02848697453737259,0.015018985198677504,1
2031,0,355,smoking,-1.3877787807814457e-17,0.0,1.3877787807814457e-17,1
2031,0,355,bmi_risk,0.005362945610730668,0.003106124699115753,0.002256820911614915,1
2031,0,355,nonadherence,0.021505648243653752,0.01137688010931015,0.010128768134343602,1
2031,0,355,claim_rate,-1.3877787807814457e-17,0.0,1.3877787807814457e-17,1
2031,0,355,claim_severity,0.028809799941934,0.013105452060699463,0.015704347881234537,1
2031,0,355,provider_complication,0.013039338341408219,0.001989424228668213,0.011049914112740006,1
2031,0,355,coverage_gap,0.020944653381407607,0.015119530260562897,0.005825123120844711,1
2031,0,356,age,0.07623214337677836,0.0668322816491127,0.00939986172766566,1
2031,0,356,poor_health,0.09898982910233607,0.0833280086517334,0.015661820450602673,1
2031,0,356,smoking,0.0,0.0,0.0,1
2031,0,356,bmi_risk,0.002387714363813992,0.0021969079971313477,0.00019080636668264428,1
2031,0,356,nonadherence,0.02407348369650092,0.019175484776496887,0.004897998920004032,1
2031,0,356,claim_rate,0.0,0.0,0.0,1
2031,0,356,claim_severity,0.042560784468043206,0.02534233033657074,0.017218454131472466,1
2031,0,356,provider_complication,0.008800528526021645,0.001672491431236267,0.007128037094785378,1
2031,0,356,coverage_gap,0.02382312230887146,0.022103548049926758,0.0017195742589447005,1
2031,0,360,age,0.1297119690364389,0.11828511953353882,0.011426849502900072,1
2031,0,360,poor_health,0.11379192521944737,0.09981733560562134,0.013974589613826027,1
2031,0,360,smoking,0.0,0.0,0.0,1
2031,0,360,bmi_risk,0.021200277244727422,0.022085577249526978,0.0008853000047995552,1
2031,0,360,nonadherence,0.019789613948608703,0.01747998595237732,0.0023096279962313837,1
2031,0,360,claim_rate,0.0,0.0,0.0,1
2031,0,360,claim_severity,0.0881178397080164,0.05842632055282593,0.02969151915519047,1
2031,0,360,provider_complication,0.04816437453776143,0.008074432611465454,0.040089941926295974,1
2031,0,360,coverage_gap,0.07468223321901774,0.07421524822711945,0.00046698499189828935,1
2031,0,361,age,0.044416350119797554,0.036338478326797485,0.008077871793000069,1
2031,0,361,poor_health,0.03678137695816,0.034238845109939575,0.002542531848220425,1
2031,0,361,smoking,0.13731682786199842,0.15360572934150696,0.01628890147950854,1
2031,0,361,bmi_risk,0.09759541708932681,0.09582845866680145,0.001766958422525361,1
2031,0,361,nonadherence,0.06137127035070794,0.047963231801986694,0.013408038548721246,1
2031,0,361,claim_rate,0.025421096226931894,0.029325515031814575,0.003904418804882681,1
2031,0,361,claim_severity,0.10090305099958091,0.058367758989334106,0.042535292010246806,1
2031,0,361,provider_complication,0.008335995317061307,0.0011096596717834473,0.007226335645277859,1
2031,0,361,coverage_gap,0.04941402370088191,0.048270389437675476,0.0011436342632064334,1
2031,0,364,age,0.0,0.0,0.0,1
2031,0,364,poor_health,0.014174849721723032,0.016394492238759995,0.0022196425170369627,1
2031,0,364,smoking,0.0,0.0,0.0,1
2031,0,364,bmi_risk,0.004406590888933547,0.004581555724143982,0.0001749648352104352,1
2031,0,364,nonadherence,0.00800014837478294,0.008017413318157196,1.7264943374256658e-05,1
2031,0,364,claim_rate,0.0,0.0,0.0,1
2031,0,364,claim_severity,0.0056759071268846426,0.004316575825214386,0.0013593313016702566,1
2031,0,364,provider_complication,0.0009249368982060871,0.00021065771579742432,0.0007142791824086628,1
2031,0,364,coverage_gap,0.003993302960488526,0.005061700940132141,0.001068397979643615,1
2031,0,365,age,0.06984259406037154,0.04574379324913025,0.024098800811241286,1
2031,0,365,poor_health,0.06224296256437738,0.042640507221221924,0.019602455343155453,1
2031,0,365,smoking,0.0,0.0,0.0,1
2031,0,365,bmi_risk,0.0028957172010751486,0.002161473035812378,0.0007342441652627707,1
2031,0,365,nonadherence,0.04752959536753035,0.030522800981998444,0.017006794385531904,1
2031,0,365,claim_rate,0.032913236895960346,0.02401113510131836,0.008902101794641987,1
2031,0,365,claim_severity,0.007808363496127596,0.003838658332824707,0.003969705163302889,1
2031,0,365,provider_complication,0.018776427178094635,0.00330391526222229,0.015472511915872345,1
2031,0,365,coverage_gap,0.042318232520972346,0.03156771510839462,0.010750517412577723,1
2031,0,371,age,0.07853156561814331,0.0921034887433052,0.013571923125161894,1
2031,0,371,poor_health,0.04370658501568685,0.05541267991065979,0.011706094894972943,1
2031,0,371,smoking,-2.7755575615628914e-17,0.0,2.7755575615628914e-17,1
2031,0,371,bmi_risk,0.06750678112708121,0.0832967460155487,0.015789964888467498,1
2031,0,371,nonadherence,0.005463762834741648,0.0072288960218429565,0.0017651331871013087,1
2031,0,371,claim_rate,0.03196261168757364,0.038754984736442566,0.006792373048868927,1
2031,0,371,claim_severity,0.02865943199282503,0.024284765124320984,0.004374666868504046,1
2031,0,371,provider_complication,0.005384498537076177,0.000910148024559021,0.004474350512517156,1
2031,0,371,coverage_gap,0.038198289459837304,0.049739494919776917,0.011541205459939613,1
2031,0,375,age,0.14953964122397656,0.14576610922813416,0.003773531995842405,1
2031,0,375,poor_health,0.16772825416124293,0.1728954315185547,0.0051671773573117585,1
2031,0,375,smoking,0.19741683328097825,0.20548048615455627,0.00806365287357802,1
2031,0,375,bmi_risk,0.041257043676212024,0.040612488985061646,0.0006445546911503786,1
2031,0,375,nonadherence,0.0545833855854479,0.04685822129249573,0.007725164292952169,1
2031,0,375,claim_rate,0.09548529099949626,0.08090892434120178,0.014576366658294482,1
2031,0,375,claim_severity,0.19721342078960108,0.12915092706680298,0.0680624937227981,1
2031,0,375,provider_complication,0.03486642971091941,0.005243837833404541,0.02962259187751487,1
2031,0,375,coverage_gap,0.05964734419672563,0.05894377827644348,0.0007035659202821454,1
2031,0,380,age,0.025758734026969383,0.021764814853668213,0.003993919173301171,1
2031,0,380,poor_health,0.0056476249570970236,0.004516631364822388,0.0011309935922746359,1
2031,0,380,smoking,6.938893903907228e-18,0.0,6.938893903907228e-18,1
2031,0,380,bmi_risk,0.0007312945900634221,0.0005628690123558044,0.00016842557770761768,1
2031,0,380,nonadherence,0.014941844665344449,0.011583074927330017,0.003358769738014432,1
2031,0,380,claim_rate,0.007059275065528815,0.0056960731744766235,0.0013632018910521917,1
2031,0,380,claim_severity,6.938893903907228e-18,0.0,6.938893903907228e-18,1
2031,0,380,provider_complication,0.003688784328827431,0.0005791410803794861,0.003109643248447945,1
2031,0,380,coverage_gap,0.006430427420565821,0.006172165274620056,0.0002582621459457646,1
2031,0,385,age,0.005029026359254479,0.003629624843597412,0.0013994015156570672,1
2031,0,385,poor_health,0.02627805116901688,0.021747179329395294,0.004530871839621586,1
2031,0,385,smoking,1.3877787807814457e-17,0.0,1.3877787807814457e-17,1
2031,0,385,bmi_risk,0.014613801371813784,0.011344358325004578,0.003269443046809206,1
2031,0,385,nonadherence,0.011907388155908971,0.008414216339588165,0.003493171816320806,1
2031,0,385,claim_rate,0.017474664730336473,0.014514550566673279,0.002960114163663194,1
2031,0,385,claim_severity,0.00663200743087386,0.0035731345415115356,0.003058872889362324,1
2031,0,385,provider_complication,0.0018175179979454392,0.00029665231704711914,0.00152086568089832,1
2031,0,385,coverage_gap,0.02586150439645231,0.024569787085056305,0.001291717311396004,1
2031,0,391,age,0.05534662186642576,0.033946216106414795,0.021400405760010968,1
2031,0,391,poor_health,0.04277046991820037,0.027097433805465698,0.01567303611273467,1
2031,0,391,smoking,0.0,0.0,0.0,1
2031,0,391,bmi_risk,0.019245698795090152,0.01126844435930252,0.007977254435787631,1
2031,0,391,nonadherence,0.027669326419868814,0.016114093363285065,0.01155523305658375,1
2031,0,391,claim_rate,0.028685171602846116,0.018538519740104675,0.01014665186274144,1
2031,0,391,claim_severity,0.04570072273289341,0.022766366600990295,0.022934356131903116,1
2031,0,391,provider_complication,0.016717490623716122,0.002912551164627075,0.013804939459089047,1
2031,0,391,coverage_gap,0.009539009368297907,0.007238835096359253,0.002300174271938654,1
2031,0,404,age,0.14489007732388348,0.14150124788284302,0.003388829441040464,1
2031,0,404,poor_health,0.2143532389796372,0.21669581532478333,0.002342576345146119,1
2031,0,404,smoking,0.20902891891944292,0.21269464492797852,0.003665726008535597,1
2031,0,404,bmi_risk,0.002491437566533583,0.0023499727249145508,0.00014146484161903228,1
2031,0,404,nonadherence,0.07522595857783076,0.06612247228622437,0.0091034862916064,1
2031,0,404,claim_rate,0.09489857607647822,0.0835089385509491,0.011389637525529128,1
2031,0,404,claim_severity,0.22824368745783596,0.14929357171058655,0.07895011574724942,1
2031,0,404,provider_complication,0.05858046474452572,0.009580731391906738,0.04899973335261898,1
2031,0,404,coverage_gap,0.06664987790595844,0.07132449746131897,0.004674619555360526,1
2031,0,408,age,0.02174951826783742,0.017828844487667084,0.003920673780170338,1
2031,0,408,poor_health,0.017484968428400104,0.013947263360023499,0.003537705068376605,1
2031,0,408,smoking,1.3877787807814457e-17,0.0,1.3877787807814457e-17,1
2031,0,408,bmi_risk,0.010774130068235063,0.008187845349311829,0.0025862847189232346,1
2031,0,408,nonadherence,0.0016217364223424097,0.0011975914239883423,0.0004241449983540674,1
2031,0,408,claim_rate,1.3877787807814457e-17,0.0,1.3877787807814457e-17,1
2031,0,408,claim_severity,0.009364429034121297,0.005267933011054993,0.004096496023066304,1
2031,0,408,provider_complication,0.010802755142342788,0.0017898380756378174,0.00901291706670497,1
2031,0,408,coverage_gap,0.007937321978037933,0.007059402763843536,0.0008779192141943962,1
2031,0,410,age,0.11556308655121489,0.1098426878452301,0.005720398705984786,1
2031,0,410,poor_health,0.2022783332341883,0.20384062826633453,0.0015622950321462215,1
2031,0,410,smoking,0.1905577862544734,0.19241033494472504,0.001852548690251643,1
2031,0,410,bmi_risk,0.048372339597869296,0.048756152391433716,0.0003838127935644198,1
2031,0,410,nonadherence,0.021650060235747948,0.02026951313018799,0.0013805471055599594,1
2031,0,410,claim_rate,0.06310875557382034,0.058492690324783325,0.004616065249037016,1
2031,0,410,claim_severity,0.17026551428791598,0.11559498310089111,0.05467053118702486,1
2031,0,410,provider_complication,0.04578963897570598,0.007746279239654541,0.03804335973605144,1
2031,0,410,coverage_gap,0.04158256304685937,0.042236268520355225,0.0006537054734958581,1
2031,0,412,age,0.017093766111456923,0.014345318078994751,0.0027484480324621724,1
2031,0,412,poor_health,0.008312617598761833,0.007173433899879456,0.0011391836988823775,1
2031,0,412,smoking,-1.3877787807814457e-17,0.0,1.3877787807814457e-17,1
2031,0,412,bmi_risk,0.01924847237293685,0.01695002242922783,0.0022984499437090217,1
2031,0,412,nonadherence,0.004643706781974163,0.003534466028213501,0.0011092407537606624,1
2031,0,412,claim_rate,-1.3877787807814457e-17,0.0,1.3877787807814457e-17,1
2031,0,412,claim_severity,-1.3877787807814457e-17,0.0,1.3877787807814457e-17,1
2031,0,412,provider_complication,0.006931991868024331,0.0011875927448272705,0.005744399123197061,1
2031,0,412,coverage_gap,0.003881300374449427,0.0038763433694839478,4.957004965479295e-06,1
2031,0,417,age,0.03609241671145231,0.026054352521896362,0.010038064189555947,1
2031,0,417,poor_health,0.0046185257751125836,0.003219880163669586,0.0013986456114429974,1
2031,0,417,smoking,0.0,0.0,0.0,1
2031,0,417,bmi_risk,0.0189296604945223,0.013035781681537628,0.005893878812984671,1
2031,0,417,nonadherence,0.028298836160467383,0.019458092749118805,0.008840743411348578,1
2031,0,417,claim_rate,0.0,0.0,0.0,1
2031,0,417,claim_severity,0.007540948124104496,0.003666512668132782,0.0038744354559717142,1
2031,0,417,provider_complication,0.0019315521352335357,0.00028599798679351807,0.0016455541484400177,1
2031,0,417,coverage_gap,0.01364739656626933,0.011414535343647003,0.002232861222622326,1
2031,0,419,age,0.0,0.0,0.0,1
2031,0,419,poor_health,0.02558999854735268,0.025509729981422424,8.026856593025544e-05,1
2031,0,419,smoking,0.0,0.0,0.0,1
2031,0,419,bmi_risk,0.00031050540587692493,0.0002787187695503235,3.178663632660145e-05,1
2031,0,419,nonadherence,0.005325830870527293,0.004205286502838135,0.001120544367689158,1
2031,0,419,claim_rate,0.0,0.0,0.0,1
2031,0,419,claim_severity,0.012554353792929573,0.008813105523586273,0.0037412482693433002,1
2031,0,419,provider_complication,0.0017356846686119726,0.00031153857707977295,0.0014241460915321996,1
2031,0,419,coverage_gap,0.00917470504625554,0.009771905839443207,0.0005972007931876674,1
2031,0,420,age,0.08465262808345364,0.060311123728752136,0.024341504354701504,1
2031,0,420,poor_health,0.06209051649172473,0.04661820828914642,0.015472308202578305,1
2031,0,420,smoking,-2.7755575615628914e-17,0.0,2.7755575615628914e-17,1
2031,0,420,bmi_risk,0.031087258620390218,0.024765506386756897,0.006321752233633321,1
2031,0,420,nonadherence,0.03652417953544915,0.02189531922340393,0.014628860312045217,1
2031,0,420,claim_rate,0.018657806253868897,0.01419803500175476,0.004459771252114136,1
2031,0,420,claim_severity,0.025363425032697312,0.014724001288414001,0.01063942374428331,1
2031,0,420,provider_complication,0.03664613390849289,0.00680793821811676,0.02983819569037613,1
2031,0,420,coverage_gap,0.04077017113580997,0.035377755761146545,0.005392415374663423,1
2031,0,421,age,0.06326417547743796,0.06246170401573181,0.0008024714617061446,1
2031,0,421,poor_health,0.19485545286413597,0.19888725876808167,0.0040318059039456955,1
2031,0,421,smoking,0.1963929819169497,0.20807918906211853,0.011686207145168825,1
2031,0,421,bmi_risk,0.13434497833731257,0.14284920692443848,0.008504228587125906,1
2031,0,421,nonadherence,0.037360348783893715,0.025303363800048828,0.012056984983844887,1
2031,0,421,claim_rate,0.0640998644688981,0.05647474527359009,0.0076251191953080055,1
2031,0,421,claim_severity,0.1861862280877405,0.1237352192401886,0.06245100884755189,1
2031,0,421,provider_complication,0.036061018256930755,0.005710870027542114,0.03035014822938864,1
2031,0,421,coverage_gap,0.028466486425886783,0.029497087001800537,0.0010306005759137538,1
2031,0,422,age,0.10310856650969279,0.07333047688007355,0.02977808962961924,1
2031,0,422,poor_health,0.05991290466755281,0.045070961117744446,0.014841943549808362,1
2031,0,422,smoking,0.0,0.0,0.0,1
2031,0,422,bmi_risk,0.03923891283846506,0.032547712326049805,0.006691200512415257,1
2031,0,422,nonadherence,0.0648266056524158,0.045429542660713196,0.0193970629917026,1
2031,0,422,claim_rate,0.0,0.0,0.0,1
2031,0,422,claim_severity,0.022829864992044452,0.013158217072486877,0.009671647919557574,1
2031,0,422,provider_complication,0.013138234264728654,0.0021800696849823,0.010958164579746354,1
2031,0,422,coverage_gap,0.0327126096620646,0.027404367923736572,0.005308241738328029,1
2031,0,423,age,0.06660175654343936,0.07074591517448425,0.004144158631044892,1
2031,0,423,poor_health,0.07502054341415887,0.07983092963695526,0.004810386222796392,1
2031,0,423,smoking,2.7755575615628914e-17,0.0,2.7755575615628914e-17,1
2031,0,423,bmi_risk,0.06136767438552593,0.07045720517635345,0.009089530790827527,1
2031,0,423,nonadherence,0.04477248200771719,0.03796294331550598,0.006809538692211209,1
2031,0,423,claim_rate,0.0207214263880994,0.023413538932800293,0.002692112544700892,1
2031,0,423,claim_severity,0.05620319067309046,0.04323439300060272,0.012968797672487736,1
2031,0,423,provider_complication,0.022622198609349414,0.004306122660636902,0.018316075948712512,1
2031,0,423,coverage_gap,0.06852363450206897,0.08439604938030243,0.01587241487823346,1
2031,0,431,age,0.020345119613369878,0.018992751836776733,0.0013523677765931441,1
2031,0,431,poor_health,0.10052647836739605,0.07837352901697159,0.02215294935042446,1
2031,0,431,smoking,0.0,0.0,0.0,1
2031,0,431,bmi_risk,0.029270203566188452,0.029192522168159485,7.768139802896701e-05,1
2031,0,431,nonadherence,0.05167680533633687,0.0377705842256546,0.013906221110682265,1
2031,0,431,claim_rate,0.04053236740161062,0.03866963088512421,0.001862736516486413,1
2031,0,431,claim_severity,0.07051022159471021,0.04892119765281677,0.021589023941893437,1
2031,0,431,provider_complication,0.03934495069004665,0.006788372993469238,0.03255657769657741,1
2031,0,431,coverage_gap,0.05933198893729866,0.058692604303359985,0.0006393846339386722,1
2031,0,443,age,0.060190381974370585,0.03571312129497528,0.024477260679395305,1
2031,0,443,poor_health,0.01184921524051133,0.006518743932247162,0.0053304713082641675,1
2031,0,443,smoking,0.0,0.0,0.0,1
2031,0,443,bmi_risk,0.023326243943520314,0.012272201478481293,0.011054042465039021,1
2031,0,443,nonadherence,0.0198240540612485,0.009810708463191986,0.010013345598056514,1
2031,0,443,claim_rate,0.0,0.0,0.0,1
2031,0,443,claim_severity,0.01933412615330747,0.007590241730213165,0.011743884423094306,1
2031,0,443,provider_complication,0.026624851573044506,0.003076031804084778,0.023548819768959728,1
2031,0,443,coverage_gap,0.02427852035486623,0.014892548322677612,0.00938597203218862,1
2031,0,446,age,0.007631352821520082,0.007966175675392151,0.0003348228538720688,1
2031,0,446,poor_health,0.09171982530845085,0.0745076984167099,0.017212126891740953,1
2031,0,446,smoking,0.0,0.0,0.0,1
2031,0,446,bmi_risk,0.04350676664870397,0.0424455925822258,0.0010611740664781683,1
2031,0,446,nonadherence,0.03064615032385956,0.025087207555770874,0.005558942768088687,1
2031,0,446,claim_rate,0.017113617113465707,0.017464101314544678,0.00035048420107897105,1
2031,0,446,claim_severity,0.04574973035684901,0.02883337438106537,0.016916355975783642,1
2031,0,446,provider_complication,0.011446504106195882,0.0013389140367507935,0.010107590069445088,1
2031,0,446,coverage_gap,0.0409108677109527,0.03761947154998779,0.00329139616096491,1
2031,0,448,age,0.02456430242928237,0.023703329265117645,0.0008609731641647245,1
2031,0,448,poor_health,0.008257621488759581,0.007408276200294495,0.0008493452884650865,1
2031,0,448,smoking,0.0,0.0,0.0,1
2031,0,448,bmi_risk,0.006172293335153629,0.0053792595863342285,0.0007930337488194009,1
2031,0,448,nonadherence,0.019654363776860917,0.0172259584069252,0.0024284053699357155,1
2031,0,448,claim_rate,0.0077511543000514105,0.007082901895046234,0.0006682524050051764,1
2031,0,448,claim_severity,0.00629101156716759,0.004267051815986633,0.0020239597511809565,1
2031,0,448,provider_complication,0.015987876796179842,0.004291892051696777,0.011695984744483065,1
2031,0,448,coverage_gap,0.004795349584338762,0.0050600022077560425,0.00026465262341728024,1
2031,0,449,age,0.05665109098517396,0.06969280540943146,0.0130417144242575,1
2031,0,449,poor_health,0.08195087866739159,0.09733378887176514,0.015382910204373546,1
2031,0,449,smoking,0.12869086954979989,0.1559968888759613,0.027306019326161418,1
2031,0,449,bmi_risk,0.07274182025291606,0.09520910680294037,0.022467286550024307,1
2031,0,449,nonadherence,0.02095423859637527,0.02414652705192566,0.0031922884555503905,1
2031,0,449,claim_rate,0.024106833284219725,0.02869674563407898,0.004589912349859254,1
2031,0,449,claim_severity,0.10223009405925743,0.07907257974147797,0.02315751431777946,1
2031,0,449,provider_complication,0.00459064138873877,0.0008127987384796143,0.0037778426502591556,1
2031,0,449,coverage_gap,0.024594730149038707,0.02908402681350708,0.004489296664468373,1
2031,0,451,age,0.05819455218348771,0.049607500433921814,0.008587051749565894,1
2031,0,451,poor_health,0.08646308376606235,0.07012967765331268,0.016333406112749665,1
2031,0,451,smoking,0.0,0.0,0.0,1
2031,0,451,bmi_risk,0.039758487703941484,0.035501860082149506,0.004256627621791978,1
2031,0,451,nonadherence,0.015437593744343114,0.011864766478538513,0.003572827265804601,1
2031,0,451,claim_rate,0.0,0.0,0.0,1
2031,0,451,claim_severity,0.02635529468718817,0.016956329345703125,0.009398965341485044,1
2031,0,451,provider_complication,0.01826328024263396,0.00342366099357605,0.014839619249057912,1
2031,0,451,coverage_gap,0.02797808296137652,0.027711063623428345,0.00026701933794817667,1
2031,0,463,age,0.08129283924743598,0.07024192065000534,0.01105091859743064,1
2031,0,463,poor_health,0.08882902559946641,0.07397168129682541,0.014857344302641004,1
2031,0,463,smoking,2.7755575615628914e-17,0.0,2.7755575615628914e-17,1
2031,0,463,bmi_risk,0.0322004709074519,0.03237292170524597,0.00017245079779407146,1
2031,0,463,nonadherence,0.05760926073572337,0.047085076570510864,0.010524184165212502,1
2031,0,463,claim_rate,2.7755575615628914e-17,0.0,2.7755575615628914e-17,1
2031,0,463,claim_severity,0.03575973422599238,0.02224995195865631,0.013509782267336068,1
2031,0,463,provider_complication,0.022618736699200642,0.0038563162088394165,0.018762420490361226,1
2031,0,463,coverage_gap,0.05496240191474508,0.053108587861061096,0.0018538140536839831,1
2031,0,482,age,0.006753767890500077,0.004836857318878174,0.0019169105716219034,1
2031,0,482,poor_health,0.007165010255766838,0.005260035395622253,0.0019049748601445843,1
2031,0,482,smoking,6.938893903907228e-18,0.0,6.938893903907228e-18,1
2031,0,482,bmi_risk,0.012607275815516163,0.009052939713001251,0.0035543361025149114,1
2031,0,482,nonadherence,0.009639897725705636,0.006939038634300232,0.002700859091405404,1
2031,0,482,claim_rate,6.938893903907228e-18,0.0,6.938893903907228e-18,1
2031,0,482,claim_severity,6.938893903907228e-18,0.0,6.938893903907228e-18,1
2031,0,482,provider_complication,0.014248232651846056,0.002169407904148102,0.012078824747697954,1
2031,0,482,coverage_gap,0.013383285354380554,0.011004112660884857,0.002379172693495697,1
2031,0,496,age,0.08219369919578086,0.06344330310821533,0.018750396087565527,1
2031,0,496,poor_health,0.04830037530943905,0.03860906511545181,0.009691310193987238,1
2031,0,496,smoking,0.0,0.0,0.0,1
2031,0,496,bmi_risk,0.022097155660273954,0.020045921206474304,0.0020512344537996496,1
2031,0,496,nonadherence,0.03650174984777409,0.02705521136522293,0.009446538482551156,1
2031,0,496,claim_rate,0.0,0.0,0.0,1
2031,0,496,claim_severity,0.0210341747181578,0.013831645250320435,0.007202529467837365,1
2031,0,496,provider_complication,0.02969015764164193,0.0057532936334609985,0.02393686400818093,1
2031,0,496,coverage_gap,0.020743706642752963,0.019242659211158752,0.0015010474315942102,1
2031,0,517,age,0.04275045130157029,0.05112721025943756,0.00837675895786727,1
2031,0,517,poor_health,0.17273274597834165,0.17506904155015945,0.0023362955718178036,1
2031,0,517,smoking,0.0,0.0,0.0,1
2031,0,517,bmi_risk,0.05865868141972966,0.06951376795768738,0.01085508653795772,1
2031,0,517,nonadherence,0.036886521320167454,0.03606116771697998,0.0008253536031874731,1
2031,0,517,claim_rate,0.048752164785265756,0.055851832032203674,0.0070996672469379185,1
2031,0,517,claim_severity,0.08661211050566694,0.0655384510755539,0.02107365943011305,1
2031,0,517,provider_complication,0.04999045089677767,0.009415477514266968,0.040574973382510704,1
2031,0,517,coverage_gap,0.046381996852826235,0.05208328366279602,0.0057012868099697855,1
2031,0,519,age,0.10670199474773037,0.10215491056442261,0.004547084183307765,1
2031,0,519,poor_health,0.10069690577043228,0.1057305634021759,0.005033657631743627,1
2031,0,519,smoking,0.16072052795277192,0.17332236468791962,0.012601836735147698,1
2031,0,519,bmi_risk,0.06926278110911055,0.08115775883197784,0.011894977722867295,1
2031,0,519,nonadherence,0.06504394314690481,0.06291148066520691,0.0021324624816979054,1
2031,0,519,claim_rate,0.0,0.0,0.0,1
2031,0,519,claim_severity,0.11271716740432486,0.06968416273593903,0.04303300466838583,1
2031,0,519,provider_complication,0.011584291212659026,0.0008622109889984131,0.010722080223660613,1
2031,0,519,coverage_gap,0.037793313482211266,0.04020938277244568,0.0024160692902344127,1
2031,0,521,age,0.26948025611410636,0.26051202416419983,0.008968231949906535,1
2031,0,521,poor_health,0.19737693736424278,0.1986181139945984,0.0012411766303556115,1
2031,0,521,smoking,0.20612361876733132,0.21387994289398193,0.0077563241266506155,1
2031,0,521,bmi_risk,0.029825610751396336,0.029957592487335205,0.00013198173593886864,1
2031,0,521,nonadherence,0.07856538616854103,0.07984399795532227,0.0012786117867812363,1
2031,0,521,claim_rate,0.0,0.0,0.0,1
2031,0,521,claim_severity,0.15169688891242866,0.10370829701423645,0.04798859189819221,1
2031,0,521,provider_complication,0.049059627011031615,0.007038295269012451,0.04202133174201916,1
2031,0,521,coverage_gap,0.06321894680697931,0.06902572512626648,0.005806778319287165,1
2031,0,532,age,0.060525863861934114,0.04971916228532791,0.010806701576606202,1
2031,0,532,poor_health,0.04646181929553861,0.04002711921930313,0.006434700076235478,1
2031,0,532,smoking,-1.3877787807814457e-17,0.0,1.3877787807814457e-17,1
2031,0,532,bmi_risk,0.02202708625485371,0.020968250930309296,0.0010588353245444132,1
2031,0,532,nonadherence,0.027106287381818236,0.02108878642320633,0.006017500958611907,1
2031,0,532,claim_rate,-1.3877787807814457e-17,0.0,1.3877787807814457e-17,1
2031,0,532,claim_severity,0.016283441630291995,0.011181741952896118,0.005101699677395877,1
2031,0,532,provider_complication,0.0036058172723241466,0.0005430132150650024,0.003062804057259144,1
2031,0,532,coverage_gap,0.018321696198070433,0.02029622346162796,0.0019745272635575267,1
2031,0,540,age,0.015793389424742815,0.013761527836322784,0.002031861588420031,1
2031,0,540,poor_health,0.01868897090685768,0.01775084063410759,0.0009381302727500887,1
2031,0,540,smoking,0.0,0.0,0.0,1
2031,0,540,bmi_risk,0.010005497968938772,0.008545517921447754,0.0014599800474910177,1
2031,0,540,nonadherence,0.0049404698099194955,0.0038348883390426636,0.001105581470876832,1
2031,0,540,claim_rate,0.0,0.0,0.0,1
2031,0,540,claim_severity,0.0031098110330660747,0.0019293427467346191,0.0011804682863314556,1
2031,0,540,provider_complication,0.0025774211086283874,0.00045543909072875977,0.0021219820178996276,1
2031,0,540,coverage_gap,0.004695936137957019,0.0046265944838523865,6.934165410463211e-05,1
2031,0,542,age,0.14484153841294978,0.10792840272188187,0.03691313569106791,1
2031,0,542,poor_health,0.04003878855213172,0.037711888551712036,0.002326900000419685,1
2031,0,542,smoking,0.0,0.0,0.0,1
2031,0,542,bmi_risk,0.06385649812287986,0.05875018239021301,0.005106315732666844,1
2031,0,542,nonadherence,0.05783216604910313,0.04346449673175812,0.014367669317345011,1
2031,0,542,claim_rate,0.04776971397203389,0.03990793228149414,0.007861781690539749,1
2031,0,542,claim_severity,0.07154523855392136,0.04518817365169525,0.026357064902226113,1
2031,0,542,provider_complication,0.05231071550228947,0.008982956409454346,0.04332775909283512,1
2031,0,542,coverage_gap,0.03465829912245272,0.03531418740749359,0.0006558882850408732,1
2031,0,543,age,0.13677750735570354,0.10610803216695786,0.030669475188745687,1
2031,0,543,poor_health,0.08538426830644327,0.07574471831321716,0.00963954999322611,1
2031,0,543,smoking,2.7755575615628914e-17,0.0,2.7755575615628914e-17,1
2031,0,543,bmi_risk,0.03488826727702532,0.03340010344982147,0.0014881638272038478,1
2031,0,543,nonadherence,0.03615392427998851,0.027629554271697998,0.00852437000829051,1
2031,0,543,claim_rate,0.02356229347242661,0.019557058811187744,0.004005234661238866,1
2031,0,543,claim_severity,0.0553051269639204,0.03456486761569977,0.02074025934822063,1
2031,0,543,provider_complication,0.025349184406188413,0.004064440727233887,0.021284743678954526,1
2031,0,543,coverage_gap,0.05634011450030016,0.055314019322395325,0.0010260951779048344,1
2031,0,545,age,0.02585568373568614,0.018262796103954315,0.007592887631731826,1
2031,0,545,poor_health,0.03477512722338536,0.027153581380844116,0.0076215458425412455,1
2031,0,545,smoking,0.0,0.0,0.0,1
2031,0,545,bmi_risk,0.0042977221170632796,0.002977408468723297,0.0013203136483399824,1
2031,0,545,nonadherence,0.016254778348944524,0.010656535625457764,0.00559824272348676,1
2031,0,545,claim_rate,0.01942754932751095,0.015008591115474701,0.00441895821203625,1
2031,0,545,claim_severity,0.014295608475437038,0.007518582046031952,0.006777026429405086,1
2031,0,545,provider_complication,0.015077193921162815,0.0025732964277267456,0.01250389749343607,1
2031,0,545,coverage_gap,0.014302881354390645,0.012319661676883698,0.0019832196775069477,1
2031,0,555,age,0.05901762299250515,0.04606035351753235,0.012957269474972805,1
2031,0,555,poor_health,0.05701512496877892,0.0445965975522995,0.012418527416479419,1
2031,0,555,smoking,0.0,0.0,0.0,1
2031,0,555,bmi_risk,0.004617312772584314,0.004038974642753601,0.0005783381298307133,1
2031,0,555,nonadherence,0.038652381186066356,0.02706093341112137,0.011591447774944988,1
2031,0,555,claim_rate,0.0,0.0,0.0,1
2031,0,555,claim_severity,0.03626269150653959,0.021507881581783295,0.014754809924756293,1
2031,0,555,provider_complication,0.004086541717833458,0.0005393475294113159,0.0035471941884221425,1
2031,0,555,coverage_gap,0.019058589985140706,0.018436573445796967,0.0006220165393437393,1
2031,0,556,age,0.05591143091128091,0.03494718670845032,0.020964244202830593,1
2031,0,556,poor_health,0.05107770240296712,0.03438115119934082,0.0166965512036263,1
2031,0,556,smoking,0.0,0.0,0.0,1
2031,0,556,bmi_risk,0.04351452535962755,0.028319865465164185,0.015194659894463364,1
2031,0,556,nonadherence,0.009446878205945197,0.005511067807674408,0.003935810398270789,1
2031,0,556,claim_rate,0.0,0.0,0.0,1
2031,0,556,claim_severity,0.0041164496878690615,0.0021232739090919495,0.001993175778777112,1
2031,0,556,provider_complication,0.030955631537520872,0.003590494394302368,0.027365137143218504,1
2031,0,556,coverage_gap,0.02927924812728966,0.022623732686042786,0.006655515441246873,1
2031,0,558,age,0.02750871931824267,0.018688619136810303,0.008820100181432367,1
2031,0,558,poor_health,0.02563732971730362,0.017684772610664368,0.007952557106639252,1
2031,0,558,smoking,1.3877787807814457e-17,0.0,1.3877787807814457e-17,1
2031,0,558,bmi_risk,0.01744216831862065,0.011274777352809906,0.006167390965810746,1
2031,0,558,nonadherence,0.02684608287927817,0.01762787252664566,0.009218210352632511,1
2031,0,558,claim_rate,1.3877787807814457e-17,0.0,1.3877787807814457e-17,1
2031,0,558,claim_severity,1.3877787807814457e-17,0.0,1.3877787807814457e-17,1
2031,0,558,provider_complication,0.011176825991621564,0.0014498084783554077,0.009727017513266156,1
2031,0,558,coverage_gap,0.023916499180078363,0.01771198958158493,0.006204509598493432,1
2031,0,560,age,0.12119969557328908,0.12202085554599762,0.0008211599727085406,1
2031,0,560,poor_health,0.16108386144504683,0.15787212550640106,0.0032117359386457656,1
2031,0,560,smoking,0.0,0.0,0.0,1
2031,0,560,bmi_risk,0.16487699226421537,0.15416204929351807,0.010714942970697305,1
2031,0,560,nonadherence,0.09640434276123994,0.07972753047943115,0.016676812281808784,1
2031,0,560,claim_rate,0.0,0.0,0.0,1
2031,0,560,claim_severity,0.12700173955706712,0.08251330256462097,0.044488436992446145,1
2031,0,560,provider_complication,0.0767024672700608,0.01218491792678833,0.06451754934327247,1
2031,0,560,coverage_gap,0.07555726159330006,0.08317571878433228,0.007618457191032213,1
2031,0,592,age,0.02832739705536473,0.021658390760421753,0.006669006294942978,1
2031,0,592,poor_health,0.06137949570399319,0.046429991722106934,0.014949503981886256,1
2031,0,592,smoking,0.0,0.0,0.0,1
2031,0,592,bmi_risk,0.030928961251298306,0.02262316644191742,0.008305794809380887,1
2031,0,592,nonadherence,0.023218473182932492,0.013202279806137085,0.010016193376795407,1
2031,0,592,claim_rate,0.015588652480667042,0.012302234768867493,0.0032864177117995497,1
2031,0,592,claim_severity,0.05293705406498257,0.033428698778152466,0.019508355286830106,1
2031,0,592,provider_complication,0.005969297093875003,0.0011768490076065063,0.004792448086268497,1
2031,0,592,coverage_gap,0.04410832242833408,0.03930385410785675,0.004804468320477331,1
2031,0,594,age,0.05727038266744182,0.038639314472675323,0.018631068194766495,1
2031,0,594,poor_health,0.03558064499689774,0.024216458201408386,0.011364186795489353,1
2031,0,594,smoking,0.0,0.0,0.0,1
2031,0,594,bmi_risk,0.01074567624918013,0.007026508450508118,0.003719167798672013,1
2031,0,594,nonadherence,0.00953213230972172,0.005338937044143677,0.0041931952655780425,1
2031,0,594,claim_rate,0.014312830643494381,0.009569570422172546,0.004743260221321835,1
2031,0,594,claim_severity,0.02381926620169486,0.01258174329996109,0.01123752290173377,1
2031,0,594,provider_complication,0.015227562098658429,0.0025382786989212036,0.012689283399737225,1
2031,0,594,coverage_gap,0.04194593414110043,0.03438284248113632,0.007563091659964105,1
2031,0,598,age,0.0459442680709828,0.036651596426963806,0.009292671644018993,1
2031,0,598,poor_health,0.07104019317636681,0.05750271677970886,0.01353747639665795,1
2031,0,598,smoking,0.0,0.0,0.0,1
2031,0,598,bmi_risk,0.011984101828836108,0.009795241057872772,0.0021888607709633356,1
2031,0,598,nonadherence,0.012960551294650957,0.009531594812870026,0.0034289564817809315,1
2031,0,598,claim_rate,0.0,0.0,0.0,1
2031,0,598,claim_severity,0.030930030314327256,0.01751265674829483,0.013417373566032426,1
2031,0,598,provider_complication,0.0038086145652227177,0.0007414370775222778,0.00306717748770044,1
2031,0,598,coverage_gap,0.005866993775265061,0.005046717822551727,0.0008202759527133341,1
2031,0,599,age,0.050285664421564166,0.03049389272928238,0.019791771692281787,1
2031,0,599,poor_health,0.03782562190653577,0.025183841586112976,0.01264178032042279,1
2031,0,599,smoking,0.0,0.0,0.0,1
2031,0,599,bmi_risk,0.01365797138992686,0.009883977472782135,0.0037739939171447245,1
2031,0,599,nonadherence,0.040322953689084715,0.02321302890777588,0.017109924781308836,1
2031,0,599,claim_rate,0.015326491289526123,0.011908523738384247,0.003417967551141876,1
2031,0,599,claim_severity,0.042120655532929416,0.02069345861673355,0.021427196916195865,1
2031,0,599,provider_complication,0.015004479885655703,0.0024468153715133667,0.012557664514142336,1
2031,0,599,coverage_gap,0.02932737692954132,0.02334512770175934,0.005982249227781983,1
2032,0,2,age,0.16978560633310175,0.13304752111434937,0.03673808521875238,1
2032,0,2,poor_health,0.19173594867289845,0.18454870581626892,0.007187242856629528,1
2032,0,2,smoking,0.2038484899193636,0.1964997947216034,0.007348695197760213,1
2032,0,2,bmi_risk,0.171150274613735,0.15623274445533752,0.014917530158397474,1
2032,0,2,nonadherence,0.025003806656132166,0.02202165126800537,0.002982155388126795,1
2032,0,2,claim_rate,0.06488316141151779,0.055023401975631714,0.009859759435886073,1
2032,0,2,claim_severity,0.1700571330193435,0.09653189778327942,0.07352523523606408,1
2032,0,2,provider_complication,0.015449150972205117,0.002454102039337158,0.012995048932867959,1
2032,0,2,coverage_gap,0.01848767922600847,0.01715749502182007,0.0013301842041884004,1
2032,0,3,age,0.13565401607078223,0.14537375420331955,0.00971973813253732,1
2032,0,3,poor_health,0.08826957090855073,0.09975232183933258,0.011482750930781854,1
2032,0,3,smoking,2.7755575615628914e-17,0.0,2.7755575615628914e-17,1
2032,0,3,bmi_risk,0.018471634153808814,0.02405141294002533,0.005579778786216516,1
2032,0,3,nonadherence,0.010540703445563626,0.011750102043151855,0.0012093985975882293,1
2032,0,3,claim_rate,0.04075981476157972,0.05194801092147827,0.01118819615989855,1
2032,0,3,claim_severity,0.04940199680337182,0.03989151120185852,0.009510485601513297,1
2032,0,3,provider_complication,0.00394458976120815,0.0008510947227478027,0.0030934950384603477,1
2032,0,3,coverage_gap,0.054009843357609916,0.06611329317092896,0.01210344981331904,1
2032,0,5,age,1.3877787807814457e-17,0.0,1.3877787807814457e-17,1
2032,0,5,poor_health,0.009076090087792064,0.010718755424022675,0.0016426653362306108,1
2032,0,5,smoking,1.3877787807814457e-17,0.0,1.3877787807814457e-17,1
2032,0,5,bmi_risk,0.0031116900086689617,0.0032355710864067078,0.0001238810777377461,1
2032,0,5,nonadherence,0.008867594342060699,0.008683159947395325,0.00018443439466537398,1
2032,0,5,claim_rate,1.3877787807814457e-17,0.0,1.3877787807814457e-17,1
2032,0,5,claim_severity,1.3877787807814457e-17,0.0,1.3877787807814457e-17,1
2032,0,5,provider_complication,0.009477157557957864,0.0015459544956684113,0.007931203062289453,1
2032,0,5,coverage_gap,0.007794815303835648,0.008605584502220154,0.0008107691983845061,1
2032,0,7,age,0.053843013743614526,0.04052861034870148,0.01331440339491305,1
2032,0,7,poor_health,0.05319137579887952,0.046674832701683044,0.006516543097196473,1
2032,0,7,smoking,0.0,0.0,0.0,1
2032,0,7,bmi_risk,0.018767147114259086,0.01344791054725647,0.0053192365670026165,1
2032,0,7,nonadherence,0.017486501416673697,0.011726081371307373,0.005760420045366324,1
2032,0,7,claim_rate,0.014568581384104634,0.014569580554962158,9.99170857524101e-07,1
2032,0,7,claim_severity,0.04176959655813697,0.02513118088245392,0.016638415675683055,1
2032,0,7,provider_complication,0.017107514004176927,0.0034814924001693726,0.013626021604007554,1
2032,0,7,coverage_gap,0.0020485792682482518,0.001806497573852539,0.0002420816943957127,1
2032,0,8,age,0.15032167699245932,0.13682222366333008,0.013499453329129246,1
2032,0,8,poor_health,0.015586762003755084,0.01903015375137329,0.0034433917476182074,1
2032,0,8,smoking,0.13655170290339888,0.13592194020748138,0.0006297626959174962,1
2032,0,8,bmi_risk,0.09757151008161782,0.10256728529930115,0.004995775217683324,1
2032,0,8,nonadherence,0.04514858602147431,0.0460033118724823,0.0008547258510079869,1
2032,0,8,claim_rate,0.0,0.0,0.0,1
2032,0,8,claim_severity,0.054444094502905854,0.03448878228664398,0.019955312216261872,1
2032,0,8,provider_complication,0.004681660666565446,0.0005250871181488037,0.004156573548416642,1
2032,0,8,coverage_gap,0.00886530601419605,0.009411633014678955,0.0005463270004829046,1
2032,0,20,age,0.13269970644409426,0.11991403996944427,0.012785666474649987,1
2032,0,20,poor_health,0.12340962592593333,0.11537960171699524,0.008030024208938086,1
2032,0,20,smoking,0.0,0.0,0.0,1
2032,0,20,bmi_risk,0.122000475086814,0.11264704167842865,0.009353433408385348,1
2032,0,20,nonadherence,0.04872239547162932,0.043231502175331116,0.005490893296298205,1
2032,0,20,claim_rate,0.028038527631695842,0.0326215922832489,0.004583064651553059,1
2032,0,20,claim_severity,0.08609815864242099,0.050335437059402466,0.03576272158301852,1
2032,0,20,provider_complication,0.06081852387723008,0.010541409254074097,0.05027711462315598,1
2032,0,20,coverage_gap,0.04461431268862154,0.03973563015460968,0.004878682534011858,1
2032,0,22,age,0.07053378067212199,0.08385220170021057,0.013318421028088584,1
2032,0,22,poor_health,0.18524598079514315,0.2213273048400879,0.03608132404494474,1
2032,0,22,smoking,0.0,0.0,0.0,1
2032,0,22,bmi_risk,0.022788947182600272,0.03264620900154114,0.009857261818940866,1
2032,0,22,nonadherence,0.057341511361548414,0.06193313002586365,0.0045916186643152335,1
2032,0,22,claim_rate,0.07663820743836389,0.11329236626625061,0.036654158827886724,1
2032,0,22,claim_severity,0.1330578662654838,0.11168017983436584,0.021377686431117954,1
2032,0,22,provider_complication,0.004989830166107823,0.0008906424045562744,0.004099187761551548,1
2032,0,22,coverage_gap,0.04604449332405813,0.05864059925079346,0.012596105926735324,1
2032,0,25,age,0.06547696410402257,0.04781627655029297,0.017660687553729598,1
2032,0,25,poor_health,0.04115866188211682,0.03538680821657181,0.005771853665545015,1
2032,0,25,smoking,0.0,0.0,0.0,1
2032,0,25,bmi_risk,0.043730968009035934,0.03332468867301941,0.010406279336016525,1
2032,0,25,nonadherence,0.010273221885300193,0.007320970296859741,0.002952251588440452,1
2032,0,25,claim_rate,0.014781963295231418,0.013565011322498322,0.0012169519727330963,1
2032,0,25,claim_severity,0.03643319519643115,0.019349798560142517,0.017083396636288634,1
2032,0,25,provider_complication,0.0004913507652585525,7.200241088867188e-05,0.0004193483543698806,1
2032,0,25,coverage_gap,0.011514450771954898,0.010612882673740387,0.0009015680982145113,1
2032,0,31,age,0.07465396800406084,0.05666382610797882,0.017990141896082015,1
2032,0,31,poor_health,0.05370561120088936,0.04482258856296539,0.008883022637923968,1
2032,0,31,smoking,0.0,0.0,0.0,1
2032,0,31,bmi_risk,0.04806713981320043,0.0387694388628006,0.009297700950399834,1
2032,0,31,nonadherence,0.03346522671609073,0.022770240902900696,0.010694985813190033,1
2032,0,31,claim_rate,0.017998149793118173,0.01672092080116272,0.0012772289919554536,1
2032,0,31,claim_severity,0.02675207279952263,0.016860157251358032,0.009891915548164598,1
2032,0,31,provider_complication,0.029657852093424142,0.005268499255180359,0.024389352838243783,1
2032,0,31,coverage_gap,0.04468642664485356,0.04021856188774109,0.004467864757112472,1
2032,0,33,age,0.024360493051745744,0.020342357456684113,0.004018135595061631,1
2032,0,33,poor_health,0.057385003324841914,0.061813727021217346,0.004428723696375432,1
2032,0,33,smoking,-1.3877787807814457e-17,0.0,1.3877787807814457e-17,1
2032,0,33,bmi_risk,0.009742812915023477,0.007906302809715271,0.0018365101053082061,1
2032,0,33,nonadherence,0.0032140844969343607,0.0024409443140029907,0.00077314018293137,1
2032,0,33,claim_rate,0.02351705968628176,0.027293458580970764,0.0037763988946890037,1
2032,0,33,claim_severity,0.036236179309108024,0.024194255471229553,0.012041923837878471,1
2032,0,33,provider_complication,0.011245590795773447,0.002290487289428711,0.008955103506344736,1
2032,0,33,coverage_gap,0.00897890844750178,0.009126096963882446,0.00014718851638066688,1
2032,0,40,age,0.028080570666513066,0.02000921219587326,0.008071358470639806,1
2032,0,40,poor_health,0.042357066513478314,0.038814619183540344,0.00354244732993797,1
2032,0,40,smoking,-1.3877787807814457e-17,0.0,1.3877787807814457e-17,1
2032,0,40,bmi_risk,0.0342185844795915,0.025957606732845306,0.008260977746746195,1
2032,0,40,nonadherence,0.02937696615363837,0.020889371633529663,0.008487594520108707,1
2032,0,40,claim_rate,-1.3877787807814457e-17,0.0,1.3877787807814457e-17,1
2032,0,40,claim_severity,0.03436442325941677,0.018288657069206238,0.016075766190210533,1
2032,0,40,provider_complication,0.019756143746101712,0.0022902637720108032,0.01746587997409091,1
2032,0,40,coverage_gap,0.01160248420148699,0.009650029242038727,0.0019524549594482632,1
2032,0,42,age,0.037528329197665466,0.020411580801010132,0.017116748396655335,1
2032,0,42,poor_health,0.07370646214663092,0.04567994177341461,0.028026520373216304,1
2032,0,42,smoking,0.0,0.0,0.0,1
2032,0,42,bmi_risk,0.04359907695240309,0.02279984951019287,0.020799227442210216,1
2032,0,42,nonadherence,0.0029918832730038425,0.0014198124408721924,0.0015720708321316501,1
2032,0,42,claim_rate,0.0195961678037736,0.013660557568073273,0.005935610235700328,1
2032,0,42,claim_severity,0.06791920669383678,0.029658310115337372,0.038260896578499404,1
2032,0,42,provider_complication,0.041689821148800155,0.006039023399353027,0.03565079774944713,1
2032,0,42,coverage_gap,0.03291214404004042,0.021416492760181427,0.011495651279858993,1
2032,0,48,age,0.09870559520839618,0.09023136645555496,0.00847422875284122,1
2032,0,48,poor_health,0.06492924408323479,0.05929645895957947,0.005632785123655323,1
2032,0,48,smoking,-2.7755575615628914e-17,0.0,2.7755575615628914e-17,1
2032,0,48,bmi_risk,0.04037873751308005,0.03639543056488037,0.0039833069481996775,1
2032,0,48,nonadherence,0.02913777055166461,0.0292900949716568,0.00015232441999218915,1
2032,0,48,claim_rate,0.018621727832973056,0.01842646300792694,0.0001952648250461153,1
2032,0,48,claim_severity,0.049321138630821465,0.031278714537620544,0.01804242409320092,1
2032,0,48,provider_complication,0.036308708991023536,0.007570177316665649,0.028738531674357887,1
2032,0,48,coverage_gap,0.014883700679061307,0.014079809188842773,0.0008038914902185335,1
2032,0,50,age,0.0,0.0,0.0,1
2032,0,50,poor_health,0.014409254929275528,0.015227392315864563,0.0008181373865890351,1
2032,0,50,smoking,0.0,0.0,0.0,1
2032,0,50,bmi_risk,0.011061776490720647,0.009495489299297333,0.0015662871914233142,1
2032,0,50,nonadherence,0.018297676078474774,0.01538732647895813,0.0029103495995166442,1
2032,0,50,claim_rate,0.008135758211314709,0.009672604501247406,0.0015368462899326973,1
2032,0,50,claim_severity,0.007134573821334089,0.004336372017860413,0.0027982018034736766,1
2032,0,50,provider_complication,0.008886956692814578,0.0012545660138130188,0.007632390679001559,1
2032,0,50,coverage_gap,0.019791335439147753,0.020260117948055267,0.00046878250890751427,1
2032,0,58,age,0.05460045812765035,0.05727982521057129,0.002679367082920936,1
2032,0,58,poor_health,0.2101353165672934,0.2316632866859436,0.021527970118650208,1
2032,0,58,smoking,0.19787042219864887,0.21431556344032288,0.01644514124167401,1
2032,0,58,bmi_risk,0.1252112878248482,0.13492852449417114,0.009717236669322948,1
2032,0,58,nonadherence,0.026888903595740254,0.026156961917877197,0.0007319416778630572,1
2032,0,58,claim_rate,0.032356062129242136,0.03996679186820984,0.007610729738967703,1
2032,0,58,claim_severity,0.2084038922269677,0.14345744252204895,0.06494644970491875,1
2032,0,58,provider_complication,0.04595383505301104,0.007541656494140625,0.03841217855887041,1
2032,0,58,coverage_gap,0.024979967966913708,0.026222437620162964,0.0012424696532492563,1
2032,0,67,age,0.07386016056779682,0.055754922330379486,0.01810523823741733,1
2032,0,67,poor_health,0.05585550448956929,0.04759829491376877,0.00825720957580052,1
2032,0,67,smoking,-2.7755575615628914e-17,0.0,2.7755575615628914e-17,1
2032,0,67,bmi_risk,0.02172845639025564,0.016271457076072693,0.005456999314182948,1
2032,0,67,nonadherence,0.005067459820792153,0.0038079023361206055,0.0012595574846715474,1
2032,0,67,claim_rate,0.016874620881026536,0.015232205390930176,0.0016424154900963606,1
2032,0,67,claim_severity,0.04040533528044295,0.024573802947998047,0.0158315323324449,1
2032,0,67,provider_complication,0.023820012551728997,0.004594027996063232,0.019225984555665765,1
2032,0,67,coverage_gap,0.04635132346338519,0.0410565510392189,0.005294772424166289,1
2032,0,69,age,0.0571032412098966,0.031306587159633636,0.025796654050262963,1
2032,0,69,poor_health,0.06350039313232295,0.04525439441204071,0.018245998720282236,1
2032,0,69,smoking,0.0,0.0,0.0,1
2032,0,69,bmi_risk,0.03493508280618776,0.022193193435668945,0.012741889370518816,1
2032,0,69,nonadherence,0.030342994221736475,0.017816543579101562,0.012526450642634912,1
2032,0,69,claim_rate,0.03624571888899397,0.029979676008224487,0.006266042880769485,1
2032,0,69,claim_severity,0.04152588436631563,0.01700703799724579,0.02451884636906984,1
2032,0,69,provider_complication,0.006839496433848846,0.0006952732801437378,0.006144223153705108,1
2032,0,69,coverage_gap,0.054097587128173696,0.03656932711601257,0.017528260012161123,1
2032,0,71,age,0.03411261736484776,0.02684807777404785,0.007264539590799909,1
2032,0,71,poor_health,0.07930812171873598,0.07318591326475143,0.006122208453984548,1
2032,0,71,smoking,0.0,0.0,0.0,1
2032,0,71,bmi_risk,0.007578763622929169,0.005897790193557739,0.0016809734293714296,1
2032,0,71,nonadherence,0.021310746817744752,0.016400471329689026,0.0049102754880557264,1
2032,0,71,claim_rate,0.015388179637786326,0.01697389781475067,0.0015857181769643458,1
2032,0,71,claim_severity,0.04031223133309113,0.023653775453567505,0.016658455879523623,1
2032,0,71,provider_complication,0.022182010879913186,0.004709199070930481,0.017472811808982705,1
2032,0,71,coverage_gap,0.014145725429045936,0.011801645159721375,0.002344080269324561,1
2032,0,73,age,0.031712023878200574,0.022135630249977112,0.009576393628223462,1
2032,0,73,poor_health,0.028814722729361947,0.02247629314661026,0.006338429582751687,1
2032,0,73,smoking,-1.3877787807814457e-17,0.0,1.3877787807814457e-17,1
2032,0,73,bmi_risk,0.005568293945757502,0.003674134612083435,0.001894159333674067,1
2032,0,73,nonadherence,0.01606446645157672,0.010256193578243256,0.005808272873333464,1
2032,0,73,claim_rate,-1.3877787807814457e-17,0.0,1.3877787807814457e-17,1
2032,0,73,claim_severity,0.022502767192078985,0.012113012373447418,0.010389754818631566,1
2032,0,73,provider_complication,0.021868874529123533,0.0031278878450393677,0.018740986684084165,1
2032,0,73,coverage_gap,0.024386233498192286,0.01807718724012375,0.0063090462580685375,1
2032,0,76,age,0.03688173307399702,0.023893848061561584,0.012987885012435432,1
2032,0,76,poor_health,0.05752025291780498,0.04440902918577194,0.013111223732033037,1
2032,0,76,smoking,0.0,0.0,0.0,1
2032,0,76,bmi_risk,0.030561407246507105,0.01968250423669815,0.010878903009808955,1
2032,0,76,nonadherence,0.027659913853988832,0.01676899939775467,0.010890914456234163,1
2032,0,76,claim_rate,0.01632977387071391,0.014422804117202759,0.0019069697535111507,1
2032,0,76,claim_severity,0.052351839395851765,0.028298497200012207,0.024053342195839558,1
2032,0,76,provider_complication,0.03021563737273955,0.005089595913887024,0.025126041458852527,1
2032,0,76,coverage_gap,0.0245054192804591,0.01855570077896118,0.005949718501497919,1
2032,0,80,age,0.04660055674769128,0.04207082837820053,0.004529728369490747,1
2032,0,80,poor_health,0.02772121661233816,0.027719996869564056,1.219742774102861e-06,1
2032,0,80,smoking,-2.7755575615628914e-17,0.0,2.7755575615628914e-17,1
2032,0,80,bmi_risk,0.010352740747438471,0.00921592116355896,0.0011368195838795114,1
2032,0,80,nonadherence,0.015033668463038663,0.012411922216415405,0.0026217462466232577,1
2032,0,80,claim_rate,-2.7755575615628914e-17,0.0,2.7755575615628914e-17,1
2032,0,80,claim_severity,-2.7755575615628914e-17,0.0,2.7755575615628914e-17,1
2032,0,80,provider_complication,0.019177011856620657,0.0026372894644737244,0.016539722392146933,1
2032,0,80,coverage_gap,0.01234582706755269,0.011350780725479126,0.0009950463420735634,1
2032,0,81,age,0.033518562018900334,0.02666810154914856,0.006850460469751775,1
2032,0,81,poor_health,0.027669619848396852,0.02565440535545349,0.002015214492943361,1
2032,0,81,smoking,0.0,0.0,0.0,1
2032,0,81,bmi_risk,0.005431727533535394,0.004186570644378662,0.0012451568891567316,1
2032,0,81,nonadherence,0.022115470286986724,0.016425721347332,0.0056897489396547235,1
2032,0,81,claim_rate,0.0,0.0,0.0,1
2032,0,81,claim_severity,0.019005058008623038,0.011608578264713287,0.007396479743909751,1
2032,0,81,provider_complication,0.013613910835973478,0.0028039738535881042,0.010809936982385374,1
2032,0,81,coverage_gap,0.0016653886473076557,0.001615665853023529,4.9722794284126626e-05,1
2032,0,82,age,-6.938893903907228e-18,0.0,6.938893903907228e-18,1
2032,0,82,poor_health,0.006433841165711503,0.007587619125843048,0.0011537779601315454,1
2032,0,82,smoking,-6.938893903907228e-18,0.0,6.938893903907228e-18,1
2032,0,82,bmi_risk,0.016918922841704577,0.016891740262508392,2.7182579196184664e-05,1
2032,0,82,nonadherence,0.006930949770641612,0.006192632019519806,0.0007383177511218059,1
2032,0,82,claim_rate,0.005940319658824536,0.0077204629778862,0.001780143319061664,1
2032,0,82,claim_severity,0.0002332191003237491,0.00014531612396240234,8.790297636134675e-05,1
2032,0,82,provider_complication,0.00514346084938621,0.0007732436060905457,0.004370217243295664,1
2032,0,82,coverage_gap,0.010219634451944487,0.011604852974414825,0.0013852185224703384,1
2032,0,83,age,0.08375658299956491,0.07106389850378036,0.012692684495784548,1
2032,0,83,poor_health,0.06421340611958316,0.0613199844956398,0.0028934216239433624,1
2032,0,83,smoking,0.0,0.0,0.0,1
2032,0,83,bmi_risk,0.004363499024583217,0.004438549280166626,7.505025558340872e-05,1
2032,0,83,nonadherence,0.029826286345661576,0.025835692882537842,0.003990593463123734,1
2032,0,83,claim_rate,0.0,0.0,0.0,1
2032,0,83,claim_severity,0.030063443753418878,0.02015918493270874,0.009904258820710138,1
2032,0,83,provider_complication,0.0029464588923064083,0.0005707889795303345,0.002375669912776074,1
2032,0,83,coverage_gap,0.02034094671792555,0.018770679831504822,0.0015702668864207292,1
2032,0,84,age,0.10907654424183955,0.09571534395217896,0.01336120028966059,1
2032,0,84,poor_health,0.20027823711221343,0.1859743297100067,0.014303907402206717,1
2032,0,84,smoking,-5.551115123125783e-17,0.0,5.551115123125783e-17,1
2032,0,84,bmi_risk,0.05917656683188771,0.058473557233810425,0.0007030095980772866,1
2032,0,84,nonadherence,0.017693996684116864,0.01973232626914978,0.0020383295850329164,1
2032,0,84,claim_rate,0.08486335484934732,0.09319505095481873,0.008331696105471409,1
2032,0,84,claim_severity,0.12516212871549803,0.08097666501998901,0.04418546369550902,1
2032,0,84,provider_complication,0.04715416964157865,0.007087141275405884,0.04006702836617276,1
2032,0,84,coverage_gap,0.049808682938717985,0.051425546407699585,0.0016168634689815997,1
2032,0,89,age,0.014533903236214923,0.013210069388151169,0.0013238338480637546,1
2032,0,89,poor_health,0.00948428938555481,0.010039620101451874,0.0005553307158970636,1
2032,0,89,smoking,-6.938893903907228e-18,0.0,6.938893903907228e-18,1
2032,0,89,bmi_risk,0.0035762690567547745,0.0031714513897895813,0.00040481766696519317,1
2032,0,89,nonadherence,0.01562826657553215,0.013583995401859283,0.002044271173672868,1
2032,0,89,claim_rate,-6.938893903907228e-18,0.0,6.938893903907228e-18,1
2032,0,89,claim_severity,0.0008374029571390981,0.0005289167165756226,0.00030848624056347557,1
2032,0,89,provider_complication,0.009836243427143634,0.0014003366231918335,0.008435906803951801,1
2032,0,89,coverage_gap,0.017770209161002255,0.017642945051193237,0.00012726410980901798,1
2032,0,95,age,0.010437578511594783,0.008208252489566803,0.0022293260220279804,1
2032,0,95,poor_health,0.03311188707269358,0.03143623471260071,0.0016756523600928719,1
2032,0,95,smoking,-1.3877787807814457e-17,0.0,1.3877787807814457e-17,1
2032,0,95,bmi_risk,0.007934676464062637,0.005971305072307587,0.0019633713917550505,1
2032,0,95,nonadherence,0.023572961366517806,0.017407409846782684,0.006165551519735121,1
2032,0,95,claim_rate,0.011094370129011905,0.011883057653903961,0.0007886875248920566,1
2032,0,95,claim_severity,0.019885678968530177,0.013232983648777008,0.0066526953197531685,1
2032,0,95,provider_complication,0.020408937665796364,0.00454508513212204,0.015863852533674325,1
2032,0,95,coverage_gap,0.0247440843695325,0.023524336516857147,0.0012197478526753541,1
2032,0,104,age,0.054099376611859734,0.04122234880924225,0.012877027802617486,1
2032,0,104,poor_health,0.046166389531622554,0.03989827632904053,0.006268113202582026,1
2032,0,104,smoking,0.1324412674957567,0.11952616274356842,0.012915104752188267,1
2032,0,104,bmi_risk,0.008917665222530458,0.008553653955459595,0.00036401126707086284,1
2032,0,104,nonadherence,0.05264432615678455,0.035190507769584656,0.017453818387199893,1
2032,0,104,claim_rate,0.0692406502456974,0.07210180163383484,0.002861151388137445,1
2032,0,104,claim_severity,0.10422325672294275,0.06677144765853882,0.03745180906440393,1
2032,0,104,provider_complication,0.03466036579123133,0.006518959999084473,0.028141405792146856,1
2032,0,104,coverage_gap,0.031166642981382497,0.026027649641036987,0.00513899334034551,1
2032,0,122,age,0.06389076920778174,0.05120144039392471,0.012689328813857023,1
2032,0,122,poor_health,0.03878647926614423,0.03532416373491287,0.003462315531231358,1
2032,0,122,smoking,0.0,0.0,0.0,1
2032,0,122,bmi_risk,0.036877190829320575,0.032694458961486816,0.004182731867833758,1
2032,0,122,nonadherence,0.04604366998641436,0.03534767031669617,0.010695999669718195,1
2032,0,122,claim_rate,0.0,0.0,0.0,1
2032,0,122,claim_severity,0.013332741133318116,0.007790520787239075,0.005542220346079041,1
2032,0,122,provider_complication,0.020095737626325397,0.0019438564777374268,0.01815188114858797,1
2032,0,122,coverage_gap,0.03595199042638361,0.03216736018657684,0.003784630239806769,1
2032,0,131,age,0.1300280622478509,0.11815027892589569,0.011877783321955215,1
2032,0,131,poor_health,0.2015902197683495,0.1925036609172821,0.009086558851067406,1
2032,0,131,smoking,5.551115123125783e-17,0.0,5.551115123125783e-17,1
2032,0,131,bmi_risk,0.046567548840070916,0.04654094576835632,2.660307171459264e-05,1
2032,0,131,nonadherence,0.01955466967218572,0.018650561571121216,0.0009041081010645047,1
2032,0,131,claim_rate,0.029430537564933523,0.03333738446235657,0.003906846897423044,1
2032,0,131,claim_severity,0.17625559377221994,0.11387839913368225,0.06237719463853769,1
2032,0,131,provider_complication,0.06162306914374538,0.008280724287033081,0.0533423448567123,1
2032,0,131,coverage_gap,0.0586156428761907,0.057007044553756714,0.001608598322433985,1
2032,0,132,age,0.05517391548140099,0.0375804677605629,0.017593447720838096,1
2032,0,132,poor_health,0.03786817208585358,0.029646195471286774,0.008221976614566806,1
2032,0,132,smoking,0.0,0.0,0.0,1
2032,0,132,bmi_risk,0.034190772246025875,0.02360902726650238,0.010581744979523494,1
2032,0,132,nonadherence,0.020319289769548277,0.012754566967487335,0.007564722802060941,1
2032,0,132,claim_rate,0.0,0.0,0.0,1
2032,0,132,claim_severity,0.014677509316926643,0.007206939160823822,0.007470570156102821,1
2032,0,132,provider_complication,0.021878644188641702,0.0022941231727600098,0.019584521015881692,1
2032,0,132,coverage_gap,0.01647572285593056,0.012462101876735687,0.0040136209791948735,1
2032,0,135,age,0.022646442969256407,0.020289767533540726,0.0023566754357156813,1
2032,0,135,poor_health,0.0012391239309145485,0.0012805014848709106,4.137755395636211e-05,1
2032,0,135,smoking,-1.3877787807814457e-17,0.0,1.3877787807814457e-17,1
2032,0,135,bmi_risk,0.009824153274683924,0.008725613355636597,0.001098539919047327,1
2032,0,135,nonadherence,0.008766047266798152,0.007609918713569641,0.001156128553228511,1
2032,0,135,claim_rate,0.013691525068606145,0.01582987606525421,0.002138350996648067,1
2032,0,135,claim_severity,-1.3877787807814457e-17,0.0,1.3877787807814457e-17,1
2032,0,135,provider_complication,0.014576170229307552,0.0019557327032089233,0.012620437526098628,1
2032,0,135,coverage_gap,0.009183975856240166,0.00872882455587387,0.0004551513003662952,1
2032,0,141,age,0.0657106058030281,0.059491440653800964,0.006219165149227129,1
2032,0,141,poor_health,0.07668121268401497,0.0764106884598732,0.0002705242241417688,1
2032,0,141,smoking,0.0,0.0,0.0,1
2032,0,141,bmi_risk,0.03966045559239759,0.036832988262176514,0.002827467330221073,1
2032,0,141,nonadherence,0.04494390590262198,0.04178449511528015,0.003159410787341832,1
2032,0,141,claim_rate,0.0,0.0,0.0,1
2032,0,141,claim_severity,0.05721108012074491,0.039503470063209534,0.017707610057535378,1
2032,0,141,provider_complication,0.0029317124178811216,0.0005038678646087646,0.002427844553272357,1
2032,0,141,coverage_gap,0.043882009505267716,0.041076838970184326,0.00280517053508339,1
2032,0,144,age,0.10433231493101175,0.12827301025390625,0.0239406953228945,1
2032,0,144,poor_health,0.1038599953578998,0.14170081913471222,0.037840823776812416,1
2032,0,144,smoking,0.13889477930761468,0.1786920428276062,0.03979726351999152,1
2032,0,144,bmi_risk,0.015069451836299874,0.020224303007125854,0.00515485117082598,1
2032,0,144,nonadherence,0.0799425966199519,0.09779149293899536,0.01784889631904346,1
2032,0,144,claim_rate,0.025655755257849355,0.03827264904975891,0.012616893791909556,1
2032,0,144,claim_severity,0.07861927812282363,0.0652356743812561,0.013383603741567524,1
2032,0,144,provider_complication,0.01217241347135356,0.0023844540119171143,0.009787959459436446,1
2032,0,144,coverage_gap,0.032474887120532536,0.040959954261779785,0.008485067141247249,1
2032,0,148,age,0.04364537064487428,0.03931763023138046,0.004327740413493819,1
2032,0,148,poor_health,0.04234653263146501,0.03998108208179474,0.0023654505496702727,1
2032,0,148,smoking,0.0,0.0,0.0,1
2032,0,148,bmi_risk,0.03218174102817557,0.029850415885448456,0.002331325142727117,1
2032,0,148,nonadherence,0.03962017402918404,0.03265345096588135,0.0069667230633026905,1
2032,0,148,claim_rate,0.0,0.0,0.0,1
2032,0,148,claim_severity,0.036438556370828684,0.026825033128261566,0.009613523242567118,1
2032,0,148,provider_complication,0.026660908349511722,0.005507528781890869,0.021153379567620853,1
2032,0,148,coverage_gap,0.03750156738350974,0.03718903660774231,0.0003125307757674278,1
2032,0,151,age,0.006317346918582739,0.003797583281993866,0.002519763636588873,1
2032,0,151,poor_health,0.0779678181209561,0.05687009543180466,0.021097722689151444,1
2032,0,151,smoking,0.0,0.0,0.0,1
2032,0,151,bmi_risk,0.014949954238138802,0.008995741605758667,0.005954212632380135,1
2032,0,151,nonadherence,0.030690317860601085,0.017895817756652832,0.012794500103948253,1
2032,0,151,claim_rate,0.016206621792853315,0.013535790145397186,0.002670831647456129,1
2032,0,151,claim_severity,0.046522044233052826,0.02047988772392273,0.026042156509130096,1
2032,0,151,provider_complication,0.039529895177448496,0.005988568067550659,0.03354132710989784,1
2032,0,151,coverage_gap,0.02626085036705142,0.017191968858242035,0.009068881508809384,1
2032,0,157,age,0.16313598419674577,0.14763924479484558,0.01549673940190019,1
2032,0,157,poor_health,0.10444493733552221,0.10854293406009674,0.004097996724574532,1
2032,0,157,smoking,0.14986021348698056,0.15249468386173248,0.002634470374751924,1
2032,0,157,bmi_risk,0.05451960377881421,0.06138607859611511,0.006866474817300905,1
2032,0,157,nonadherence,0.016887932646262205,0.018868058919906616,0.0019801262736444114,1
2032,0,157,claim_rate,0.0,0.0,0.0,1
2032,0,157,claim_severity,0.07459402360946937,0.05198073387145996,0.022613289738009412,1
2032,0,157,provider_complication,0.021521687260234623,0.00391000509262085,0.017611682167613774,1
2032,0,157,coverage_gap,0.016640058494952925,0.015920490026474,0.0007195684684789261,1
2032,0,173,age,0.057676310331525885,0.045640669763088226,0.012035640568437658,1
2032,0,173,poor_health,0.06064732420281596,0.05778001248836517,0.0028673117144507876,1
2032,0,173,smoking,0.0,0.0,0.0,1
2032,0,173,bmi_risk,0.0042339905350523566,0.003201305866241455,0.0010326846688109015,1
2032,0,173,nonadherence,0.009775635058847237,0.006651058793067932,0.0031245762657793053,1
2032,0,173,claim_rate,0.014162299230438935,0.014205247163772583,4.294793333364799e-05,1
2032,0,173,claim_severity,0.03326510126889132,0.01843687891960144,0.014828222349289877,1
2032,0,173,provider_complication,0.01548064332291997,0.0018788427114486694,0.013601800611471301,1
2032,0,173,coverage_gap,0.026110186822189713,0.02182745933532715,0.004282727486862564,1
2032,0,177,age,0.0034752767540964236,0.002647966146469116,0.0008273106076273073,1
2032,0,177,poor_health,0.029602745696816972,0.027691997587680817,0.0019107481091361553,1
2032,0,177,smoking,0.0,0.0,0.0,1
2032,0,177,bmi_risk,0.019849061962141062,0.01570839434862137,0.004140667613519694,1
2032,0,177,nonadherence,0.013246711010116055,0.008985467255115509,0.004261243755000546,1
2032,0,177,claim_rate,0.0,0.0,0.0,1
2032,0,177,claim_severity,0.017463817035220236,0.010165192186832428,0.007298624848387808,1
2032,0,177,provider_complication,0.006394158205491149,0.0013802126049995422,0.005013945600491607,1
2032,0,177,coverage_gap,0.011551748815939386,0.010771706700325012,0.0007800421156143739,1
2032,0,179,age,0.06408852123277337,0.04286140948534012,0.021227111747433247,1
2032,0,179,poor_health,0.045747098091644775,0.03570882976055145,0.010038268331093322,1
2032,0,179,smoking,0.0,0.0,0.0,1
2032,0,179,bmi_risk,0.02192993199927694,0.013846047222614288,0.00808388477666265,1
2032,0,179,nonadherence,0.023793178831467796,0.014424756169319153,0.009368422662148643,1
2032,0,179,claim_rate,0.0,0.0,0.0,1
2032,0,179,claim_severity,0.03574723871720785,0.016997866332530975,0.018749372384676874,1
2032,0,179,provider_complication,0.021033550517978547,0.002365991473197937,0.01866755904478061,1
2032,0,179,coverage_gap,0.016399212807981206,0.01207500696182251,0.004324205846158696,1
2032,0,184,age,0.04535449460770949,0.0345829576253891,0.01077153698232039,1
2032,0,184,poor_health,0.06009334802851979,0.052189700305461884,0.007903647723057905,1
2032,0,184,smoking,2.7755575615628914e-17,0.0,2.7755575615628914e-17,1
2032,0,184,bmi_risk,0.02213284410348748,0.017063438892364502,0.005069405211122979,1
2032,0,184,nonadherence,0.025495129661054605,0.01823367178440094,0.007261457876653665,1
2032,0,184,claim_rate,0.014219124874499597,0.014718152582645416,0.0004990277081458189,1
2032,0,184,claim_severity,0.03383136869665092,0.019245274364948273,0.014586094331702645,1
2032,0,184,provider_complication,0.002266717978206295,0.00041303038597106934,0.0018536875922352258,1
2032,0,184,coverage_gap,0.006672766186200413,0.005246371030807495,0.0014263951553929177,1
2032,0,185,age,0.09067994087551484,0.07059086859226227,0.020089072283252574,1
2032,0,185,poor_health,0.04090852993920979,0.041925325989723206,0.0010167960505134133,1
2032,0,185,smoking,0.13839922148193348,0.12834866344928741,0.010050558032646068,1
2032,0,185,bmi_risk,0.04733543129936829,0.04589730501174927,0.0014381262876190237,1
2032,0,185,nonadherence,0.008893709356683988,0.0075272321701049805,0.001366477186579007,1
2032,0,185,claim_rate,0.04959845590829848,0.059391558170318604,0.009793102262020126,1
2032,0,185,claim_severity,0.11374857390441537,0.07829192280769348,0.035456651096721886,1
2032,0,185,provider_complication,0.004014207439403117,0.0007101595401763916,0.0033040478992267253,1
2032,0,185,coverage_gap,0.03796844486338655,0.03701715171337128,0.0009512931500152699,1
2032,0,189,age,0.08693496481280935,0.09531451761722565,0.008379552804416296,1
2032,0,189,poor_health,0.11604062303631754,0.1294667348265648,0.013426111790247247,1
2032,0,189,smoking,0.0,0.0,0.0,1
2032,0,189,bmi_risk,0.026560038351970433,0.031278207898139954,0.0047181695461695206,1
2032,0,189,nonadherence,0.024453354734921523,0.025296658277511597,0.0008433035425900737,1
2032,0,189,claim_rate,0.0,0.0,0.0,1
2032,0,189,claim_severity,0.05664686020656881,0.04398685693740845,0.012660003269160364,1
2032,0,189,provider_complication,0.036784357333944695,0.007527753710746765,0.02925660362319793,1
2032,0,189,coverage_gap,0.03863338670468844,0.04628625512123108,0.007652868416542641,1
2032,0,193,age,0.04548624724927247,0.0378403514623642,0.007645895786908274,1
2032,0,193,poor_health,0.03512633508668492,0.03155309706926346,0.0035732380174214595,1
2032,0,193,smoking,-2.7755575615628914e-17,0.0,2.7755575615628914e-17,1
2032,0,193,bmi_risk,0.021127004943587768,0.018986500799655914,0.002140504143931854,1
2032,0,193,nonadherence,0.020479196551366527,0.015578396618366241,0.0049007999330002855,1
2032,0,193,claim_rate,0.013579317429893642,0.013581447303295135,2.1298734014935095e-06,1
2032,0,193,claim_severity,0.023670005599199087,0.015812650322914124,0.007857355276284964,1
2032,0,193,provider_complication,0.02228744394911758,0.004459179937839508,0.017828264011278072,1
2032,0,193,coverage_gap,0.034134012490017726,0.032612189650535583,0.0015218228394821426,1
2032,0,197,age,0.09244663817985374,0.08792541921138763,0.004521218968466106,1
2032,0,197,poor_health,0.15388877202590268,0.1711043119430542,0.017215539917151523,1
2032,0,197,smoking,2.7755575615628914e-17,0.0,2.7755575615628914e-17,1
2032,0,197,bmi_risk,0.00018644431054018473,0.0001703798770904541,1.606443344973063e-05,1
2032,0,197,nonadherence,0.04987336707701015,0.04259751737117767,0.007275849705832477,1
2032,0,197,claim_rate,0.04482178551847221,0.048845261335372925,0.004023475816900712,1
2032,0,197,claim_severity,0.08597576714260502,0.04654712975025177,0.03942863739235325,1
2032,0,197,provider_complication,0.020040881257017418,0.0033376216888427734,0.016703259568174644,1
2032,0,197,coverage_gap,0.04383017101875486,0.03688451647758484,0.006945654541170021,1
2032,0,200,age,0.025406876793690594,0.01955687254667282,0.005850004247017773,1
2032,0,200,poor_health,0.0355303879506752,0.03417133539915085,0.0013590525515243534,1
2032,0,200,smoking,1.3877787807814457e-17,0.0,1.3877787807814457e-17,1
2032,0,200,bmi_risk,0.0227543401474348,0.017991378903388977,0.004762961244045821,1
2032,0,200,nonadherence,0.008048886691193038,0.0057801976799964905,0.002268689011196548,1
2032,0,200,claim_rate,0.010715159168293506,0.011417955160140991,0.0007027959918474852,1
2032,0,200,claim_severity,0.0112957047871476,0.006118126213550568,0.005177578573597033,1
2032,0,200,provider_complication,0.02255145335439801,0.003108598291873932,0.019442855062524078,1
2032,0,200,coverage_gap,0.0070524109107727995,0.006013691425323486,0.0010387194854493131,1
2032,0,202,age,0.22085630171156867,0.22988930344581604,0.00903300173424737,1
2032,0,202,poor_health,0.2500869484871041,0.27248533070087433,0.022398382213770218,1
2032,0,202,smoking,-5.551115123125783e-17,0.0,5.551115123125783e-17,1
2032,0,202,bmi_risk,0.10401691880081532,0.10632681846618652,0.0023098996653712067,1
2032,0,202,nonadherence,0.06626750647762669,0.06468340754508972,0.0015840989325369703,1
2032,0,202,claim_rate,0.03223568250386799,0.03657349944114685,0.00433781693727886,1
2032,0,202,claim_severity,0.16079519925323055,0.10867065191268921,0.05212454734054134,1
2032,0,202,provider_complication,0.0010285922420256721,0.0001716017723083496,0.0008569904697173225,1
2032,0,202,coverage_gap,0.09780503362130599,0.09207582473754883,0.005729208883757164,1
2032,0,205,age,0.07666912943561117,0.0554097443819046,0.021259385053706573,1
2032,0,205,poor_health,0.06021175710415477,0.05280976742506027,0.0074019896790945006,1
2032,0,205,smoking,-2.7755575615628914e-17,0.0,2.7755575615628914e-17,1
2032,0,205,bmi_risk,0.014317936997221559,0.009784147143363953,0.004533789853857606,1
2032,0,205,nonadherence,0.00521048256767373,0.003183901309967041,0.002026581257706689,1
2032,0,205,claim_rate,0.016059333637561735,0.015359148383140564,0.0007001852544211706,1
2032,0,205,claim_severity,0.033924261446259554,0.017159000039100647,0.016765261407158907,1
2032,0,205,provider_complication,0.017730116579725674,0.0021236389875411987,0.015606477592184476,1
2032,0,205,coverage_gap,0.027881542751762578,0.02309347689151764,0.004788065860244939,1
2032,0,224,age,0.0506145369808772,0.03731177747249603,0.013302759508381168,1
2032,0,224,poor_health,0.08820495086072695,0.07712768763303757,0.011077263227689385,1
2032,0,224,smoking,-2.7755575615628914e-17,0.0,2.7755575615628914e-17,1
2032,0,224,bmi_risk,0.02996569797345064,0.02440592646598816,0.00555977150746248,1
2032,0,224,nonadherence,0.03790419532257777,0.02908673882484436,0.008817456497733411,1
2032,0,224,claim_rate,0.05511216870566643,0.05490279197692871,0.00020937672873772017,1
2032,0,224,claim_severity,0.07171174043384732,0.03599385917186737,0.035717881261979945,1
2032,0,224,provider_complication,0.03206430005158195,0.003993973135948181,0.02807032691563377,1
2032,0,224,coverage_gap,0.011554717602092257,0.009344950318336487,0.0022097672837557703,1
2032,0,231,age,0.0604007955327723,0.050579316914081573,0.009821478618690725,1
2032,0,231,poor_health,0.04506243381107851,0.04410459101200104,0.0009578427990774713,1
2032,0,231,smoking,0.0,0.0,0.0,1
2032,0,231,bmi_risk,0.02253412871493092,0.019594110548496246,0.002940018166434674,1
2032,0,231,nonadherence,0.01207064686548405,0.008949294686317444,0.003121352179166606,1
2032,0,231,claim_rate,0.0,0.0,0.0,1
2032,0,231,claim_severity,0.02977441064090336,0.018303826451301575,0.011470584189601785,1
2032,0,231,provider_complication,0.009227595249192505,0.001586616039276123,0.007640979209916382,1
2032,0,231,coverage_gap,0.0081782400423972,0.00803259015083313,0.00014564989156407027,1
2032,0,232,age,0.007802550060829666,0.005213901400566101,0.002588648660263565,1
2032,0,232,poor_health,0.04521955577121381,0.038420893251895905,0.006798662519317905,1
2032,0,232,smoking,0.0,0.0,0.0,1
2032,0,232,bmi_risk,0.027318449080718468,0.018249966204166412,0.009068482876552056,1
2032,0,232,nonadherence,0.026993379177362012,0.01701381802558899,0.009979561151773023,1
2032,0,232,claim_rate,0.025243641215412255,0.025123268365859985,0.00012037284955226935,1
2032,0,232,claim_severity,0.03528521271701944,0.020344749093055725,0.014940463623963715,1
2032,0,232,provider_complication,0.014495796973797145,0.002776101231575012,0.011719695742222133,1
2032,0,232,coverage_gap,0.005015507958313681,0.00399366021156311,0.0010218477467505704,1
2032,0,239,age,0.05753292738477399,0.05135675519704819,0.006176172187725801,1
2032,0,239,poor_health,0.07792876467945485,0.07760446518659592,0.00032429949285893434,1
2032,0,239,smoking,0.0,0.0,0.0,1
2032,0,239,bmi_risk,0.03482387952639193,0.031099259853363037,0.003724619673028895,1
2032,0,239,nonadherence,0.01057748882104606,0.009611338376998901,0.0009661504440471591,1
2032,0,239,claim_rate,0.0,0.0,0.0,1
2032,0,239,claim_severity,0.03154102959439914,0.0215015709400177,0.010039458654381439,1
2032,0,239,provider_complication,0.012183166339399282,0.0026155710220336914,0.00956759531736559,1
2032,0,239,coverage_gap,0.025432407137119528,0.02574920654296875,0.00031679940584922184,1
2032,0,249,age,0.1369662350745009,0.11602374911308289,0.02094248596141801,1
2032,0,249,poor_health,0.11415869308553639,0.11035081744194031,0.0038078756435960814,1
2032,0,249,smoking,0.1701727853668038,0.16678078472614288,0.0033920006406609193,1
2032,0,249,bmi_risk,0.0012292318517709844,0.001370549201965332,0.00014131735019434766,1
2032,0,249,nonadherence,0.03045478648304667,0.028827756643295288,0.0016270298397513816,1
2032,0,249,claim_rate,0.11166851996010568,0.10982143878936768,0.0018470811707380075,1
2032,0,249,claim_severity,0.11426237226891883,0.08551838994026184,0.028743982328656992,1
2032,0,249,provider_complication,0.00463965852438597,0.0008828341960906982,0.003756824328295272,1
2032,0,249,coverage_gap,0.07920136050637733,0.0831807553768158,0.0039793948704384685,1
2032,0,250,age,0.02689469146581272,0.026341378688812256,0.0005533127770004642,1
2032,0,250,poor_health,0.006708324130999387,0.007659293711185455,0.0009509695801860688,1
2032,0,250,smoking,6.938893903907228e-18,0.0,6.938893903907228e-18,1
2032,0,250,bmi_risk,0.008533664312709952,0.0078858882188797,0.0006477760938302518,1
2032,0,250,nonadherence,0.007432105266991534,0.006726369261741638,0.0007057360052498962,1
2032,0,250,claim_rate,0.006976717250355514,0.009010948240756989,0.002034230990401474,1
2032,0,250,claim_severity,0.00627676802586289,0.004055343568325043,0.0022214244575378475,1
2032,0,250,provider_complication,0.006039893022010766,0.000889308750629425,0.005150584271381341,1
2032,0,250,coverage_gap,0.006267732974584349,0.006862327456474304,0.0005945944818899554,1
2032,0,251,age,0.0,0.0,0.0,1
2032,0,251,poor_health,0.013257766647386579,0.01876305788755417,0.00550529124016759,1
2032,0,251,smoking,0.0,0.0,0.0,1
2032,0,251,bmi_risk,0.0024228072039880408,0.0030761361122131348,0.000653328908225094,1
2032,0,251,nonadherence,0.014129214255038897,0.016336020082235336,0.002206805827196439,1
2032,0,251,claim_rate,0.005274551821565714,0.008471272885799408,0.0031967210642336943,1
2032,0,251,claim_severity,0.008130544147034943,0.007194548845291138,0.0009359953017438055,1
2032,0,251,provider_complication,0.004197299072230147,0.0007763728499412537,0.0034209262222888934,1
2032,0,251,coverage_gap,0.0030510559009063742,0.003914594650268555,0.0008635387493621804,1
2032,0,256,age,0.06238280784233391,0.036808766424655914,0.025574041417677995,1
2032,0,256,poor_health,0.07847993383302801,0.05442541837692261,0.024054515456105402,1
2032,0,256,smoking,2.7755575615628914e-17,0.0,2.7755575615628914e-17,1
2032,0,256,bmi_risk,0.022925203995307925,0.014538481831550598,0.008386722163757326,1
2032,0,256,nonadherence,0.058392497591067266,0.03391876816749573,0.02447372942357154,1
2032,0,256,claim_rate,0.020626364147617565,0.016576260328292847,0.0040501038193247185,1
2032,0,256,claim_severity,0.059962823166499174,0.026923000812530518,0.033039822353968656,1
2032,0,256,provider_complication,0.03032391324173253,0.0032843947410583496,0.02703951850067418,1
2032,0,256,coverage_gap,0.03742996653047384,0.02479545772075653,0.01263450880971731,1
2032,0,257,age,0.0033180984896778246,0.003260694444179535,5.7404045498289646e-05,1
2032,0,257,poor_health,0.005412422034660788,0.006518065929412842,0.0011056438947520536,1
2032,0,257,smoking,0.0,0.0,0.0,1
2032,0,257,bmi_risk,0.0034257510504673017,0.00337953120470047,4.621984576683169e-05,1
2032,0,257,nonadherence,0.008989425494776257,0.008676435798406601,0.000312989696369656,1
2032,0,257,claim_rate,0.005166148990793998,0.006917525082826614,0.0017513760920326166,1
2032,0,257,claim_severity,0.005055012011854876,0.0036437027156352997,0.0014113092962195761,1
2032,0,257,provider_complication,0.003926707912810579,0.0007694438099861145,0.003157264102824464,1
2032,0,257,coverage_gap,0.0068355781072898456,0.007727734744548798,0.0008921566372589521,1
2032,0,265,age,0.12824326034169908,0.12310314178466797,0.005140118557031115,1
2032,0,265,poor_health,0.16106628064395911,0.16662749648094177,0.005561215836982658,1
2032,0,265,smoking,0.2062996466945886,0.20390385389328003,0.0023957928013085827,1
2032,0,265,bmi_risk,0.18358293240888052,0.1760428249835968,0.007540107425283715,1
2032,0,265,nonadherence,0.011362794059393555,0.010684847831726074,0.0006779462276674808,1
2032,0,265,claim_rate,0.06487353802388907,0.07188680768013,0.007013269656240939,1
2032,0,265,claim_severity,0.17488253068494958,0.11934658885002136,0.055535941834928215,1
2032,0,265,provider_complication,0.01538104802835627,0.002738744020462036,0.012642304007894234,1
2032,0,265,coverage_gap,0.05551921433087059,0.05802565813064575,0.00250644379977516,1
2032,0,266,age,0.09609575358339531,0.07250869274139404,0.023587060842001267,1
2032,0,266,poor_health,0.011669847318556942,0.009965986013412476,0.0017038613051444662,1
2032,0,266,smoking,0.0,0.0,0.0,1
2032,0,266,bmi_risk,0.07284172272798947,0.05932217091321945,0.01351955181477002,1
2032,0,266,nonadherence,0.03213696760834331,0.020911172032356262,0.011225795575987046,1
2032,0,266,claim_rate,0.01887042116338078,0.017678722739219666,0.001191698424161114,1
2032,0,266,claim_severity,0.011728819787886313,0.006286293268203735,0.005442526519682578,1
2032,0,266,provider_complication,0.03458566499611221,0.003410160541534424,0.031175504454577785,1
2032,0,266,coverage_gap,0.0539918297682665,0.04587513208389282,0.008116697684373675,1
2032,0,268,age,0.03629460684979807,0.02754715085029602,0.008747455999502052,1
2032,0,268,poor_health,0.04904044215111715,0.042698800563812256,0.006341641587304894,1
2032,0,268,smoking,2.7755575615628914e-17,0.0,2.7755575615628914e-17,1
2032,0,268,bmi_risk,0.015751188487963752,0.011434003710746765,0.004317184777216987,1
2032,0,268,nonadherence,0.0028745403215123116,0.001913607120513916,0.0009609332009983956,1
2032,0,268,claim_rate,0.024470214709354024,0.024426907300949097,4.3307408404927306e-05,1
2032,0,268,claim_severity,0.02591590506651667,0.01602242887020111,0.00989347619631556,1
2032,0,268,provider_complication,0.009107465442649565,0.0017991885542869568,0.007308276888362608,1
2032,0,268,coverage_gap,0.010210562220712024,0.008386440575122833,0.0018241216455891912,1
2032,0,279,age,0.08398583241700133,0.06719999015331268,0.01678584226368865,1
2032,0,279,poor_health,0.10387034185390835,0.09600356221199036,0.007866779641917995,1
2032,0,279,smoking,2.7755575615628914e-17,0.0,2.7755575615628914e-17,1
2032,0,279,bmi_risk,0.024412671232826116,0.025139421224594116,0.0007267499917679998,1
2032,0,279,nonadherence,0.0398087407901955,0.03415219485759735,0.00565654593259815,1
2032,0,279,claim_rate,0.04165182321847494,0.04631434381008148,0.004662520591606545,1
2032,0,279,claim_severity,0.08015829065250696,0.048596009612083435,0.03156228104042352,1
2032,0,279,provider_complication,0.000711975057547859,0.0001294463872909546,0.0005825286702569044,1
2032,0,279,coverage_gap,0.02652382101825629,0.025594860315322876,0.0009289607029334124,1
2032,0,284,age,0.0317748921705117,0.02442781627178192,0.00734707589872978,1
2032,0,284,poor_health,0.01918673391450529,0.016653768718242645,0.002532965196262643,1
2032,0,284,smoking,1.3877787807814457e-17,0.0,1.3877787807814457e-17,1
2032,0,284,bmi_risk,0.036979869839208826,0.029708318412303925,0.007271551426904901,1
2032,0,284,nonadherence,0.003921853070512418,0.00290786474943161,0.0010139883210808082,1
2032,0,284,claim_rate,1.3877787807814457e-17,0.0,1.3877787807814457e-17,1
2032,0,284,claim_severity,1.3877787807814457e-17,0.0,1.3877787807814457e-17,1
2032,0,284,provider_complication,0.0038040274825770493,0.0004169344902038574,0.003387092992373192,1
2032,0,284,coverage_gap,0.024165078743151394,0.020847931504249573,0.0033171472389018214,1
2032,0,286,age,0.05200825224898689,0.0383869931101799,0.01362125913880699,1
2032,0,286,poor_health,0.034853722873106646,0.02890903502702713,0.005944687846079516,1
2032,0,286,smoking,0.0,0.0,0.0,1
2032,0,286,bmi_risk,0.026428328786493246,0.019730329513549805,0.006697999272943442,1
2032,0,286,nonadherence,0.006290893280113133,0.004028089344501495,0.0022628039356116375,1
2032,0,286,claim_rate,0.0,0.0,0.0,1
2032,0,286,claim_severity,0.0,0.0,0.0,1
2032,0,286,provider_complication,0.02596565760510154,0.004422217607498169,0.021543439997603372,1
2032,0,286,coverage_gap,0.042423008995928116,0.03449837863445282,0.007924630361475296,1
2032,0,292,age,0.07920034392374244,0.06995968520641327,0.009240658717329167,1
2032,0,292,poor_health,0.0664478501092646,0.06138741225004196,0.0050604378592226384,1
2032,0,292,smoking,0.0,0.0,0.0,1
2032,0,292,bmi_risk,0.02329333575790285,0.022701188921928406,0.0005921468359744442,1
2032,0,292,nonadherence,0.027140404648366534,0.02205352485179901,0.005086879796567523,1
2032,0,292,claim_rate,0.0,0.0,0.0,1
2032,0,292,claim_severity,0.047599213742513025,0.03383570909500122,0.013763504647511804,1
2032,0,292,provider_complication,0.011920448953923996,0.0020605921745300293,0.009859856779393966,1
2032,0,292,coverage_gap,0.023468889034763157,0.024183139204978943,0.0007142501702157855,1
2032,0,295,age,0.014688762616558167,0.013872988522052765,0.0008157740945054018,1
2032,0,295,poor_health,0.011072398228424304,0.012665696442127228,0.0015932982137029233,1
2032,0,295,smoking,-1.3877787807814457e-17,0.0,1.3877787807814457e-17,1
2032,0,295,bmi_risk,0.017661836853707008,0.017296280711889267,0.0003655561418177411,1
2032,0,295,nonadherence,0.007626855692841654,0.006931520998477936,0.0006953346943637181,1
2032,0,295,claim_rate,-1.3877787807814457e-17,0.0,1.3877787807814457e-17,1
2032,0,295,claim_severity,0.005894439673320796,0.0038349926471710205,0.0020594470261497758,1
2032,0,295,provider_complication,0.0031500640942424343,0.00045068562030792236,0.002699378473934512,1
2032,0,295,coverage_gap,0.011181553957855701,0.011940479278564453,0.0007589253207087518,1
2032,0,303,age,0.13903393102558748,0.15247143805027008,0.013437507024682604,1
2032,0,303,poor_health,0.19496675009087056,0.22290900349617004,0.02794225340529949,1
2032,0,303,smoking,5.551115123125783e-17,0.0,5.551115123125783e-17,1
2032,0,303,bmi_risk,0.06504132728013501,0.08182555437088013,0.01678422709074512,1
2032,0,303,nonadherence,0.09417284987270214,0.0994655191898346,0.005292669317132459,1
2032,0,303,claim_rate,0.029980972667270844,0.041285961866378784,0.01130498919910794,1
2032,0,303,claim_severity,0.13526044294827536,0.09655344486236572,0.03870699808590963,1
2032,0,303,provider_complication,0.043231690533372946,0.006433725357055664,0.03679796517631728,1
2032,0,303,coverage_gap,0.07332533546709274,0.08306014537811279,0.009734809911020048,1
2032,0,310,age,0.04192387554293053,0.031595051288604736,0.010328824254325797,1
2032,0,310,poor_health,0.05194407359724347,0.0487569198012352,0.0031871537960082713,1
2032,0,310,smoking,0.0,0.0,0.0,1
2032,0,310,bmi_risk,0.003187436813055916,0.002491384744644165,0.000696052068411751,1
2032,0,310,nonadherence,0.021337374781574922,0.013548895716667175,0.007788479064907747,1
2032,0,310,claim_rate,0.014246606438391485,0.014798954129219055,0.0005523476908275704,1
2032,0,310,claim_severity,0.037865230681648016,0.02118411660194397,0.016681114079704046,1
2032,0,310,provider_complication,0.02391318211549172,0.0030139386653900146,0.020899243450101704,1
2032,0,310,coverage_gap,0.02818876349637202,0.023334980010986328,0.00485378348538569,1
2032,0,312,age,0.07888662387282845,0.06519114971160889,0.013695474161219565,1
2032,0,312,poor_health,0.05573070642083672,0.05257441848516464,0.0031562879356720752,1
2032,0,312,smoking,0.0,0.0,0.0,1
2032,0,312,bmi_risk,0.0018775605491803682,0.0018528997898101807,2.4660759370187524e-05,1
2032,0,312,nonadherence,0.057900004581303316,0.04634977877140045,0.011550225809902864,1
2032,0,312,claim_rate,0.016972758673443417,0.018076270818710327,0.0011035121452669105,1
2032,0,312,claim_severity,0.028156332865394873,0.01887771487236023,0.009278617993034644,1
2032,0,312,provider_complication,0.011705502780769678,0.0022922158241271973,0.00941328695664248,1
2032,0,312,coverage_gap,0.04830760800795257,0.04384376108646393,0.004463846921488643,1
2032,0,320,age,-1.3877787807814457e-17,0.0,1.3877787807814457e-17,1
2032,0,320,poor_health,0.0550259108010141,0.05154075473546982,0.0034851560655442815,1
2032,0,320,smoking,-1.3877787807814457e-17,0.0,1.3877787807814457e-17,1
2032,0,320,bmi_risk,0.005419914832070327,0.003957413136959076,0.0014625016951112513,1
2032,0,320,nonadherence,0.025932467720966412,0.01852172613143921,0.007410741589527203,1
2032,0,320,claim_rate,0.011153315747327447,0.011185981333255768,3.266558592832092e-05,1
2032,0,320,claim_severity,0.013063779830279745,0.006490893661975861,0.006572886168303885,1
2032,0,320,provider_complication,0.013197176226255727,0.0016006752848625183,0.011596500941393209,1
2032,0,320,coverage_gap,0.01621483746587571,0.013600073754787445,0.0026147637110882638,1
2032,0,323,age,0.0959866836177864,0.10283121466636658,0.0068445310485801825,1
2032,0,323,poor_health,0.175414215601155,0.18807727098464966,0.012663055383494659,1
2032,0,323,smoking,0.0,0.0,0.0,1
2032,0,323,bmi_risk,0.031308025125689254,0.03652343153953552,0.005215406413846269,1
2032,0,323,nonadherence,0.0810876146328362,0.08362221717834473,0.002534602545508524,1
2032,0,323,claim_rate,0.05431396897675639,0.07413029670715332,0.019816327730396932,1
2032,0,323,claim_severity,0.11138431728431547,0.08404645323753357,0.0273378640467819,1
2032,0,323,provider_complication,0.04058559626087427,0.007644236087799072,0.032941360173075196,1
2032,0,323,coverage_gap,0.08331345676597943,0.09402546286582947,0.010712006099850041,1
2032,0,325,age,0.06035232773838095,0.048829905688762665,0.011522422049618286,1
2032,0,325,poor_health,0.05202907844357148,0.049389973282814026,0.0026391051607574517,1
2032,0,325,smoking,0.0,0.0,0.0,1
2032,0,325,bmi_risk,0.006763548623035104,0.005608320236206055,0.0011552283868290492,1
2032,0,325,nonadherence,0.0202385599526774,0.015402048826217651,0.004836511126459747,1
2032,0,325,claim_rate,0.014411755712631952,0.015244662761688232,0.0008329070490562807,1
2032,0,325,claim_severity,0.03080389869589649,0.018178939819335938,0.012624958876560552,1
2032,0,325,provider_complication,0.02927490862454961,0.005147144198417664,0.024127764426131945,1
2032,0,325,coverage_gap,0.01816738732817845,0.0156928151845932,0.002474572143585249,1
2032,0,328,age,0.0,0.0,0.0,1
2032,0,328,poor_health,0.007246478549853552,0.007064342498779297,0.00018213605107425535,1
2032,0,328,smoking,0.0,0.0,0.0,1
2032,0,328,bmi_risk,0.018168557857387878,0.01477263867855072,0.0033959191788371576,1
2032,0,328,nonadherence,0.016261444451910252,0.012609049677848816,0.0036523947740614363,1
2032,0,328,claim_rate,0.015170162507122498,0.01671372354030609,0.0015435610331835936,1
2032,0,328,claim_severity,0.014046076580857103,0.0083380788564682,0.005707997724388902,1
2032,0,328,provider_complication,0.0029267481516828397,0.0005454495549201965,0.002381298596762643,1
2032,0,328,coverage_gap,0.01952899873632239,0.018350467085838318,0.0011785316504840729,1
2032,0,334,age,0.028649131854004542,0.022335872054100037,0.006313259799904505,1
2032,0,334,poor_health,0.051141084536964025,0.049122147262096405,0.00201893727486762,1
2032,0,334,smoking,-2.7755575615628914e-17,0.0,2.7755575615628914e-17,1
2032,0,334,bmi_risk,0.020489018431147518,0.015795916318893433,0.004693102112254086,1
2032,0,334,nonadherence,0.004574044727696375,0.0031229183077812195,0.0014511264199151552,1
2032,0,334,claim_rate,-2.7755575615628914e-17,0.0,2.7755575615628914e-17,1
2032,0,334,claim_severity,0.04123561856008137,0.025295816361904144,0.015939802198177228,1
2032,0,334,provider_complication,0.010738199901287215,0.0020772069692611694,0.008660992932026046,1
2032,0,334,coverage_gap,0.007414925865353986,0.006891429424285889,0.000523496441068097,1
2032,0,336,age,0.057027970958146976,0.04197315126657486,0.015054819691572116,1
2032,0,336,poor_health,0.05383765140585793,0.04566904157400131,0.008168609831856619,1
2032,0,336,smoking,0.0,0.0,0.0,1
2032,0,336,bmi_risk,0.004373019274580947,0.003426849842071533,0.0009461694325094139,1
2032,0,336,nonadherence,0.012942405905770948,0.008646637201309204,0.004295768704461744,1
2032,0,336,claim_rate,0.0,0.0,0.0,1
2032,0,336,claim_severity,0.04482065496258879,0.027181081473827362,0.017639573488761426,1
2032,0,336,provider_complication,0.0004919706076178809,8.895993232727051e-05,0.0004030106752906104,1
2032,0,336,coverage_gap,0.03644126003362126,0.03183987736701965,0.004601382666601608,1
2032,0,345,age,0.006512722268626647,0.0050473809242248535,0.0014653413444017938,1
2032,0,345,poor_health,0.2574154018365044,0.23845362663269043,0.01896177520381398,1
2032,0,345,smoking,0.20917534216421224,0.17680174112319946,0.03237360104101278,1
2032,0,345,bmi_risk,0.06702637137743761,0.05609476566314697,0.010931605714290638,1
2032,0,345,nonadherence,0.061635208237178496,0.04622352123260498,0.015411687004573515,1
2032,0,345,claim_rate,0.09650364691157143,0.07529449462890625,0.021209152282665178,1
2032,0,345,claim_severity,0.25190307403646534,0.14234411716461182,0.10955895687185352,1
2032,0,345,provider_complication,0.005687352800161194,0.0008373856544494629,0.004849967145711731,1
2032,0,345,coverage_gap,0.08685819761772628,0.07238930463790894,0.01446889297981735,1
2032,0,347,age,0.06467002808773976,0.0541657991707325,0.010504228917007266,1
2032,0,347,poor_health,0.0017056298556712979,0.0015105530619621277,0.0001950767937091702,1
2032,0,347,smoking,1.3877787807814457e-17,0.0,1.3877787807814457e-17,1
2032,0,347,bmi_risk,0.016129144003564688,0.014486268162727356,0.0016428758408373323,1
2032,0,347,nonadherence,0.02806753366877565,0.02276378870010376,0.005303744968671892,1
2032,0,347,claim_rate,1.3877787807814457e-17,0.0,1.3877787807814457e-17,1
2032,0,347,claim_severity,0.0038203119729144086,0.0025712624192237854,0.0012490495536906232,1
2032,0,347,provider_complication,0.01928054302703125,0.0031735599040985107,0.01610698312293274,1
2032,0,347,coverage_gap,0.021434969758724415,0.02173641324043274,0.00030144348170832447,1
2032,0,354,age,0.13388427242154052,0.12803055346012115,0.0058537189614193685,1
2032,0,354,poor_health,0.11004214264086731,0.10573601722717285,0.0043061254136944616,1
2032,0,354,smoking,0.0,0.0,0.0,1
2032,0,354,bmi_risk,0.0154079326790445,0.014794960618019104,0.0006129720610253964,1
2032,0,354,nonadherence,0.002237004509106799,0.0017581284046173096,0.0004788761044894896,1
2032,0,354,claim_rate,0.024301046835228546,0.02546079456806183,0.0011597477328332828,1
2032,0,354,claim_severity,0.10411785262112863,0.07371927797794342,0.03039857464318521,1
2032,0,354,provider_complication,0.026867534650107272,0.005104035139083862,0.02176349951102341,1
2032,0,354,coverage_gap,0.07463230274104315,0.07944248616695404,0.0048101834259108855,1
2032,0,361,age,0.021364279798609276,0.013999536633491516,0.00736474316511776,1
2032,0,361,poor_health,0.027853745283928047,0.02337108552455902,0.004482659759369026,1
2032,0,361,smoking,0.0,0.0,0.0,1
2032,0,361,bmi_risk,0.020264411282330294,0.014008000493049622,0.0062564107892806725,1
2032,0,361,nonadherence,0.02167534844969901,0.014239989221096039,0.007435359228602972,1
2032,0,361,claim_rate,0.010691436000538387,0.009798936545848846,0.000892499454689541,1
2032,0,361,claim_severity,0.006198062579287095,0.00288594514131546,0.0033121174379716345,1
2032,0,361,provider_complication,0.02063615030414724,0.0022479817271232605,0.01838816857702398,1
2032,0,361,coverage_gap,0.010932701518460361,0.008623361587524414,0.002309339930935947,1
2032,0,382,age,0.036628566915807986,0.029995329678058624,0.006633237237749362,1
2032,0,382,poor_health,0.04024033538716455,0.039762839674949646,0.0004774957122149065,1
2032,0,382,smoking,0.0,0.0,0.0,1
2032,0,382,bmi_risk,0.02096014661728028,0.017540231347084045,0.003419915270196236,1
2032,0,382,nonadherence,0.033061263577316855,0.027068346738815308,0.005992916838501547,1
2032,0,382,claim_rate,0.027306563173548473,0.031070396304130554,0.003763833130582081,1
2032,0,382,claim_severity,0.017037316307771402,0.0117960125207901,0.005241303786981302,1
2032,0,382,provider_complication,0.0022838574469335182,0.00047488510608673096,0.0018089723408467873,1
2032,0,382,coverage_gap,0.053861948122046616,0.051067814230918884,0.0027941338911277314,1
2032,0,386,age,0.13507002561997045,0.12016928941011429,0.014900736209856158,1
2032,0,386,poor_health,0.0754274030233546,0.0701884925365448,0.0052389104868098,1
2032,0,386,smoking,2.7755575615628914e-17,0.0,2.7755575615628914e-17,1
2032,0,386,bmi_risk,0.022390893964806674,0.022335708141326904,5.518582347976975e-05,1
2032,0,386,nonadherence,0.06512618765109282,0.0518631637096405,0.013263023941452318,1
2032,0,386,claim_rate,2.7755575615628914e-17,0.0,2.7755575615628914e-17,1
2032,0,386,claim_severity,0.05656203270729207,0.035484716296195984,0.021077316411096086,1
2032,0,386,provider_complication,0.010865308610293445,0.0018296241760253906,0.009035684434268054,1
2032,0,386,coverage_gap,0.05731442238815346,0.05601826310157776,0.0012961592865756988,1
2032,0,390,age,0.12040944437498366,0.08422015607357025,0.03618928830141341,1
2032,0,390,poor_health,0.04629560103085417,0.03994192183017731,0.006353679200676865,1
2032,0,390,smoking,-2.7755575615628914e-17,0.0,2.7755575615628914e-17,1
2032,0,390,bmi_risk,0.04005034899762286,0.03341937065124512,0.006630978346377742,1
2032,0,390,nonadherence,0.04390559299483171,0.03409940004348755,0.009806192951344161,1
2032,0,390,claim_rate,0.039541044491023,0.035569190979003906,0.003971853512019091,1
2032,0,390,claim_severity,0.02011775338759983,0.00997142493724823,0.0101463284503516,1
2032,0,390,provider_complication,0.033089339243802085,0.003282502293586731,0.029806836950215354,1
2032,0,390,coverage_gap,0.026473353279160616,0.02144615352153778,0.0050271997576228356,1
2032,0,398,age,0.03875400783022599,0.02732694149017334,0.011427066340052652,1
2032,0,398,poor_health,0.013405206219427757,0.011082366108894348,0.0023228401105334084,1
2032,0,398,smoking,-2.7755575615628914e-17,0.0,2.7755575615628914e-17,1
2032,0,398,bmi_risk,0.01445378083289156,0.010032236576080322,0.004421544256811238,1
2032,0,398,nonadherence,0.02229979761187481,0.014740683138370514,0.007559114473504297,1
2032,0,398,claim_rate,0.010560074534273906,0.01007571816444397,0.0004843563698299358,1
2032,0,398,claim_severity,0.013588266425850246,0.006871134042739868,0.006717132383110377,1
2032,0,398,provider_complication,0.01165005645855638,0.0014795586466789246,0.010170497811877455,1
2032,0,398,coverage_gap,0.0051719151176351785,0.004202350974082947,0.0009695641435522317,1
2032,0,407,age,0.04321489231550375,0.0320538729429245,0.011161019372579253,1
2032,0,407,poor_health,0.053930247580180404,0.04994536191225052,0.0039848856679298855,1
2032,0,407,smoking,0.0,0.0,0.0,1
2032,0,407,bmi_risk,0.028316127776571984,0.021544307470321655,0.0067718203062503285,1
2032,0,407,nonadherence,0.026742167282895232,0.01831457018852234,0.008427597094372893,1
2032,0,407,claim_rate,0.0,0.0,0.0,1
2032,0,407,claim_severity,0.032171588038905755,0.01758982241153717,0.014581765627368584,1
2032,0,407,provider_complication,0.009742761014446905,0.001217871904373169,0.008524889110073736,1
2032,0,407,coverage_gap,0.012455357752890639,0.01079636812210083,0.0016589896307898089,1
2032,0,409,age,0.0,0.0,0.0,1
2032,0,409,poor_health,0.09858188080192648,0.0987846851348877,0.00020280433296121503,1
2032,0,409,smoking,0.14042248749191039,0.1361069679260254,0.004315519565884995,1
2032,0,409,bmi_risk,0.03341967871426205,0.03168070316314697,0.001738975551115074,1
2032,0,409,nonadherence,0.043613214184089893,0.035781681537628174,0.00783153264646172,1
2032,0,409,claim_rate,0.025881163343582314,0.032978206872940063,0.007097043529357749,1
2032,0,409,claim_severity,0.14166590606227875,0.09985245764255524,0.04181344841972351,1
2032,0,409,provider_complication,0.01984190337428171,0.003430187702178955,0.016411715672102756,1
2032,0,409,coverage_gap,0.05354943491618694,0.05615632236003876,0.0026068874438518186,1
2032,0,410,age,0.15260561756507135,0.13650824129581451,0.016097376269256836,1
2032,0,410,poor_health,0.06252337743080155,0.06631022691726685,0.0037868494864652935,1
2032,0,410,smoking,0.17466160363170297,0.17142660915851593,0.003234994473187036,1
2032,0,410,bmi_risk,0.031531051801926,0.0351901650428772,0.003659113240951195,1
2032,0,410,nonadherence,0.0844035973200572,0.0758269727230072,0.008576624597049998,1
2032,0,410,claim_rate,0.030369055544389678,0.035941630601882935,0.0055725750574932564,1
2032,0,410,claim_severity,0.13374821884375943,0.09478326141834259,0.038964957425416835,1
2032,0,410,provider_complication,0.008342607066676944,0.0013520121574401855,0.006990594909236758,1
2032,0,410,coverage_gap,0.059611028358720675,0.06748336553573608,0.00787233717701541,1
2032,0,412,age,0.06294276361229378,0.06143057346343994,0.0015121901488538425,1
2032,0,412,poor_health,0.18480209410307874,0.20111875236034393,0.016316658257265193,1
2032,0,412,smoking,0.0,0.0,0.0,1
2032,0,412,bmi_risk,0.09041155716292784,0.09371644258499146,0.0033048854220636137,1
2032,0,412,nonadherence,0.009132665992994171,0.010264158248901367,0.001131492255907196,1
2032,0,412,claim_rate,0.05199954475730095,0.06568333506584167,0.013683790308540722,1
2032,0,412,claim_severity,0.14297096830164982,0.10692386329174042,0.0360471050099094,1
2032,0,412,provider_complication,0.012286658497705494,0.002327948808670044,0.00995870968903545,1
2032,0,412,coverage_gap,0.02086333715704569,0.022854357957839966,0.0019910208007942742,1
2032,0,417,age,0.08036193909351691,0.05820640176534653,0.022155537328170383,1
2032,0,417,poor_health,0.05578812754075735,0.04430431127548218,0.01148381626527517,1
2032,0,417,smoking,-2.7755575615628914e-17,0.0,2.7755575615628914e-17,1
2032,0,417,bmi_risk,0.062497766544291594,0.04434996843338013,0.018147798110911467,1
2032,0,417,nonadherence,0.049398974888629044,0.033570826053619385,0.01582814883500966,1
2032,0,417,claim_rate,0.020602496924551683,0.01827239990234375,0.002330097022207933,1
2032,0,417,claim_severity,0.06416135391660716,0.03880496323108673,0.025356390685520425,1
2032,0,417,provider_complication,0.038335014839017356,0.006745621562004089,0.03158939327701327,1
2032,0,417,coverage_gap,0.014883090153044343,0.014147713780403137,0.0007353763726412055,1
2032,0,419,age,0.02613044798343596,0.025241315364837646,0.0008891326185983123,1
2032,0,419,poor_health,0.024784666904987623,0.02791988104581833,0.0031352141408307055,1
2032,0,419,smoking,1.3877787807814457e-17,0.0,1.3877787807814457e-17,1
2032,0,419,bmi_risk,0.010183120757833675,0.009050525724887848,0.0011325950329458268,1
2032,0,419,nonadherence,0.016516477824027237,0.01433783769607544,0.0021786401279517975,1
2032,0,419,claim_rate,1.3877787807814457e-17,0.0,1.3877787807814457e-17,1
2032,0,419,claim_severity,0.02032164389437783,0.015131086111068726,0.0051905577833091035,1
2032,0,419,provider_complication,0.010131540123961322,0.0026755332946777344,0.007456006829283587,1
2032,0,419,coverage_gap,0.0032785317079028625,0.0035708919167518616,0.00029236020884899905,1
2032,0,426,age,0.03516461822626357,0.020229272544384003,0.01493534568187957,1
2032,0,426,poor_health,0.07023415824583842,0.049179255962371826,0.021054902283466598,1
2032,0,426,smoking,0.0,0.0,0.0,1
2032,0,426,bmi_risk,0.035218132462724844,0.019594594836235046,0.015623537626489797,1
2032,0,426,nonadherence,0.042025763837805485,0.022452205419540405,0.01957355841826508,1
2032,0,426,claim_rate,0.0,0.0,0.0,1
2032,0,426,claim_severity,0.06181930671553114,0.03150051087141037,0.03031879584412077,1
2032,0,426,provider_complication,0.03567579877351598,0.005945384502410889,0.029730414271105093,1
2032,0,426,coverage_gap,0.015686221809121936,0.011035844683647156,0.0046503771254747805,1
2032,0,430,age,0.07452602248581561,0.05124928057193756,0.023276741913878046,1
2032,0,430,poor_health,0.08115829808887695,0.06705400347709656,0.014104294611780394,1
2032,0,430,smoking,0.12477334744537337,0.10040131956338882,0.024372027881984545,1
2032,0,430,bmi_risk,0.001694985936441129,0.0015825629234313965,0.00011242301300973256,1
2032,0,430,nonadherence,0.004933130916196515,0.0034079700708389282,0.0015251608453575871,1
2032,0,430,claim_rate,0.02349328684567084,0.025455385446548462,0.001962098600877621,1
2032,0,430,claim_severity,0.09958960285630161,0.05298870801925659,0.04660089483704502,1
2032,0,430,provider_complication,0.03982869842994968,0.005957156419754028,0.033871542010195654,1
2032,0,430,coverage_gap,0.026820297126779413,0.02331872284412384,0.003501574282655573,1
2032,0,434,age,0.07628929317326388,0.059641674160957336,0.016647619012306547,1
2032,0,434,poor_health,0.054970378531616654,0.04814647138118744,0.006823907150429215,1
2032,0,434,smoking,0.0,0.0,0.0,1
2032,0,434,bmi_risk,0.015900079677677703,0.013820543885231018,0.002079535792446685,1
2032,0,434,nonadherence,0.025429755051629643,0.0185481458902359,0.0068816091613937425,1
2032,0,434,claim_rate,0.016579967649259647,0.015543133020401001,0.001036834628858646,1
2032,0,434,claim_severity,0.04118993056980977,0.02762708067893982,0.013562849890869949,1
2032,0,434,provider_complication,0.012559318148087834,0.0023752301931381226,0.010184087954949711,1
2032,0,434,coverage_gap,0.033704826884668096,0.031536251306533813,0.0021685755781342825,1
2032,0,437,age,0.0483262427655195,0.03259715437889099,0.01572908838662851,1
2032,0,437,poor_health,0.060506566354881414,0.04995991289615631,0.010546653458725103,1
2032,0,437,smoking,-2.7755575615628914e-17,0.0,2.7755575615628914e-17,1
2032,0,437,bmi_risk,0.0460667395556124,0.03081245720386505,0.015254282351747347,1
2032,0,437,nonadherence,0.00892624633440306,0.005427822470664978,0.0034984238637380816,1
2032,0,437,claim_rate,0.032440464045721346,0.02938598394393921,0.0030544801017821366,1
2032,0,437,claim_severity,0.05233142888715184,0.028086349368095398,0.02424507951905644,1
2032,0,437,provider_complication,0.02394979227129515,0.0034555941820144653,0.020494198089280685,1
2032,0,437,coverage_gap,0.01578582510491186,0.013928890228271484,0.001856934876640376,1
2032,0,443,age,0.11235867130696237,0.07968007773160934,0.03267859357535302,1
2032,0,443,poor_health,0.06359876567311767,0.05403432995080948,0.009564435722308195,1
2032,0,443,smoking,0.0,0.0,0.0,1
2032,0,443,bmi_risk,0.030874792725850225,0.02619980275630951,0.004674989969540716,1
2032,0,443,nonadherence,0.029716684231870266,0.024644240736961365,0.0050724434949089015,1
2032,0,443,claim_rate,0.01974628292592495,0.018260076642036438,0.0014862062838885137,1
2032,0,443,claim_severity,0.014642529348045802,0.00771544873714447,0.006927080610901332,1
2032,0,443,provider_complication,0.03332607260118009,0.0046381354331970215,0.02868793716798307,1
2032,0,443,coverage_gap,0.029410461322827403,0.025354087352752686,0.004056373970074717,1
2032,0,449,age,0.19969329616110942,0.17982351779937744,0.019869778361731982,1
2032,0,449,poor_health,0.05952331041556019,0.06601470708847046,0.006491396672910266,1
2032,0,449,smoking,0.19436574727878875,0.18174338340759277,0.012622363871195974,1
2032,0,449,bmi_risk,0.07197981552439625,0.08018845319747925,0.008208637673082997,1
2032,0,449,nonadherence,0.09757741696630096,0.09382852911949158,0.003748887846809379,1
2032,0,449,claim_rate,0.1244212404554183,0.11117663979530334,0.013244600660114958,1
2032,0,449,claim_severity,0.1434428427384275,0.10175511240959167,0.041687730328835826,1
2032,0,449,provider_complication,0.03566063173181566,0.005985856056213379,0.029674775675602283,1
2032,0,449,coverage_gap,0.011835976113378555,0.011979490518569946,0.0001435144051913917,1
2032,0,470,age,0.03957082009061938,0.029096968472003937,0.010473851618615443,1
2032,0,470,poor_health,0.042044318522315674,0.03672574460506439,0.005318573917251282,1
2032,0,470,smoking,2.7755575615628914e-17,0.0,2.7755575615628914e-17,1
2032,0,470,bmi_risk,0.027178594719676513,0.019175715744495392,0.008002878975181121,1
2032,0,470,nonadherence,0.010718986395795466,0.007281824946403503,0.0034371614493919622,1
2032,0,470,claim_rate,0.027951084895835143,0.027167730033397675,0.0007833548624374687,1
2032,0,470,claim_severity,0.015525680432809386,0.00871288776397705,0.006812792668832335,1
2032,0,470,provider_complication,0.0214642669082563,0.00343458354473114,0.01802968336352516,1
2032,0,470,coverage_gap,0.043633502839180174,0.03662284463644028,0.007010658202739897,1
2032,0,472,age,0.03153770961353119,0.023018144071102142,0.008519565542429046,1
2032,0,472,poor_health,0.021570471511317177,0.018374130129814148,0.003196341381503029,1
2032,0,472,smoking,0.0,0.0,0.0,1
2032,0,472,bmi_risk,0.008214607493796183,0.006024114787578583,0.0021904927062176005,1
2032,0,472,nonadherence,0.00465848589699823,0.0031922906637191772,0.0014661952332790523,1
2032,0,472,claim_rate,0.01963254854894761,0.01868078112602234,0.0009517674229252704,1
2032,0,472,claim_severity,0.011666202322504107,0.006147108972072601,0.005519093350431506,1
2032,0,472,provider_complication,0.01951896777402097,0.0019900277256965637,0.017528940048324407,1
2032,0,472,coverage_gap,0.014473872642147265,0.011639893054962158,0.0028339795871851065,1
2032,0,475,age,1.3877787807814457e-17,0.0,1.3877787807814457e-17,1
2032,0,475,poor_health,0.023253939332002642,0.02681688219308853,0.0035629428610858896,1
2032,0,475,smoking,1.3877787807814457e-17,0.0,1.3877787807814457e-17,1
2032,0,475,bmi_risk,0.024170581926506167,0.022774890065193176,0.0013956918613129907,1
2032,0,475,nonadherence,0.006641342360717929,0.005517870187759399,0.0011234721729585298,1
2032,0,475,claim_rate,1.3877787807814457e-17,0.0,1.3877787807814457e-17,1
2032,0,475,claim_severity,0.01230018484905173,0.007806345820426941,0.0044938390286247895,1
2032,0,475,provider_complication,0.005438669351577309,0.0007681176066398621,0.004670551744937447,1
2032,0,475,coverage_gap,0.0059891865862380725,0.005910508334636688,7.867825160138425e-05,1
2032,0,480,age,0.02333766882486328,0.02489257976412773,0.0015549109392644506,1
2032,0,480,poor_health,0.0044590207256251235,0.005353078246116638,0.0008940575204915147,1
2032,0,480,smoking,0.0,0.0,0.0,1
2032,0,480,bmi_risk,0.0001654725323924633,0.00016263872385025024,2.8338085422130455e-06,1
2032,0,480,nonadherence,0.008732363396163303,0.008640512824058533,9.185057210477077e-05,1
2032,0,480,claim_rate,0.0,0.0,0.0,1
2032,0,480,claim_severity,0.005146509623814459,0.0036478713154792786,0.0014986383083351804,1
2032,0,480,provider_complication,0.006610008378102827,0.0010322704911231995,0.005577737886979628,1
2032,0,480,coverage_gap,0.00665238857583781,0.007795274257659912,0.001142885681822102,1
2032,0,488,age,0.028256678398812005,0.022139817476272583,0.006116860922539422,1
2032,0,488,poor_health,0.014138960976960255,0.014185994863510132,4.703388654987706e-05,1
2032,0,488,smoking,0.0737379429708137,0.07196348160505295,0.001774461365760746,1
2032,0,488,bmi_risk,0.019157565924213082,0.01640404760837555,0.002753518315837533,1
2032,0,488,nonadherence,0.017454021735161293,0.015823349356651306,0.001630672378509987,1
2032,0,488,claim_rate,0.014709096609725456,0.01689152419567108,0.002182427585945626,1
2032,0,488,claim_severity,0.042264483456842375,0.026581905782222748,0.015682577674619627,1
2032,0,488,provider_complication,0.0041336192653426695,0.0007655918598175049,0.0033680274055251647,1
2032,0,488,coverage_gap,0.013352499561260722,0.013471975922584534,0.00011947636132381145,1
2032,0,492,age,0.030633993883018656,0.026231393218040466,0.00440260066497819,1
2032,0,492,poor_health,0.02538595854675392,0.026637569069862366,0.0012516105231084457,1
2032,0,492,smoking,1.3877787807814457e-17,0.0,1.3877787807814457e-17,1
2032,0,492,bmi_risk,0.02850744299607287,0.025055937469005585,0.003451505527067286,1
2032,0,492,nonadherence,0.008078893923970251,0.006168961524963379,0.0019099323990068723,1
2032,0,492,claim_rate,1.3877787807814457e-17,0.0,1.3877787807814457e-17,1
2032,0,492,claim_severity,0.01658727352718714,0.010230392217636108,0.006356881309551032,1
2032,0,492,provider_complication,0.01612781367181386,0.00241745263338089,0.01371036103843297,1
2032,0,492,coverage_gap,0.001850574389557047,0.001780383288860321,7.019110069672596e-05,1
2032,0,498,age,0.07419334040742873,0.06258099526166916,0.011612345145759567,1
2032,0,498,poor_health,0.03558652330989946,0.032870061695575714,0.002716461614323748,1
2032,0,498,smoking,0.0,0.0,0.0,1
2032,0,498,bmi_risk,0.042414327026384896,0.0381939560174942,0.004220371008890694,1
2032,0,498,nonadherence,0.001252595930332806,0.001027420163154602,0.00022517576717820398,1
2032,0,498,claim_rate,0.0,0.0,0.0,1
2032,0,498,claim_severity,0.01829527939807754,0.01184498518705368,0.00645029421102386,1
2032,0,498,provider_complication,0.015147956729515646,0.0026444047689437866,0.01250355196057186,1
2032,0,498,coverage_gap,0.013644323357151877,0.013251066207885742,0.0003932571492661352,1
2032,0,509,age,0.09575788438327917,0.06687797605991364,0.02887990832336554,1
2032,0,509,poor_health,0.15000834681417252,0.11982566118240356,0.030182685631768957,1
2032,0,509,smoking,-5.551115123125783e-17,0.0,5.551115123125783e-17,1
2032,0,509,bmi_risk,0.0647153494256276,0.04323454201221466,0.021480807413412933,1
2032,0,509,nonadherence,0.004814536253724966,0.003849238157272339,0.000965298096452627,1
2032,0,509,claim_rate,-5.551115123125783e-17,0.0,5.551115123125783e-17,1
2032,0,509,claim_severity,0.07475626245081338,0.03538621962070465,0.039370042830108726,1
2032,0,509,provider_complication,0.050836660805496564,0.007224425673484802,0.04361223513201176,1
2032,0,509,coverage_gap,0.03647161001610927,0.023647204041481018,0.01282440597462825,1
2032,0,514,age,0.0,0.0,0.0,1
2032,0,514,poor_health,0.22459753480570144,0.22390387952327728,0.0006936552824241549,1
2032,0,514,smoking,0.20249372611671274,0.21953928470611572,0.017045558589402987,1
2032,0,514,bmi_risk,0.1278912945360388,0.12360161542892456,0.004289679107114253,1
2032,0,514,nonadherence,0.10188965824216628,0.08156934380531311,0.02032031443685317,1
2032,0,514,claim_rate,0.0,0.0,0.0,1
2032,0,514,claim_severity,0.17994700868958258,0.11189913749694824,0.06804787119263433,1
2032,0,514,provider_complication,0.05509914969474661,0.00880277156829834,0.04629637812644827,1
2032,0,514,coverage_gap,0.06535272645913132,0.0682084858417511,0.0028557593826197825,1
2032,0,518,age,0.0455198820309015,0.03429770469665527,0.011222177334246228,1
2032,0,518,poor_health,0.053844251826783485,0.046463169157505035,0.007381082669278449,1
2032,0,518,smoking,0.0,0.0,0.0,1
2032,0,518,bmi_risk,0.02609339507025782,0.0206851065158844,0.005408288554373419,1
2032,0,518,nonadherence,0.05092723950132161,0.03646080195903778,0.014466437542283828,1
2032,0,518,claim_rate,0.03361304144021282,0.03332652151584625,0.00028651992436656837,1
2032,0,518,claim_severity,0.05380185721333368,0.03139059245586395,0.022411264757469726,1
2032,0,518,provider_complication,0.002789050418450012,0.00046868622303009033,0.0023203641954199217,1
2032,0,518,coverage_gap,0.036155076147193516,0.03207218647003174,0.004082889677161777,1
2032,0,528,age,0.04329497356184678,0.03624279052019119,0.007052183041655585,1
2032,0,528,poor_health,0.019164026874979923,0.01926538348197937,0.0001013566069994476,1
2032,0,528,smoking,-2.7755575615628914e-17,0.0,2.7755575615628914e-17,1
2032,0,528,bmi_risk,0.030570359758470528,0.0253928080201149,0.005177551738355629,1
2032,0,528,nonadherence,0.015021399817930006,0.011234968900680542,0.0037864309172494642,1
2032,0,528,claim_rate,0.012235126820945116,0.013960450887680054,0.0017253240667349373,1
2032,0,528,claim_severity,0.010383029468472624,0.005936652421951294,0.00444637704652133,1
2032,0,528,provider_complication,0.00942799870447572,0.0011361390352249146,0.008291859669250806,1
2032,0,528,coverage_gap,0.03606121953593529,0.0341159924864769,0.0019452270494583895,1
2032,0,529,age,0.08396544858785765,0.058095552027225494,0.025869896560632155,1
2032,0,529,poor_health,0.08225476870389883,0.06832212209701538,0.013932646606883453,1
2032,0,529,smoking,0.0,0.0,0.0,1
2032,0,529,bmi_risk,0.03357182934399258,0.025250554084777832,0.00832127525921475,1
2032,0,529,nonadherence,0.0475823800711844,0.03403402864933014,0.01354835142185426,1
2032,0,529,claim_rate,0.019957091779235353,0.01925314962863922,0.0007039421505961319,1
2032,0,529,claim_severity,0.03731911006718219,0.017477497458457947,0.019841612608724246,1
2032,0,529,provider_complication,0.0282258287098604,0.002948567271232605,0.025277261438627796,1
2032,0,529,coverage_gap,0.033838014079942774,0.024569407105445862,0.009268606974496912,1
2032,0,531,age,0.041511784460583345,0.03550425171852112,0.006007532742062227,1
2032,0,531,poor_health,0.0956456804831076,0.08806072920560837,0.007584951277499238,1
2032,0,531,smoking,0.0,0.0,0.0,1
2032,0,531,bmi_risk,0.006782627941695846,0.006586894392967224,0.0001957335487286216,1
2032,0,531,nonadherence,0.018380245017185104,0.013455450534820557,0.004924794482364547,1
2032,0,531,claim_rate,0.03324786932358481,0.03603813052177429,0.002790261198189481,1
2032,0,531,claim_severity,0.055923880128139786,0.03859676420688629,0.017327115921253494,1
2032,0,531,provider_complication,0.011983031250275278,0.0023049265146255493,0.009678104735649729,1
2032,0,531,coverage_gap,0.016169163993064117,0.01854853332042694,0.0023793693273628236,1
2032,0,534,age,0.16394393002204122,0.1692446768283844,0.005300746806343182,1
2032,0,534,poor_health,0.0676873775358075,0.07596924901008606,0.008281871474278557,1
2032,0,534,smoking,0.1812106109297565,0.20641747117042542,0.025206860240668927,1
2032,0,534,bmi_risk,0.03627560244401684,0.04174298048019409,0.005467378036177251,1
2032,0,534,nonadherence,0.028216761685852187,0.025522679090499878,0.0026940825953523095,1
2032,0,534,claim_rate,0.11775615538560558,0.14849773049354553,0.030741575107939956,1
2032,0,534,claim_severity,0.14750955711620167,0.11169365048408508,0.03581590663211659,1
2032,0,534,provider_complication,0.021212520555345282,0.0033425092697143555,0.017870011285630927,1
2032,0,534,coverage_gap,0.08865382073109235,0.10912945866584778,0.02047563793475543,1
2032,0,536,age,0.05988618717923409,0.04441162943840027,0.015474557740833825,1
2032,0,536,poor_health,0.04819785623128289,0.03912079334259033,0.00907706288869256,1
2032,0,536,smoking,-2.7755575615628914e-17,0.0,2.7755575615628914e-17,1
2032,0,536,bmi_risk,0.00923895678813888,0.0069139450788497925,0.0023250117092890876,1
2032,0,536,nonadherence,0.04309133689867012,0.029377304017543793,0.013714032881126326,1
2032,0,536,claim_rate,-2.7755575615628914e-17,0.0,2.7755575615628914e-17,1
2032,0,536,claim_severity,0.023459382381163546,0.013502314686775208,0.009957067694388338,1
2032,0,536,provider_complication,0.03223347866447626,0.004440620541572571,0.02779285812290369,1
2032,0,536,coverage_gap,0.05590842583980864,0.04307746887207031,0.012830956967738325,1
2032,0,542,age,0.00593676381417424,0.004756227135658264,0.0011805366785159754,1
2032,0,542,poor_health,0.015002431744532065,0.015678808093070984,0.0006763763485389193,1
2032,0,542,smoking,-6.938893903907228e-18,0.0,6.938893903907228e-18,1
2032,0,542,bmi_risk,0.009483794880563931,0.008056074380874634,0.0014277204996892973,1
2032,0,542,nonadherence,0.011112593512808466,0.009081326425075531,0.0020312670877329353,1
2032,0,542,claim_rate,0.007170609491888552,0.008203938603401184,0.001033329111512632,1
2032,0,542,claim_severity,0.012566335307066155,0.007509276270866394,0.005057059036199761,1
2032,0,542,provider_complication,0.0002405240432524977,2.972036600112915e-05,0.00021080367725136856,1
2032,0,542,coverage_gap,0.0073317399411258685,0.007224135100841522,0.0001076048402843463,1
2032,0,552,age,0.03271057509750086,0.028598718345165253,0.0041118567523356075,1
2032,0,552,poor_health,0.03961234031560963,0.042302586138248444,0.002690245822638812,1
2032,0,552,smoking,-1.3877787807814457e-17,0.0,1.3877787807814457e-17,1
2032,0,552,bmi_risk,0.008688763600851454,0.007389955222606659,0.0012988083782447951,1
2032,0,552,nonadherence,0.01657831401302738,0.013079948723316193,0.003498365289711189,1
2032,0,552,claim_rate,0.010627792079482917,0.012448489665985107,0.0018206975865021902,1
2032,0,552,claim_severity,0.02462300899272106,0.016800984740257263,0.007822024252463797,1
2032,0,552,provider_complication,0.008065809539643393,0.001519806683063507,0.0065460028565798856,1
2032,0,552,coverage_gap,0.006676491128365408,0.006822966039180756,0.00014647491081534736,1
2032,0,560,age,0.046950362049261785,0.042741239070892334,0.004209122978369451,1
2032,0,560,poor_health,0.020623169703329447,0.023726686835289,0.0031035171319595545,1
2032,0,560,smoking,0.09232564800010017,0.09650790691375732,0.004182258913657158,1
2032,0,560,bmi_risk,0.060416344709818826,0.05531764030456543,0.005098704405253396,1
2032,0,560,nonadherence,0.021512353381672344,0.02202785015106201,0.0005154967693896673,1
2032,0,560,claim_rate,0.0,0.0,0.0,1
2032,0,560,claim_severity,0.04710563615426733,0.03755199909210205,0.009553637062165277,1
2032,0,560,provider_complication,0.019755019323781098,0.004423007369041443,0.015332011954739655,1
2032,0,560,coverage_gap,0.015434779784241237,0.017966538667678833,0.002531758883437596,1
2032,0,561,age,0.019342508472649796,0.015210449695587158,0.004132058777062637,1
2032,0,561,poor_health,0.01733654793601829,0.016826868057250977,0.0005096798787673149,1
2032,0,561,smoking,-1.3877787807814457e-17,0.0,1.3877787807814457e-17,1
2032,0,561,bmi_risk,0.0002569450841612142,0.0001917630434036255,6.518204075758871e-05,1
2032,0,561,nonadherence,0.0036754932859905873,0.002706460654735565,0.0009690326312550221,1
2032,0,561,claim_rate,-1.3877787807814457e-17,0.0,1.3877787807814457e-17,1
2032,0,561,claim_severity,0.0046343619513255704,0.0025355443358421326,0.002098817615483438,1
2032,0,561,provider_complication,0.012164213173083499,0.0016832724213600159,0.010480940751723483,1
2032,0,561,coverage_gap,0.016756498698815986,0.015139121562242508,0.001617377136573478,1
2032,0,562,age,0.058657701133042174,0.04323329031467438,0.015424410818367797,1
2032,0,562,poor_health,0.04180190693808722,0.03673366457223892,0.005068242365848297,1
2032,0,562,smoking,0.0,0.0,0.0,1
2032,0,562,bmi_risk,0.0021658430461749673,0.0015146583318710327,0.0006511847143039345,1
2032,0,562,nonadherence,0.02905173443056483,0.019303366541862488,0.009748367888702342,1
2032,0,562,claim_rate,0.013172271941672711,0.012843169271945953,0.00032910266972675795,1
2032,0,562,claim_severity,0.02204135495866187,0.011181086301803589,0.010860268656858282,1
2032,0,562,provider_complication,0.01197529030520822,0.0014455616474151611,0.010529728657793058,1
2032,0,562,coverage_gap,0.012260665667181037,0.010330863296985626,0.0019298023701954103,1
2032,0,577,age,0.11599347207985794,0.09494689106941223,0.02104658101044571,1
2032,0,577,poor_health,0.14511940368357418,0.12914586067199707,0.015973543011577107,1
2032,0,577,smoking,0.0,0.0,0.0,1
2032,0,577,bmi_risk,0.0005266285214499677,0.0005754083395004272,4.87798180504595e-05,1
2032,0,577,nonadherence,0.05089726788001611,0.041480183601379395,0.009417084278636717,1
2032,0,577,claim_rate,0.025182384568329386,0.024976998567581177,0.0002053860007482089,1
2032,0,577,claim_severity,0.08448675528082772,0.050044894218444824,0.034441861062382895,1
2032,0,577,provider_complication,0.03537405294518106,0.005419999361038208,0.029954053584142853,1
2032,0,577,coverage_gap,0.058949962122979205,0.05109576880931854,0.007854193313660662,1
2032,0,578,age,0.15599923171526542,0.1497400403022766,0.006259191412988807,1
2032,0,578,poor_health,0.030253648406011135,0.029628604650497437,0.000625043755513699,1
2032,0,578,smoking,0.16266853611430487,0.1536305546760559,0.009037981438248965,1
2032,0,578,bmi_risk,0.11553559132228122,0.10297444462776184,0.012561146694519382,1
2032,0,578,nonadherence,0.040347924880630937,0.037365227937698364,0.0029826969429325723,1
2032,0,578,claim_rate,0.0,0.0,0.0,1
2032,0,578,claim_severity,0.0757895120340154,0.05362847447395325,0.022161037560062158,1
2032,0,578,provider_complication,0.0384762995949578,0.007240593433380127,0.03123570616157767,1
2032,0,578,coverage_gap,0.10341820749271322,0.10243463516235352,0.0009835723303597,1
2032,0,585,age,0.11893936057355281,0.10194608569145203,0.016993274882100784,1
2032,0,585,poor_health,0.12126538432521367,0.10350249707698822,0.017762887248225445,1
2032,0,585,smoking,-5.551115123125783e-17,0.0,5.551115123125783e-17,1
2032,0,585,bmi_risk,0.029734683199196976,0.03058120608329773,0.0008465228841007533,1
2032,0,585,nonadherence,0.06826866681079455,0.05888344347476959,0.009385223336024956,1
2032,0,585,claim_rate,0.05254258317437721,0.05537500977516174,0.0028324266007845322,1
2032,0,585,claim_severity,0.06278591867881547,0.04385256767272949,0.01893335100608598,1
2032,0,585,provider_complication,0.03881034193141536,0.00665554404258728,0.03215479788882808,1
2032,0,585,coverage_gap,0.09325571834794721,0.08311070501804352,0.010145013329903696,1
2032,0,591,age,0.16658202262034327,0.16667190194129944,8.987932095616546e-05,1
2032,0,591,poor_health,0.24741819702997103,0.26583731174468994,0.01841911471471891,1
2032,0,591,smoking,0.20935726426134138,0.2211739420890808,0.01181667782773943,1
2032,0,591,bmi_risk,0.08308967509811083,0.08762317895889282,0.0045335038607819955,1
2032,0,591,nonadherence,0.02572328074781627,0.026027262210845947,0.0003039814630296789,1
2032,0,591,claim_rate,0.03143538250673983,0.03170287609100342,0.0002674935842635895,1
2032,0,591,claim_severity,0.20703584484835963,0.14042538404464722,0.06661046080371241,1
2032,0,591,provider_complication,0.026954534137316855,0.004615187644958496,0.02233934649235836,1
2032,0,591,coverage_gap,0.06334776269390008,0.06683909893035889,0.0034913362364588085,1
2032,0,595,age,0.15513278791484156,0.16494105756282806,0.009808269647986506,1
2032,0,595,poor_health,0.0875310702544509,0.10648441314697266,0.018953342892521763,1
2032,0,595,smoking,0.14599263134944193,0.16621610522270203,0.020223473873260095,1
2032,0,595,bmi_risk,0.03264087620995815,0.04063442349433899,0.007993547284380842,1
2032,0,595,nonadherence,0.0471236322704775,0.052712827920913696,0.005589195650436196,1
2032,0,595,claim_rate,0.0,0.0,0.0,1
2032,0,595,claim_severity,0.08426557714778937,0.06750816106796265,0.016757416079826726,1
2032,0,595,provider_complication,0.020451348933958113,0.003759413957595825,0.016691934976362288,1
2032,0,595,coverage_gap,0.02275112988570438,0.025858938694000244,0.0031078088082958644,1
2032,0,597,age,0.1460280980211745,0.12378910183906555,0.02223899618210895,1
2032,0,597,poor_health,0.04403200184270756,0.039712101221084595,0.004319900621622963,1
2032,0,597,smoking,0.18057316228503278,0.17537304759025574,0.005200114694777047,1
2032,0,597,bmi_risk,0.039563375101842546,0.04168233275413513,0.0021189576522925857,1
2032,0,597,nonadherence,0.0788096394899464,0.07048347592353821,0.008326163566408196,1
2032,0,597,claim_rate,0.06102336058168972,0.05852434039115906,0.0024990201905306653,1
2032,0,597,claim_severity,0.13741194309423688,0.09721711277961731,0.04019483031461957,1
2032,0,597,provider_complication,0.050647329916217565,0.009267687797546387,0.04137964211867118,1
2032,0,597,coverage_gap,0.10724836126697673,0.11255249381065369,0.005304132543676954,1
2033,0,0,age,0.012622436478706159,0.009555555880069733,0.003066880598636426,1
2033,0,0,poor_health,0.04376198629065346,0.03245789557695389,0.011304090713699574,1
2033,0,0,smoking,1.3877787807814457e-17,0.0,1.3877787807814457e-17,1
2033,0,0,bmi_risk,0.03263157493980258,0.026333481073379517,0.006298093866423063,1
2033,0,0,nonadherence,0.017577074327795303,0.01111244410276413,0.006464630225031173,1
2033,0,0,claim_rate,0.012271220178706146,0.012340761721134186,6.954154242803934e-05,1
2033,0,0,claim_severity,0.03289105710503416,0.020171016454696655,0.012720040650337508,1
2033,0,0,provider_complication,0.01754664628237064,0.003690101206302643,0.013856545076067997,1
2033,0,0,coverage_gap,0.01869559727767235,0.01779817044734955,0.0008974268303228033,1
2033,0,2,age,0.10558631252175854,0.11540329456329346,0.009816982041534916,1
2033,0,2,poor_health,0.2194674360505587,0.2315138727426529,0.012046436692094181,1
2033,0,2,smoking,5.551115123125783e-17,0.0,5.551115123125783e-17,1
2033,0,2,bmi_risk,0.05461443568892266,0.0645359456539154,0.009921509964992747,1
2033,0,2,nonadherence,0.026149589738532875,0.026837795972824097,0.0006882062342912221,1
2033,0,2,claim_rate,0.05784926078010372,0.08716276288032532,0.0293135021002216,1
2033,0,2,claim_severity,0.17877193133844807,0.12831592559814453,0.05045600574030354,1
2033,0,2,provider_complication,0.01958151802266589,0.002758234739303589,0.0168232832833623,1
2033,0,2,coverage_gap,0.05753200733824432,0.06830915808677673,0.010777150748532416,1
2033,0,13,age,0.08946020587668341,0.07869616150856018,0.010764044368123227,1
2033,0,13,poor_health,0.06433126320036126,0.05666281282901764,0.007668450371343616,1
2033,0,13,smoking,0.14524739499862793,0.14196544885635376,0.0032819461422741725,1
2033,0,13,bmi_risk,0.041870174208354816,0.04009082913398743,0.0017793450743673889,1
2033,0,13,nonadherence,0.027831365619841453,0.02592429518699646,0.0019070704328449928,1
2033,0,13,claim_rate,0.05164441728392416,0.060172125697135925,0.008527708413211765,1
2033,0,13,claim_severity,0.08316050091450544,0.05899296700954437,0.02416753390496107,1
2033,0,13,provider_complication,0.03987735715645968,0.006785005331039429,0.03309235182542025,1
2033,0,13,coverage_gap,0.044904582616729916,0.0511687695980072,0.006264186981277287,1
2033,0,15,age,0.08701439939906043,0.10017038881778717,0.01315598941872674,1
2033,0,15,poor_health,0.0903161494081214,0.090303935110569,1.2214297552395892e-05,1
2033,0,15,smoking,-2.7755575615628914e-17,0.0,2.7755575615628914e-17,1
2033,0,15,bmi_risk,0.06525566140416023,0.07724179327487946,0.01198613187071923,1
2033,0,15,nonadherence,0.00635225402361439,0.007160812616348267,0.0008085585927338768,1
2033,0,15,claim_rate,-2.7755575615628914e-17,0.0,2.7755575615628914e-17,1
2033,0,15,claim_severity,0.04750321236698862,0.03701753914356232,0.010485673223426306,1
2033,0,15,provider_complication,0.004550503588231503,0.00089244544506073,0.0036580581431707726,1
2033,0,15,coverage_gap,0.030204300541764456,0.037199944257736206,0.00699564371597175,1
2033,0,19,age,0.1261680675872116,0.13856105506420135,0.012392987476989747,1
2033,0,19,poor_health,0.09942173534478432,0.11278650164604187,0.013364766301257547,1
2033,0,19,smoking,0.16837875703092609,0.2040894329547882,0.03571067592386212,1
2033,0,19,bmi_risk,0.021845948585952346,0.02723190188407898,0.005385953298126633,1
2033,0,19,nonadherence,0.06000094243445153,0.06467977166175842,0.004678829227306891,1
2033,0,19,claim_rate,0.02964277957476108,0.04485726356506348,0.015214483990302397,1
2033,0,19,claim_severity,0.14162122912117972,0.09848970174789429,0.04313152737328543,1
2033,0,19,provider_complication,0.06702949956532078,0.00906062126159668,0.0579688783037241,1
2033,0,19,coverage_gap,0.047733438237932635,0.05452448129653931,0.006791043058606672,1
2033,0,20,age,0.046782215456590386,0.04222612828016281,0.004556087176427574,1
2033,0,20,poor_health,0.017865471487601564,0.012912951409816742,0.004952520077784822,1
2033,0,20,smoking,-1.3877787807814457e-17,0.0,1.3877787807814457e-17,1
2033,0,20,bmi_risk,0.010615423163590224,0.008763745427131653,0.0018516777364585707,1
2033,0,20,nonadherence,0.006628930362363145,0.004138663411140442,0.0024902669512227027,1
2033,0,20,claim_rate,-1.3877787807814457e-17,0.0,1.3877787807814457e-17,1
2033,0,20,claim_severity,0.02253455617229949,0.014030024409294128,0.008504531763005363,1
2033,0,20,provider_complication,0.002488609066180633,0.0005046874284744263,0.001983921637706207,1
2033,0,20,coverage_gap,0.013444617389681612,0.013441286981105804,3.3304085758079083e-06,1
2033,0,21,age,0.05595937511540107,0.045111700892448425,0.010847674222952644,1
2033,0,21,poor_health,0.05122885068215012,0.03802644461393356,0.013202406068216557,1
2033,0,21,smoking,0.0,0.0,0.0,1
2033,0,21,bmi_risk,0.01969378158534485,0.018865227699279785,0.0008285538860650643,1
2033,0,21,nonadherence,0.0139729847335269,0.012231633067131042,0.0017413516663958573,1
2033,0,21,claim_rate,0.028228072673631074,0.027435168623924255,0.000792904049706819,1
2033,0,21,claim_severity,0.028483227744370163,0.01843894273042679,0.010044285013943374,1
2033,0,21,provider_complication,0.02829048124583504,0.0038330554962158203,0.02445742574961922,1
2033,0,21,coverage_gap,0.019817521548262385,0.018382929265499115,0.0014345922827632696,1
2033,0,27,age,0.042107915842926585,0.046972908079624176,0.004864992236697591,1
2033,0,27,poor_health,0.07389924299311279,0.07012075930833817,0.003778483684774625,1
2033,0,27,smoking,0.0,0.0,0.0,1
2033,0,27,bmi_risk,0.01947961525717222,0.020481154322624207,0.0010015390654519868,1
2033,0,27,nonadherence,0.02126668439694153,0.017807677388191223,0.003459007008750306,1
2033,0,27,claim_rate,0.0,0.0,0.0,1
2033,0,27,claim_severity,0.045521613726824575,0.03118179738521576,0.014339816341608816,1
2033,0,27,provider_complication,0.00950125254767678,0.0018333196640014648,0.007667932883675316,1
2033,0,27,coverage_gap,0.01535902096484959,0.014946907758712769,0.00041211320613682156,1
2033,0,30,age,0.19495591156152065,0.17299389839172363,0.021962013169797012,1
2033,0,30,poor_health,0.17715988690880985,0.16185161471366882,0.015308272195141026,1
2033,0,30,smoking,0.20327827963064876,0.19606944918632507,0.007208830444323688,1
2033,0,30,bmi_risk,0.009809609254779805,0.007015973329544067,0.002793635925235738,1
2033,0,30,nonadherence,0.0631872176744761,0.058276087045669556,0.004911130628806548,1
2033,0,30,claim_rate,0.06485631532830805,0.07305711507797241,0.008200799749664367,1
2033,0,30,claim_severity,0.15447850404251184,0.09597411751747131,0.05850438652504053,1
2033,0,30,provider_complication,0.049069106514745386,0.008077740669250488,0.0409913658454949,1
2033,0,30,coverage_gap,0.0557726302084906,0.055889248847961426,0.0001166186394708224,1
2033,0,40,age,0.09227059506427182,0.10169905424118042,0.009428459176908599,1
2033,0,40,poor_health,0.06574127271917121,0.07499207556247711,0.0092508028433059,1
2033,0,40,smoking,0.12123957571474221,0.14859415590763092,0.02735458019288871,1
2033,0,40,bmi_risk,0.029911709016702814,0.03972816467285156,0.009816455656148748,1
2033,0,40,nonadherence,0.03321619348516261,0.03739754855632782,0.00418135507116521,1
2033,0,40,claim_rate,-2.7755575615628914e-17,0.0,2.7755575615628914e-17,1
2033,0,40,claim_severity,0.08077028067097922,0.06210288405418396,0.018667396616795257,1
2033,0,40,provider_complication,0.002086307372530738,0.0003325939178466797,0.0017537134546840583,1
2033,0,40,coverage_gap,0.044872691382954355,0.05535478889942169,0.010482097516467337,1
2033,0,42,age,0.08470850238637381,0.08950597047805786,0.004797468091684048,1
2033,0,42,poor_health,0.15246106789421013,0.14413173496723175,0.008329332926978378,1
2033,0,42,smoking,0.0,0.0,0.0,1
2033,0,42,bmi_risk,0.011582300267441947,0.013919740915298462,0.0023374406478565146,1
2033,0,42,nonadherence,0.0424429808838091,0.04177194833755493,0.0006710325462541689,1
2033,0,42,claim_rate,0.07423953866059599,0.10270142555236816,0.028461886891772176,1
2033,0,42,claim_severity,0.11314344750117608,0.0787724107503891,0.03437103675078698,1
2033,0,42,provider_complication,0.04434081770876036,0.005081087350845337,0.039259730357915024,1
2033,0,42,coverage_gap,0.06421836511850071,0.07349731028079987,0.009278945162299157,1
2033,0,44,age,0.02206571650336403,0.016636580228805542,0.005429136274558488,1
2033,0,44,poor_health,0.11461449203793544,0.08949397504329681,0.02512051699463863,1
2033,0,44,smoking,0.15414604354784855,0.13227371871471405,0.021872324833134504,1
2033,0,44,bmi_risk,0.017381252451223905,0.015084683895111084,0.0022965685561128213,1
2033,0,44,nonadherence,0.025428739477290796,0.01750662922859192,0.007922110248698877,1
2033,0,44,claim_rate,0.05421126606416554,0.0609799325466156,0.006768666482450059,1
2033,0,44,claim_severity,0.13631755761587405,0.0847548395395279,0.05156271807634616,1
2033,0,44,provider_complication,0.047026333570296786,0.006976485252380371,0.040049848317916414,1
2033,0,44,coverage_gap,0.03441497808277183,0.03441855311393738,3.575031165548026e-06,1
2033,0,48,age,0.1734234639634345,0.18958096206188202,0.01615749809844752,1
2033,0,48,poor_health,0.17027341404017404,0.16588078439235687,0.00439262964781717,1
2033,0,48,smoking,0.0,0.0,0.0,1
2033,0,48,bmi_risk,0.08461782050648736,0.09160226583480835,0.006984445328320987,1
2033,0,48,nonadherence,0.052706651825615736,0.053503960371017456,0.0007973085454017204,1
2033,0,48,claim_rate,0.0,0.0,0.0,1
2033,0,48,claim_severity,0.08732303946535791,0.05059435963630676,0.03672867982905115,1
2033,0,48,provider_complication,0.02240062896370726,0.003913372755050659,0.0184872562086566,1
2033,0,48,coverage_gap,0.10004392241508567,0.10346287488937378,0.0034189524742881117,1
2033,0,53,age,0.02496443363623997,0.018139086663722992,0.00682534697251698,1
2033,0,53,poor_health,0.05532316839015111,0.03601687401533127,0.019306294374819843,1
2033,0,53,smoking,1.3877787807814457e-17,0.0,1.3877787807814457e-17,1
2033,0,53,bmi_risk,0.0009030910723392266,0.000583261251449585,0.0003198298208896416,1
2033,0,53,nonadherence,0.0037545191309418385,0.0017957314848899841,0.0019587876460518544,1
2033,0,53,claim_rate,1.3877787807814457e-17,0.0,1.3877787807814457e-17,1
2033,0,53,claim_severity,0.029577732339462537,0.013907365500926971,0.015670366838535565,1
2033,0,53,provider_complication,0.02081432924626911,0.003426961600780487,0.01738736764548862,1
2033,0,53,coverage_gap,0.027383030985636603,0.022144459187984467,0.005238571797652136,1
2033,0,57,age,0.034936031922364996,0.03821432590484619,0.003278293982481195,1
2033,0,57,poor_health,0.009836491687460633,0.008050665259361267,0.0017858264280993658,1
2033,0,57,smoking,1.3877787807814457e-17,0.0,1.3877787807814457e-17,1
2033,0,57,bmi_risk,0.021416517716797027,0.022314295172691345,0.0008977774558943177,1
2033,0,57,nonadherence,0.005265814033345667,0.004116646945476532,0.0011491670878691351,1
2033,0,57,claim_rate,0.00875884320086981,0.008477799594402313,0.00028104360646749593,1
2033,0,57,claim_severity,1.3877787807814457e-17,0.0,1.3877787807814457e-17,1
2033,0,57,provider_complication,0.008038203005539327,0.0014859139919281006,0.006552289013611226,1
2033,0,57,coverage_gap,0.014427797999216549,0.015733130276203156,0.0013053322769866066,1
2033,0,58,age,0.1044277334000188,0.10962247103452682,0.00519473763450802,1
2033,0,58,poor_health,0.09699779832061253,0.08804166316986084,0.008956135150751693,1
2033,0,58,smoking,0.0,0.0,0.0,1
2033,0,58,bmi_risk,0.04484804228739864,0.0525972843170166,0.007749242029617964,1
2033,0,58,nonadherence,0.036256135798048456,0.03308036923408508,0.0031757665639633725,1
2033,0,58,claim_rate,0.02160946235655567,0.026277214288711548,0.004667751932155878,1
2033,0,58,claim_severity,0.070059073517002,0.04959602653980255,0.020463046977199445,1
2033,0,58,provider_complication,0.01793965285723753,0.0032910555601119995,0.014648597297125532,1
2033,0,58,coverage_gap,0.03380828994275856,0.036646440625190735,0.002838150682432178,1
2033,0,70,age,0.17738709844020448,0.16289867460727692,0.01448842383292756,1
2033,0,70,poor_health,0.07078280382491497,0.06781798601150513,0.002964817813409848,1
2033,0,70,smoking,0.17552126439955523,0.16924507915973663,0.006276185239818599,1
2033,0,70,bmi_risk,0.07811069764138595,0.07094645500183105,0.007164242639554896,1
2033,0,70,nonadherence,0.06354060166157305,0.06498569250106812,0.0014450908394950668,1
2033,0,70,claim_rate,0.059840502130438455,0.07337826490402222,0.013537762773583761,1
2033,0,70,claim_severity,0.11970058494896879,0.08448445796966553,0.035216126979303264,1
2033,0,70,provider_complication,0.02773584732306872,0.004479259252548218,0.0232565880705205,1
2033,0,70,coverage_gap,0.018883642675411816,0.02236783504486084,0.003484192369449024,1
2033,0,72,age,0.08825163009287412,0.0659516379237175,0.022299992169156624,1
2033,0,72,poor_health,0.11733152720583778,0.07971732318401337,0.037614204021824416,1
2033,0,72,smoking,0.0,0.0,0.0,1
2033,0,72,bmi_risk,0.016395985934949037,0.01199980080127716,0.004396185133671876,1
2033,0,72,nonadherence,0.017611983225947175,0.012282952666282654,0.0053290305596645215,1
2033,0,72,claim_rate,0.0,0.0,0.0,1
2033,0,72,claim_severity,0.04656534759311359,0.02223840355873108,0.024326944034382514,1
2033,0,72,provider_complication,0.03415446086511892,0.0044311583042144775,0.02972330256090444,1
2033,0,72,coverage_gap,0.02601896193618694,0.020373046398162842,0.005645915538024099,1
2033,0,74,age,0.11476850005509526,0.10847748070955276,0.006291019345542492,1
2033,0,74,poor_health,0.051010769850415555,0.0512622594833374,0.00025148963292184745,1
2033,0,74,smoking,0.0,0.0,0.0,1
2033,0,74,bmi_risk,0.049827762704244605,0.054878875613212585,0.005051112908967981,1
2033,0,74,nonadherence,0.031900588385565504,0.02921062707901001,0.002689961306555494,1
2033,0,74,claim_rate,0.0,0.0,0.0,1
2033,0,74,claim_severity,0.004629233160769242,0.0032059550285339355,0.001423278132235306,1
2033,0,74,provider_complication,0.01926127597540528,0.002430647611618042,0.016830628363787237,1
2033,0,74,coverage_gap,0.060911705869204524,0.05667965114116669,0.004232054728037837,1
2033,0,78,age,0.06372289754818536,0.07744733989238739,0.013724442344202031,1
2033,0,78,poor_health,0.11881497738335432,0.12058000266551971,0.0017650252821653917,1
2033,0,78,smoking,0.0,0.0,0.0,1
2033,0,78,bmi_risk,0.02679645026548591,0.035598188638687134,0.008801738373201223,1
2033,0,78,nonadherence,0.016613314896551712,0.019548922777175903,0.0029356078806241914,1
2033,0,78,claim_rate,0.04185529093625662,0.06211313605308533,0.02025784511682871,1
2033,0,78,claim_severity,0.10147026907172708,0.08636383712291718,0.01510643194880991,1
2033,0,78,provider_complication,0.012246440142690329,0.002256721258163452,0.009989718884526877,1
2033,0,78,coverage_gap,0.05755533110938865,0.07091198861598969,0.013356657506601033,1
2033,0,81,age,0.06320397631410178,0.05119633674621582,0.012007639567885961,1
2033,0,81,poor_health,0.0265843946761994,0.017742067575454712,0.008842327100744687,1
2033,0,81,smoking,0.0,0.0,0.0,1
2033,0,81,bmi_risk,0.026191540962885992,0.01929783821105957,0.006893702751826422,1
2033,0,81,nonadherence,0.016225615240241298,0.010318242013454437,0.005907373226786861,1
2033,0,81,claim_rate,0.027356925357082465,0.021855682134628296,0.005501243222454169,1
2033,0,81,claim_severity,0.024934248851629884,0.014185778796672821,0.010748470054957063,1
2033,0,81,provider_complication,0.027417338081400303,0.005259394645690918,0.022157943435709385,1
2033,0,81,coverage_gap,0.007081818794809958,0.006419509649276733,0.0006623091455332242,1
2033,0,85,age,0.02090873788785272,0.01926274597644806,0.0016459919114046595,1
2033,0,85,poor_health,0.10870522835561977,0.07982611656188965,0.028879111793730122,1
2033,0,85,smoking,2.7755575615628914e-17,0.0,2.7755575615628914e-17,1
2033,0,85,bmi_risk,0.0291872745561072,0.02986408770084381,0.0006768131447366099,1
2033,0,85,nonadherence,0.023378794039164735,0.02124480903148651,0.002133985007678224,1
2033,0,85,claim_rate,0.0563737834177537,0.060174137353897095,0.0038003539361433913,1
2033,0,85,claim_severity,0.0576999877308553,0.034221068024635315,0.023478919706219986,1
2033,0,85,provider_complication,0.034897925137027525,0.0043513476848602295,0.030546577452167295,1
2033,0,85,coverage_gap,0.030650372547058546,0.02885165810585022,0.0017987144412083267,1
2033,0,99,age,0.010229519789341252,0.009040698409080505,0.0011888213802607461,1
2033,0,99,poor_health,0.010139432112656485,0.007789596915245056,0.002349835197411429,1
2033,0,99,smoking,-6.938893903907228e-18,0.0,6.938893903907228e-18,1
2033,0,99,bmi_risk,0.006110902862845102,0.00520024448633194,0.0009106583765131626,1
2033,0,99,nonadherence,0.007807707071994789,0.004817627370357513,0.0029900797016372757,1
2033,0,99,claim_rate,-6.938893903907228e-18,0.0,6.938893903907228e-18,1
2033,0,99,claim_severity,0.00028630738394035127,0.0001565590500831604,0.00012974833385719087,1
2033,0,99,provider_complication,0.006104250703911872,0.0009125843644142151,0.005191666339497657,1
2033,0,99,coverage_gap,0.018181919054279475,0.017914917320013046,0.00026700173426642826,1
2033,0,109,age,0.06933219884075904,0.06215532869100571,0.007176870149753337,1
2033,0,109,poor_health,0.05439260173348813,0.04247673600912094,0.011915865724367189,1
2033,0,109,smoking,0.0,0.0,0.0,1
2033,0,109,bmi_risk,0.03909521953095009,0.03654731810092926,0.0025479014300208297,1
2033,0,109,nonadherence,0.005075696651057643,0.0033924132585525513,0.0016832833925050916,1
2033,0,109,claim_rate,0.015666983582913324,0.016311228275299072,0.0006442446923857481,1
2033,0,109,claim_severity,0.021137886372096848,0.014195263385772705,0.006942622986324143,1
2033,0,109,provider_complication,0.022445810306491842,0.003922492265701294,0.01852331804079055,1
2033,0,109,coverage_gap,0.028927240841263233,0.031976744532585144,0.0030495036913219115,1
2033,0,111,age,0.09434125180526878,0.09478084743022919,0.00043959562496040383,1
2033,0,111,poor_health,0.1153050948813758,0.10092714428901672,0.014377950592359079,1
2033,0,111,smoking,0.0,0.0,0.0,1
2033,0,111,bmi_risk,0.05917105323876942,0.06536118686199188,0.00619013362322246,1
2033,0,111,nonadherence,0.054469027929824415,0.04784262180328369,0.006626406126540724,1
2033,0,111,claim_rate,0.024030558815708952,0.029915079474449158,0.0058845206587402055,1
2033,0,111,claim_severity,0.08972047943492786,0.06198781728744507,0.027732662147482795,1
2033,0,111,provider_complication,0.021911516273409926,0.003454536199569702,0.018456980073840223,1
2033,0,111,coverage_gap,0.04145181101610157,0.04554203152656555,0.004090220510463982,1
2033,0,127,age,0.0520189443605535,0.035150133073329926,0.016868811287223576,1
2033,0,127,poor_health,0.047933146717650504,0.027665354311466217,0.020267792406184287,1
2033,0,127,smoking,0.0,0.0,0.0,1
2033,0,127,bmi_risk,0.018114365886882783,0.011243768036365509,0.006870597850517274,1
2033,0,127,nonadherence,0.017010362711535332,0.008453786373138428,0.008556576338396904,1
2033,0,127,claim_rate,0.0,0.0,0.0,1
2033,0,127,claim_severity,0.03397063709066614,0.01681264489889145,0.01715799219177469,1
2033,0,127,provider_complication,0.011235559646489257,0.0017958134412765503,0.009439746205212707,1
2033,0,127,coverage_gap,0.024954772926219226,0.01930905133485794,0.005645721591361286,1
2033,0,133,age,0.03525145827182061,0.0367143377661705,0.0014628794943498946,1
2033,0,133,poor_health,0.007789780278573397,0.006578497588634491,0.0012112826899389056,1
2033,0,133,smoking,0.0,0.0,0.0,1
2033,0,133,bmi_risk,0.00823602849662991,0.007822707295417786,0.00041332120121212457,1
2033,0,133,nonadherence,0.011592026630248303,0.008680850267410278,0.002911176362838025,1
2033,0,133,claim_rate,0.008171082063566773,0.008347928524017334,0.00017684646045056096,1
2033,0,133,claim_severity,0.0,0.0,0.0,1
2033,0,133,provider_complication,0.012088352953685502,0.0021323487162590027,0.0099560042374265,1
2033,0,133,coverage_gap,0.012714520541836707,0.01445171982049942,0.0017371992786627127,1
2033,0,135,age,0.03819115037693871,0.035893961787223816,0.0022971885897148936,1
2033,0,135,poor_health,0.07937297438697091,0.0651828795671463,0.014190094819824611,1
2033,0,135,smoking,0.0,0.0,0.0,1
2033,0,135,bmi_risk,0.030760071904164077,0.03300550580024719,0.0022454338960831155,1
2033,0,135,nonadherence,0.05554625604652286,0.04381147027015686,0.011734785776365997,1
2033,0,135,claim_rate,0.0,0.0,0.0,1
2033,0,135,claim_severity,0.04147815191664059,0.027807652950286865,0.013670498966353722,1
2033,0,135,provider_complication,0.012783083200508805,0.0016659051179885864,0.011117178082520218,1
2033,0,135,coverage_gap,0.07306369470835251,0.06802865117788315,0.005035043530469366,1
2033,0,136,age,0.018695319149801257,0.015501357614994049,0.0031939615348072076,1
2033,0,136,poor_health,0.0216669778850336,0.017045684158802032,0.0046212937262315665,1
2033,0,136,smoking,0.0,0.0,0.0,1
2033,0,136,bmi_risk,0.015161569389370903,0.013665705919265747,0.0014958634701051562,1
2033,0,136,nonadherence,0.013493494461578173,0.008906640112400055,0.004586854349178118,1
2033,0,136,claim_rate,0.00874045609951378,0.008832760155200958,9.230405568717848e-05,1
2033,0,136,claim_severity,0.005717418109214403,0.0032086819410324097,0.0025087361681819936,1
2033,0,136,provider_complication,0.025637364652364103,0.003673270344734192,0.02196409430762991,1
2033,0,136,coverage_gap,0.013098708946216411,0.012201189994812012,0.0008975189514043996,1
2033,0,145,age,0.10655964856283415,0.1073741540312767,0.0008145054684425557,1
2033,0,145,poor_health,0.031901667406874556,0.032301098108291626,0.0003994307014170695,1
2033,0,145,smoking,0.0,0.0,0.0,1
2033,0,145,bmi_risk,0.05163629017187417,0.05514651536941528,0.003510225197541114,1
2033,0,145,nonadherence,0.030511910199441772,0.029382959008216858,0.001128951191224914,1
2033,0,145,claim_rate,0.0,0.0,0.0,1
2033,0,145,claim_severity,0.013017487715506398,0.00900299847126007,0.004014489244246328,1
2033,0,145,provider_complication,0.032979178742068155,0.006690159440040588,0.026289019302027566,1
2033,0,145,coverage_gap,0.021181911750194182,0.023318171501159668,0.0021362597509654857,1
2033,0,155,age,0.03263453575015171,0.027849018573760986,0.0047855171763907245,1
2033,0,155,poor_health,0.06868390691140075,0.05045156925916672,0.018232337652234032,1
2033,0,155,smoking,0.0,0.0,0.0,1
2033,0,155,bmi_risk,0.008540138073518944,0.008015654981136322,0.0005244830923826216,1
2033,0,155,nonadherence,0.01255734608923384,0.009141713380813599,0.003415632708420241,1
2033,0,155,claim_rate,0.0,0.0,0.0,1
2033,0,155,claim_severity,0.04651424094244565,0.025438882410526276,0.021075358531919372,1
2033,0,155,provider_complication,0.0033903776787760076,0.0004907548427581787,0.002899622836017829,1
2033,0,155,coverage_gap,0.020720975125013724,0.016787037253379822,0.003933937871633902,1
2033,0,165,age,0.051266281718209,0.046665363013744354,0.004600918704464649,1
2033,0,165,poor_health,0.013365361728099434,0.009618178009986877,0.0037471837181125567,1
2033,0,165,smoking,0.0,0.0,0.0,1
2033,0,165,bmi_risk,0.018306040064972356,0.01612822711467743,0.0021778129502949273,1
2033,0,165,nonadherence,0.018844857815744173,0.01242101937532425,0.006423838440419924,1
2033,0,165,claim_rate,0.02236397097161244,0.01976781338453293,0.0025961575870795117,1
2033,0,165,claim_severity,0.013799077799073287,0.008820660412311554,0.004978417386761733,1
2033,0,165,provider_complication,0.0026908730524152213,0.0005518198013305664,0.002139053251084655,1
2033,0,165,coverage_gap,0.01778904354157465,0.018701188266277313,0.0009121447247026626,1
2033,0,166,age,0.02571173911103626,0.022542856633663177,0.0031688824773730834,1
2033,0,166,poor_health,0.03171244407562511,0.025130726397037506,0.006581717678587604,1
2033,0,166,smoking,0.0,0.0,0.0,1
2033,0,166,bmi_risk,0.006231876167494876,0.004977822303771973,0.0012540538637229037,1
2033,0,166,nonadherence,0.017742081861768982,0.011156037449836731,0.006586044411932251,1
2033,0,166,claim_rate,0.00992830056848562,0.009260877966880798,0.0006674226016048224,1
2033,0,166,claim_severity,0.011075535873228265,0.0067560747265815735,0.0043194611466466915,1
2033,0,166,provider_complication,0.0056341085744568,0.001200743019580841,0.004433365554875959,1
2033,0,166,coverage_gap,0.027220243966634194,0.02727115899324417,5.091502660997671e-05,1
2033,0,168,age,0.10849085722397364,0.14968952536582947,0.041198668141855826,1
2033,0,168,poor_health,0.11756556565676508,0.15831506252288818,0.0407494968661231,1
2033,0,168,smoking,-2.7755575615628914e-17,0.0,2.7755575615628914e-17,1
2033,0,168,bmi_risk,0.052456551120619976,0.07696723937988281,0.024510688259262836,1
2033,0,168,nonadherence,0.055505248905249244,0.07747556269168854,0.021970313786439294,1
2033,0,168,claim_rate,0.04348026965666654,0.0763811469078064,0.032900877251139854,1
2033,0,168,claim_severity,0.08505915514247292,0.08006793260574341,0.0049912225367295115,1
2033,0,168,provider_complication,0.015494160941436574,0.0025166869163513184,0.012977474025085256,1
2033,0,168,coverage_gap,0.017940107848196662,0.02780848741531372,0.009868379567117058,1
2033,0,170,age,0.06259377920167697,0.05959467589855194,0.002999103303125028,1
2033,0,170,poor_health,0.042652571267380035,0.0329371839761734,0.009715387291206634,1
2033,0,170,smoking,-2.7755575615628914e-17,0.0,2.7755575615628914e-17,1
2033,0,170,bmi_risk,0.005780553213200812,0.005171641707420349,0.0006089115057804628,1
2033,0,170,nonadherence,0.010642528320499181,0.007227912545204163,0.0034146157752950185,1
2033,0,170,claim_rate,-2.7755575615628914e-17,0.0,2.7755575615628914e-17,1
2033,0,170,claim_severity,0.010677822430534306,0.006654024124145508,0.004023798306388798,1
2033,0,170,provider_complication,0.01880204523602523,0.003420308232307434,0.015381737003717796,1
2033,0,170,coverage_gap,0.02972949781946764,0.03115616738796234,0.0014266695684947012,1
2033,0,182,age,0.03221702953992902,0.024720128625631332,0.007496900914297687,1
2033,0,182,poor_health,0.006690534134728074,0.004065863788127899,0.0026246703466001747,1
2033,0,182,smoking,0.0,0.0,0.0,1
2033,0,182,bmi_risk,0.003779347132147573,0.002523981034755707,0.0012553660973918662,1
2033,0,182,nonadherence,0.010531201048697654,0.005675964057445526,0.004855236991252128,1
2033,0,182,claim_rate,0.0,0.0,0.0,1
2033,0,182,claim_severity,0.0025678798701587735,0.0011988580226898193,0.0013690218474689542,1
2033,0,182,provider_complication,0.018371507259379513,0.002753801643848419,0.015617705615531094,1
2033,0,182,coverage_gap,0.0033227843081407443,0.0027414634823799133,0.000581320825760831,1
2033,0,183,age,0.029159668831062746,0.030253946781158447,0.0010942779500957012,1
2033,0,183,poor_health,0.20046813919928858,0.19265493750572205,0.00781320169356653,1
2033,0,183,smoking,0.19889088051401138,0.22920170426368713,0.030310823749675753,1
2033,0,183,bmi_risk,0.06633516988479354,0.07069313526153564,0.004357965376742101,1
2033,0,183,nonadherence,0.08766723062984816,0.07869747281074524,0.00896975781910292,1
2033,0,183,claim_rate,0.032399249995854584,0.0410955548286438,0.008696304832789215,1
2033,0,183,claim_severity,0.22117792613593595,0.14800924062728882,0.07316868550864714,1
2033,0,183,provider_complication,0.04921153264144912,0.005789220333099365,0.04342231230834975,1
2033,0,183,coverage_gap,0.07453231943196825,0.07983985543251038,0.0053075360005421235,1
2033,0,199,age,0.020614023009767626,0.01648634672164917,0.0041276762881184564,1
2033,0,199,poor_health,0.021017066104051373,0.014529123902320862,0.006487942201730511,1
2033,0,199,smoking,0.0,0.0,0.0,1
2033,0,199,bmi_risk,0.015653971407052283,0.011639080941677094,0.00401489046537519,1
2033,0,199,nonadherence,0.009604384994033335,0.005469910800457001,0.004134474193576335,1
2033,0,199,claim_rate,0.0,0.0,0.0,1
2033,0,199,claim_severity,0.007135509675195939,0.003994196653366089,0.00314131302182985,1
2033,0,199,provider_complication,0.01595867652935168,0.0030186623334884644,0.012940014195863214,1
2033,0,199,coverage_gap,0.018622552487116403,0.017253629863262177,0.0013689226238542268,1
2033,0,201,age,0.058026335562250314,0.046988822519779205,0.011037513042471109,1
2033,0,201,poor_health,0.07092639523593895,0.05252835899591446,0.018398036240024493,1
2033,0,201,smoking,0.0,0.0,0.0,1
2033,0,201,bmi_risk,0.02689878717446162,0.024969592690467834,0.0019291944839937847,1
2033,0,201,nonadherence,0.004679154445438011,0.00390779972076416,0.0007713547246738506,1
2033,0,201,claim_rate,0.031199786961705417,0.029537439346313477,0.0016623476153919403,1
2033,0,201,claim_severity,0.03490908949310051,0.01981876790523529,0.015090321587865219,1
2033,0,201,provider_complication,0.015373272602088983,0.002180039882659912,0.013193232719429071,1
2033,0,201,coverage_gap,0.020585131288729214,0.017842501401901245,0.0027426298868279686,1
2033,0,219,age,0.055959670317300564,0.06503981351852417,0.009080143201223606,1
2033,0,219,poor_health,0.02942641903087842,0.03193648159503937,0.0025100625641609475,1
2033,0,219,smoking,0.0,0.0,0.0,1
2033,0,219,bmi_risk,0.04365446772394001,0.05480707436800003,0.011152606644060023,1
2033,0,219,nonadherence,0.03596654352908997,0.03556621074676514,0.00040033278232483316,1
2033,0,219,claim_rate,0.014200512691149553,0.02277398109436035,0.008573468403210799,1
2033,0,219,claim_severity,0.0021887818297886275,0.0018599778413772583,0.00032880398841136915,1
2033,0,219,provider_complication,0.013370562898885566,0.002942115068435669,0.010428447830449897,1
2033,0,219,coverage_gap,0.034802359254872975,0.04721255600452423,0.012410196749651256,1
2033,0,221,age,0.10218353770144939,0.13096095621585846,0.02877741851440907,1
2033,0,221,poor_health,0.10801664592083843,0.12084507942199707,0.012828433501158643,1
2033,0,221,smoking,0.0,0.0,0.0,1
2033,0,221,bmi_risk,0.09045384276638724,0.12147295475006104,0.031019111983673797,1
2033,0,221,nonadherence,0.04818695459381986,0.060985952615737915,0.012798998021918057,1
2033,0,221,claim_rate,0.024361683606345802,0.03998458385467529,0.015622900248329491,1
2033,0,221,claim_severity,0.08395283467873554,0.07125018537044525,0.012702649308290292,1
2033,0,221,provider_complication,0.0068215816860021095,0.0012759864330291748,0.005545595252972935,1
2033,0,221,coverage_gap,0.07080891665841521,0.09374271333217621,0.022933796673760998,1
2033,0,222,age,0.018276449971957487,0.018727928400039673,0.00045147842808218597,1
2033,0,222,poor_health,0.13881781541138,0.13486911356449127,0.003948701846888725,1
2033,0,222,smoking,0.1579761473633478,0.17480868101119995,0.016832533647852144,1
2033,0,222,bmi_risk,0.08976427271862739,0.10396488010883331,0.014200607390205927,1
2033,0,222,nonadherence,0.037602796849459275,0.03785321116447449,0.0002504143150152127,1
2033,0,222,claim_rate,0.0,0.0,0.0,1
2033,0,222,claim_severity,0.1337796813570015,0.08692149817943573,0.046858183177565765,1
2033,0,222,provider_complication,0.04101385399965379,0.005871683359146118,0.035142170640507675,1
2033,0,222,coverage_gap,0.04537629380041369,0.048615097999572754,0.003238804199159062,1
2033,0,226,age,0.05685352839022839,0.06083882600069046,0.0039852976104620685,1
2033,0,226,poor_health,0.05792175550518344,0.05228017270565033,0.0056415827995331125,1
2033,0,226,smoking,0.0,0.0,0.0,1
2033,0,226,bmi_risk,0.037127619762150274,0.0399983674287796,0.002870747666629328,1
2033,0,226,nonadherence,0.04311619222249605,0.03733356297016144,0.005782629252334609,1
2033,0,226,claim_rate,0.0,0.0,0.0,1
2033,0,226,claim_severity,0.037531001494797475,0.0264577716588974,0.011073229835900075,1
2033,0,226,provider_complication,0.02023666926029344,0.0041408538818359375,0.0160958153784575,1
2033,0,226,coverage_gap,0.022870628327468973,0.02289879322052002,2.816489305104697e-05,1
2033,0,239,age,0.044764243029253095,0.042032234370708466,0.0027320086585446296,1
2033,0,239,poor_health,0.041353063279413155,0.0336647629737854,0.007688300305627754,1
2033,0,239,smoking,0.0,0.0,0.0,1
2033,0,239,bmi_risk,0.003584918192692216,0.0034359991550445557,0.00014891903764766012,1
2033,0,239,nonadherence,0.007528218228210065,0.004921220242977142,0.002606997985232923,1
2033,0,239,claim_rate,0.022294653313101778,0.021961934864521027,0.0003327184485807516,1
2033,0,239,claim_severity,0.02885179130365091,0.020391277968883514,0.008460513334767397,1
2033,0,239,provider_complication,0.0010838799200623833,0.00019127130508422852,0.0008926086149781548,1
2033,0,239,coverage_gap,0.015140790842280205,0.015499450266361237,0.00035865942408103146,1
2033,0,257,age,0.06594068975544998,0.054573044180870056,0.011367645574579921,1
2033,0,257,poor_health,0.027633957495927883,0.018190570175647736,0.009443387320280147,1
2033,0,257,smoking,1.3877787807814457e-17,0.0,1.3877787807814457e-17,1
2033,0,257,bmi_risk,0.01868285237397775,0.015357673168182373,0.0033251792057953783,1
2033,0,257,nonadherence,0.004452465924162652,0.0027143433690071106,0.0017381225551555413,1
2033,0,257,claim_rate,1.3877787807814457e-17,0.0,1.3877787807814457e-17,1
2033,0,257,claim_severity,1.3877787807814457e-17,0.0,1.3877787807814457e-17,1
2033,0,257,provider_complication,0.010498903954683128,0.0016147196292877197,0.008884184325395408,1
2033,0,257,coverage_gap,0.016380375670861994,0.014609970152378082,0.0017704055184839113,1
2033,0,258,age,0.12871136631897387,0.12207735329866409,0.006634013020309776,1
2033,0,258,poor_health,0.07498445466670908,0.06469486653804779,0.010289588128661292,1
2033,0,258,smoking,0.0,0.0,0.0,1
2033,0,258,bmi_risk,0.024788632492035972,0.02737988531589508,0.002591252823859108,1
2033,0,258,nonadherence,0.04222134360215571,0.03220163285732269,0.010019710744833016,1
2033,0,258,claim_rate,0.0,0.0,0.0,1
2033,0,258,claim_severity,0.06282282548093576,0.03724201023578644,0.025580815245149324,1
2033,0,258,provider_complication,0.032056207911054485,0.005524009466171265,0.02653219844488322,1
2033,0,258,coverage_gap,0.042447496398324625,0.03963486850261688,0.002812627895707742,1
2033,0,262,age,0.1204701599763165,0.11144544184207916,0.00902471813423733,1
2033,0,262,poor_health,0.12333941893962952,0.103587806224823,0.01975161271480652,1
2033,0,262,smoking,0.0,0.0,0.0,1
2033,0,262,bmi_risk,0.08380007886875174,0.08367116749286652,0.00012891137588522117,1
2033,0,262,nonadherence,0.09190618986165167,0.07414568960666656,0.0177605002549851,1
2033,0,262,claim_rate,0.0,0.0,0.0,1
2033,0,262,claim_severity,0.07348919276693777,0.04614229500293732,0.027346897764000455,1
2033,0,262,provider_complication,0.05963061145193338,0.009730011224746704,0.049900600227186676,1
2033,0,262,coverage_gap,0.03226034452185589,0.03349335491657257,0.0012330103947166826,1
2033,0,267,age,0.09981106045197463,0.10548461973667145,0.005673559284696816,1
2033,0,267,poor_health,0.025804414800021352,0.03277716040611267,0.0069727456060913184,1
2033,0,267,smoking,0.12395908340421488,0.14304961264133453,0.019090529237119652,1
2033,0,267,bmi_risk,0.029786636149639445,0.035750776529312134,0.005964140379672689,1
2033,0,267,nonadherence,0.06019242442892617,0.06354521214962006,0.0033527877206938894,1
2033,0,267,claim_rate,0.04510953626894679,0.06795699894428253,0.022847462675335745,1
2033,0,267,claim_severity,0.06088557027743327,0.047373831272125244,0.013511739005308027,1
2033,0,267,provider_complication,0.020615465086836232,0.004211872816085815,0.016403592270750417,1
2033,0,267,coverage_gap,0.033299046285896555,0.044495150446891785,0.01119610416099523,1
2033,0,271,age,0.0558969202858087,0.04589739441871643,0.009999525867092268,1
2033,0,271,poor_health,0.05203604123903996,0.03824004530906677,0.013795995929973187,1
2033,0,271,smoking,0.0,0.0,0.0,1
2033,0,271,bmi_risk,0.009323814948743889,0.008392535150051117,0.0009312797986927718,1
2033,0,271,nonadherence,0.0293510013915953,0.019475653767585754,0.009875347624009545,1
2033,0,271,claim_rate,0.0,0.0,0.0,1
2033,0,271,claim_severity,0.03511564135593745,0.019091859459877014,0.016023781896060435,1
2033,0,271,provider_complication,0.01571349196233504,0.002841934561729431,0.01287155740060561,1
2033,0,271,coverage_gap,0.00874069589177455,0.0074222758412361145,0.0013184200505384353,1
2033,0,277,age,0.07787494720035468,0.0562371090054512,0.021637838194903475,1
2033,0,277,poor_health,0.059919182508887975,0.04273577034473419,0.017183412164153783,1
2033,0,277,smoking,-5.551115123125783e-17,0.0,5.551115123125783e-17,1
2033,0,277,bmi_risk,0.037984433213114316,0.031431570649147034,0.006552862563967282,1
2033,0,277,nonadherence,0.016205825181563827,0.010326474905014038,0.0058793502765497885,1
2033,0,277,claim_rate,0.057863513733634214,0.0503067821264267,0.0075567316072075175,1
2033,0,277,claim_severity,0.05582996878426877,0.033528998494148254,0.022300970290120514,1
2033,0,277,provider_complication,0.04610343718597856,0.006995350122451782,0.03910808706352678,1
2033,0,277,coverage_gap,0.04526363989016363,0.04079771041870117,0.00446592947146246,1
2033,0,278,age,0.06577399823482022,0.05797223746776581,0.007801760767054411,1
2033,0,278,poor_health,0.07083768879735922,0.05371946096420288,0.017118227833156335,1
2033,0,278,smoking,-2.7755575615628914e-17,0.0,2.7755575615628914e-17,1
2033,0,278,bmi_risk,0.044408518405968433,0.040696918964385986,0.003711599441582447,1
2033,0,278,nonadherence,0.029264180791790217,0.02273613214492798,0.006528048646862239,1
2033,0,278,claim_rate,-2.7755575615628914e-17,0.0,2.7755575615628914e-17,1
2033,0,278,claim_severity,0.06540858490251103,0.0450761616230011,0.02033242327950993,1
2033,0,278,provider_complication,0.0054768747513241345,0.0009108185768127441,0.00456605617451139,1
2033,0,278,coverage_gap,0.07523555571913565,0.06539450585842133,0.009841049860714324,1
2033,0,283,age,0.0,0.0,0.0,1
2033,0,283,poor_health,0.07431300406009558,0.04974393546581268,0.0245690685942829,1
2033,0,283,smoking,0.0,0.0,0.0,1
2033,0,283,bmi_risk,0.021827177601369374,0.016432560980319977,0.005394616621049397,1
2033,0,283,nonadherence,0.02646486646363362,0.014664851129055023,0.011800015334578598,1
2033,0,283,claim_rate,0.02731376957709182,0.024134181439876556,0.003179588137215264,1
2033,0,283,claim_severity,0.03558465922411945,0.014861203730106354,0.020723455494013096,1
2033,0,283,provider_complication,0.02113256792331225,0.002613767981529236,0.018518799941783015,1
2033,0,283,coverage_gap,0.01074469599137666,0.007796362042427063,0.002948333948949597,1
2033,0,291,age,0.030091929767654305,0.020710930228233337,0.009380999539420967,1
2033,0,291,poor_health,0.0485733879064468,0.029585085809230804,0.018988302097215998,1
2033,0,291,smoking,0.0,0.0,0.0,1
2033,0,291,bmi_risk,0.019579958992719068,0.01255086064338684,0.007029098349332227,1
2033,0,291,nonadherence,0.006471797355203299,0.003000617027282715,0.003471180327920584,1
2033,0,291,claim_rate,0.0,0.0,0.0,1
2033,0,291,claim_severity,0.042475168329238616,0.01970747858285904,0.022767689746379577,1
2033,0,291,provider_complication,0.04083672020274219,0.007070615887641907,0.033766104315100284,1
2033,0,291,coverage_gap,0.02390155662249696,0.018067210912704468,0.005834345709792493,1
2033,0,292,age,0.08504550397634658,0.09213456511497498,0.007089061138628394,1
2033,0,292,poor_health,0.15175929651141,0.14514203369617462,0.006617262815235392,1
2033,0,292,smoking,2.7755575615628914e-17,0.0,2.7755575615628914e-17,1
2033,0,292,bmi_risk,0.03491751243587227,0.03956635296344757,0.004648840527575304,1
2033,0,292,nonadherence,0.022252260244988414,0.026088014245033264,0.00383575400004485,1
2033,0,292,claim_rate,2.7755575615628914e-17,0.0,2.7755575615628914e-17,1
2033,0,292,claim_severity,0.10470956877665333,0.07679952681064606,0.02791004196600727,1
2033,0,292,provider_complication,0.002029047040401577,0.00024466216564178467,0.0017843848747597923,1
2033,0,292,coverage_gap,0.01558207184649732,0.018884673714637756,0.0033026018681404368,1
2033,0,307,age,0.06462514760415516,0.05404253304004669,0.010582614564108472,1
2033,0,307,poor_health,0.020257292054563947,0.014354810118675232,0.005902481935888715,1
2033,0,307,smoking,0.0,0.0,0.0,1
2033,0,307,bmi_risk,0.014339188312552195,0.01114846020936966,0.0031907281031825357,1
2033,0,307,nonadherence,0.01748284431575446,0.010468482971191406,0.007014361344563055,1
2033,0,307,claim_rate,0.013372057446739707,0.011151619255542755,0.0022204381911969523,1
2033,0,307,claim_severity,0.015630425027889652,0.010069981217384338,0.005560443810505314,1
2033,0,307,provider_complication,0.019132385343176198,0.0036132484674453735,0.015519136875730824,1
2033,0,307,coverage_gap,0.03769259218942875,0.03490818291902542,0.0027844092704033263,1
2033,0,322,age,0.007589716652008166,0.006572548300027847,0.0010171683519803187,1
2033,0,322,poor_health,0.01469141371504501,0.011050134897232056,0.003641278817812954,1
2033,0,322,smoking,1.3877787807814457e-17,0.0,1.3877787807814457e-17,1
2033,0,322,bmi_risk,0.004400889557697678,0.0036735236644744873,0.0007273658932231905,1
2033,0,322,nonadherence,0.009851300307100859,0.005852356553077698,0.003998943754023161,1
2033,0,322,claim_rate,0.006692930286438144,0.006072249263525009,0.0006206810229131346,1
2033,0,322,claim_severity,0.0012271943542201125,0.0007070824503898621,0.0005201119038302504,1
2033,0,322,provider_complication,0.00597154684357748,0.0009652078151702881,0.005006339028407192,1
2033,0,322,coverage_gap,0.008248959321061324,0.007413368672132492,0.0008355906489288314,1
2033,0,323,age,0.06503939737255096,0.06672283262014389,0.0016834352475929293,1
2033,0,323,poor_health,0.010240106114474998,0.010799407958984375,0.0005593018445093773,1
2033,0,323,smoking,0.0,0.0,0.0,1
2033,0,323,bmi_risk,0.050028722468613424,0.05073714256286621,0.0007084200942527874,1
2033,0,323,nonadherence,0.02033967437607294,0.018089383840560913,0.0022502905355120256,1
2033,0,323,claim_rate,0.0,0.0,0.0,1
2033,0,323,claim_severity,0.0032262566083296196,0.002219289541244507,0.0010069670670851127,1
2033,0,323,provider_complication,0.01672429240111288,0.0033770203590393066,0.013347272042073574,1
2033,0,323,coverage_gap,0.021441909485937022,0.021480634808540344,3.87253226033224e-05,1
2033,0,331,age,0.034031164862208044,0.025897257030010223,0.00813390783219782,1
2033,0,331,poor_health,0.02891502663678093,0.018544785678386688,0.010370240958394242,1
2033,0,331,smoking,-1.3877787807814457e-17,0.0,1.3877787807814457e-17,1
2033,0,331,bmi_risk,0.0022244869098236586,0.0014721676707267761,0.0007523192390968825,1
2033,0,331,nonadherence,0.02034081082641162,0.010628119111061096,0.009712691715350524,1
2033,0,331,claim_rate,-1.3877787807814457e-17,0.0,1.3877787807814457e-17,1
2033,0,331,claim_severity,0.02570130433261332,0.014589503407478333,0.011111800925134988,1
2033,0,331,provider_complication,0.02204344634681185,0.004212535917758942,0.01783091042905291,1
2033,0,331,coverage_gap,0.028025947295397785,0.023974470794200897,0.004051476501196888,1
2033,0,344,age,0.009542831076440987,0.010761670768260956,0.0012188396918199687,1
2033,0,344,poor_health,0.014853200364236575,0.014264769852161407,0.0005884305120751679,1
2033,0,344,smoking,-6.938893903907228e-18,0.0,6.938893903907228e-18,1
2033,0,344,bmi_risk,0.0011168764503272643,0.001182451844215393,6.557539388812872e-05,1
2033,0,344,nonadherence,0.016322596715580354,0.013531379401683807,0.0027912173138965463,1
2033,0,344,claim_rate,-6.938893903907228e-18,0.0,6.938893903907228e-18,1
2033,0,344,claim_severity,0.0028662408634849354,0.0020176246762275696,0.0008486161872573658,1
2033,0,344,provider_complication,0.003982761849350008,0.0006973817944526672,0.003285380054897341,1
2033,0,344,coverage_gap,0.010158715042630766,0.011485844850540161,0.0013271298079093954,1
2033,0,348,age,0.001664692642450366,0.001020684838294983,0.0006440078041553832,1
2033,0,348,poor_health,0.10149599182866176,0.05917159467935562,0.04232439714930614,1
2033,0,348,smoking,-2.7755575615628914e-17,0.0,2.7755575615628914e-17,1
2033,0,348,bmi_risk,0.024256152962881028,0.0162489116191864,0.008007241343694627,1
2033,0,348,nonadherence,0.05760052071876301,0.029122963547706604,0.028477557171056406,1
2033,0,348,claim_rate,-2.7755575615628914e-17,0.0,2.7755575615628914e-17,1
2033,0,348,claim_severity,0.07551514366205761,0.037274859845638275,0.038240283816419335,1
2033,0,348,provider_complication,0.017104117216721587,0.0024357587099075317,0.014668358506814055,1
2033,0,348,coverage_gap,0.05395460133421348,0.038877397775650024,0.015077203558563457,1
2033,0,357,age,0.03408267004594331,0.02686547487974167,0.007217195166201638,1
2033,0,357,poor_health,0.02972976578186636,0.02029271423816681,0.009437051543699553,1
2033,0,357,smoking,-1.3877787807814457e-17,0.0,1.3877787807814457e-17,1
2033,0,357,bmi_risk,0.0019865800359150226,0.0014308914542198181,0.0005556885816952045,1
2033,0,357,nonadherence,0.01902255621630107,0.010722845792770386,0.008299710423530685,1
2033,0,357,claim_rate,-1.3877787807814457e-17,0.0,1.3877787807814457e-17,1
2033,0,357,claim_severity,-1.3877787807814457e-17,0.0,1.3877787807814457e-17,1
2033,0,357,provider_complication,0.016492053735738366,0.002533651888370514,0.013958401847367852,1
2033,0,357,coverage_gap,0.028275493450624467,0.02460561692714691,0.0036698765234775554,1
2033,0,363,age,0.036116063251255014,0.03261299431324005,0.0035030689380149624,1
2033,0,363,poor_health,0.030996077746141264,0.023376643657684326,0.0076194340884569375,1
2033,0,363,smoking,-1.3877787807814457e-17,0.0,1.3877787807814457e-17,1
2033,0,363,bmi_risk,0.004352168552501104,0.0034112483263015747,0.0009409202261995292,1
2033,0,363,nonadherence,0.010529038511048791,0.006181709468364716,0.0043473290426840755,1
2033,0,363,claim_rate,-1.3877787807814457e-17,0.0,1.3877787807814457e-17,1
2033,0,363,claim_severity,0.030366053803085602,0.02060016244649887,0.009765891356586731,1
2033,0,363,provider_complication,0.02787313337519791,0.005657613277435303,0.022215520097762606,1
2033,0,363,coverage_gap,0.005973125960375317,0.005415536463260651,0.0005575894971146661,1
2033,0,368,age,0.012215914661536334,0.01351020485162735,0.0012942901900910159,1
2033,0,368,poor_health,0.0037963371523739853,0.003552943468093872,0.0002433936842801132,1
2033,0,368,smoking,6.938893903907228e-18,0.0,6.938893903907228e-18,1
2033,0,368,bmi_risk,0.006146709378101217,0.0064396932721138,0.00029298389401258285,1
2033,0,368,nonadherence,0.006224859403314922,0.004947662353515625,0.0012771970497992974,1
2033,0,368,claim_rate,6.938893903907228e-18,0.0,6.938893903907228e-18,1
2033,0,368,claim_severity,6.938893903907228e-18,0.0,6.938893903907228e-18,1
2033,0,368,provider_complication,0.0012750920926563256,0.00023771077394485474,0.0010373813187114708,1
2033,0,368,coverage_gap,0.004390423957087927,0.005330130457878113,0.0009397065007901856,1
2033,0,369,age,0.06670241406817168,0.06376069784164429,0.002941716226527391,1
2033,0,369,poor_health,0.13852982297755945,0.12853485345840454,0.009994969519154906,1
2033,0,369,smoking,0.19035980534109864,0.19763630628585815,0.007276500944759512,1
2033,0,369,bmi_risk,0.06790824498678599,0.06011268496513367,0.007795560021652326,1
2033,0,369,nonadherence,0.02258288155931859,0.0201357901096344,0.002447091449684191,1
2033,0,369,claim_rate,0.12248605395647383,0.15348848700523376,0.031002433048759936,1
2033,0,369,claim_severity,0.1864251262092631,0.12432825565338135,0.062096870555881756,1
2033,0,369,provider_complication,0.07474175546263156,0.012271225452423096,0.06247053001020847,1
2033,0,369,coverage_gap,0.0970425268304031,0.09782847762107849,0.0007859507906753938,1
2033,0,380,age,0.08250027396125437,0.08988596498966217,0.007385691028407804,1
2033,0,380,poor_health,0.10238530934430358,0.10199159383773804,0.00039371550656554233,1
2033,0,380,smoking,2.7755575615628914e-17,0.0,2.7755575615628914e-17,1
2033,0,380,bmi_risk,0.01733978742906378,0.02225293219089508,0.004913144761831301,1
2033,0,380,nonadherence,0.05006706703537625,0.05287453532218933,0.0028074682868130807,1
2033,0,380,claim_rate,0.03902061376900828,0.054533347487449646,0.015512733718441363,1
2033,0,380,claim_severity,0.05759540144944414,0.04234853386878967,0.015246867580654466,1
2033,0,380,provider_complication,0.03960204240328988,0.006082937121391296,0.03351910528189858,1
2033,0,380,coverage_gap,0.021949808116014047,0.027851328253746033,0.005901520137731986,1
2033,0,381,age,0.1209307674434178,0.1040492057800293,0.0168815616633885,1
2033,0,381,poor_health,0.19269276823535503,0.17647038400173187,0.016222384233623155,1
2033,0,381,smoking,0.1994521450612759,0.1940445750951767,0.005407569966099202,1
2033,0,381,bmi_risk,0.09677372821984342,0.0884009301662445,0.008372798053598918,1
2033,0,381,nonadherence,0.07828774763086,0.07101097702980042,0.007276770601059579,1
2033,0,381,claim_rate,0.0,0.0,0.0,1
2033,0,381,claim_severity,0.17112346514940058,0.1014484167098999,0.06967504843950068,1
2033,0,381,provider_complication,0.09034838468355488,0.01409238576889038,0.0762559989146645,1
2033,0,381,coverage_gap,0.01709726436079445,0.015521645545959473,0.0015756188148349781,1
2033,0,383,age,0.08958173736829006,0.09313791990280151,0.003556182534511454,1
2033,0,383,poor_health,0.05605670901847576,0.06277331709861755,0.006716608080141795,1
2033,0,383,smoking,0.13538135640070367,0.15547068417072296,0.02008932777001929,1
2033,0,383,bmi_risk,0.06410212484983219,0.07001888751983643,0.005916762670004239,1
2033,0,383,nonadherence,0.022849663612745263,0.027858376502990723,0.005008712890245459,1
2033,0,383,claim_rate,0.048679082254970224,0.07042449712753296,0.021745414872562735,1
2033,0,383,claim_severity,0.08995088661676875,0.07651317119598389,0.013437715420784868,1
2033,0,383,provider_complication,0.007028951542667861,0.0012347102165222168,0.005794241326145644,1
2033,0,383,coverage_gap,0.05942446362403919,0.07717210054397583,0.017747636919936638,1
2033,0,384,age,0.1010019774525333,0.10473315417766571,0.003731176725132415,1
2033,0,384,poor_health,0.04923016869028472,0.05035927891731262,0.001129110227027899,1
2033,0,384,smoking,0.0,0.0,0.0,1
2033,0,384,bmi_risk,0.0008022501608156429,0.0010741353034973145,0.0002718851426816715,1
2033,0,384,nonadherence,0.05135009057193647,0.046715959906578064,0.0046341306653584075,1
2033,0,384,claim_rate,0.016822499379817862,0.020042583346366882,0.00322008396654902,1
2033,0,384,claim_severity,0.0,0.0,0.0,1
2033,0,384,provider_complication,0.02411837203399128,0.004895985126495361,0.01922238690749592,1
2033,0,384,coverage_gap,0.03278119219482151,0.03558534383773804,0.0028041516429165303,1
2033,0,385,age,0.09218348844539279,0.08092491328716278,0.011258575158230005,1
2033,0,385,poor_health,0.03595075791913735,0.03697757422924042,0.001026816310103068,1
2033,0,385,smoking,0.12138425978311317,0.11218524724245071,0.009199012540662452,1
2033,0,385,bmi_risk,0.02521708271076395,0.027074351906776428,0.0018572691960124788,1
2033,0,385,nonadherence,0.051668061837517515,0.044195011258125305,0.00747305057939221,1
2033,0,385,claim_rate,0.022954560559309417,0.030432075262069702,0.007477514702760285,1
2033,0,385,claim_severity,0.049686306560342175,0.03433766961097717,0.015348636949365002,1
2033,0,385,provider_complication,0.020429882977034658,0.0037080496549606323,0.016721833322074026,1
2033,0,385,coverage_gap,0.04297484762663403,0.04744806885719299,0.00447322123055896,1
2033,0,391,age,0.06913576267736546,0.079551562666893,0.010415799989527547,1
2033,0,391,poor_health,0.1514353370248429,0.1549805849790573,0.0035452479542144033,1
2033,0,391,smoking,2.7755575615628914e-17,0.0,2.7755575615628914e-17,1
2033,0,391,bmi_risk,0.0358038600004571,0.04221619665622711,0.006412336655770012,1
2033,0,391,nonadherence,0.02556424712451799,0.030047371983528137,0.004483124859010146,1
2033,0,391,claim_rate,0.04468266652745903,0.06787106394767761,0.02318839742021858,1
2033,0,391,claim_severity,0.09043380452429264,0.07300195097923279,0.017431853545059856,1
2033,0,391,provider_complication,0.021781038856604484,0.003091186285018921,0.018689852571585563,1
2033,0,391,coverage_gap,0.031068575878841292,0.0407802015542984,0.009711625675457108,1
2033,0,393,age,0.15252504950391305,0.1281387209892273,0.02438632851468575,1
2033,0,393,poor_health,0.15363309796235253,0.13489291071891785,0.01874018724343468,1
2033,0,393,smoking,0.18816880816541215,0.1868181973695755,0.0013506107958366487,1
2033,0,393,bmi_risk,0.037289098540964793,0.028660058975219727,0.008629039565745067,1
2033,0,393,nonadherence,0.013631166264675365,0.013033419847488403,0.0005977464171869618,1
2033,0,393,claim_rate,0.06264693801007143,0.07468974590301514,0.012042807892943708,1
2033,0,393,claim_severity,0.1546556718124053,0.09753286838531494,0.05712280342709036,1
2033,0,393,provider_complication,0.007017053734570788,0.0011327266693115234,0.005884327065259265,1
2033,0,393,coverage_gap,0.08722120888970158,0.0855715274810791,0.0016496814086224831,1
2033,0,397,age,0.10450221047108842,0.09001785516738892,0.0144843553036995,1
2033,0,397,poor_health,0.06042581415024928,0.048528850078582764,0.011896964071666516,1
2033,0,397,smoking,0.0,0.0,0.0,1
2033,0,397,bmi_risk,0.020102772801698587,0.022605478763580322,0.002502705961881735,1
2033,0,397,nonadherence,0.03687422570010421,0.027478143572807312,0.009396082127296895,1
2033,0,397,claim_rate,0.0,0.0,0.0,1
2033,0,397,claim_severity,0.0367891198286141,0.0239105224609375,0.012878597367676603,1
2033,0,397,provider_complication,0.015993376486145877,0.0028061270713806152,0.013187249414765262,1
2033,0,397,coverage_gap,0.06375686965005634,0.06172145903110504,0.0020354106189512944,1
2033,0,401,age,0.14942789110417165,0.14338302612304688,0.006044864981124776,1
2033,0,401,poor_health,0.17137014306531245,0.15852800011634827,0.012842142948964186,1
2033,0,401,smoking,0.1981366821894578,0.20846927165985107,0.010332589470393283,1
2033,0,401,bmi_risk,0.06415718233186235,0.04947012662887573,0.014687055702986618,1
2033,0,401,nonadherence,0.04651049439969768,0.04458010196685791,0.001930392432839767,1
2033,0,401,claim_rate,0.09567877368971539,0.10830074548721313,0.012621971797497744,1
2033,0,401,claim_severity,0.18400745346375552,0.12167936563491821,0.06232808782883731,1
2033,0,401,provider_complication,0.022014103010510377,0.0032595396041870117,0.018754563406323366,1
2033,0,401,coverage_gap,0.057462736888249044,0.0575699508190155,0.0001072139307664588,1
2033,0,402,age,0.008784532612508347,0.010493271052837372,0.0017087384403290246,1
2033,0,402,poor_health,0.006675608845734031,0.006645996123552322,2.9612722181708573e-05,1
2033,0,402,smoking,-6.938893903907228e-18,0.0,6.938893903907228e-18,1
2033,0,402,bmi_risk,0.0027746611398845045,0.003140486776828766,0.0003658256369442614,1
2033,0,402,nonadherence,0.002306934221051729,0.001888960599899292,0.0004179736211524371,1
2033,0,402,claim_rate,-6.938893903907228e-18,0.0,6.938893903907228e-18,1
2033,0,402,claim_severity,-6.938893903907228e-18,0.0,6.938893903907228e-18,1
2033,0,402,provider_complication,0.0004954650915556802,0.0001039654016494751,0.0003914996899062051,1
2033,0,402,coverage_gap,0.003970977108772422,0.005216140300035477,0.0012451631912630545,1
2033,0,414,age,0.06983611899306838,0.10044245421886444,0.03060633522579606,1
2033,0,414,poor_health,0.13175626165287121,0.14737793803215027,0.015621676379279054,1
2033,0,414,smoking,0.0,0.0,0.0,1
2033,0,414,bmi_risk,0.07899335481220535,0.11476251482963562,0.035769160017430274,1
2033,0,414,nonadherence,0.034861889843977534,0.045791447162628174,0.01092955731865064,1
2033,0,414,claim_rate,0.0475373636759471,0.0743105560541153,0.026773192378168192,1
2033,0,414,claim_severity,0.09589390125347783,0.08231987059116364,0.01357403066231419,1
2033,0,414,provider_complication,0.00687730746125742,0.0011446475982666016,0.005732659862990819,1
2033,0,414,coverage_gap,0.06613703485073957,0.08585785329341888,0.01972081844267931,1
2033,0,416,age,0.02770202386198111,0.023072145879268646,0.0046298779827124645,1
2033,0,416,poor_health,0.02395319167199101,0.01721367985010147,0.006739511821889539,1
2033,0,416,smoking,1.3877787807814457e-17,0.0,1.3877787807814457e-17,1
2033,0,416,bmi_risk,0.01869193110723967,0.014361292123794556,0.004330638983445115,1
2033,0,416,nonadherence,0.010419403660329854,0.006056919693946838,0.004362483966383016,1
2033,0,416,claim_rate,1.3877787807814457e-17,0.0,1.3877787807814457e-17,1
2033,0,416,claim_severity,0.012126948126388148,0.007086828351020813,0.0050401197753673355,1
2033,0,416,provider_complication,0.009022981132816507,0.0013853833079338074,0.0076375978248827,1
2033,0,416,coverage_gap,0.014783945744027333,0.012712381780147552,0.00207156396387978,1
2033,0,418,age,0.001557777017761039,0.0012191832065582275,0.0003385938112028114,1
2033,0,418,poor_health,0.02586593074037115,0.02069515734910965,0.005170773391261499,1
2033,0,418,smoking,0.0,0.0,0.0,1
2033,0,418,bmi_risk,0.031757270428277896,0.029469996690750122,0.0022872737375277744,1
2033,0,418,nonadherence,0.023049221758239258,0.01746637374162674,0.005582848016612518,1
2033,0,418,claim_rate,0.010110346146135568,0.010817520320415497,0.0007071741742799287,1
2033,0,418,claim_severity,0.01272903711488925,0.007228270173072815,0.0055007669418164346,1
2033,0,418,provider_complication,0.009277284138311775,0.0014719665050506592,0.007805317633261116,1
2033,0,418,coverage_gap,0.024946466737843814,0.024527624249458313,0.0004188424883855013,1
2033,0,422,age,0.022491140243206767,0.019591301679611206,0.002899838563595561,1
2033,0,422,poor_health,0.039738795454734285,0.03298945724964142,0.006749338205092867,1
2033,0,422,smoking,-1.3877787807814457e-17,0.0,1.3877787807814457e-17,1
2033,0,422,bmi_risk,0.02392713983807862,0.02249322086572647,0.0014339189723521495,1
2033,0,422,nonadherence,0.016435628214865508,0.01341944932937622,0.0030161788854892874,1
2033,0,422,claim_rate,0.023133124983827816,0.025522157549858093,0.0023890325660302775,1
2033,0,422,claim_severity,0.04091205498173339,0.028920084238052368,0.011991970743681024,1
2033,0,422,provider_complication,0.018045254515870204,0.0034330040216445923,0.014612250494225612,1
2033,0,422,coverage_gap,0.010934463501745054,0.010426729917526245,0.0005077335842188085,1
2033,0,423,age,0.03792095530384432,0.033982157707214355,0.0039387975966299615,1
2033,0,423,poor_health,0.0683674069376585,0.05887173116207123,0.00949567577558727,1
2033,0,423,smoking,0.12116128315857733,0.11349164694547653,0.0076696362131007945,1
2033,0,423,bmi_risk,0.00917012189963079,0.009105220437049866,6.490146258092411e-05,1
2033,0,423,nonadherence,0.015428325559690675,0.012204110622406006,0.0032242149372846696,1
2033,0,423,claim_rate,0.044214935932541416,0.05508613586425781,0.010871199931716397,1
2033,0,423,claim_severity,0.0766829578245378,0.052214547991752625,0.02446840983278517,1
2033,0,423,provider_complication,0.0340099337540172,0.005067914724349976,0.028942019029667226,1
2033,0,423,coverage_gap,0.039515004417693206,0.04248549044132233,0.002970486023629121,1
2033,0,424,age,0.06901451487510173,0.06304943561553955,0.0059650792595621754,1
2033,0,424,poor_health,0.07273682705129211,0.05913488566875458,0.013601941382537536,1
2033,0,424,smoking,0.0,0.0,0.0,1
2033,0,424,bmi_risk,0.030158959473767732,0.033175140619277954,0.0030161811455102217,1
2033,0,424,nonadherence,0.04023642106728889,0.029571011662483215,0.010665409404805676,1
2033,0,424,claim_rate,0.017930812955250286,0.021937966346740723,0.004007153391490437,1
2033,0,424,claim_severity,0.04893859515592133,0.034429460763931274,0.014509134391990058,1
2033,0,424,provider_complication,0.016877646748032882,0.002945944666862488,0.013931702081170394,1
2033,0,424,coverage_gap,0.023576305929748353,0.026731252670288086,0.0031549467405397325,1
2033,0,431,age,6.938893903907228e-18,0.0,6.938893903907228e-18,1
2033,0,431,poor_health,0.006328108234363347,0.0048880428075790405,0.0014400654267843066,1
2033,0,431,smoking,6.938893903907228e-18,0.0,6.938893903907228e-18,1
2033,0,431,bmi_risk,0.010103911646743118,0.008989132940769196,0.001114778705973922,1
2033,0,431,nonadherence,0.008587678418091861,0.005647629499435425,0.0029400489186564363,1
2033,0,431,claim_rate,6.938893903907228e-18,0.0,6.938893903907228e-18,1
2033,0,431,claim_severity,3.699781156042692e-05,2.0176172256469727e-05,1.6821639303957192e-05,1
2033,0,431,provider_complication,0.012856156955385778,0.002114325761795044,0.010741831193590734,1
2033,0,431,coverage_gap,0.011734649940775742,0.011874698102474213,0.00014004816169847084,1
2033,0,435,age,0.0593952566209929,0.06307437270879745,0.0036791160878045515,1
2033,0,435,poor_health,0.05114376034996474,0.04759902507066727,0.0035447352792974743,1
2033,0,435,smoking,-1.3877787807814457e-17,0.0,1.3877787807814457e-17,1
2033,0,435,bmi_risk,0.0043028887026453355,0.005170077085494995,0.0008671883828496596,1
2033,0,435,nonadherence,0.018998497015203883,0.01873745024204254,0.0002610467731613414,1
2033,0,435,claim_rate,-1.3877787807814457e-17,0.0,1.3877787807814457e-17,1
2033,0,435,claim_severity,0.020754884993108666,0.015559270977973938,0.005195614015134728,1
2033,0,435,provider_complication,0.006963068305670672,0.0015518367290496826,0.0054112315766209895,1
2033,0,435,coverage_gap,0.01467725969730975,0.016682475805282593,0.002005216107972843,1
2033,0,438,age,0.020717749405591374,0.02201460301876068,0.0012968536131693076,1
2033,0,438,poor_health,0.06806147030618366,0.0609421581029892,0.007119312203194464,1
2033,0,438,smoking,0.0,0.0,0.0,1
2033,0,438,bmi_risk,0.05170658707666902,0.05700133740901947,0.0052947503323504536,1
2033,0,438,nonadherence,0.036296828689490135,0.028664246201515198,0.007632582487974937,1
2033,0,438,claim_rate,0.01741169160635886,0.022537216544151306,0.005125524937792447,1
2033,0,438,claim_severity,0.06765247957326086,0.052777886390686035,0.014874593182574822,1
2033,0,438,provider_complication,0.01596424524252832,0.0027719885110855103,0.013192256731442809,1
2033,0,438,coverage_gap,0.045239858385335854,0.05485719442367554,0.009617336038339683,1
2033,0,440,age,0.02213992991398188,0.01499532163143158,0.007144608282550299,1
2033,0,440,poor_health,0.04216302103266022,0.02788880467414856,0.014274216358511657,1
2033,0,440,smoking,1.3877787807814457e-17,0.0,1.3877787807814457e-17,1
2033,0,440,bmi_risk,0.04613404400912545,0.03472341597080231,0.011410628038323142,1
2033,0,440,nonadherence,0.013230828406930309,0.008545279502868652,0.004685548904061657,1
2033,0,440,claim_rate,1.3877787807814457e-17,0.0,1.3877787807814457e-17,1
2033,0,440,claim_severity,0.01960395130647724,0.008740387856960297,0.010863563449516944,1
2033,0,440,provider_complication,0.01300515858928701,0.001366160809993744,0.011638997779293267,1
2033,0,440,coverage_gap,0.01661583048466385,0.012443289160728455,0.004172541323935394,1
2033,0,442,age,0.12339118941204202,0.11317655444145203,0.010214634970589997,1
2033,0,442,poor_health,0.18705871231394028,0.18968889117240906,0.002630178858468779,1
2033,0,442,smoking,0.19529765817846595,0.21093282103538513,0.015635162856919183,1
2033,0,442,bmi_risk,0.12026472112515096,0.11610442399978638,0.004160297125364587,1
2033,0,442,nonadherence,0.01804988176490152,0.018835902214050293,0.0007860204491487721,1
2033,0,442,claim_rate,0.032220882687441776,0.0390184223651886,0.006797539677746822,1
2033,0,442,claim_severity,0.18747305969102313,0.12182196974754333,0.06565108994347979,1
2033,0,442,provider_complication,0.02930816505910938,0.0041931867599487305,0.02511497829916065,1
2033,0,442,coverage_gap,0.02939169376573414,0.03227496147155762,0.002883267705823478,1
2033,0,443,age,0.03545211104119678,0.03669029474258423,0.001238183701387452,1
2033,0,443,poor_health,0.0585595155875759,0.049961596727371216,0.008597918860204681,1
2033,0,443,smoking,0.0,0.0,0.0,1
2033,0,443,bmi_risk,0.06257332899540795,0.05990709364414215,0.002666235351265797,1
2033,0,443,nonadherence,0.027112099618294472,0.023273929953575134,0.0038381696647193375,1
2033,0,443,claim_rate,0.035776009670440395,0.043701231479644775,0.00792522180920438,1
2033,0,443,claim_severity,0.05048213670852958,0.036228954792022705,0.014253181916506874,1
2033,0,443,provider_complication,0.017470708898059295,0.0033401697874069214,0.014130539110652374,1
2033,0,443,coverage_gap,0.05456736109621857,0.05544374883174896,0.0008763877355303928,1
2033,0,445,age,0.03679418107573533,0.03388538211584091,0.002908798959894418,1
2033,0,445,poor_health,0.07537318240965421,0.057651057839393616,0.017722124570260595,1
2033,0,445,smoking,-2.7755575615628914e-17,0.0,2.7755575615628914e-17,1
2033,0,445,bmi_risk,0.02544600257881148,0.022759392857551575,0.0026866097212599055,1
2033,0,445,nonadherence,0.014294615754446446,0.009886011481285095,0.004408604273161351,1
2033,0,445,claim_rate,-2.7755575615628914e-17,0.0,2.7755575615628914e-17,1
2033,0,445,claim_severity,0.03722839093781671,0.020360954105854034,0.01686743683196268,1
2033,0,445,provider_complication,0.018831830910721367,0.0029675066471099854,0.015864324263611382,1
2033,0,445,coverage_gap,0.012781197630291508,0.009793393313884735,0.0029878043164067725,1
2033,0,447,age,0.05803912978821285,0.060520902276039124,0.0024817724878262726,1
2033,0,447,poor_health,0.12330187144797121,0.1220213770866394,0.0012804943613318048,1
2033,0,447,smoking,-2.7755575615628914e-17,0.0,2.7755575615628914e-17,1
2033,0,447,bmi_risk,0.030545019261805306,0.03609360754489899,0.005548588283093681,1
2033,0,447,nonadherence,0.03820085173932522,0.03741878271102905,0.0007820690282961673,1
2033,0,447,claim_rate,0.043270592185229134,0.06004111468791962,0.016770522502690483,1
2033,0,447,claim_severity,0.09244989410207957,0.06334935128688812,0.02910054281519145,1
2033,0,447,provider_complication,0.021119633475723543,0.0033835023641586304,0.017736131111564912,1
2033,0,447,coverage_gap,0.030418039698142857,0.03359304368495941,0.0031750039868165547,1
2033,0,453,age,0.0851492512723071,0.08329132199287415,0.0018579292794329572,1
2033,0,453,poor_health,0.018227432061286644,0.017468109726905823,0.0007593223343808214,1
2033,0,453,smoking,0.0,0.0,0.0,1
2033,0,453,bmi_risk,0.038393737035413045,0.039632998406887054,0.0012392613714740097,1
2033,0,453,nonadherence,0.01997284449051466,0.018567681312561035,0.001405163177953625,1
2033,0,453,claim_rate,0.0,0.0,0.0,1
2033,0,453,claim_severity,0.0059582856397718265,0.0032781511545181274,0.002680134485253699,1
2033,0,453,provider_complication,0.0039833482634237805,0.0005985051393508911,0.0033848431240728893,1
2033,0,453,coverage_gap,0.017324255486498186,0.017481893301010132,0.00015763781451194614,1
2033,0,454,age,0.0406466677483857,0.031350910663604736,0.009295757084780962,1
2033,0,454,poor_health,0.0398634741155699,0.02585405856370926,0.014009415551860638,1
2033,0,454,smoking,0.0,0.0,0.0,1
2033,0,454,bmi_risk,0.0292572757433837,0.023602575063705444,0.005654700679678257,1
2033,0,454,nonadherence,0.0404657832631148,0.023159652948379517,0.017306130314735282,1
2033,0,454,claim_rate,0.0,0.0,0.0,1
2033,0,454,claim_severity,0.012890716241489145,0.006807833909988403,0.006082882331500741,1
2033,0,454,provider_complication,0.012736043717789802,0.0017243623733520508,0.011011681344437751,1
2033,0,454,coverage_gap,0.040301575738699774,0.03380175679922104,0.006499818939478735,1
2033,0,457,age,0.018848872522974937,0.016767874360084534,0.002080998162890403,1
2033,0,457,poor_health,0.019638629599699427,0.01638159155845642,0.003257038041243006,1
2033,0,457,smoking,0.0,0.0,0.0,1
2033,0,457,bmi_risk,0.0012250131969377825,0.0010924190282821655,0.00013259416865561702,1
2033,0,457,nonadherence,0.013611845016841775,0.008538246154785156,0.005073598862056619,1
2033,0,457,claim_rate,0.0,0.0,0.0,1
2033,0,457,claim_severity,0.0,0.0,0.0,1
2033,0,457,provider_complication,0.004976251738431595,0.0006284937262535095,0.004347758012178085,1
2033,0,457,coverage_gap,0.01911592567629953,0.018626496195793152,0.0004894294805063773,1
2033,0,461,age,0.06640277346601259,0.06600815057754517,0.0003946228884674219,1
2033,0,461,poor_health,0.13486941932744978,0.12546592950820923,0.009403489819240551,1
2033,0,461,smoking,0.1791966310411274,0.18455485999584198,0.005358228954714578,1
2033,0,461,bmi_risk,0.14912335492445505,0.1487235575914383,0.00039979733301676035,1
2033,0,461,nonadherence,0.040082004633570034,0.04166668653488159,0.0015846819013115576,1
2033,0,461,claim_rate,0.030856300887040222,0.03799179196357727,0.007135491076537048,1
2033,0,461,claim_severity,0.16147121409578605,0.11146968603134155,0.050001528064444495,1
2033,0,461,provider_complication,0.017209674211639214,0.003006279468536377,0.014203394743102837,1
2033,0,461,coverage_gap,0.01019287414663178,0.01248958706855774,0.0022967129219259586,1
2033,0,462,age,0.11317169601012714,0.10275554656982422,0.010416149440302919,1
2033,0,462,poor_health,0.16662071754314248,0.12670841813087463,0.03991229941226784,1
2033,0,462,smoking,0.0,0.0,0.0,1
2033,0,462,bmi_risk,0.04631587759054895,0.046426475048065186,0.00011059745751623717,1
2033,0,462,nonadherence,0.05383328110886315,0.04198150336742401,0.01185177774143914,1
2033,0,462,claim_rate,0.02801939300881101,0.03255246579647064,0.004533072787659631,1
2033,0,462,claim_severity,0.12400149335396721,0.06923389434814453,0.054767599005822676,1
2033,0,462,provider_complication,0.07972228923273944,0.011640787124633789,0.06808150210810565,1
2033,0,462,coverage_gap,0.04084517094242074,0.040667757391929626,0.0001774135504911123,1
2033,0,464,age,0.03380508785930439,0.034542642533779144,0.0007375546744747552,1
2033,0,464,poor_health,0.006388864232521593,0.004962161183357239,0.0014267030491643545,1
2033,0,464,smoking,0.0,0.0,0.0,1
2033,0,464,bmi_risk,0.03305419433907416,0.031007468700408936,0.002046725638665224,1
2033,0,464,nonadherence,0.007346013981765001,0.005340985953807831,0.0020050280279571703,1
2033,0,464,claim_rate,0.0,0.0,0.0,1
2033,0,464,claim_severity,0.008418169629445402,0.006094388663768768,0.0023237809656766334,1
2033,0,464,provider_complication,0.012691027500251736,0.0028242915868759155,0.009866735913375821,1
2033,0,464,coverage_gap,0.022690989171333623,0.02380423992872238,0.001113250757388759,1
2033,0,469,age,0.04852529135219372,0.03878311067819595,0.009742180673997763,1
2033,0,469,poor_health,0.04036373765573388,0.027095697820186615,0.013268039835547266,1
2033,0,469,smoking,0.0,0.0,0.0,1
2033,0,469,bmi_risk,0.0030412564373019924,0.0024392157793045044,0.000602040657997488,1
2033,0,469,nonadherence,0.030715814012872905,0.01746344566345215,0.013252368349420757,1
2033,0,469,claim_rate,0.02691172150272185,0.021936364471912384,0.004975357030809466,1
2033,0,469,claim_severity,0.03461936952706758,0.021264731884002686,0.013354637643064896,1
2033,0,469,provider_complication,0.021895980065464893,0.003951266407966614,0.01794471365749828,1
2033,0,469,coverage_gap,0.007471539180467904,0.006837129592895508,0.000634409587572396,1
2033,0,480,age,0.03816260592356066,0.023408904671669006,0.014753701251891654,1
2033,0,480,poor_health,0.0644348574320422,0.03545725345611572,0.028977603975926483,1
2033,0,480,smoking,0.0,0.0,0.0,1
2033,0,480,bmi_risk,0.01957312076394363,0.013635396957397461,0.005937723806546169,1
2033,0,480,nonadherence,0.04985438768156694,0.024564705789089203,0.02528968189247774,1
2033,0,480,claim_rate,0.0,0.0,0.0,1
2033,0,480,claim_severity,0.03632922216420456,0.015302710235118866,0.021026511929085695,1
2033,0,480,provider_complication,0.05014490513262433,0.005823284387588501,0.04432162074503583,1
2033,0,480,coverage_gap,0.03034867439279426,0.01701299101114273,0.01333568338165153,1
2033,0,482,age,0.019934525314341867,0.013411007821559906,0.006523517492781961,1
2033,0,482,poor_health,0.0536041778078377,0.03378792852163315,0.019816249286204554,1
2033,0,482,smoking,2.7755575615628914e-17,0.0,2.7755575615628914e-17,1
2033,0,482,bmi_risk,0.026671548651706428,0.01802467554807663,0.008646873103629799,1
2033,0,482,nonadherence,0.014814297518926836,0.008344337344169617,0.006469960174757219,1
2033,0,482,claim_rate,0.02615416514089637,0.019891254603862762,0.0062629105370336086,1
2033,0,482,claim_severity,0.024253952962472264,0.011625483632087708,0.012628469330384556,1
2033,0,482,provider_complication,0.0038924591243793827,0.0006343349814414978,0.003258124142937885,1
2033,0,482,coverage_gap,0.026335422194212227,0.020646795630455017,0.00568862656375721,1
2033,0,484,age,0.1014059215052891,0.08839266002178192,0.013013261483507177,1
2033,0,484,poor_health,0.019877384765211947,0.020679309964179993,0.0008019251989680454,1
2033,0,484,smoking,0.14293805871030957,0.1380220502614975,0.00491600844881207,1
2033,0,484,bmi_risk,0.06782574873546449,0.06619870662689209,0.0016270421085723963,1
2033,0,484,nonadherence,0.0765403873219335,0.06722067296504974,0.009319714356883751,1
2033,0,484,claim_rate,0.02624841905251457,0.03231789171695709,0.006069472664442521,1
2033,0,484,claim_severity,0.0725036193873452,0.04749520123004913,0.02500841815729607,1
2033,0,484,provider_complication,0.01744894145564263,0.0027378201484680176,0.014711121307174613,1
2033,0,484,coverage_gap,0.03882366242814633,0.039538294076919556,0.0007146316487732229,1
2033,0,500,age,0.04289908016426608,0.027786441147327423,0.015112639016938656,1
2033,0,500,poor_health,0.05594271226869313,0.034718334674835205,0.021224377593857924,1
2033,0,500,smoking,0.0,0.0,0.0,1
2033,0,500,bmi_risk,0.013306531423232265,0.007801629602909088,0.005504901820323177,1
2033,0,500,nonadherence,0.020835369838661633,0.009878844022750854,0.010956525815910778,1
2033,0,500,claim_rate,0.0,0.0,0.0,1
2033,0,500,claim_severity,0.035758916561617476,0.015483111143112183,0.020275805418505294,1
2033,0,500,provider_complication,0.01251537621104605,0.0015175417065620422,0.010997834504484008,1
2033,0,500,coverage_gap,0.022369801993450733,0.015005841851234436,0.007363960142216297,1
2033,0,503,age,0.03614062213602601,0.02610331028699875,0.010037311849027258,1
2033,0,503,poor_health,0.017134856412108906,0.010209016501903534,0.0069258399102053725,1
2033,0,503,smoking,0.0,0.0,0.0,1
2033,0,503,bmi_risk,0.009800752345416816,0.006351493299007416,0.0034492590464094003,1
2033,0,503,nonadherence,0.016217415681206382,0.008254647254943848,0.007962768426262534,1
2033,0,503,claim_rate,0.011972408033533541,0.008899353444576263,0.0030730545889572775,1
2033,0,503,claim_severity,0.02017420682187894,0.01056673377752304,0.0096074730443559,1
2033,0,503,provider_complication,0.035385892622425405,0.006753318011760712,0.028632574610664693,1
2033,0,503,coverage_gap,0.023304305181221577,0.018979042768478394,0.004325262412743183,1
2033,0,513,age,0.008322914215409913,0.006983458995819092,0.001339455219590821,1
2033,0,513,poor_health,0.010687839295638935,0.00828627496957779,0.0024015643260611452,1
2033,0,513,smoking,0.0,0.0,0.0,1
2033,0,513,bmi_risk,0.006270589829433959,0.005107305943965912,0.0011632838854680472,1
2033,0,513,nonadherence,0.010693974097127072,0.006750956177711487,0.003943017919415585,1
2033,0,513,claim_rate,0.013246748196158287,0.012581542134284973,0.0006652060618733135,1
2033,0,513,claim_severity,0.013024921690679307,0.007351107895374298,0.005673813795305009,1
2033,0,513,provider_complication,0.004814413067845455,0.0006788074970245361,0.004135605570820919,1
2033,0,513,coverage_gap,0.0023818003781135508,0.0023538917303085327,2.790864780501806e-05,1
2033,0,514,age,0.10466379002581117,0.11981649696826935,0.015152706942458183,1
2033,0,514,poor_health,0.17744861541607146,0.1721971482038498,0.005251467212221667,1
2033,0,514,smoking,0.0,0.0,0.0,1
2033,0,514,bmi_risk,0.05074175485222859,0.0607810914516449,0.010039336599416304,1
2033,0,514,nonadherence,0.0729054457840293,0.07087460160255432,0.002030844181474978,1
2033,0,514,claim_rate,0.027736003443731005,0.039001017808914185,0.011265014365183179,1
2033,0,514,claim_severity,0.1006274201498879,0.07401680946350098,0.026610610686386926,1
2033,0,514,provider_complication,0.054338099398476225,0.0079212486743927,0.046416850724083525,1
2033,0,514,coverage_gap,0.07962583175144022,0.08469942212104797,0.00507359036960775,1
2033,0,526,age,0.14494582611565882,0.13697606325149536,0.007969762864163454,1
2033,0,526,poor_health,0.20449514067134672,0.2021293044090271,0.0023658362623196205,1
2033,0,526,smoking,0.2070719887300534,0.2099122703075409,0.0028402815774875023,1
2033,0,526,bmi_risk,0.09094687791219319,0.08546280860900879,0.005484069303184402,1
2033,0,526,nonadherence,0.10595462894236518,0.10313653945922852,0.0028180894831366654,1
2033,0,526,claim_rate,0.0,0.0,0.0,1
2033,0,526,claim_severity,0.13073601382714528,0.07651346921920776,0.05422254460793752,1
2033,0,526,provider_complication,0.05577352274992997,0.008758991956710815,0.047014530793219156,1
2033,0,526,coverage_gap,0.09843731548560825,0.10382187366485596,0.0053845581792477115,1
2033,0,527,age,0.047747403079813684,0.03804881125688553,0.009698591822928156,1
2033,0,527,poor_health,0.010514091452006546,0.0066071972250938416,0.003906894226912705,1
2033,0,527,smoking,1.3877787807814457e-17,0.0,1.3877787807814457e-17,1
2033,0,527,bmi_risk,0.022308090043501316,0.016318105161190033,0.005989984882311283,1
2033,0,527,nonadherence,0.019111469314658763,0.011068172752857208,0.008043296561801555,1
2033,0,527,claim_rate,1.3877787807814457e-17,0.0,1.3877787807814457e-17,1
2033,0,527,claim_severity,0.010701162911780082,0.006074823439121246,0.004626339472658836,1
2033,0,527,provider_complication,0.020359256700404046,0.003899715840816498,0.01645954085958755,1
2033,0,527,coverage_gap,0.008365094495254535,0.007498510181903839,0.0008665843133506962,1
2033,0,538,age,0.028236186683427783,0.02055753767490387,0.007678649008523913,1
2033,0,538,poor_health,0.077070628375292,0.050773538649082184,0.02629708972620981,1
2033,0,538,smoking,-2.7755575615628914e-17,0.0,2.7755575615628914e-17,1
2033,0,538,bmi_risk,0.07090314912251243,0.05273379385471344,0.01816935526779899,1
2033,0,538,nonadherence,0.04219113283098122,0.028385542333126068,0.013805590497855152,1
2033,0,538,claim_rate,-2.7755575615628914e-17,0.0,2.7755575615628914e-17,1
2033,0,538,claim_severity,0.04115833905635238,0.018121272325515747,0.023037066730836636,1
2033,0,538,provider_complication,0.03552334453850528,0.004857689142227173,0.030665655396278108,1
2033,0,538,coverage_gap,0.012877942096136796,0.008859530091285706,0.004018412004851091,1
2033,0,539,age,0.033065393319566865,0.03422894701361656,0.0011635536940496974,1
2033,0,539,poor_health,0.003944814883176009,0.0031191930174827576,0.0008256218656932518,1
2033,0,539,smoking,-6.938893903907228e-18,0.0,6.938893903907228e-18,1
2033,0,539,bmi_risk,0.0038963210453015207,0.004029817879199982,0.000133496833898461,1
2033,0,539,nonadherence,0.0048295106645211625,0.0034407079219818115,0.001388802742539351,1
2033,0,539,claim_rate,-6.938893903907228e-18,0.0,6.938893903907228e-18,1
2033,0,539,claim_severity,0.0019354021968775795,0.0012034401297569275,0.000731962067120652,1
2033,0,539,provider_complication,0.0019910270006763195,0.00035962462425231934,0.0016314023764240002,1
2033,0,539,coverage_gap,0.010211526510259,0.01157119870185852,0.0013596721915995202,1
2033,0,540,age,0.2190305333893917,0.16079795360565186,0.05823257978373986,1
2033,0,540,poor_health,0.18822364948808756,0.12926632165908813,0.05895732782899943,1
2033,0,540,smoking,0.19058888720735967,0.1329176425933838,0.05767124461397588,1
2033,0,540,bmi_risk,0.11152546378800543,0.08027493953704834,0.03125052425095709,1
2033,0,540,nonadherence,0.033261880431419866,0.029478251934051514,0.003783628497368352,1
2033,0,540,claim_rate,0.11103074490748144,0.11094468832015991,8.605658732152577e-05,1
2033,0,540,claim_severity,0.17545484335083117,0.09931308031082153,0.07614176304000964,1
2033,0,540,provider_complication,0.006866808897793231,0.0010222792625427246,0.005844529635250506,1
2033,0,540,coverage_gap,0.11132125916240165,0.11055690050125122,0.0007643586611504327,1
2033,0,546,age,0.020983339475133284,0.02045062929391861,0.000532710181214674,1
2033,0,546,poor_health,0.022240124570702034,0.018725648522377014,0.00351447604832502,1
2033,0,546,smoking,1.3877787807814457e-17,0.0,1.3877787807814457e-17,1
2033,0,546,bmi_risk,0.019439397403960827,0.018030166625976562,0.0014092307779842647,1
2033,0,546,nonadherence,0.014055888307875797,0.009635791182518005,0.004420097125357791,1
2033,0,546,claim_rate,1.3877787807814457e-17,0.0,1.3877787807814457e-17,1
2033,0,546,claim_severity,1.3877787807814457e-17,0.0,1.3877787807814457e-17,1
2033,0,546,provider_complication,0.0069532043247582664,0.0010175183415412903,0.005935685983216976,1
2033,0,546,coverage_gap,0.0025769334092323876,0.0025295093655586243,4.7424043673763294e-05,1
2033,0,548,age,0.05739915655543041,0.047833625227212906,0.009565531328217504,1
2033,0,548,poor_health,0.019737864816260484,0.012654818594455719,0.007083046221804765,1
2033,0,548,smoking,2.7755575615628914e-17,0.0,2.7755575615628914e-17,1
2033,0,548,bmi_risk,0.006625972371705591,0.005441382527351379,0.0011845898443542113,1
2033,0,548,nonadherence,0.02422620232444174,0.014442771673202515,0.009783430651239225,1
2033,0,548,claim_rate,0.011825532621318455,0.008720852434635162,0.0031046801866832924,1
2033,0,548,claim_severity,0.00867666772497773,0.0048493146896362305,0.003827353035341499,1
2033,0,548,provider_complication,0.015241442147292186,0.0025597363710403442,0.012681705776251842,1
2033,0,548,coverage_gap,0.007974073109936239,0.006601743400096893,0.0013723297098393455,1
2033,0,556,age,0.11749027018765798,0.09802813827991486,0.019462131907743124,1
2033,0,556,poor_health,0.07898085368960067,0.06539590656757355,0.013584947122027125,1
2033,0,556,smoking,2.7755575615628914e-17,0.0,2.7755575615628914e-17,1
2033,0,556,bmi_risk,0.06115179502232135,0.06116229295730591,1.0497934984560198e-05,1
2033,0,556,nonadherence,0.026512949381007705,0.021162375807762146,0.0053505735732455595,1
2033,0,556,claim_rate,2.7755575615628914e-17,0.0,2.7755575615628914e-17,1
2033,0,556,claim_severity,0.093415988233644,0.057029157876968384,0.036386830356675615,1
2033,0,556,provider_complication,0.04055260050921822,0.005355849862098694,0.035196750647119524,1
2033,0,556,coverage_gap,0.056526976793423944,0.05261862277984619,0.003908354013577753,1
2033,0,557,age,0.10806190164159024,0.10691753029823303,0.001144371343357209,1
2033,0,557,poor_health,0.15755807538764452,0.12961362302303314,0.027944452364611377,1
2033,0,557,smoking,5.551115123125783e-17,0.0,5.551115123125783e-17,1
2033,0,557,bmi_risk,0.13663169257075858,0.13269706070423126,0.003934631866527316,1
2033,0,557,nonadherence,0.030582545162145258,0.030807077884674072,0.00022453272252881407,1
2033,0,557,claim_rate,5.551115123125783e-17,0.0,5.551115123125783e-17,1
2033,0,557,claim_severity,0.13438869753233224,0.08479142189025879,0.049597275642073446,1
2033,0,557,provider_complication,0.08253534021049841,0.012566089630126953,0.06996925058037146,1
2033,0,557,coverage_gap,0.048815126555165844,0.04929891228675842,0.00048378573159257865,1
2033,0,560,age,-6.938893903907228e-18,0.0,6.938893903907228e-18,1
2033,0,560,poor_health,0.004647905933440541,0.003785170614719391,0.0008627353187211501,1
2033,0,560,smoking,-6.938893903907228e-18,0.0,6.938893903907228e-18,1
2033,0,560,bmi_risk,0.002761774957136226,0.0025548413395881653,0.00020693361754806072,1
2033,0,560,nonadherence,0.010178826615556788,0.0068331509828567505,0.0033456756327000375,1
2033,0,560,claim_rate,0.005767961991883577,0.005940288305282593,0.0001723263133990155,1
2033,0,560,claim_severity,0.0022637888167436684,0.0013527199625968933,0.0009110688541467751,1
2033,0,560,provider_complication,0.00984088858254216,0.0019458383321762085,0.007895050250365951,1
2033,0,560,coverage_gap,0.009939268926471095,0.010984569787979126,0.0010453008615080306,1
2033,0,561,age,0.03766887743914705,0.02789703756570816,0.009771839873438888,1
2033,0,561,poor_health,0.002341287557980007,0.0014033541083335876,0.0009379334496464192,1
2033,0,561,smoking,0.0,0.0,0.0,1
2033,0,561,bmi_risk,0.029068915649703445,0.02099362015724182,0.008075295492461623,1
2033,0,561,nonadherence,0.024825080918052772,0.01397445797920227,0.010850622938850502,1
2033,0,561,claim_rate,0.01053563792093519,0.00776740163564682,0.0027682362852883696,1
2033,0,561,claim_severity,0.0,0.0,0.0,1
2033,0,561,provider_complication,0.01629146246594472,0.001982763409614563,0.014308699056330157,1
2033,0,561,coverage_gap,0.004722777497552955,0.0039800554513931274,0.0007427220461598272,1
2033,0,564,age,0.19372377250363243,0.15776574611663818,0.035958026386994246,1
2033,0,564,poor_health,0.1841824748823659,0.1629219949245453,0.0212604799578206,1
2033,0,564,smoking,0.2000061372204207,0.1925451159477234,0.007461021272697321,1
2033,0,564,bmi_risk,0.10346649838528627,0.07313477993011475,0.03033171845517152,1
2033,0,564,nonadherence,0.06313395069786637,0.06264317035675049,0.0004907803411158818,1
2033,0,564,claim_rate,0.032438298987677194,0.036889612674713135,0.0044513136870359404,1
2033,0,564,claim_severity,0.08028425482340606,0.04903608560562134,0.031248169217784727,1
2033,0,564,provider_complication,0.05354134042908132,0.006931960582733154,0.046609379846348165,1
2033,0,564,coverage_gap,0.0682046789987305,0.06727039813995361,0.0009342808587768925,1
2033,0,567,age,0.009135230902335104,0.005597136914730072,0.0035380939876050316,1
2033,0,567,poor_health,0.05600382843379635,0.03358667343854904,0.02241715499524731,1
2033,0,567,smoking,-2.7755575615628914e-17,0.0,2.7755575615628914e-17,1
2033,0,567,bmi_risk,0.02235039716003548,0.014019295573234558,0.00833110158680092,1
2033,0,567,nonadherence,0.018622807534857247,0.009208641946315765,0.009414165588541482,1
2033,0,567,claim_rate,0.01379719013383622,0.010175913572311401,0.0036212765615248194,1
2033,0,567,claim_severity,0.04393467429058058,0.022014543414115906,0.021920130876464675,1
2033,0,567,provider_complication,0.009455202056801365,0.0014495104551315308,0.008005691601669834,1
2033,0,567,coverage_gap,0.022519996313999785,0.017028383910655975,0.00549161240334381,1
2033,0,568,age,0.214683100217179,0.19011947512626648,0.024563625090912533,1
2033,0,568,poor_health,0.07536257843066363,0.0536423921585083,0.02172018627215533,1
2033,0,568,smoking,0.20935358729480097,0.15571925044059753,0.053634336854203435,1
2033,0,568,bmi_risk,0.1851745254876631,0.14943188428878784,0.03574264119887527,1
2033,0,568,nonadherence,0.03037110591892389,0.027869760990142822,0.0025013449287810685,1
2033,0,568,claim_rate,0.12830894844017415,0.13776326179504395,0.009454313354869792,1
2033,0,568,claim_severity,0.1288511363479395,0.08204019069671631,0.04681094565122318,1
2033,0,568,provider_complication,0.027556289476609708,0.004296481609344482,0.023259807867265225,1
2033,0,568,coverage_gap,0.08758718714310865,0.08503538370132446,0.002551803441784184,1
2033,0,573,age,0.08965589855787315,0.102224200963974,0.01256830240610085,1
2033,0,573,poor_health,0.13776995482938847,0.13268929719924927,0.005080657630139207,1
2033,0,573,smoking,0.0,0.0,0.0,1
2033,0,573,bmi_risk,0.017118946963946974,0.020592987537384033,0.0034740405734370594,1
2033,0,573,nonadherence,0.058672484000496405,0.05363515019416809,0.005037333806328315,1
2033,0,573,claim_rate,0.022589495746595106,0.03094056248664856,0.008351066740053453,1
2033,0,573,claim_severity,0.07455976577888382,0.05247940123081207,0.022080364548071746,1
2033,0,573,provider_complication,0.022548908020196656,0.004161223769187927,0.01838768425100873,1
2033,0,573,coverage_gap,0.03060256964143812,0.034223079681396484,0.0036205100399583634,1
2033,0,584,age,0.11072809117121868,0.10746234655380249,0.0032657446174161886,1
2033,0,584,poor_health,0.1605401619911626,0.17115777730941772,0.010617615318255114,1
2033,0,584,smoking,0.18462834582398593,0.2171884924173355,0.032560146593349576,1
2033,0,584,bmi_risk,0.0249952260117976,0.026704251766204834,0.001709025754407234,1
2033,0,584,nonadherence,0.12029177178559702,0.1096515953540802,0.010640176431516823,1
2033,0,584,claim_rate,0.031390576656949665,0.04062047600746155,0.009229899350511883,1
2033,0,584,claim_severity,0.16768990292689712,0.10944968461990356,0.05824021830699355,1
2033,0,584,provider_complication,0.031332811990374854,0.0033092498779296875,0.028023562112445166,1
2033,0,584,coverage_gap,0.02213739102795459,0.023523420095443726,0.0013860290674891362,1
2033,0,586,age,0.028139289097658192,0.022299401462078094,0.0058398876355800974,1
2033,0,586,poor_health,0.01682499831007791,0.01143665611743927,0.0053883421926386385,1
2033,0,586,smoking,0.0,0.0,0.0,1
2033,0,586,bmi_risk,0.011760534931039554,0.00910980999469757,0.0026507249363419833,1
2033,0,586,nonadherence,0.013649375523436938,0.007652632892131805,0.0059967426313051325,1
2033,0,586,claim_rate,0.0,0.0,0.0,1
2033,0,586,claim_severity,0.002902675023035206,0.0014260783791542053,0.0014765966438810008,1
2033,0,586,provider_complication,0.007917892638162088,0.0009941309690475464,0.006923761669114542,1
2033,0,586,coverage_gap,0.014395628979006425,0.012286052107810974,0.002109576871195451,1
2033,0,589,age,0.018944410543610554,0.016232438385486603,0.0027119721581239514,1
2033,0,589,poor_health,0.020233846071915113,0.016295254230499268,0.003938591841415845,1
2033,0,589,smoking,0.0,0.0,0.0,1
2033,0,589,bmi_risk,0.019312779792767534,0.01737017184495926,0.0019426079478082753,1
2033,0,589,nonadherence,0.0025768803310446675,0.0019203275442123413,0.0006565527868323262,1
2033,0,589,claim_rate,0.03193341047984194,0.030924931168556213,0.001008479311285726,1
2033,0,589,claim_severity,0.03554327180075785,0.024794429540634155,0.010748842260123695,1
2033,0,589,provider_complication,0.010493289154850496,0.0020088404417037964,0.0084844487131467,1
2033,0,589,coverage_gap,0.0336404140327425,0.033948272466659546,0.00030785843391704926,1
2034,0,4,age,0.0255649557676368,0.016950130462646484,0.008614825304990317,1
2034,0,4,poor_health,0.0211406048008351,0.015226408839225769,0.005914195961609331,1
2034,0,4,smoking,-1.3877787807814457e-17,0.0,1.3877787807814457e-17,1
2034,0,4,bmi_risk,0.034223016949983615,0.023547962307929993,0.010675054642053622,1
2034,0,4,nonadherence,0.0035812131881337306,0.0025188028812408447,0.0010624103068928858,1
2034,0,4,claim_rate,-1.3877787807814457e-17,0.0,1.3877787807814457e-17,1
2034,0,4,claim_severity,0.015912399466997698,0.007596790790557861,0.008315608676439837,1
2034,0,4,provider_complication,0.020308863276639902,0.0021483078598976135,0.01816055541674229,1
2034,0,4,coverage_gap,0.026071312362421287,0.020384937524795532,0.0056863748376257545,1
2034,0,6,age,0.09939631202391344,0.09048667550086975,0.00890963652304369,1
2034,0,6,poor_health,0.046520641782586164,0.044975459575653076,0.0015451822069330878,1
2034,0,6,smoking,0.0,0.0,0.0,1
2034,0,6,bmi_risk,0.04705074546445551,0.046524107456207275,0.0005266380082482314,1
2034,0,6,nonadherence,0.03620507572464704,0.03609378635883331,0.00011128936581372706,1
2034,0,6,claim_rate,0.0,0.0,0.0,1
2034,0,6,claim_severity,0.017836660214596206,0.013274326920509338,0.004562333294086868,1
2034,0,6,provider_complication,0.02753531270033005,0.004889324307441711,0.02264598839288834,1
2034,0,6,coverage_gap,0.049843930346946286,0.05238105356693268,0.0025371232199863925,1
2034,0,7,age,0.08579464007472849,0.0885060578584671,0.0027114177837386094,1
2034,0,7,poor_health,0.03454491996497552,0.04016762971878052,0.005622709753804994,1
2034,0,7,smoking,0.0,0.0,0.0,1
2034,0,7,bmi_risk,0.05568471038110219,0.06248519569635391,0.0068004853152517225,1
2034,0,7,nonadherence,0.021949841761864153,0.028134509921073914,0.006184668159209761,1
2034,0,7,claim_rate,0.0,0.0,0.0,1
2034,0,7,claim_severity,0.021509999733973967,0.016309767961502075,0.005200231772471892,1
2034,0,7,provider_complication,0.006934634520036065,0.0006892383098602295,0.006245396210175835,1
2034,0,7,coverage_gap,0.05831030424583308,0.06860995292663574,0.010299648680802659,1
2034,0,8,age,0.041811586510688246,0.03898382931947708,0.002827757191211165,1
2034,0,8,poor_health,0.012459410569004889,0.012026816606521606,0.0004325939624832825,1
2034,0,8,smoking,-1.3877787807814457e-17,0.0,1.3877787807814457e-17,1
2034,0,8,bmi_risk,0.004894400575392727,0.004649750888347626,0.00024464968704510093,1
2034,0,8,nonadherence,0.026041095930750838,0.024386070668697357,0.0016550252620534806,1
2034,0,8,claim_rate,0.010881188137814482,0.010151796042919159,0.0007293920948953231,1
2034,0,8,claim_severity,0.003943345543886506,0.0025049522519111633,0.0014383932919753428,1
2034,0,8,provider_complication,0.012578750580268624,0.001748897135257721,0.010829853445010904,1
2034,0,8,coverage_gap,0.0318063417302091,0.03545519709587097,0.0036488553656618683,1
2034,0,10,age,0.06168682162007959,0.06511463224887848,0.0034278106287988913,1
2034,0,10,poor_health,0.05518131454430156,0.061957791447639465,0.006776476903337908,1
2034,0,10,smoking,-2.7755575615628914e-17,0.0,2.7755575615628914e-17,1
2034,0,10,bmi_risk,0.0359837963587028,0.041535571217536926,0.005551774858834124,1
2034,0,10,nonadherence,0.032641490589025046,0.03804117441177368,0.0053996838227486355,1
2034,0,10,claim_rate,0.033415927503368414,0.03625155985355377,0.0028356323501853575,1
2034,0,10,claim_severity,0.038975223874236326,0.03045704960823059,0.008518174266005735,1
2034,0,10,provider_complication,0.019336177427211332,0.0042568594217300415,0.01507931800548129,1
2034,0,10,coverage_gap,0.04183719522773521,0.04933442175388336,0.0074972265261481486,1
2034,0,11,age,0.014662014271826285,0.011804163455963135,0.00285785081586315,1
2034,0,11,poor_health,0.13820959082486117,0.13011778891086578,0.008091801913995389,1
2034,0,11,smoking,0.16139619548012993,0.15146586298942566,0.009930332490704269,1
2034,0,11,bmi_risk,0.060089811984711916,0.05110785365104675,0.008981958333665163,1
2034,0,11,nonadherence,0.0802939968482656,0.060596197843551636,0.019697799004713967,1
2034,0,11,claim_rate,0.0,0.0,0.0,1
2034,0,11,claim_severity,0.13338728621574727,0.08443427085876465,0.048953015356982627,1
2034,0,11,provider_complication,0.025280649726814264,0.004437774419784546,0.020842875307029718,1
2034,0,11,coverage_gap,0.04825575533873461,0.045263081789016724,0.0029926735497178836,1
2034,0,14,age,0.054594064547122054,0.05841635912656784,0.003822294579445787,1
2034,0,14,poor_health,0.07751025971743564,0.08861899375915527,0.011108734041719637,1
2034,0,14,smoking,0.0,0.0,0.0,1
2034,0,14,bmi_risk,0.00400677571802277,0.00519135594367981,0.0011845802256570392,1
2034,0,14,nonadherence,0.02607679606660193,0.030635058879852295,0.004558262813250363,1
2034,0,14,claim_rate,0.015212503952836076,0.018598541617393494,0.0033860376645574175,1
2034,0,14,claim_severity,0.04155979277580292,0.032919466495513916,0.008640326280289004,1
2034,0,14,provider_complication,0.013405300194916092,0.0029136836528778076,0.010491616542038285,1
2034,0,14,coverage_gap,0.022801695206114234,0.029954373836517334,0.0071526786304031,1
2034,0,15,age,0.14017039267801967,0.1372958868741989,0.0028745058038207594,1
2034,0,15,poor_health,0.12601837916444378,0.14656221866607666,0.020543839501632882,1
2034,0,15,smoking,0.15755370673297192,0.18153557181358337,0.023981865080611453,1
2034,0,15,bmi_risk,0.022524530756121097,0.024292051792144775,0.0017675210360236782,1
2034,0,15,nonadherence,0.030265417177726572,0.03649604320526123,0.006230626027534658,1
2034,0,15,claim_rate,0.0,0.0,0.0,1
2034,0,15,claim_severity,0.10927212337285425,0.08015325665473938,0.029118866718114866,1
2034,0,15,provider_complication,0.033204604691990935,0.005590587854385376,0.02761401683760556,1
2034,0,15,coverage_gap,0.06889733419528493,0.08258894085884094,0.01369160666355601,1
2034,0,17,age,0.0814590663114321,0.07562364637851715,0.005835419932914948,1
2034,0,17,poor_health,0.0603200533204096,0.05760391056537628,0.0027161427550333184,1
2034,0,17,smoking,0.0,0.0,0.0,1
2034,0,17,bmi_risk,0.016104543292791124,0.01625499129295349,0.0001504480001623676,1
2034,0,17,nonadherence,0.03326471636632021,0.03214646875858307,0.0011182476077371412,1
2034,0,17,claim_rate,0.0,0.0,0.0,1
2034,0,17,claim_severity,0.030669720426829472,0.02153065800666809,0.009139062420161381,1
2034,0,17,provider_complication,0.01940963787506164,0.003578871488571167,0.015830766386490475,1
2034,0,17,coverage_gap,0.03080585558948301,0.03472664952278137,0.003920793933298361,1
2034,0,23,age,0.027627514440913853,0.0272844061255455,0.0003431083153683512,1
2034,0,23,poor_health,0.02233103197626212,0.023263797163963318,0.0009327651877011969,1
2034,0,23,smoking,0.0,0.0,0.0,1
2034,0,23,bmi_risk,0.006343837801362259,0.006540484726428986,0.00019664692506672632,1
2034,0,23,nonadherence,0.014349418100175412,0.01519746333360672,0.0008480452334313077,1
2034,0,23,claim_rate,0.017964288121745026,0.018229827284812927,0.0002655391630679016,1
2034,0,23,claim_severity,0.01817662903808913,0.013243213295936584,0.004933415742152544,1
2034,0,23,provider_complication,0.009463149390672582,0.0015992596745491028,0.007863889716123479,1
2034,0,23,coverage_gap,0.005805643590423612,0.007167652249336243,0.0013620086589126307,1
2034,0,36,age,0.051596074626036326,0.044970959424972534,0.0066251152010637915,1
2034,0,36,poor_health,0.042022783227458324,0.03815590590238571,0.0038668773250726124,1
2034,0,36,smoking,0.0,0.0,0.0,1
2034,0,36,bmi_risk,0.01609952093223231,0.013593226671218872,0.0025062942610134392,1
2034,0,36,nonadherence,0.01827642391189821,0.016547419130802155,0.0017290047810960552,1
2034,0,36,claim_rate,0.0,0.0,0.0,1
2034,0,36,claim_severity,0.018856365179004353,0.012009277939796448,0.006847087239207905,1
2034,0,36,provider_complication,0.017895253850260764,0.002949342131614685,0.01494591171864608,1
2034,0,36,coverage_gap,0.025884596643531557,0.02665214240550995,0.0007675457619783915,1
2034,0,37,age,0.02736084250121356,0.027294520288705826,6.632221250773424e-05,1
2034,0,37,poor_health,0.015686415927626873,0.01614619791507721,0.00045978198745033616,1
2034,0,37,smoking,0.0,0.0,0.0,1
2034,0,37,bmi_risk,0.013753404628931779,0.013706803321838379,4.66013070933996e-05,1
2034,0,37,nonadherence,0.006628479598634038,0.006953030824661255,0.0003245512260272171,1
2034,0,37,claim_rate,0.008306978302914395,0.008525639772415161,0.0002186614695007666,1
2034,0,37,claim_severity,0.002832586993228095,0.002019338309764862,0.000813248683463233,1
2034,0,37,provider_complication,0.006358170842698643,0.0009723305702209473,0.005385840272477696,1
2034,0,37,coverage_gap,0.01016987657484894,0.011537089943885803,0.0013672133690368626,1
2034,0,39,age,0.048244686203855955,0.04171978682279587,0.006524899381060087,1
2034,0,39,poor_health,0.0460576680426063,0.041598111391067505,0.0044595566515387985,1
2034,0,39,smoking,0.0,0.0,0.0,1
2034,0,39,bmi_risk,0.01192322426276668,0.010165251791477203,0.0017579724712894762,1
2034,0,39,nonadherence,0.019179415089509003,0.017336249351501465,0.0018431657380075378,1
2034,0,39,claim_rate,0.0,0.0,0.0,1
2034,0,39,claim_severity,0.026826003277734725,0.017473839223384857,0.009352164054349868,1
2034,0,39,provider_complication,0.017911542419408316,0.003265850245952606,0.01464569217345571,1
2034,0,39,coverage_gap,0.0040622635967513115,0.004379391670227051,0.00031712807347573924,1
2034,0,43,age,0.048922058407682545,0.061526164412498474,0.01260410600481593,1
2034,0,43,poor_health,0.1060979522920695,0.1384260505437851,0.03232809825171559,1
2034,0,43,smoking,0.0,0.0,0.0,1
2034,0,43,bmi_risk,0.07224567387101824,0.09569410979747772,0.023448435926459482,1
2034,0,43,nonadherence,0.01465797517411449,0.023592635989189148,0.008934660815074658,1
2034,0,43,claim_rate,0.05828832173247733,0.08132301270961761,0.023034690977140282,1
2034,0,43,claim_severity,0.07847367580000306,0.07153238356113434,0.006941292238868718,1
2034,0,43,provider_complication,0.008359470088684123,0.0018460452556610107,0.006513424833023113,1
2034,0,43,coverage_gap,0.03867830538567532,0.05266200006008148,0.01398369467440616,1
2034,0,52,age,0.019447830686700723,0.015767425298690796,0.0036804053880099274,1
2034,0,52,poor_health,0.028722783061587903,0.03013366460800171,0.0014108815464138058,1
2034,0,52,smoking,0.09229561446476879,0.1022673174738884,0.009971703009119606,1
2034,0,52,bmi_risk,0.05390996071802362,0.0548761785030365,0.0009662177850128795,1
2034,0,52,nonadherence,0.029939812021260975,0.03066103160381317,0.0007212195825521961,1
2034,0,52,claim_rate,2.7755575615628914e-17,0.0,2.7755575615628914e-17,1
2034,0,52,claim_severity,0.054897843642674055,0.03517909348011017,0.019718750162563886,1
2034,0,52,provider_complication,0.0218282398056506,0.0028299540281295776,0.018998285777521023,1
2034,0,52,coverage_gap,0.010671320409981228,0.009546339511871338,0.0011249808981098897,1
2034,0,53,age,0.007948974040887007,0.008014142513275146,6.516847238813989e-05,1
2034,0,53,poor_health,0.016387948395053156,0.017351798713207245,0.0009638503181540886,1
2034,0,53,smoking,-1.3877787807814457e-17,0.0,1.3877787807814457e-17,1
2034,0,53,bmi_risk,0.012042258330980389,0.012083519250154495,4.126091917410618e-05,1
2034,0,53,nonadherence,0.0046122859264264085,0.004901885986328125,0.0002896000599017165,1
2034,0,53,claim_rate,-1.3877787807814457e-17,0.0,1.3877787807814457e-17,1
2034,0,53,claim_severity,-1.3877787807814457e-17,0.0,1.3877787807814457e-17,1
2034,0,53,provider_complication,0.005578514907138468,0.0007843300700187683,0.0047941848371197,1
2034,0,53,coverage_gap,0.023565037179712547,0.027172546833753586,0.0036075096540410384,1
2034,0,54,age,0.012688437769054074,0.013658616691827774,0.0009701789227736998,1
2034,0,54,poor_health,0.011351382342011856,0.013160720467567444,0.0018093381255555874,1
2034,0,54,smoking,0.0,0.0,0.0,1
2034,0,54,bmi_risk,0.0006065398569308073,0.0006593391299247742,5.279927299396692e-05,1
2034,0,54,nonadherence,0.003366748261644563,0.0038162842392921448,0.00044953597764758185,1
2034,0,54,claim_rate,0.0,0.0,0.0,1
2034,0,54,claim_severity,0.0,0.0,0.0,1
2034,0,54,provider_complication,0.006598666865137118,0.0010370053350925446,0.005561661530044573,1
2034,0,54,coverage_gap,0.010236138738542913,0.013361304998397827,0.003125166259854914,1
2034,0,57,age,0.06556290585664011,0.058328885585069656,0.007234020271570454,1
2034,0,57,poor_health,0.006774170832325524,0.006363146007061005,0.00041102482526451933,1
2034,0,57,smoking,0.0,0.0,0.0,1
2034,0,57,bmi_risk,0.02685177204042391,0.024233199656009674,0.002618572384414236,1
2034,0,57,nonadherence,0.008561571525877845,0.008406609296798706,0.00015496222907913915,1
2034,0,57,claim_rate,0.0,0.0,0.0,1
2034,0,57,claim_severity,0.0015408850795697454,0.001055598258972168,0.00048528682059757744,1
2034,0,57,provider_complication,0.012463085160677345,0.0017488226294517517,0.010714262531225593,1
2034,0,57,coverage_gap,0.02916566262918245,0.03079167753458023,0.0016260149053977796,1
2034,0,59,age,0.15128948268480644,0.15867628157138824,0.007386798886581808,1
2034,0,59,poor_health,0.14224786430734201,0.15102052688598633,0.008772662578644314,1
2034,0,59,smoking,0.0,0.0,0.0,1
2034,0,59,bmi_risk,0.09155629168559648,0.1043560802936554,0.012799788608058915,1
2034,0,59,nonadherence,0.031061876467844085,0.04101145267486572,0.009949576207021638,1
2034,0,59,claim_rate,0.027452593203138476,0.03017657995223999,0.0027239867491015146,1
2034,0,59,claim_severity,0.08560587841398862,0.06028197705745697,0.025323901356531647,1
2034,0,59,provider_complication,0.045010088820053085,0.008531451225280762,0.03647863759477232,1
2034,0,59,coverage_gap,0.044432696200805255,0.046909183263778687,0.0024764870629734315,1
2034,0,62,age,0.026428557008041184,0.028065495193004608,0.001636938184963424,1
2034,0,62,poor_health,0.022522122631920827,0.02461773157119751,0.002095608939276683,1
2034,0,62,smoking,1.3877787807814457e-17,0.0,1.3877787807814457e-17,1
2034,0,62,bmi_risk,0.017254523023473793,0.018504992127418518,0.001250469103944725,1
2034,0,62,nonadherence,0.01893274746075206,0.020449191331863403,0.001516443871111342,1
2034,0,62,claim_rate,1.3877787807814457e-17,0.0,1.3877787807814457e-17,1
2034,0,62,claim_severity,0.0015915861511170415,0.0011446252465248108,0.0004469609045922307,1
2034,0,62,provider_complication,0.006312444185585547,0.000931568443775177,0.00538087574181037,1
2034,0,62,coverage_gap,0.0025711062349486474,0.003172479569911957,0.0006013733349633094,1
2034,0,70,age,0.005867780343052603,0.006962724030017853,0.0010949436869652496,1
2034,0,70,poor_health,0.010392264417563343,0.012863844633102417,0.0024715802155390737,1
2034,0,70,smoking,0.0,0.0,0.0,1
2034,0,70,bmi_risk,0.015993891200997888,0.019386455416679382,0.003392564215681494,1
2034,0,70,nonadherence,0.010990588385633708,0.013398967683315277,0.002408379297681569,1
2034,0,70,claim_rate,0.007427329193322958,0.009024865925312042,0.001597536731989084,1
2034,0,70,claim_severity,0.013796921458559507,0.012195073068141937,0.0016018483904175693,1
2034,0,70,provider_complication,0.012345927748320919,0.0025052279233932495,0.00984069982492767,1
2034,0,70,coverage_gap,0.01686329550550527,0.023277997970581055,0.006414702465075785,1
2034,0,78,age,0.021260035917684467,0.024016443639993668,0.002756407722309201,1
2034,0,78,poor_health,0.007792122360162551,0.008897170424461365,0.0011050480642988136,1
2034,0,78,smoking,1.3877787807814457e-17,0.0,1.3877787807814457e-17,1
2034,0,78,bmi_risk,0.005467895572581864,0.00594310462474823,0.0004752090521663657,1
2034,0,78,nonadherence,0.00923948274606564,0.010447345674037933,0.0012078629279722933,1
2034,0,78,claim_rate,1.3877787807814457e-17,0.0,1.3877787807814457e-17,1
2034,0,78,claim_severity,0.014022574035383463,0.01179734617471695,0.0022252278606665135,1
2034,0,78,provider_complication,0.01030040660505823,0.0023189112544059753,0.007981495350652255,1
2034,0,78,coverage_gap,0.013993829414006412,0.01690664142370224,0.002912812009695828,1
2034,0,80,age,0.07662318068463743,0.07213558256626129,0.004487598118376138,1
2034,0,80,poor_health,0.031607100608501026,0.03433249890804291,0.0027253982995418813,1
2034,0,80,smoking,0.0,0.0,0.0,1
2034,0,80,bmi_risk,0.07095299995317665,0.07072849571704865,0.0002245042361280064,1
2034,0,80,nonadherence,0.02188048458713432,0.026204824447631836,0.004324339860497517,1
2034,0,80,claim_rate,0.016920724545619825,0.018568173050880432,0.001647448505260607,1
2034,0,80,claim_severity,0.02501203763465501,0.01745714247226715,0.007554895162387859,1
2034,0,80,provider_complication,0.0279664954798661,0.0036658942699432373,0.024300601209922862,1
2034,0,80,coverage_gap,0.02161043510933039,0.02629213035106659,0.0046816952417362,1
2034,0,93,age,0.07865524347690508,0.06481780111789703,0.01383744235900805,1
2034,0,93,poor_health,0.053570040937083785,0.0466671884059906,0.006902852531093184,1
2034,0,93,smoking,0.0,0.0,0.0,1
2034,0,93,bmi_risk,0.028930934028456784,0.02382659912109375,0.005104334907363034,1
2034,0,93,nonadherence,0.018656730232287977,0.016440019011497498,0.0022167112207904793,1
2034,0,93,claim_rate,0.03711811073085672,0.030852243304252625,0.006265867426604094,1
2034,0,93,claim_severity,0.0668386901035387,0.04442727565765381,0.02241141444588489,1
2034,0,93,provider_complication,0.03248392371241279,0.005923792719841003,0.02656013099257179,1
2034,0,93,coverage_gap,0.039036723777437665,0.03635241091251373,0.0026843128649239323,1
2034,0,97,age,0.021874990999636745,0.02127644419670105,0.0005985468029356955,1
2034,0,97,poor_health,0.08425946764896416,0.10218682885169983,0.017927361202735664,1
2034,0,97,smoking,0.1497638373795374,0.18468599021434784,0.03492215283481043,1
2034,0,97,bmi_risk,0.09724980222845811,0.11212179064750671,0.014871988419048604,1
2034,0,97,nonadherence,0.008166658677308702,0.00914105772972107,0.0009743990524123669,1
2034,0,97,claim_rate,0.05296094459614692,0.06486630439758301,0.011905359801436088,1
2034,0,97,claim_severity,0.1164438477350789,0.09533411264419556,0.021109735090883347,1
2034,0,97,provider_complication,0.031569360475341146,0.006502598524093628,0.025066761951247518,1
2034,0,97,coverage_gap,0.08503704451849209,0.10003316402435303,0.014996119505860939,1
2034,0,103,age,0.1015470605356168,0.08765533566474915,0.01389172487086765,1
2034,0,103,poor_health,0.060612158325538734,0.06311935186386108,0.00250719353832235,1
2034,0,103,smoking,0.18640645865981578,0.1839795559644699,0.0024269026953458728,1
2034,0,103,bmi_risk,0.1668251739137913,0.15308740735054016,0.013737766563251153,1
2034,0,103,nonadherence,0.02565692528321728,0.02941584587097168,0.0037589205877543996,1
2034,0,103,claim_rate,0.09199679041726677,0.10112637281417847,0.009129582396911695,1
2034,0,103,claim_severity,0.13458744905658881,0.0918533205986023,0.04273412845798652,1
2034,0,103,provider_complication,0.05191392534471878,0.005155652761459351,0.04675827258325943,1
2034,0,103,coverage_gap,0.06252409571084316,0.07347366213798523,0.010949566427142066,1
2034,0,112,age,0.036455287754870766,0.0277998223900795,0.008655465364791268,1
2034,0,112,poor_health,0.013279868776172737,0.010643437504768372,0.002636431271404366,1
2034,0,112,smoking,0.0,0.0,0.0,1
2034,0,112,bmi_risk,0.014028443560891196,0.010645903646945953,0.0033825399139452428,1
2034,0,112,nonadherence,0.01140831494623279,0.009126879274845123,0.002281435671387666,1
2034,0,112,claim_rate,0.0,0.0,0.0,1
2034,0,112,claim_severity,0.014583726828871352,0.007942281663417816,0.006641445165453536,1
2034,0,112,provider_complication,0.02249030525797259,0.0030317679047584534,0.019458537353214136,1
2034,0,112,coverage_gap,0.018578325039383337,0.017457768321037292,0.001120556718346044,1
2034,0,118,age,0.11002375179417562,0.12278452515602112,0.012760773361845501,1
2034,0,118,poor_health,0.10810772226588225,0.12841378152370453,0.02030605925782228,1
2034,0,118,smoking,0.0,0.0,0.0,1
2034,0,118,bmi_risk,0.03941776502618799,0.050690412521362305,0.011272647495174315,1
2034,0,118,nonadherence,0.019571772166917023,0.03096100687980652,0.011389234712889496,1
2034,0,118,claim_rate,0.095031787246915,0.11771783232688904,0.022686045079974043,1
2034,0,118,claim_severity,0.08743401181586857,0.06993025541305542,0.017503756402813153,1
2034,0,118,provider_complication,0.030310396714475274,0.005219817161560059,0.025090579552915215,1
2034,0,118,coverage_gap,0.07817714497059233,0.0892699658870697,0.01109282091647737,1
2034,0,119,age,0.07109097767752458,0.06136827915906906,0.009722698518455516,1
2034,0,119,poor_health,0.028487958997691687,0.026100002229213715,0.0023879567684779723,1
2034,0,119,smoking,0.0,0.0,0.0,1
2034,0,119,bmi_risk,0.051007804556479186,0.044412143528461456,0.00659566102801773,1
2034,0,119,nonadherence,0.009168623380280072,0.008689530193805695,0.0004790931864743775,1
2034,0,119,claim_rate,0.0,0.0,0.0,1
2034,0,119,claim_severity,0.019352390069923342,0.012603759765625,0.006748630304298342,1
2034,0,119,provider_complication,0.012766483825737376,0.0022114217281341553,0.010555062097603221,1
2034,0,119,coverage_gap,0.016706974960466123,0.018293648958206177,0.001586673997740054,1
2034,0,121,age,0.007769506512476661,0.007320839911699295,0.0004486666007773657,1
2034,0,121,poor_health,0.020369272098726368,0.020683500915765762,0.0003142288170393942,1
2034,0,121,smoking,0.0,0.0,0.0,1
2034,0,121,bmi_risk,0.009348695512818105,0.009083513170480728,0.0002651823423373764,1
2034,0,121,nonadherence,0.01588145761980745,0.015752684324979782,0.00012877329482766792,1
2034,0,121,claim_rate,0.0,0.0,0.0,1
2034,0,121,claim_severity,0.0008540374282286489,0.000553518533706665,0.0003005188945219839,1
2034,0,121,provider_complication,0.008286015712686855,0.0011073648929595947,0.00717865081972726,1
2034,0,121,coverage_gap,0.006798945657321857,0.007600516080856323,0.0008015704235344659,1
2034,0,136,age,0.005995939351285513,0.005802944302558899,0.00019299504872661438,1
2034,0,136,poor_health,0.006873225129166494,0.0072751641273498535,0.0004019389981833599,1
2034,0,136,smoking,0.0,0.0,0.0,1
2034,0,136,bmi_risk,0.021831540555441904,0.022239163517951965,0.0004076229625100611,1
2034,0,136,nonadherence,0.015969566095477755,0.016975663602352142,0.0010060975068743871,1
2034,0,136,claim_rate,0.0,0.0,0.0,1
2034,0,136,claim_severity,0.0028452986102081718,0.0019286349415779114,0.0009166636686302604,1
2034,0,136,provider_complication,0.00857794222311642,0.0012607648968696594,0.00731717732624676,1
2034,0,136,coverage_gap,0.014934980959848812,0.017415277659893036,0.002480296700044224,1
2034,0,141,age,0.08114161113802003,0.08044373989105225,0.0006978712469677822,1
2034,0,141,poor_health,0.04332545818231076,0.044301241636276245,0.0009757834539654842,1
2034,0,141,smoking,0.0,0.0,0.0,1
2034,0,141,bmi_risk,0.028057586250895772,0.02824018895626068,0.0001826027053649093,1
2034,0,141,nonadherence,0.016302340271011184,0.017244726419448853,0.0009423861484376683,1
2034,0,141,claim_rate,0.0,0.0,0.0,1
2034,0,141,claim_severity,0.0185265458898643,0.013990983366966248,0.004535562522898051,1
2034,0,141,provider_complication,0.016465243252229256,0.0031286776065826416,0.013336565645646614,1
2034,0,141,coverage_gap,0.025536224419439327,0.03025234490633011,0.004716120486890782,1
2034,0,152,age,0.010362276552924161,0.01163579523563385,0.0012735186827096887,1
2034,0,152,poor_health,0.006985363190028904,0.007968783378601074,0.0009834201885721705,1
2034,0,152,smoking,-6.938893903907228e-18,0.0,6.938893903907228e-18,1
2034,0,152,bmi_risk,0.0012578146449020652,0.0013999342918395996,0.00014211964693753437,1
2034,0,152,nonadherence,0.004935097458267625,0.005684200674295425,0.0007491032160278008,1
2034,0,152,claim_rate,-6.938893903907228e-18,0.0,6.938893903907228e-18,1
2034,0,152,claim_severity,-6.938893903907228e-18,0.0,6.938893903907228e-18,1
2034,0,152,provider_complication,0.0026131385002666416,0.00039061903953552246,0.002222519460731119,1
2034,0,152,coverage_gap,0.01313176451825485,0.016979098320007324,0.003847333801752475,1
2034,0,154,age,0.07176078679664007,0.06336228549480438,0.008398501301835684,1
2034,0,154,poor_health,0.031166972538682447,0.030856221914291382,0.00031075062439106516,1
2034,0,154,smoking,0.0,0.0,0.0,1
2034,0,154,bmi_risk,0.06115689217392753,0.05407146364450455,0.007085428529422982,1
2034,0,154,nonadherence,0.03576539155947109,0.035356879234313965,0.0004085123251571232,1
2034,0,154,claim_rate,0.018337286439542716,0.017122074961662292,0.0012152114778804235,1
2034,0,154,claim_severity,0.03593961606714588,0.02560730278491974,0.010332313282226141,1
2034,0,154,provider_complication,0.022167675378634122,0.0038180947303771973,0.018349580648256925,1
2034,0,154,coverage_gap,0.05052960641852161,0.05252513289451599,0.0019955264759943803,1
2034,0,156,age,0.010856332206028094,0.009133651852607727,0.0017226803534203666,1
2034,0,156,poor_health,0.016547178743559876,0.015113040804862976,0.0014341379386969,1
2034,0,156,smoking,0.0,0.0,0.0,1
2034,0,156,bmi_risk,0.026670224795928864,0.02346104383468628,0.0032091809612425845,1
2034,0,156,nonadherence,0.013279574283906095,0.011529043316841125,0.00175053096706497,1
2034,0,156,claim_rate,0.0,0.0,0.0,1
2034,0,156,claim_severity,0.014244958430157606,0.008877679705619812,0.005367278724537794,1
2034,0,156,provider_complication,0.01565473615557937,0.002415403723716736,0.013239332431862635,1
2034,0,156,coverage_gap,0.018922767569838878,0.02028679847717285,0.001364030907333974,1
2034,0,162,age,0.007920830506576021,0.007729567587375641,0.00019126291920038008,1
2034,0,162,poor_health,0.009683449078868894,0.009822990745306015,0.00013954166643712074,1
2034,0,162,smoking,-6.938893903907228e-18,0.0,6.938893903907228e-18,1
2034,0,162,bmi_risk,0.009914155886581406,0.009851373732089996,6.278215449141006e-05,1
2034,0,162,nonadherence,0.004701174021474887,0.004752259701490402,5.1085680015515444e-05,1
2034,0,162,claim_rate,-6.938893903907228e-18,0.0,6.938893903907228e-18,1
2034,0,162,claim_severity,0.005011333246873313,0.0034716129302978516,0.0015397203165754617,1
2034,0,162,provider_complication,0.007224244746957563,0.0010175108909606934,0.00620673385599687,1
2034,0,162,coverage_gap,0.010782452468201455,0.012396033853292465,0.0016135813850910105,1
2034,0,171,age,0.01949350759874517,0.020535673946142197,0.001042166347397025,1
2034,0,171,poor_health,0.01761545699593714,0.019942298531532288,0.0023268415355951477,1
2034,0,171,smoking,-6.938893903907228e-18,0.0,6.938893903907228e-18,1
2034,0,171,bmi_risk,0.0017408963826855903,0.0017764493823051453,3.555299961955499e-05,1
2034,0,171,nonadherence,0.01158219022711516,0.01291906088590622,0.0013368706587910603,1
2034,0,171,claim_rate,-6.938893903907228e-18,0.0,6.938893903907228e-18,1
2034,0,171,claim_severity,0.003917143649667103,0.00275508314371109,0.0011620605059560127,1
2034,0,171,provider_complication,0.007349491162097141,0.0011871084570884705,0.0061623827050086705,1
2034,0,171,coverage_gap,0.004264348161824083,0.005450084805488586,0.0011857366436645034,1
2034,0,175,age,0.0489215294612064,0.04469873756170273,0.0042227918995036695,1
2034,0,175,poor_health,0.056404895771880195,0.0546710342168808,0.0017338615549993969,1
2034,0,175,smoking,0.0,0.0,0.0,1
2034,0,175,bmi_risk,0.03266944132544504,0.03135797381401062,0.0013114675114344193,1
2034,0,175,nonadherence,0.006276224214454923,0.007028937339782715,0.0007527131253277919,1
2034,0,175,claim_rate,0.0,0.0,0.0,1
2034,0,175,claim_severity,0.03678358783398494,0.02483551949262619,0.011948068341358753,1
2034,0,175,provider_complication,0.015690069563565945,0.001990869641304016,0.013699199922261929,1
2034,0,175,coverage_gap,0.017758025722421758,0.019184604287147522,0.001426578564725764,1
2034,0,177,age,0.02029340422970055,0.018193379044532776,0.0021000251851677754,1
2034,0,177,poor_health,0.012981517522096808,0.01206701248884201,0.0009145050332547977,1
2034,0,177,smoking,0.0,0.0,0.0,1
2034,0,177,bmi_risk,0.007415080573028393,0.006676673889160156,0.0007384066838682368,1
2034,0,177,nonadherence,0.012727406341379546,0.01227424293756485,0.00045316340381469644,1
2034,0,177,claim_rate,0.017814037455446408,0.015854425728321075,0.001959611727125332,1
2034,0,177,claim_severity,0.016592649988830865,0.011239275336265564,0.005353374652565301,1
2034,0,177,provider_complication,0.010863182751182282,0.0016605034470558167,0.009202679304126465,1
2034,0,177,coverage_gap,0.014539486237295687,0.0144747793674469,6.470686984878793e-05,1
2034,0,178,age,0.040208185163355586,0.04536176100373268,0.005153575840377095,1
2034,0,178,poor_health,0.01810368511978372,0.021086111664772034,0.0029824265449883147,1
2034,0,178,smoking,-1.3877787807814457e-17,0.0,1.3877787807814457e-17,1
2034,0,178,bmi_risk,0.008190319336552343,0.009084075689315796,0.0008937563527634529,1
2034,0,178,nonadherence,0.016971569401681867,0.01931605488061905,0.002344485478937182,1
2034,0,178,claim_rate,-1.3877787807814457e-17,0.0,1.3877787807814457e-17,1
2034,0,178,claim_severity,0.0015653166732585988,0.0012142136693000793,0.00035110300395851946,1
2034,0,178,provider_complication,0.0059489362352199565,0.000959448516368866,0.0049894877188510905,1
2034,0,178,coverage_gap,0.01314054751862681,0.01774459332227707,0.0046040458036502585,1
2034,0,186,age,0.014218717411228043,0.012205686420202255,0.002013030991025788,1
2034,0,186,poor_health,0.028480890325169678,0.025388862937688828,0.00309202738748085,1
2034,0,186,smoking,0.0,0.0,0.0,1
2034,0,186,bmi_risk,0.001994974305145239,0.0017156973481178284,0.0002792769570274106,1
2034,0,186,nonadherence,0.006938335375502855,0.006085142493247986,0.000853192882254869,1
2034,0,186,claim_rate,0.0,0.0,0.0,1
2034,0,186,claim_severity,0.011957989101143068,0.007504299283027649,0.004453689818115419,1
2034,0,186,provider_complication,0.018412642646962796,0.0026823878288269043,0.01573025481813589,1
2034,0,186,coverage_gap,0.016529613856912102,0.01668998971581459,0.00016037585890248812,1
2034,0,196,age,0.08106496384358175,0.0661679208278656,0.01489704301571615,1
2034,0,196,poor_health,0.11007344935009301,0.09418222308158875,0.01589122626850427,1
2034,0,196,smoking,5.551115123125783e-17,0.0,5.551115123125783e-17,1
2034,0,196,bmi_risk,0.014592424442404467,0.013054624199867249,0.0015378002425372184,1
2034,0,196,nonadherence,0.05353120273756118,0.047382667660713196,0.006148535076847983,1
2034,0,196,claim_rate,0.022475675009237528,0.01967044174671173,0.002805233262525797,1
2034,0,196,claim_severity,0.08705300467761998,0.055512845516204834,0.03154015916141514,1
2034,0,196,provider_complication,0.049735249148867955,0.00910109281539917,0.040634156333468785,1
2034,0,196,coverage_gap,0.03080715765395914,0.027918800711631775,0.0028883569423273636,1
2034,0,197,age,0.040240464744411106,0.03904249519109726,0.0011979695533138462,1
2034,0,197,poor_health,0.05842472056222778,0.05930441617965698,0.0008796956174292048,1
2034,0,197,smoking,0.0,0.0,0.0,1
2034,0,197,bmi_risk,0.043953424379792744,0.043522000312805176,0.00043142406698756797,1
2034,0,197,nonadherence,0.016949639412097928,0.018162086606025696,0.0012124471939277681,1
2034,0,197,claim_rate,0.015460187089183675,0.015796229243278503,0.00033604215409482885,1
2034,0,197,claim_severity,0.030447841409090737,0.022848457098007202,0.007599384311083535,1
2034,0,197,provider_complication,0.025518192905901946,0.005030199885368347,0.0204879930205336,1
2034,0,197,coverage_gap,0.03302800004518833,0.035750314593315125,0.0027223145481267974,1
2034,0,200,age,0.010367339036288642,0.01047322154045105,0.00010588250416240785,1
2034,0,200,poor_health,0.033135829009215564,0.03873611241579056,0.0056002834065749935,1
2034,0,200,smoking,-2.7755575615628914e-17,0.0,2.7755575615628914e-17,1
2034,0,200,bmi_risk,0.013073760761724465,0.01494559645652771,0.001871835694803245,1
2034,0,200,nonadherence,0.021907406536372423,0.0256233811378479,0.0037159746014754774,1
2034,0,200,claim_rate,0.03080958238401911,0.03504427522420883,0.004234692840189722,1
2034,0,200,claim_severity,0.02455569047258646,0.019185133278369904,0.0053705571942165575,1
2034,0,200,provider_complication,0.0025572740325462973,0.0005534663796424866,0.0020038076529038107,1
2034,0,200,coverage_gap,0.022044786687414858,0.027909740805625916,0.005864954118211058,1
2034,0,202,age,0.12668619308250867,0.13035185635089874,0.0036656632683900736,1
2034,0,202,poor_health,0.1428959795125504,0.15771596133708954,0.014819981824539141,1
2034,0,202,smoking,0.0,0.0,0.0,1
2034,0,202,bmi_risk,0.07826196529043583,0.09566442668437958,0.017402461393943747,1
2034,0,202,nonadherence,0.026892718599523635,0.03796151280403137,0.011068794204507737,1
2034,0,202,claim_rate,0.08002069420732627,0.08843216300010681,0.008411468792780541,1
2034,0,202,claim_severity,0.1399807747277138,0.10280454158782959,0.03717623313988422,1
2034,0,202,provider_complication,0.030722932061713393,0.005366921424865723,0.02535601063684767,1
2034,0,202,coverage_gap,0.036773000628526176,0.03806290030479431,0.0012898996762681358,1
2034,0,203,age,0.15502240767606734,0.1607254147529602,0.005703007076892863,1
2034,0,203,poor_health,0.11027114860641163,0.1315280795097351,0.02125693090332348,1
2034,0,203,smoking,0.1851252082368315,0.20149683952331543,0.016371631286483918,1
2034,0,203,bmi_risk,0.06061517638193198,0.059374600648880005,0.001240575733051974,1
2034,0,203,nonadherence,0.07800802730317763,0.07695823907852173,0.001049788224655901,1
2034,0,203,claim_rate,0.06202203872206202,0.06785410642623901,0.005832067704176991,1
2034,0,203,claim_severity,0.16256327070437987,0.11441001296043396,0.04815325774394591,1
2034,0,203,provider_complication,0.03710929824511833,0.006729722023010254,0.030379576222108073,1
2034,0,203,coverage_gap,0.03991602474293254,0.038292497396469116,0.001623527346463427,1
2034,0,208,age,0.13291447941903212,0.13605263829231262,0.0031381588732805055,1
2034,0,208,poor_health,0.0921422607426671,0.10684452950954437,0.014702268766877274,1
2034,0,208,smoking,-5.551115123125783e-17,0.0,5.551115123125783e-17,1
2034,0,208,bmi_risk,0.06527475434532151,0.08031308650970459,0.015038332164383078,1
2034,0,208,nonadherence,0.046362211470062475,0.060009539127349854,0.013647327657287378,1
2034,0,208,claim_rate,0.0244553319405576,0.030007749795913696,0.0055524178553560954,1
2034,0,208,claim_severity,0.08946046603700361,0.06576240062713623,0.02369806540986738,1
2034,0,208,provider_complication,0.021511284301829803,0.002759993076324463,0.01875129122550534,1
2034,0,208,coverage_gap,0.03674545742471633,0.043609559535980225,0.006864102111263898,1
2034,0,223,age,0.023385575788375898,0.023834075778722763,0.00044849999034686505,1
2034,0,223,poor_health,0.00914516871105496,0.009634077548980713,0.0004889088379257528,1
2034,0,223,smoking,0.0,0.0,0.0,1
2034,0,223,bmi_risk,0.015582865056672897,0.015854019671678543,0.00027115461500564625,1
2034,0,223,nonadherence,0.0063260613099988955,0.00664384663105011,0.0003177853210512144,1
2034,0,223,claim_rate,0.0,0.0,0.0,1
2034,0,223,claim_severity,0.006409498336524079,0.004596710205078125,0.001812788131445954,1
2034,0,223,provider_complication,0.008095031098534163,0.001443907618522644,0.0066511234800115185,1
2034,0,223,coverage_gap,0.005887707559139983,0.0070047155022621155,0.0011170079431221322,1
2034,0,224,age,0.06036046089545122,0.05919992923736572,0.0011605316580854952,1
2034,0,224,poor_health,0.13937997874966523,0.15069234371185303,0.011312364962187793,1
2034,0,224,smoking,0.18730104402988174,0.20473279058933258,0.017431746559450845,1
2034,0,224,bmi_risk,0.13198891902950594,0.12534895539283752,0.006639963636668411,1
2034,0,224,nonadherence,0.05385830810290204,0.060318827629089355,0.006460519526187314,1
2034,0,224,claim_rate,0.09230797089398818,0.11327371001243591,0.020965739118447735,1
2034,0,224,claim_severity,0.163356196493273,0.10761281847953796,0.05574337801373502,1
2034,0,224,provider_complication,0.032633763976697816,0.0038247108459472656,0.02880905313075055,1
2034,0,224,coverage_gap,0.01931446962398914,0.021220803260803223,0.0019063336368140837,1
2034,0,227,age,0.10561365905903655,0.08706268668174744,0.018550972377289116,1
2034,0,227,poor_health,0.06554577939589248,0.06482711434364319,0.0007186650522492954,1
2034,0,227,smoking,0.13272358885591176,0.12285356223583221,0.009870026620079547,1
2034,0,227,bmi_risk,0.01899531819319089,0.017530888319015503,0.001464429874175388,1
2034,0,227,nonadherence,0.043494652095258796,0.03953513503074646,0.003959517064512336,1
2034,0,227,claim_rate,0.024727731481050508,0.02256426215171814,0.002163469329332368,1
2034,0,227,claim_severity,0.042398484870438735,0.028542235493659973,0.013856249376778762,1
2034,0,227,provider_complication,0.06580241250672958,0.011846020817756653,0.05395639168897293,1
2034,0,227,coverage_gap,0.02748820215638395,0.028559565544128418,0.0010713633877444673,1
2034,0,233,age,0.024279274353472206,0.024228982627391815,5.0291726080391175e-05,1
2034,0,233,poor_health,0.008773858537536018,0.009122245013713837,0.00034838647617781854,1
2034,0,233,smoking,0.0,0.0,0.0,1
2034,0,233,bmi_risk,0.005199744670640355,0.005236782133579254,3.70374629388992e-05,1
2034,0,233,nonadherence,0.0067623562579644525,0.00661633163690567,0.00014602462105878233,1
2034,0,233,claim_rate,0.007707239632317842,0.007988959550857544,0.00028171991853970235,1
2034,0,233,claim_severity,0.004414347093251433,0.003174327313899994,0.0012400197793514395,1
2034,0,233,provider_complication,0.006799172281297783,0.0009192079305648804,0.0058799643507329025,1
2034,0,233,coverage_gap,0.01687409732102911,0.019577499479055405,0.002703402158026294,1
2034,0,236,age,0.04009944365121462,0.03533003479242325,0.004769408858791374,1
2034,0,236,poor_health,0.006662385699756426,0.006165631115436554,0.0004967545843198723,1
2034,0,236,smoking,-1.3877787807814457e-17,0.0,1.3877787807814457e-17,1
2034,0,236,bmi_risk,0.012327274428590787,0.011124446988105774,0.0012028274404850131,1
2034,0,236,nonadherence,0.03166910693100923,0.02882273495197296,0.002846371979036269,1
2034,0,236,claim_rate,0.011405679167517668,0.010409407317638397,0.000996271849879271,1
2034,0,236,claim_severity,0.0275893395665614,0.017374351620674133,0.010214987945887266,1
2034,0,236,provider_complication,0.01900763392291227,0.0031320303678512573,0.015875603555061013,1
2034,0,236,coverage_gap,0.01582712327849156,0.016311243176460266,0.00048411989796870447,1
2034,0,237,age,0.10272994734001212,0.12038035690784454,0.017650409567832426,1
2034,0,237,poor_health,0.04048675391549478,0.04908992350101471,0.008603169585519932,1
2034,0,237,smoking,0.0,0.0,0.0,1
2034,0,237,bmi_risk,0.046509400256069394,0.05862481892108917,0.012115418665019778,1
2034,0,237,nonadherence,0.025590909984764848,0.030617892742156982,0.005026982757392134,1
2034,0,237,claim_rate,0.0,0.0,0.0,1
2034,0,237,claim_severity,0.03186095050320739,0.029915064573287964,0.0019458859299194275,1
2034,0,237,provider_complication,0.018527040520916777,0.004178136587142944,0.014348903933773832,1
2034,0,237,coverage_gap,0.05850859313552645,0.08013409376144409,0.021625500625917643,1
2034,0,242,age,0.105941219865548,0.1026630625128746,0.0032781573526733943,1
2034,0,242,poor_health,0.0497277488955816,0.051646798849105835,0.0019190499535242378,1
2034,0,242,smoking,0.0,0.0,0.0,1
2034,0,242,bmi_risk,0.010298412170542198,0.012182623147964478,0.0018842109774222793,1
2034,0,242,nonadherence,0.041147089554776806,0.044948071241378784,0.0038009816866019785,1
2034,0,242,claim_rate,0.036227435038944183,0.03658945858478546,0.00036202354584127794,1
2034,0,242,claim_severity,0.04033113770607913,0.031279057264328,0.009052080441751126,1
2034,0,242,provider_complication,0.049950536742275814,0.009537383913993835,0.04041315282828198,1
2034,0,242,coverage_gap,0.015999251798328257,0.018970966339111328,0.0029717145407830714,1
2034,0,247,age,0.19439935744886783,0.2260708212852478,0.031671463836379976,1
2034,0,247,poor_health,0.18424920692475763,0.22074280679225922,0.036493599867501586,1
2034,0,247,smoking,0.0,0.0,0.0,1
2034,0,247,bmi_risk,0.06816577322642065,0.07283768057823181,0.0046719073518111665,1
2034,0,247,nonadherence,0.048580247016008604,0.06419247388839722,0.015612226872388613,1
2034,0,247,claim_rate,0.05849008604595246,0.061481624841690063,0.0029915387957376027,1
2034,0,247,claim_severity,0.09446549314752445,0.06540992856025696,0.02905556458726749,1
2034,0,247,provider_complication,0.03626362130121491,0.006286203861236572,0.029977417439978338,1
2034,0,247,coverage_gap,0.0536051822305072,0.058200448751449585,0.004595266520942387,1
2034,0,248,age,0.0,0.0,0.0,1
2034,0,248,poor_health,0.06657078134183773,0.07216587662696838,0.00559509528513065,1
2034,0,248,smoking,0.0,0.0,0.0,1
2034,0,248,bmi_risk,0.03770812228490805,0.040108099579811096,0.002399977294903044,1
2034,0,248,nonadherence,0.029885415545678626,0.03291291743516922,0.003027501889490594,1
2034,0,248,claim_rate,0.014464888981807006,0.01626606285572052,0.0018011738739135141,1
2034,0,248,claim_severity,0.04308050842687018,0.031233467161655426,0.011847041265214756,1
2034,0,248,provider_complication,0.010563420652014419,0.0016935914754867554,0.008869829176527663,1
2034,0,248,coverage_gap,0.02047127180270368,0.024935699999332428,0.0044644281966287475,1
2034,0,254,age,0.12710088102348172,0.10451677441596985,0.022584106607511867,1
2034,0,254,poor_health,0.14567569552879472,0.14723387360572815,0.0015581780769334252,1
2034,0,254,smoking,0.20665367841328436,0.19927290081977844,0.007380777593505916,1
2034,0,254,bmi_risk,0.11569687495990522,0.09241077303886414,0.02328610192104108,1
2034,0,254,nonadherence,0.051561727154213366,0.043346256017684937,0.00821547113652843,1
2034,0,254,claim_rate,0.12912379596573764,0.13112640380859375,0.002002607842856108,1
2034,0,254,claim_severity,0.19399690878518022,0.10043695569038391,0.09355995309479631,1
2034,0,254,provider_complication,0.02329232198735265,0.002817392349243164,0.020474929638109485,1
2034,0,254,coverage_gap,0.05291785167582047,0.043649256229400635,0.009268595446419836,1
2034,0,258,age,0.06320188376995738,0.0672033429145813,0.004001459144623923,1
2034,0,258,poor_health,0.04515247249287825,0.05224495381116867,0.0070924813182904195,1
2034,0,258,smoking,0.0,0.0,0.0,1
2034,0,258,bmi_risk,0.0150425950720878,0.017041414976119995,0.0019988199040321952,1
2034,0,258,nonadherence,0.028431825260384583,0.032993219792842865,0.004561394532458282,1
2034,0,258,claim_rate,0.013818437102076933,0.0157974511384964,0.001979014036419466,1
2034,0,258,claim_severity,0.01979660293943565,0.014981105923652649,0.004815497015783002,1
2034,0,258,provider_complication,0.0045781119523563285,0.000681951642036438,0.0038961603103198905,1
2034,0,258,coverage_gap,0.021875324787940895,0.02719736099243164,0.005322036204490746,1
2034,0,259,age,0.016679231642360313,0.017289336770772934,0.0006101051284126205,1
2034,0,259,poor_health,0.023484094402267217,0.024259250611066818,0.0007751562087996017,1
2034,0,259,smoking,1.3877787807814457e-17,0.0,1.3877787807814457e-17,1
2034,0,259,bmi_risk,0.0029759717748154696,0.002984285354614258,8.313579798788218e-06,1
2034,0,259,nonadherence,0.006384083852984078,0.006363995373249054,2.008847973502398e-05,1
2034,0,259,claim_rate,1.3877787807814457e-17,0.0,1.3877787807814457e-17,1
2034,0,259,claim_severity,0.008207524147846652,0.006538748741149902,0.00166877540669675,1
2034,0,259,provider_complication,0.008812443151701745,0.0019066333770751953,0.006905809774626549,1
2034,0,259,coverage_gap,0.010742002145559183,0.013082455843687057,0.0023404536981278742,1
2034,0,262,age,0.04062729874504578,0.041504282504320145,0.0008769837592743635,1
2034,0,262,poor_health,0.02345724549733194,0.024888217449188232,0.0014309719518562913,1
2034,0,262,smoking,-1.3877787807814457e-17,0.0,1.3877787807814457e-17,1
2034,0,262,bmi_risk,0.0030659846523091033,0.0031457990407943726,7.981438848526923e-05,1
2034,0,262,nonadherence,0.01706768777015312,0.017658710479736328,0.0005910227095832082,1
2034,0,262,claim_rate,-1.3877787807814457e-17,0.0,1.3877787807814457e-17,1
2034,0,262,claim_severity,0.009896797636146704,0.007199421525001526,0.0026973761111451777,1
2034,0,262,provider_complication,0.011459727389765403,0.0017255842685699463,0.009734143121195457,1
2034,0,262,coverage_gap,0.01750098066651462,0.020945079624652863,0.003444098958138242,1
2034,0,271,age,0.010280861461226753,0.00953337550163269,0.000747485959594063,1
2034,0,271,poor_health,0.17510685867331044,0.18430976569652557,0.009202907023215134,1
2034,0,271,smoking,0.16681666921705435,0.18218083679676056,0.015364167579706212,1
2034,0,271,bmi_risk,0.016106133075722506,0.017171770334243774,0.0010656372585212681,1
2034,0,271,nonadherence,0.031102832544760595,0.02761054039001465,0.0034922921547459462,1
2034,0,271,claim_rate,0.0,0.0,0.0,1
2034,0,271,claim_severity,0.15388958093505994,0.10192063450813293,0.05196894642692701,1
2034,0,271,provider_complication,0.0799703247133769,0.013613015413284302,0.06635730930009259,1
2034,0,271,coverage_gap,0.09295140862923595,0.08922836184501648,0.0037230467842194748,1
2034,0,273,age,2.0816681711721685e-17,0.0,2.0816681711721685e-17,1
2034,0,273,poor_health,0.016704529084251372,0.019052065908908844,0.0023475368246574715,1
2034,0,273,smoking,2.0816681711721685e-17,0.0,2.0816681711721685e-17,1
2034,0,273,bmi_risk,0.004639427759287884,0.0051084235310554504,0.00046899577176756635,1
2034,0,273,nonadherence,0.010147472758469687,0.011609043926000595,0.0014615711675309076,1
2034,0,273,claim_rate,0.0069981407658405645,0.00787779688835144,0.0008796561225108759,1
2034,0,273,claim_severity,0.015961720256108557,0.012992072850465775,0.002969647405642782,1
2034,0,273,provider_complication,0.0023314015235517613,0.0003998503088951111,0.0019315512146566502,1
2034,0,273,coverage_gap,0.01700638276160859,0.021494831889867783,0.0044884491282591935,1
2034,0,285,age,0.08153232910592456,0.07289710640907288,0.008635222696851685,1
2034,0,285,poor_health,0.03064118293482937,0.031273648142814636,0.0006324652079852666,1
2034,0,285,smoking,0.0,0.0,0.0,1
2034,0,285,bmi_risk,0.024455630763110914,0.025143958628177643,0.000688327865066729,1
2034,0,285,nonadherence,0.032427421918037436,0.03253050148487091,0.00010307956683347497,1
2034,0,285,claim_rate,0.0,0.0,0.0,1
2034,0,285,claim_severity,0.014962452951562982,0.010139137506484985,0.004823315445077997,1
2034,0,285,provider_complication,0.030225803935540946,0.0037851035594940186,0.026440700376046927,1
2034,0,285,coverage_gap,0.030826962211379413,0.031550586223602295,0.0007236240122228815,1
2034,0,290,age,0.041526220534306185,0.04392501711845398,0.0023987965841477943,1
2034,0,290,poor_health,0.12412702212812295,0.12517939507961273,0.0010523729514897856,1
2034,0,290,smoking,5.551115123125783e-17,0.0,5.551115123125783e-17,1
2034,0,290,bmi_risk,0.049329638396284126,0.05208803713321686,0.0027583987369327323,1
2034,0,290,nonadherence,0.022433789287571365,0.02634170651435852,0.003907917226787155,1
2034,0,290,claim_rate,0.04053694732088631,0.046359866857528687,0.005822919536642379,1
2034,0,290,claim_severity,0.08258635810268825,0.06035323441028595,0.022233123692402296,1
2034,0,290,provider_complication,0.020496692952088058,0.003676280379295349,0.01682041257279271,1
2034,0,290,coverage_gap,0.013529944050448328,0.015189513564109802,0.001659569513661474,1
2034,0,299,age,0.0119049253299085,0.010070040822029114,0.0018348845078793863,1
2034,0,299,poor_health,0.03639164156677564,0.032711468636989594,0.003680172929786049,1
2034,0,299,smoking,1.3877787807814457e-17,0.0,1.3877787807814457e-17,1
2034,0,299,bmi_risk,0.044340728118242426,0.03763200342655182,0.006708724691690607,1
2034,0,299,nonadherence,0.02030890437567101,0.01801343262195587,0.0022954717537151392,1
2034,0,299,claim_rate,0.01333122269712464,0.011709652841091156,0.0016215698560334835,1
2034,0,299,claim_severity,0.036953072159216935,0.023956499993801117,0.012996572165415818,1
2034,0,299,provider_complication,0.017217243119719894,0.003243178129196167,0.013974064990523727,1
2034,0,299,coverage_gap,0.017679807082208204,0.01873169094324112,0.001051883861032915,1
2034,0,302,age,0.14250883655973764,0.14435072243213654,0.0018418858723988907,1
2034,0,302,poor_health,0.07995538942981445,0.10851180553436279,0.028556416104548343,1
2034,0,302,smoking,0.15750528489962795,0.19399318099021912,0.036487896090591165,1
2034,0,302,bmi_risk,0.018267368717243992,0.02046424150466919,0.002196872787425197,1
2034,0,302,nonadherence,0.053986375992222,0.06313177943229675,0.00914540344007475,1
2034,0,302,claim_rate,0.05515032521449459,0.07998025417327881,0.02482992895878422,1
2034,0,302,claim_severity,0.12624788867792214,0.0949772298336029,0.03127065884431923,1
2034,0,302,provider_complication,0.033301969221700034,0.003254711627960205,0.03004725759373983,1
2034,0,302,coverage_gap,0.0432835792453809,0.0498926043510437,0.0066090251056628024,1
2034,0,306,age,0.04040905807302006,0.040177248418331146,0.00023180965468891368,1
2034,0,306,poor_health,0.044067905037821126,0.04837612807750702,0.004308223039685893,1
2034,0,306,smoking,-2.7755575615628914e-17,0.0,2.7755575615628914e-17,1
2034,0,306,bmi_risk,0.005384299392635988,0.005561083555221558,0.00017678416258556928,1
2034,0,306,nonadherence,0.020195707418678377,0.022281356155872345,0.002085648737193968,1
2034,0,306,claim_rate,-2.7755575615628914e-17,0.0,2.7755575615628914e-17,1
2034,0,306,claim_severity,0.02150371330538474,0.015022464096546173,0.006481249208838566,1
2034,0,306,provider_complication,0.019926184526361093,0.0026616081595420837,0.01726457636681901,1
2034,0,306,coverage_gap,0.020912580603904843,0.024125628173351288,0.003213047569446445,1
2034,0,308,age,0.05823270896733826,0.05724424868822098,0.0009884602791172814,1
2034,0,308,poor_health,0.03072933551086658,0.03244616091251373,0.0017168254016471513,1
2034,0,308,smoking,-1.3877787807814457e-17,0.0,1.3877787807814457e-17,1
2034,0,308,bmi_risk,0.007954298861712755,0.00822003185749054,0.0002657329957777843,1
2034,0,308,nonadherence,0.035764148589522815,0.036520108580589294,0.0007559599910664794,1
2034,0,308,claim_rate,-1.3877787807814457e-17,0.0,1.3877787807814457e-17,1
2034,0,308,claim_severity,0.022943799208357513,0.016038335859775543,0.006905463348581969,1
2034,0,308,provider_complication,0.01591236029503308,0.002209588885307312,0.01370277140972577,1
2034,0,308,coverage_gap,0.021566937788811996,0.023889869451522827,0.002322931662710831,1
2034,0,314,age,0.11980322461032639,0.1174837052822113,0.0023195193281150828,1
2034,0,314,poor_health,0.018839754027967975,0.023722201585769653,0.004882447557801678,1
2034,0,314,smoking,0.1300096288415998,0.14691533148288727,0.016905702641287462,1
2034,0,314,bmi_risk,0.05657315457398862,0.06303341686725616,0.0064602622932675435,1
2034,0,314,nonadherence,0.02016288768932295,0.020761430263519287,0.0005985425741963368,1
2034,0,314,claim_rate,0.024311091889747866,0.027065962553024292,0.0027548706632764264,1
2034,0,314,claim_severity,0.0662961577484786,0.05076141655445099,0.015534741194027618,1
2034,0,314,provider_complication,0.027203272329691552,0.005146831274032593,0.02205644105565896,1
2034,0,314,coverage_gap,0.050723586082926125,0.06088167428970337,0.010158088206777244,1
2034,0,321,age,0.08791644158631838,0.08407002687454224,0.0038464147117761444,1
2034,0,321,poor_health,0.03689928990816725,0.03650950640439987,0.0003897835037673797,1
2034,0,321,smoking,0.0,0.0,0.0,1
2034,0,321,bmi_risk,0.010853533609581939,0.011359646916389465,0.0005061133068075263,1
2034,0,321,nonadherence,0.025602829639911034,0.026855632662773132,0.0012528030228620979,1
2034,0,321,claim_rate,0.01621965636888134,0.015208587050437927,0.0010110693184434139,1
2034,0,321,claim_severity,0.016319144265373092,0.01301419734954834,0.0033049469158247524,1
2034,0,321,provider_complication,0.01959504408863788,0.003677085041999817,0.015917959046638064,1
2034,0,321,coverage_gap,0.03422491639119346,0.03714609891176224,0.002921182520568777,1
2034,0,330,age,0.12937363631313745,0.1538958176970482,0.02452218138391074,1
2034,0,330,poor_health,0.1187913799306723,0.15278146415948868,0.03399008422881637,1
2034,0,330,smoking,-2.7755575615628914e-17,0.0,2.7755575615628914e-17,1
2034,0,330,bmi_risk,0.027209525278767077,0.036427825689315796,0.009218300410548719,1
2034,0,330,nonadherence,0.023170405971511154,0.034005194902420044,0.01083478893090889,1
2034,0,330,claim_rate,0.02249969622611442,0.02876994013786316,0.006270243911748741,1
2034,0,330,claim_severity,0.07942335052697919,0.06590606272220612,0.01351728780477307,1
2034,0,330,provider_complication,0.02456012827844789,0.0035200119018554688,0.02104011637659242,1
2034,0,330,coverage_gap,0.01764098802809158,0.02148270606994629,0.003841718041854708,1
2034,0,335,age,0.10532850463607923,0.10104503482580185,0.004283469810277385,1
2034,0,335,poor_health,0.05245791393798099,0.05326119065284729,0.0008032767148662967,1
2034,0,335,smoking,0.0,0.0,0.0,1
2034,0,335,bmi_risk,0.032568104554310445,0.03457261621952057,0.0020045116652101236,1
2034,0,335,nonadherence,0.03344184692502242,0.03674769401550293,0.0033058470904805126,1
2034,0,335,claim_rate,0.05673903763870625,0.05757015943527222,0.0008311217965659701,1
2034,0,335,claim_severity,0.059840696156010426,0.04529932141304016,0.014541374742970264,1
2034,0,335,provider_complication,0.034812992442995266,0.006537005305290222,0.028275987137705044,1
2034,0,335,coverage_gap,0.0244340576108453,0.029482319951057434,0.005048262340212134,1
2034,0,356,age,0.021435158302240964,0.023167312145233154,0.00173215384299219,1
2034,0,356,poor_health,0.08421314837930031,0.0964527502655983,0.012239601886297982,1
2034,0,356,smoking,0.0,0.0,0.0,1
2034,0,356,bmi_risk,0.00463248420133211,0.0054685622453689575,0.0008360780440368476,1
2034,0,356,nonadherence,0.024962902819029617,0.029839932918548584,0.004877030099518967,1
2034,0,356,claim_rate,0.029898068392116756,0.034571945667266846,0.00467387727515009,1
2034,0,356,claim_severity,0.0651143864459183,0.048920124769210815,0.016194261676707483,1
2034,0,356,provider_complication,0.015235519428274114,0.0022296011447906494,0.013005918283483464,1
2034,0,356,coverage_gap,0.007696719024352289,0.008885800838470459,0.0011890818141181703,1
2034,0,363,age,0.10682823919559131,0.08931294083595276,0.017515298359638554,1
2034,0,363,poor_health,0.048586089174590674,0.04935523867607117,0.0007691495014804928,1
2034,0,363,smoking,0.1652322585169981,0.15342509746551514,0.011807161051482967,1
2034,0,363,bmi_risk,0.11709590660381244,0.10561345517635345,0.01148245142745899,1
2034,0,363,nonadherence,0.08931991891952301,0.07897248864173889,0.01034743027778412,1
2034,0,363,claim_rate,0.029259542713873432,0.031911104917526245,0.002651562203652813,1
2034,0,363,claim_severity,0.09927325065302317,0.06593051552772522,0.03334273512529795,1
2034,0,363,provider_complication,0.006410215976024647,0.0011917948722839355,0.005218421103740711,1
2034,0,363,coverage_gap,0.0370644831491414,0.040324777364730835,0.003260294215589432,1
2034,0,368,age,0.07736277457810878,0.053262434899806976,0.024100339678301802,1
2034,0,368,poor_health,0.08591412151130268,0.06422855705022812,0.021685564461074558,1
2034,0,368,smoking,0.0,0.0,0.0,1
2034,0,368,bmi_risk,0.03211309999710249,0.024682164192199707,0.007430935804902783,1
2034,0,368,nonadherence,0.06538892785147277,0.04873364418745041,0.016655283664022358,1
2034,0,368,claim_rate,0.02237761692329282,0.017137423157691956,0.005240193765600865,1
2034,0,368,claim_severity,0.054470311016696527,0.028637290000915527,0.025833021015781,1
2034,0,368,provider_complication,0.032807258466225675,0.00502854585647583,0.027778712609749845,1
2034,0,368,coverage_gap,0.04650208121284258,0.03831569850444794,0.00818638270839464,1
2034,0,382,age,0.15107302741197268,0.2098873406648636,0.05881431325289091,1
2034,0,382,poor_health,0.16666526513436206,0.23692210018634796,0.0702568350519859,1
2034,0,382,smoking,0.0,0.0,0.0,1
2034,0,382,bmi_risk,0.04201814878217669,0.05727916955947876,0.01526102077730207,1
2034,0,382,nonadherence,0.050040927668802415,0.07254678010940552,0.022505852440603102,1
2034,0,382,claim_rate,0.05183100597123241,0.06820932030677795,0.01637831433554554,1
2034,0,382,claim_severity,0.10843427439557124,0.09196919202804565,0.016465082367525585,1
2034,0,382,provider_complication,0.019367522357388034,0.004238754510879517,0.015128767846508517,1
2034,0,382,coverage_gap,0.03823600393185733,0.0436057448387146,0.005369740906857268,1
2034,0,383,age,0.07650010373638036,0.07294516265392303,0.0035549410824573247,1
2034,0,383,poor_health,0.09623587529219296,0.09658508002758026,0.00034920473538729846,1
2034,0,383,smoking,-2.7755575615628914e-17,0.0,2.7755575615628914e-17,1
2034,0,383,bmi_risk,0.045604447216004346,0.04928077757358551,0.0036763303575811646,1
2034,0,383,nonadherence,0.014162521753751378,0.017532676458358765,0.0033701547046073865,1
2034,0,383,claim_rate,0.08122023743890996,0.08053721487522125,0.0006830225636887122,1
2034,0,383,claim_severity,0.05947604514187113,0.04675573110580444,0.012720314036066688,1
2034,0,383,provider_complication,0.05031606802028982,0.009498506784439087,0.04081756123585073,1
2034,0,383,coverage_gap,0.050645522335981547,0.05702380836009979,0.006378286024118246,1
2034,0,389,age,0.0286445972404257,0.02686980366706848,0.0017747935733572195,1
2034,0,389,poor_health,0.10618392696633341,0.10886692255735397,0.0026829955910205594,1
2034,0,389,smoking,2.7755575615628914e-17,0.0,2.7755575615628914e-17,1
2034,0,389,bmi_risk,0.07328992041660384,0.0739946961402893,0.0007047757236854635,1
2034,0,389,nonadherence,0.0472942353422075,0.0526270866394043,0.0053328512971967945,1
2034,0,389,claim_rate,0.020126804338602755,0.024716630578041077,0.004589826239438322,1
2034,0,389,claim_severity,0.04303657397615904,0.026373684406280518,0.01666288956987852,1
2034,0,389,provider_complication,0.032514803003024145,0.004721552133560181,0.027793250869463965,1
2034,0,389,coverage_gap,0.015025553086085386,0.015044063329696655,1.8510243611269406e-05,1
2034,0,392,age,0.01313318555437748,0.012067139148712158,0.0010660464056653218,1
2034,0,392,poor_health,0.08144496144206083,0.08140068501234055,4.4276429720283006e-05,1
2034,0,392,smoking,0.0,0.0,0.0,1
2034,0,392,bmi_risk,0.047603643832174566,0.046131595969200134,0.0014720478629744321,1
2034,0,392,nonadherence,0.053323717914810415,0.05371668189764023,0.0003929639828298137,1
2034,0,392,claim_rate,0.0,0.0,0.0,1
2034,0,392,claim_severity,0.046764202316114306,0.03368605673313141,0.013078145582982897,1
2034,0,392,provider_complication,0.023272944395804546,0.004632040858268738,0.018640903537535808,1
2034,0,392,coverage_gap,0.02823120913519936,0.030778348445892334,0.002547139310692975,1
2034,0,394,age,0.0256529071105326,0.027660854160785675,0.0020079470502530755,1
2034,0,394,poor_health,0.024809359277114307,0.028879448771476746,0.004070089494362439,1
2034,0,394,smoking,0.0,0.0,0.0,1
2034,0,394,bmi_risk,0.029856704705689095,0.03355422616004944,0.0036975214543603432,1
2034,0,394,nonadherence,0.019371029871815784,0.023236989974975586,0.0038659601031598018,1
2034,0,394,claim_rate,0.0,0.0,0.0,1
2034,0,394,claim_severity,0.0,0.0,0.0,1
2034,0,394,provider_complication,0.010376078835762081,0.001706048846244812,0.00867002998951727,1
2034,0,394,coverage_gap,0.023490611853226748,0.028373338282108307,0.004882726428881559,1
2034,0,397,age,0.011310440530826499,0.010672613978385925,0.0006378265524405735,1
2034,0,397,poor_health,0.01581620630642383,0.016633428633213043,0.0008172223267892131,1
2034,0,397,smoking,0.0,0.0,0.0,1
2034,0,397,bmi_risk,0.03351025692043769,0.033659160137176514,0.00014890321673882712,1
2034,0,397,nonadherence,0.024975652553513167,0.025608181953430176,0.000632529399917009,1
2034,0,397,claim_rate,0.01004009211194229,0.0102834552526474,0.00024336314070511067,1
2034,0,397,claim_severity,0.00017670022336246927,0.00011718273162841797,5.95174917340513e-05,1
2034,0,397,provider_complication,0.016722847755625186,0.0024451762437820435,0.014277671511843143,1
2034,0,397,coverage_gap,0.018480231151157864,0.021897092461586,0.003416861310428135,1
2034,0,400,age,0.02025672318582175,0.02018006145954132,7.666172628043033e-05,1
2034,0,400,poor_health,0.04185028094732668,0.042434900999069214,0.0005846200517425348,1
2034,0,400,smoking,0.0,0.0,0.0,1
2034,0,400,bmi_risk,0.020827160536283418,0.019878529012203217,0.0009486315240802012,1
2034,0,400,nonadherence,0.01671634294551054,0.017007187008857727,0.00029084406334718704,1
2034,0,400,claim_rate,0.0,0.0,0.0,1
2034,0,400,claim_severity,0.027540241179513467,0.02149803936481476,0.006042201814698708,1
2034,0,400,provider_complication,0.013381169081691138,0.002760179340839386,0.010620989740851752,1
2034,0,400,coverage_gap,0.029146448855325593,0.033441007137298584,0.0042945582819729905,1
2034,0,402,age,0.08258213289427327,0.08916079252958298,0.006578659635309708,1
2034,0,402,poor_health,0.07892134669259296,0.08633813261985779,0.0074167859272648295,1
2034,0,402,smoking,-2.7755575615628914e-17,0.0,2.7755575615628914e-17,1
2034,0,402,bmi_risk,0.025768744047025366,0.03014272451400757,0.0043739804669822024,1
2034,0,402,nonadherence,0.035487715080190024,0.04239177703857422,0.0069040619583841945,1
2034,0,402,claim_rate,0.018145224465000026,0.02324657142162323,0.005101346956623204,1
2034,0,402,claim_severity,0.04519960534054676,0.036122411489486694,0.009077193851060067,1
2034,0,402,provider_complication,0.02439960914839845,0.005040839314460754,0.019358769833937695,1
2034,0,402,coverage_gap,0.010438838525650806,0.012706443667411804,0.0022676051417609977,1
2034,0,403,age,0.010482740885840683,0.008435949683189392,0.0020467912026512908,1
2034,0,403,poor_health,0.04528519959010633,0.03945355862379074,0.005831640966315589,1
2034,0,403,smoking,-2.7755575615628914e-17,0.0,2.7755575615628914e-17,1
2034,0,403,bmi_risk,0.00241566006230233,0.0019666925072669983,0.0004489675550353317,1
2034,0,403,nonadherence,0.013023752141662737,0.011031463742256165,0.001992288399406572,1
2034,0,403,claim_rate,-2.7755575615628914e-17,0.0,2.7755575615628914e-17,1
2034,0,403,claim_severity,0.03008666774845775,0.01817885786294937,0.01190780988550838,1
2034,0,403,provider_complication,0.017864660326276177,0.0025936365127563477,0.01527102381351983,1
2034,0,403,coverage_gap,0.01949527286497625,0.019287921488285065,0.00020735137669118664,1
2034,0,414,age,0.0358100797464944,0.03666640818119049,0.0008563284346960881,1
2034,0,414,poor_health,0.015392512622213042,0.015902027487754822,0.0005095148655417797,1
2034,0,414,smoking,-1.3877787807814457e-17,0.0,1.3877787807814457e-17,1
2034,0,414,bmi_risk,0.0008816393578426479,0.0009104311466217041,2.8791788779056193e-05,1
2034,0,414,nonadherence,0.023860370924646684,0.025069385766983032,0.0012090148423363478,1
2034,0,414,claim_rate,0.009616736528185552,0.009706586599349976,8.9850071164424e-05,1
2034,0,414,claim_severity,0.011870864649315763,0.008380241692066193,0.00349062295724957,1
2034,0,414,provider_complication,0.011266887951093263,0.0016675516963005066,0.009599336254792756,1
2034,0,414,coverage_gap,0.01565942963290333,0.018037408590316772,0.002377978957413443,1
2034,0,418,age,0.07383409380549794,0.08802004158496857,0.014185947779470631,1
2034,0,418,poor_health,0.15256995883985786,0.18782128393650055,0.035251325096642694,1
2034,0,418,smoking,0.0,0.0,0.0,1
2034,0,418,bmi_risk,0.01779839734581426,0.024341315031051636,0.006542917685237376,1
2034,0,418,nonadherence,0.04119331566830281,0.054858237504959106,0.013664921836656296,1
2034,0,418,claim_rate,0.08888346507973721,0.11145755648612976,0.02257409140639255,1
2034,0,418,claim_severity,0.11130483638414107,0.0862978994846344,0.02500693689950667,1
2034,0,418,provider_complication,0.02888446617813578,0.005880892276763916,0.023003573901371865,1
2034,0,418,coverage_gap,0.011109285005943326,0.01323777437210083,0.0021284893661575044,1
2034,0,423,age,0.09898372473991121,0.09653787314891815,0.002445851590993059,1
2034,0,423,poor_health,0.13623846861371675,0.13713479042053223,0.000896321806815481,1
2034,0,423,smoking,0.0,0.0,0.0,1
2034,0,423,bmi_risk,0.10816336325738185,0.11000233888626099,0.001838975628879136,1
2034,0,423,nonadherence,0.02057821820822414,0.02786998450756073,0.007291766299336588,1
2034,0,423,claim_rate,0.025498056899804555,0.03031681478023529,0.004818757880430735,1
2034,0,423,claim_severity,0.06292750637502728,0.04250402748584747,0.020423478889179808,1
2034,0,423,provider_complication,0.04255853475402893,0.007868438959121704,0.03469009579490723,1
2034,0,423,coverage_gap,0.04537760022374232,0.04998764395713806,0.004610043733395741,1
2034,0,424,age,0.13183417612133885,0.09953778982162476,0.0322963862997141,1
2034,0,424,poor_health,0.103672067708861,0.10649582743644714,0.0028237597275861392,1
2034,0,424,smoking,0.17254906226027533,0.16697293519973755,0.005576127060537783,1
2034,0,424,bmi_risk,0.04158823419330965,0.04347139596939087,0.0018831617760812214,1
2034,0,424,nonadherence,0.08706395369076286,0.07595518231391907,0.011108771376843796,1
2034,0,424,claim_rate,0.03013104425959101,0.04044559597969055,0.01031455172009954,1
2034,0,424,claim_severity,0.06493609452685567,0.04082247614860535,0.024113618378250323,1
2034,0,424,provider_complication,0.05142930106919691,0.006306499242782593,0.045122801826414316,1
2034,0,424,coverage_gap,0.03987443423269588,0.042052507400512695,0.0021780731678168186,1
2034,0,428,age,0.032215134266656266,0.03258366137742996,0.0003685271107736962,1
2034,0,428,poor_health,0.019400089576529084,0.02051759511232376,0.0011175055357946773,1
2034,0,428,smoking,0.0,0.0,0.0,1
2034,0,428,bmi_risk,0.006456525530125018,0.006661370396614075,0.00020484486648905675,1
2034,0,428,nonadherence,0.024993503977037472,0.02660319209098816,0.0016096881139506872,1
2034,0,428,claim_rate,0.0,0.0,0.0,1
2034,0,428,claim_severity,0.011162894459027184,0.007723383605480194,0.00343951085354699,1
2034,0,428,provider_complication,0.007151225481258072,0.0011651813983917236,0.005986044082866349,1
2034,0,428,coverage_gap,0.0201605785469601,0.024188220500946045,0.004027641953985944,1
2034,0,429,age,0.00325514631998855,0.002496197819709778,0.0007589485002787721,1
2034,0,429,poor_health,0.0476879357117935,0.04123302549123764,0.0064549102205558595,1
2034,0,429,smoking,0.0,0.0,0.0,1
2034,0,429,bmi_risk,0.050588104863650354,0.04223164916038513,0.008356455703265223,1
2034,0,429,nonadherence,0.05195854449912421,0.04369506984949112,0.00826347464963309,1
2034,0,429,claim_rate,0.016512110026310783,0.01497679203748703,0.0015353179888237534,1
2034,0,429,claim_severity,0.03933005774793405,0.023288093507289886,0.016041964240644163,1
2034,0,429,provider_complication,0.016061591547723242,0.001964464783668518,0.014097126764054724,1
2034,0,429,coverage_gap,0.0288752945621307,0.026568010449409485,0.002307284112721214,1
2034,0,441,age,0.0921057323329647,0.07213633507490158,0.019969397258063112,1
2034,0,441,poor_health,0.03704123100871473,0.030151523649692535,0.006889707359022196,1
2034,0,441,smoking,0.0,0.0,0.0,1
2034,0,441,bmi_risk,0.03649963239396159,0.030030570924282074,0.006469061469679516,1
2034,0,441,nonadherence,0.026750634969027243,0.022611692547798157,0.004138942421229086,1
2034,0,441,claim_rate,0.0,0.0,0.0,1
2034,0,441,claim_severity,0.0,0.0,0.0,1
2034,0,441,provider_complication,0.03812308828919653,0.004753008484840393,0.033370079804356134,1
2034,0,441,coverage_gap,0.04272094606808233,0.037640802562236786,0.005080143505845541,1
2034,0,454,age,0.02450936688439221,0.026929963380098343,0.002420596495706133,1
2034,0,454,poor_health,0.010454030024157734,0.011838618665933609,0.0013845886417758746,1
2034,0,454,smoking,-1.3877787807814457e-17,0.0,1.3877787807814457e-17,1
2034,0,454,bmi_risk,0.009724950523923234,0.010685205459594727,0.0009602549356714923,1
2034,0,454,nonadherence,0.011672619824641815,0.012580301612615585,0.00090768178797377,1
2034,0,454,claim_rate,-1.3877787807814457e-17,0.0,1.3877787807814457e-17,1
2034,0,454,claim_severity,0.0007294656033450531,0.0005642622709274292,0.00016520333241762386,1
2034,0,454,provider_complication,0.007803047097791484,0.0012128502130508423,0.006590196884740641,1
2034,0,454,coverage_gap,0.0059236526219044044,0.007458336651325226,0.0015346840294208214,1
2034,0,458,age,0.033396506822565966,0.030787628144025803,0.0026088786785401635,1
2034,0,458,poor_health,0.025619032364011245,0.025096945464611053,0.0005220868994001912,1
2034,0,458,smoking,-1.3877787807814457e-17,0.0,1.3877787807814457e-17,1
2034,0,458,bmi_risk,0.012623589182993014,0.01195766031742096,0.0006659288655720547,1
2034,0,458,nonadherence,0.013610606732367372,0.013213776051998138,0.00039683068036923397,1
2034,0,458,claim_rate,0.009519418644758401,0.008902855217456818,0.0006165634273015835,1
2034,0,458,claim_severity,0.0015380086288086514,0.0009531378746032715,0.0005848707542053799,1
2034,0,458,provider_complication,0.009861939258490993,0.0012742727994918823,0.00858766645899911,1
2034,0,458,coverage_gap,0.003236784921653177,0.0035833120346069336,0.0003465271129537567,1
2034,0,470,age,0.04595531883145507,0.03931492939591408,0.006640389435540996,1
2034,0,470,poor_health,0.03129758630096237,0.028245583176612854,0.0030520031243495144,1
2034,0,470,smoking,1.3877787807814457e-17,0.0,1.3877787807814457e-17,1
2034,0,470,bmi_risk,0.006102481234209645,0.005171984434127808,0.000930496800081837,1
2034,0,470,nonadherence,0.029048557693866495,0.026082679629325867,0.002965878064540628,1
2034,0,470,claim_rate,1.3877787807814457e-17,0.0,1.3877787807814457e-17,1
2034,0,470,claim_severity,0.011146484603439227,0.006074771285057068,0.0050717133183821594,1
2034,0,470,provider_complication,0.005598008594127901,0.0007254332304000854,0.004872575363727816,1
2034,0,470,coverage_gap,0.00701523525887926,0.006799176335334778,0.00021605892354448208,1
2034,0,472,age,0.030415619226103183,0.028214607387781143,0.0022010118383220395,1
2034,0,472,poor_health,0.03397514114127992,0.033556196838617325,0.00041894430266259386,1
2034,0,472,smoking,0.0,0.0,0.0,1
2034,0,472,bmi_risk,0.00869511031828843,0.008138731122016907,0.0005563791962715225,1
2034,0,472,nonadherence,0.005051603755384049,0.004621244966983795,0.00043035878840025354,1
2034,0,472,claim_rate,0.0,0.0,0.0,1
2034,0,472,claim_severity,0.02146025830069953,0.014836020767688751,0.0066242375330107794,1
2034,0,472,provider_complication,0.015479388384971246,0.0021959543228149414,0.013283434062156305,1
2034,0,472,coverage_gap,0.010025659255765998,0.011346884071826935,0.0013212248160609369,1
2034,0,473,age,0.012586813717284484,0.012504339218139648,8.247449914483562e-05,1
2034,0,473,poor_health,0.0912809898171519,0.09770495444536209,0.006423964628210196,1
2034,0,473,smoking,2.7755575615628914e-17,0.0,2.7755575615628914e-17,1
2034,0,473,bmi_risk,0.06691087589300748,0.07257223129272461,0.005661355399717127,1
2034,0,473,nonadherence,0.0630720965054071,0.07118956744670868,0.00811747094130158,1
2034,0,473,claim_rate,0.020598399028243203,0.024324283003807068,0.003725883975563865,1
2034,0,473,claim_severity,0.0730620425305018,0.04909144341945648,0.02397059911104532,1
2034,0,473,provider_complication,0.04540313230984633,0.006487295031547546,0.03891583727829878,1
2034,0,473,coverage_gap,0.02815911287095685,0.030046701431274414,0.0018875885603175657,1
2034,0,479,age,0.034628662000239785,0.029646828770637512,0.004981833229602273,1
2034,0,479,poor_health,0.01992676504315989,0.017496533691883087,0.0024302313512768042,1
2034,0,479,smoking,0.0,0.0,0.0,1
2034,0,479,bmi_risk,0.00941421579412513,0.008131109178066254,0.0012831066160588767,1
2034,0,479,nonadherence,0.012495179675128767,0.010728724300861359,0.0017664553742674088,1
2034,0,479,claim_rate,0.01102884685373115,0.009720072150230408,0.0013087747035007424,1
2034,0,479,claim_severity,0.000263154473259683,0.00015210360288619995,0.00011105087037348305,1
2034,0,479,provider_complication,0.028366774180923246,0.0038003921508789062,0.02456638203004434,1
2034,0,479,coverage_gap,0.027353516620479912,0.025952011346817017,0.0014015052736628952,1
2034,0,482,age,0.09778279426358083,0.13300372660160065,0.03522093233801982,1
2034,0,482,poor_health,0.12482012435371315,0.17377738654613495,0.0489572621924218,1
2034,0,482,smoking,-5.551115123125783e-17,0.0,5.551115123125783e-17,1
2034,0,482,bmi_risk,0.052624647705688365,0.07616269588470459,0.023538048179016224,1
2034,0,482,nonadherence,0.06791338137536215,0.10660085082054138,0.03868746944517923,1
2034,0,482,claim_rate,0.045637307771553226,0.07066002488136292,0.02502271710980969,1
2034,0,482,claim_severity,0.08756865942826558,0.07765436172485352,0.009914297703412067,1
2034,0,482,provider_complication,0.007747683862016352,0.0017279386520385742,0.006019745209977778,1
2034,0,482,coverage_gap,0.018631853456831965,0.02804514765739441,0.009413294200562444,1
2034,0,488,age,0.11677858050583706,0.11098611354827881,0.005792466957558251,1
2034,0,488,poor_health,0.22602035999377534,0.2246188521385193,0.0014015078552560567,1
2034,0,488,smoking,0.20589308835833997,0.1973859667778015,0.008507121580538457,1
2034,0,488,bmi_risk,0.02574529210278842,0.02448287606239319,0.0012624160403952311,1
2034,0,488,nonadherence,0.12186632882534915,0.10628706216812134,0.015579266657227808,1
2034,0,488,claim_rate,0.0,0.0,0.0,1
2034,0,488,claim_severity,0.19850570150798885,0.1252439320087433,0.07326176949924557,1
2034,0,488,provider_complication,0.05535549847196636,0.008890122175216675,0.04646537629674968,1
2034,0,488,coverage_gap,0.10672428261488204,0.10043054819107056,0.006293734423811481,1
2034,0,492,age,0.012256197008938,0.01158970594406128,0.0006664910648767203,1
2034,0,492,poor_health,0.05173636806364179,0.05568397045135498,0.003947602387713189,1
2034,0,492,smoking,0.0,0.0,0.0,1
2034,0,492,bmi_risk,0.012259222540439652,0.012712478637695312,0.00045325609725566096,1
2034,0,492,nonadherence,0.04155615084332398,0.04380764067173004,0.0022514898284060614,1
2034,0,492,claim_rate,0.0,0.0,0.0,1
2034,0,492,claim_severity,0.04457075331582497,0.03222998231649399,0.01234077099933098,1
2034,0,492,provider_complication,0.02286397707368465,0.003368958830833435,0.019495018242851214,1
2034,0,492,coverage_gap,0.04105432479176187,0.046127498149871826,0.005073173358109959,1
2034,0,496,age,0.013384537185180803,0.010652676224708557,0.002731860960472246,1
2034,0,496,poor_health,0.019680388821172193,0.017123214900493622,0.002557173920678571,1
2034,0,496,smoking,1.3877787807814457e-17,0.0,1.3877787807814457e-17,1
2034,0,496,bmi_risk,0.03390095859055337,0.028667490929365158,0.005233467661188214,1
2034,0,496,nonadherence,0.0016996541046424424,0.0013988316059112549,0.0003008224987311875,1
2034,0,496,claim_rate,0.010279333940975494,0.008496485650539398,0.0017828482904360954,1
2034,0,496,claim_severity,0.012589894621580139,0.007376223802566528,0.0052136708190136105,1
2034,0,496,provider_complication,0.003763325573185025,0.0005155503749847412,0.003247775198200284,1
2034,0,496,coverage_gap,0.020933862444291462,0.020733006298542023,0.00020085614574943955,1
2034,0,501,age,0.07720240863398324,0.08301059901714325,0.0058081903831600085,1
2034,0,501,poor_health,0.06485822825100784,0.07579946517944336,0.010941236928435516,1
2034,0,501,smoking,0.0,0.0,0.0,1
2034,0,501,bmi_risk,0.038251419465686776,0.04601098597049713,0.007759566504810356,1
2034,0,501,nonadherence,0.05656937193893154,0.06692701578140259,0.010357643842471051,1
2034,0,501,claim_rate,0.018395574827540062,0.02377784252166748,0.005382267694127418,1
2034,0,501,claim_severity,0.022899176626745066,0.017420366406440735,0.005478810220304331,1
2034,0,501,provider_complication,0.01341359441507678,0.0018595010042190552,0.011554093410857724,1
2034,0,501,coverage_gap,0.03907049008422181,0.04699401557445526,0.007923525490233452,1
2034,0,517,age,0.0465593080772725,0.041517652571201324,0.005041655506071177,1
2034,0,517,poor_health,0.03197017259392569,0.03107268363237381,0.0008974889615518816,1
2034,0,517,smoking,0.0,0.0,0.0,1
2034,0,517,bmi_risk,0.008589755404668761,0.008050069212913513,0.0005396861917552481,1
2034,0,517,nonadherence,0.0347563432913118,0.03362736850976944,0.0011289747815423634,1
2034,0,517,claim_rate,0.01248445404005051,0.011951647698879242,0.0005328063411712686,1
2034,0,517,claim_severity,0.02636206322759098,0.016622833907604218,0.009739229319986761,1
2034,0,517,provider_complication,0.014423206656293056,0.0020511001348495483,0.012372106521443507,1
2034,0,517,coverage_gap,0.0029961851522160576,0.00328170508146286,0.0002855199292468025,1
2034,0,519,age,0.06841573675254073,0.06173960864543915,0.006676128107101581,1
2034,0,519,poor_health,0.1080187372479823,0.11041378974914551,0.002395052501163203,1
2034,0,519,smoking,0.1380069086182389,0.13994134962558746,0.0019344410073485752,1
2034,0,519,bmi_risk,0.006007006516810576,0.0063960254192352295,0.00038901890242465376,1
2034,0,519,nonadherence,0.045900969857340795,0.04588723182678223,1.3738030558568814e-05,1
2034,0,519,claim_rate,0.02552394638163702,0.024645626544952393,0.0008783198366846268,1
2034,0,519,claim_severity,0.08831513973083333,0.06251676380634308,0.025798375924490247,1
2034,0,519,provider_complication,0.04318385343617373,0.008122950792312622,0.03506090264386111,1
2034,0,519,coverage_gap,0.018459154221341256,0.018904000520706177,0.0004448462993649205,1
2034,0,520,age,0.035638845373651966,0.035362131893634796,0.0002767134800171697,1
2034,0,520,poor_health,0.016366080908712458,0.01645825058221817,9.216967350571259e-05,1
2034,0,520,smoking,1.3877787807814457e-17,0.0,1.3877787807814457e-17,1
2034,0,520,bmi_risk,0.02271146166243382,0.02229776233434677,0.0004136993280870471,1
2034,0,520,nonadherence,0.025875504903331417,0.026420950889587402,0.0005454459862559852,1
2034,0,520,claim_rate,1.3877787807814457e-17,0.0,1.3877787807814457e-17,1
2034,0,520,claim_severity,0.011798713037568992,0.008008897304534912,0.00378981573303408,1
2034,0,520,provider_complication,0.0024004584287262293,0.0003050863742828369,0.0020953720544433924,1
2034,0,520,coverage_gap,0.017492525024120395,0.01979198306798935,0.0022994580438689544,1
2034,0,524,age,0.0857572157034957,0.07623074948787689,0.009526466215618812,1
2034,0,524,poor_health,0.08720526484097,0.08430523425340652,0.002900030587563482,1
2034,0,524,smoking,0.0,0.0,0.0,1
2034,0,524,bmi_risk,0.07175607125652594,0.06811597943305969,0.0036400918234662516,1
2034,0,524,nonadherence,0.029666689266182072,0.030400723218917847,0.0007340339527357742,1
2034,0,524,claim_rate,0.0,0.0,0.0,1
2034,0,524,claim_severity,0.04484884293872113,0.02819816768169403,0.016650675257027098,1
2034,0,524,provider_complication,0.026233159938636536,0.003610461950302124,0.02262269798833441,1
2034,0,524,coverage_gap,0.03591583110372351,0.03740033507347107,0.0014845039697475582,1
2034,0,530,age,0.2795143689389532,0.26137956976890564,0.018134799170047566,1
2034,0,530,poor_health,0.15944804013325248,0.18000581860542297,0.020557778472170496,1
2034,0,530,smoking,0.20694906161259546,0.1993878185749054,0.0075612430376900686,1
2034,0,530,bmi_risk,0.0787668098250347,0.06538647413253784,0.013380335692496859,1
2034,0,530,nonadherence,0.052937559905163356,0.05840003490447998,0.005462474999316624,1
2034,0,530,claim_rate,0.060800817576392885,0.07286608219146729,0.0120652646150744,1
2034,0,530,claim_severity,0.2037415683645145,0.13119813799858093,0.07254343036593358,1
2034,0,530,provider_complication,0.07270995362588484,0.009187042713165283,0.06352291091271955,1
2034,0,530,coverage_gap,0.02874474399671445,0.029276549816131592,0.0005318058194171416,1
2034,0,531,age,0.041117987250766895,0.042781636118888855,0.00166364886812196,1
2034,0,531,poor_health,0.029610114362518723,0.032774828374385834,0.0031647140118671105,1
2034,0,531,smoking,0.0,0.0,0.0,1
2034,0,531,bmi_risk,0.001613508074500003,0.0016743391752243042,6.08311007243012e-05,1
2034,0,531,nonadherence,0.006065925152908325,0.006438940763473511,0.00037301561056518606,1
2034,0,531,claim_rate,0.0100396578575392,0.010546065866947174,0.0005064080094079743,1
2034,0,531,claim_severity,0.006271748147477163,0.0045767128467559814,0.0016950353007211816,1
2034,0,531,provider_complication,0.011763401634343834,0.001842007040977478,0.009921394593366356,1
2034,0,531,coverage_gap,0.024123166474482732,0.029028773307800293,0.004905606833317561,1
2034,0,537,age,0.19412145017767204,0.20632334053516388,0.012201890357491835,1
2034,0,537,poor_health,0.08323052445277174,0.1163947582244873,0.03316423377171557,1
2034,0,537,smoking,0.16960791103821843,0.2063581347465515,0.036750223708333085,1
2034,0,537,bmi_risk,0.02153601388569193,0.024767518043518066,0.003231504157826137,1
2034,0,537,nonadherence,0.0790333034772156,0.09245598316192627,0.01342267968471067,1
2034,0,537,claim_rate,0.058373706582772356,0.08018115162849426,0.021807445045721907,1
2034,0,537,claim_severity,0.12556238577720094,0.08928525447845459,0.03627713129874635,1
2034,0,537,provider_complication,0.011644618312625477,0.0015771090984344482,0.010067509214191028,1
2034,0,537,coverage_gap,0.02219167274809375,0.028292924165725708,0.006101251417631959,1
2034,0,542,age,0.062314234625606424,0.052503783255815506,0.009810451369790918,1
2034,0,542,poor_health,0.017294178884758538,0.01570984721183777,0.001584331672920769,1
2034,0,542,smoking,0.0,0.0,0.0,1
2034,0,542,bmi_risk,0.013692105518027464,0.012312240898609161,0.0013798646194183029,1
2034,0,542,nonadherence,0.02508706515373514,0.021701917052268982,0.0033851481014661594,1
2034,0,542,claim_rate,0.0,0.0,0.0,1
2034,0,542,claim_severity,0.005154635399301152,0.0030208230018615723,0.00213381239743958,1
2034,0,542,provider_complication,0.013258051153552428,0.0018302276730537415,0.011427823480498686,1
2034,0,542,coverage_gap,0.03604579901458067,0.034707583487033844,0.0013382155275468294,1
2034,0,550,age,0.007558055399912222,0.0069569796323776245,0.0006010757675345979,1
2034,0,550,poor_health,0.06178365218492085,0.06156332790851593,0.0002203242764049207,1
2034,0,550,smoking,0.0,0.0,0.0,1
2034,0,550,bmi_risk,0.03376304208087183,0.03259816765785217,0.0011648744230196573,1
2034,0,550,nonadherence,0.014334027077162942,0.014662325382232666,0.00032829830506972413,1
2034,0,550,claim_rate,0.028702930701832635,0.02849060297012329,0.00021232773170934416,1
2034,0,550,claim_severity,0.03922219645144799,0.028915107250213623,0.010307089201234368,1
2034,0,550,provider_complication,0.02020378071370435,0.0039938390254974365,0.016209941688206914,1
2034,0,550,coverage_gap,0.033683322932022725,0.03760356456041336,0.003920241628390636,1
2034,0,564,age,0.1940406615224417,0.1713283807039261,0.022712280818515618,1
2034,0,564,poor_health,0.06114540040033156,0.06475934386253357,0.0036139434622020072,1
2034,0,564,smoking,0.17536964181248163,0.16729676723480225,0.008072874577679384,1
2034,0,564,bmi_risk,0.09283784078960072,0.08543720841407776,0.007400632375522964,1
2034,0,564,nonadherence,0.028127637794557403,0.02727070450782776,0.0008569332867296442,1
2034,0,564,claim_rate,-5.551115123125783e-17,0.0,5.551115123125783e-17,1
2034,0,564,claim_severity,0.1292052027150946,0.09566545486450195,0.03353974785059266,1
2034,0,564,provider_complication,0.04506168515403969,0.008315294981002808,0.03674639017303688,1
2034,0,564,coverage_gap,0.056097899289925535,0.06638377904891968,0.010285879758994143,1
2034,0,574,age,0.06698469140270384,0.0650298185646534,0.001954872838050445,1
2034,0,574,poor_health,0.031071349350480088,0.031650714576244354,0.0005793652257642667,1
2034,0,574,smoking,1.3877787807814457e-17,0.0,1.3877787807814457e-17,1
2034,0,574,bmi_risk,0.021454093755667272,0.021199338138103485,0.0002547556175637872,1
2034,0,574,nonadherence,0.016622550538570854,0.01732439547777176,0.0007018449392009046,1
2034,0,574,claim_rate,1.3877787807814457e-17,0.0,1.3877787807814457e-17,1
2034,0,574,claim_severity,0.003084360674674144,0.00214424729347229,0.0009401133812018542,1
2034,0,574,provider_complication,0.009008167691064217,0.0013668462634086609,0.007641321427655556,1
2034,0,574,coverage_gap,0.015893885063175184,0.01921260356903076,0.003318718505855578,1
2034,0,579,age,0.03293013578516871,0.03128049522638321,0.0016496405587854979,1
2034,0,579,poor_health,0.025626112102375934,0.02473488450050354,0.0008912276018723936,1
2034,0,579,smoking,2.7755575615628914e-17,0.0,2.7755575615628914e-17,1
2034,0,579,bmi_risk,0.015103953436911469,0.014088980853557587,0.001014972583353882,1
2034,0,579,nonadherence,0.015218530075561704,0.014575861394405365,0.0006426686811563387,1
2034,0,579,claim_rate,0.02116366774879236,0.020058155059814453,0.0011055126889779054,1
2034,0,579,claim_severity,0.02589031646474789,0.018797896802425385,0.007092419662322505,1
2034,0,579,provider_complication,0.012885632113055559,0.0027149319648742676,0.010170700148181291,1
2034,0,579,coverage_gap,0.003784956566621922,0.0044242143630981445,0.0006392577964762225,1
2034,0,582,age,0.08859770808959759,0.07842183113098145,0.010175876958616145,1
2034,0,582,poor_health,0.06770685130006106,0.06223791837692261,0.00546893292313845,1
2034,0,582,smoking,2.7755575615628914e-17,0.0,2.7755575615628914e-17,1
2034,0,582,bmi_risk,0.004097482420248294,0.003916814923286438,0.00018066749696185602,1
2034,0,582,nonadherence,0.015079427972110981,0.013376206159591675,0.0017032218125193066,1
2034,0,582,claim_rate,0.016905311714913773,0.015050649642944336,0.0018546620719694373,1
2034,0,582,claim_severity,0.025976167488927226,0.017969191074371338,0.008006976414555889,1
2034,0,582,provider_complication,0.03778481986742653,0.00723111629486084,0.03055370357256569,1
2034,0,582,coverage_gap,0.02611111686111836,0.028107747435569763,0.0019966305744514024,1
2034,0,585,age,0.03883098319566554,0.03614521026611328,0.0026857729295522575,1
2034,0,585,poor_health,0.03757617905380452,0.03941648453474045,0.0018403054809359304,1
2034,0,585,smoking,0.0,0.0,0.0,1
2034,0,585,bmi_risk,0.03311016807712101,0.033510722219944,0.00040055414282298696,1
2034,0,585,nonadherence,0.02937553185349802,0.0305926576256752,0.0012171257721771828,1
2034,0,585,claim_rate,0.012296224489187393,0.012332849204540253,3.662471535285927e-05,1
2034,0,585,claim_severity,0.001063650314298989,0.0006820335984230042,0.0003816167158759848,1
2034,0,585,provider_complication,0.02727403766717458,0.004012122750282288,0.023261914916892293,1
2034,0,585,coverage_gap,0.007753625493013269,0.00908757746219635,0.001333951969183081,1
2034,0,591,age,0.14815883839795335,0.1774027943611145,0.02924395596316115,1
2034,0,591,poor_health,0.14440957894724835,0.18222561478614807,0.037816035838899725,1
2034,0,591,smoking,0.0,0.0,0.0,1
2034,0,591,bmi_risk,0.06257636944964684,0.0850263237953186,0.022449954345671763,1
2034,0,591,nonadherence,0.025808120946258284,0.04374706745147705,0.017938946505218767,1
2034,0,591,claim_rate,0.10125340736552543,0.12825782597064972,0.027004418605124286,1
2034,0,591,claim_severity,0.11106487401216888,0.09574761986732483,0.015317254144844056,1
2034,0,591,provider_complication,0.008988948819922016,0.0015873610973358154,0.0074015877225862,1
2034,0,591,coverage_gap,0.020506531990519272,0.02875298261642456,0.008246450625905288,1
2034,0,592,age,0.010780195132786302,0.009952470660209656,0.0008277244725766464,1
2034,0,592,poor_health,0.04133777730897109,0.04465407878160477,0.003316301472633676,1
2034,0,592,smoking,0.0,0.0,0.0,1
2034,0,592,bmi_risk,0.025868354762739354,0.026587985455989838,0.0007196306932504837,1
2034,0,592,nonadherence,0.017455707466104822,0.019271783530712128,0.0018160760646073054,1
2034,0,592,claim_rate,0.03586517560933353,0.037026382982730865,0.0011612073733973383,1
2034,0,592,claim_severity,0.03294296798872362,0.02314126491546631,0.009801703073257312,1
2034,0,592,provider_complication,0.015936921995820835,0.001994520425796509,0.013942401570024326,1
2034,0,592,coverage_gap,0.02382577695029428,0.0274195596575737,0.0035937827072794193,1
2034,0,594,age,0.040963326132552866,0.043898798525333405,0.0029354723927805387,1
2034,0,594,poor_health,0.029693714819515188,0.03441346436738968,0.004719749547874491,1
2034,0,594,smoking,1.3877787807814457e-17,0.0,1.3877787807814457e-17,1
2034,0,594,bmi_risk,0.018998716480090688,0.020920880138874054,0.0019221636587833657,1
2034,0,594,nonadherence,0.03688863721980237,0.043872930109500885,0.006984292889698512,1
2034,0,594,claim_rate,0.03580288607842759,0.04046190530061722,0.004659019222189628,1
2034,0,594,claim_severity,0.028821877362326734,0.022817768156528473,0.006004109205798261,1
2034,0,594,provider_complication,0.009629915519648355,0.002165853977203369,0.007464061542444986,1
2034,0,594,coverage_gap,0.014854804174252056,0.01935216784477234,0.004497363670520282,1
2034,0,599,age,0.07674790196903483,0.07483160495758057,0.0019162970114542655,1
2034,0,599,poor_health,0.14742314230429357,0.13904249668121338,0.00838064562308019,1
2034,0,599,smoking,0.0,0.0,0.0,1
2034,0,599,bmi_risk,0.025950650043732287,0.027304217219352722,0.0013535671756204348,1
2034,0,599,nonadherence,0.057129396068826804,0.06450223922729492,0.0073728431584681176,1
2034,0,599,claim_rate,0.02420939792493637,0.026832491159439087,0.002623093234502716,1
2034,0,599,claim_severity,0.06663422844405972,0.04715782403945923,0.019476404404600495,1
2034,0,599,provider_complication,0.040335907266213944,0.0074596107006073,0.032876296565606644,1
2034,0,599,coverage_gap,0.052804989961308335,0.05366550385951996,0.0008605138982116234,1
2035,0,2,age,0.04305122771391537,0.04274682328104973,0.00030440443286564034,1
2035,0,2,poor_health,0.006215774706084587,0.006577484309673309,0.0003617096035887224,1
2035,0,2,smoking,0.0,0.0,0.0,1
2035,0,2,bmi_risk,0.01953360357427443,0.017797738313674927,0.0017358652605995034,1
2035,0,2,nonadherence,0.025135769499928406,0.019578807055950165,0.005556962443978242,1
2035,0,2,claim_rate,0.0,0.0,0.0,1
2035,0,2,claim_severity,0.003506246473306371,0.0027074143290519714,0.0007988321442543994,1
2035,0,2,provider_complication,0.017461937098110877,0.003869876265525818,0.01359206083258506,1
2035,0,2,coverage_gap,0.019268324740165765,0.022178620100021362,0.002910295359855597,1
2035,0,4,age,0.13926843824570603,0.14294549822807312,0.003677059982367087,1
2035,0,4,poor_health,0.12690266003186787,0.1286618560552597,0.0017591960233918347,1
2035,0,4,smoking,0.0,0.0,0.0,1
2035,0,4,bmi_risk,0.07862165712264832,0.08174639940261841,0.0031247422799700886,1
2035,0,4,nonadherence,0.05248134333247978,0.05273190140724182,0.0002505580747620417,1
2035,0,4,claim_rate,0.0,0.0,0.0,1
2035,0,4,claim_severity,0.09872563513295524,0.06943327188491821,0.029292363248037023,1
2035,0,4,provider_complication,0.04155722420818225,0.007065445184707642,0.03449177902347461,1
2035,0,4,coverage_gap,0.029904781536059355,0.030978918075561523,0.0010741365395021685,1
2035,0,8,age,0.03298371739942087,0.029293984174728394,0.0036897332246924736,1
2035,0,8,poor_health,0.028772519067217242,0.028397083282470703,0.00037543578474653894,1
2035,0,8,smoking,-2.7755575615628914e-17,0.0,2.7755575615628914e-17,1
2035,0,8,bmi_risk,0.01773298518817075,0.015929564833641052,0.0018034203545296973,1
2035,0,8,nonadherence,0.009448554903325912,0.006255999207496643,0.003192555695829269,1
2035,0,8,claim_rate,0.02182613628353794,0.01888103038072586,0.0029451059028120785,1
2035,0,8,claim_severity,0.00783818683331182,0.005333639681339264,0.0025045471519725554,1
2035,0,8,provider_complication,0.012098157947778118,0.0023721083998680115,0.009726049547910107,1
2035,0,8,coverage_gap,0.024405736442935325,0.026091299951076508,0.001685563508141183,1
2035,0,12,age,0.0051543773439031715,0.004993326961994171,0.00016105038190900034,1
2035,0,12,poor_health,0.008884344156546244,0.009452376514673233,0.0005680323581269894,1
2035,0,12,smoking,-6.938893903907228e-18,0.0,6.938893903907228e-18,1
2035,0,12,bmi_risk,0.004384942431097917,0.004095274955034256,0.0002896674760636611,1
2035,0,12,nonadherence,0.014790410661279639,0.010999143123626709,0.00379126753765293,1
2035,0,12,claim_rate,-6.938893903907228e-18,0.0,6.938893903907228e-18,1
2035,0,12,claim_severity,0.010733829989992616,0.007578860968351364,0.003154969021641252,1
2035,0,12,provider_complication,0.00454429629670805,0.0009561888873577118,0.0035881074093503385,1
2035,0,12,coverage_gap,0.006546396139242162,0.007485788315534592,0.0009393921762924293,1
2035,0,21,age,0.13499161508299834,0.14451763033866882,0.009526015255670484,1
2035,0,21,poor_health,0.11452286691777169,0.1441732943058014,0.0296504273880297,1
2035,0,21,smoking,0.174839149102014,0.20546600222587585,0.030626853123861847,1
2035,0,21,bmi_risk,0.07420486679855803,0.07943406701087952,0.005229200212321483,1
2035,0,21,nonadherence,0.06206265925608584,0.06043151021003723,0.0016311490460486078,1
2035,0,21,claim_rate,0.030388754378411265,0.03938332200050354,0.008994567622092275,1
2035,0,21,claim_severity,0.1357945241274246,0.09857982397079468,0.03721470015662992,1
2035,0,21,provider_complication,0.026765151026370226,0.004529505968093872,0.022235645058276354,1
2035,0,21,coverage_gap,0.026182179144828177,0.03166013956069946,0.005477960415871286,1
2035,0,22,age,1.3877787807814457e-17,0.0,1.3877787807814457e-17,1
2035,0,22,poor_health,0.01799658631704864,0.020648956298828125,0.0026523699817794857,1
2035,0,22,smoking,1.3877787807814457e-17,0.0,1.3877787807814457e-17,1
2035,0,22,bmi_risk,0.023536287018733178,0.0246041938662529,0.0010679068475197215,1
2035,0,22,nonadherence,0.0055159366190068865,0.004129856824874878,0.0013860797941320085,1
2035,0,22,claim_rate,0.008964016959024212,0.008578874170780182,0.0003851427882440306,1
2035,0,22,claim_severity,0.017483469163170964,0.012881718575954437,0.004601750587216527,1
2035,0,22,provider_complication,0.007931111496369311,0.0013038590550422668,0.0066272524413270445,1
2035,0,22,coverage_gap,0.026602215076894607,0.03214301913976669,0.005540804062872086,1
2035,0,24,age,0.013339573943492916,0.01133158802986145,0.002007985913631466,1
2035,0,24,poor_health,0.08778579324060704,0.08023335039615631,0.007552442844450724,1
2035,0,24,smoking,0.0,0.0,0.0,1
2035,0,24,bmi_risk,0.05974247441939835,0.05058597773313522,0.00915649668626313,1
2035,0,24,nonadherence,0.016249610263955272,0.01121610403060913,0.005033506233346141,1
2035,0,24,claim_rate,0.0,0.0,0.0,1
2035,0,24,claim_severity,0.07128936892134213,0.04580647498369217,0.025482893937649964,1
2035,0,24,provider_complication,0.025325478048841304,0.0033069103956222534,0.02201856765321905,1
2035,0,24,coverage_gap,0.022960697631390414,0.02262820303440094,0.00033249459698947437,1
2035,0,26,age,0.012184504924799333,0.009654909372329712,0.002529595552469621,1
2035,0,26,poor_health,0.11826031584049593,0.09500986337661743,0.023250452463878496,1
2035,0,26,smoking,0.0,0.0,0.0,1
2035,0,26,bmi_risk,0.09290160541579595,0.0718512088060379,0.02105039660975805,1
2035,0,26,nonadherence,0.051932895153222136,0.03280884027481079,0.019124054878411345,1
2035,0,26,claim_rate,0.0,0.0,0.0,1
2035,0,26,claim_severity,0.1016160038271223,0.06058704853057861,0.041028955296543684,1
2035,0,26,provider_complication,0.043274580609371505,0.007290855050086975,0.03598372555928453,1
2035,0,26,coverage_gap,0.06161294212787721,0.05362527072429657,0.007987671403580643,1
2035,0,27,age,0.13055413397644197,0.14365509897470474,0.01310096499826277,1
2035,0,27,poor_health,0.07877071315907941,0.09985969960689545,0.021088986447816038,1
2035,0,27,smoking,2.7755575615628914e-17,0.0,2.7755575615628914e-17,1
2035,0,27,bmi_risk,0.03223964943477098,0.04174426198005676,0.009504612545285784,1
2035,0,27,nonadherence,0.04114739696436803,0.048419028520584106,0.007271631556216074,1
2035,0,27,claim_rate,0.02080368488146145,0.025328844785690308,0.004525159904228859,1
2035,0,27,claim_severity,0.012022611681852147,0.008864372968673706,0.0031582387131784406,1
2035,0,27,provider_complication,0.014755860602927107,0.002204909920692444,0.012550950682234663,1
2035,0,27,coverage_gap,0.04442071239151385,0.05455505847930908,0.010134346087795232,1
2035,0,30,age,0.05766150615852511,0.0681450366973877,0.010483530538862584,1
2035,0,30,poor_health,0.16026486634618828,0.1930200159549713,0.032755149608783035,1
2035,0,30,smoking,0.16397704527773568,0.20136553049087524,0.03738848521313956,1
2035,0,30,bmi_risk,0.01284310375294584,0.013818293809890747,0.0009751900569449079,1
2035,0,30,nonadherence,0.037879597383294605,0.03451910614967346,0.0033604912336211434,1
2035,0,30,claim_rate,0.02910334865825992,0.03975984454154968,0.010656495883289763,1
2035,0,30,claim_severity,0.135268997489607,0.1073523759841919,0.0279166215054151,1
2035,0,30,provider_complication,0.05690721846729413,0.01068839430809021,0.04621882415920392,1
2035,0,30,coverage_gap,0.05644537176373754,0.06840953230857849,0.011964160544840952,1
2035,0,31,age,0.019468142956996698,0.023112211376428604,0.003644068419431906,1
2035,0,31,poor_health,0.004916768719430836,0.0059149786829948425,0.0009982099635640063,1
2035,0,31,smoking,0.0,0.0,0.0,1
2035,0,31,bmi_risk,0.005174653306853405,0.005610428750514984,0.00043577544366157905,1
2035,0,31,nonadherence,0.005968629254341051,0.005047254264354706,0.0009213749899863455,1
2035,0,31,claim_rate,0.013359224369726079,0.013207174837589264,0.0001520495321368151,1
2035,0,31,claim_severity,0.009917539184292078,0.00893644243478775,0.0009810967495043274,1
2035,0,31,provider_complication,0.003423104623621845,0.0008944198489189148,0.00252868477470293,1
2035,0,31,coverage_gap,0.012191415073867569,0.01630495861172676,0.004113543537859192,1
2035,0,38,age,0.05978102233455937,0.06072212755680084,0.0009411052222414729,1
2035,0,38,poor_health,0.03455173812640179,0.035930171608924866,0.0013784334825230754,1
2035,0,38,smoking,0.0,0.0,0.0,1
2035,0,38,bmi_risk,0.030537423724722595,0.029414571821689606,0.0011228519030329898,1
2035,0,38,nonadherence,0.010294580342166904,0.007791370153427124,0.0025032101887397795,1
2035,0,38,claim_rate,0.0,0.0,0.0,1
2035,0,38,claim_severity,0.033558934568582194,0.026157140731811523,0.00740179383677067,1
2035,0,38,provider_complication,0.017159369963243687,0.003802865743637085,0.013356504219606602,1
2035,0,38,coverage_gap,0.0062664376139210665,0.007027633488178253,0.0007611958742571867,1
2035,0,40,age,0.10332043569742838,0.10457175970077515,0.0012513240033467654,1
2035,0,40,poor_health,0.21031681191332638,0.23174312710762024,0.02142631519429386,1
2035,0,40,smoking,0.0,0.0,0.0,1
2035,0,40,bmi_risk,0.03659703374564327,0.03448617458343506,0.002110859162208212,1
2035,0,40,nonadherence,0.037108075006811625,0.03375041484832764,0.0033576601584839882,1
2035,0,40,claim_rate,0.08356416962782987,0.09778130054473877,0.014217130916908904,1
2035,0,40,claim_severity,0.15054851497283214,0.10384747385978699,0.046701041113045155,1
2035,0,40,provider_complication,0.05190712627328331,0.00973924994468689,0.04216787632859642,1
2035,0,40,coverage_gap,0.05701718869468697,0.057113200426101685,9.601173141471353e-05,1
2035,0,41,age,0.03402742162265396,0.027806967496871948,0.00622045412578201,1
2035,0,41,poor_health,0.07052718643482528,0.06542675197124481,0.005100434463580467,1
2035,0,41,smoking,0.13657533486693238,0.12662728130817413,0.009948053558758246,1
2035,0,41,bmi_risk,0.03349657975816525,0.02995307743549347,0.003543502322671782,1
2035,0,41,nonadherence,0.07617024433283104,0.05993500351905823,0.01623524081377281,1
2035,0,41,claim_rate,0.025310193310112417,0.023266837000846863,0.0020433563092655538,1
2035,0,41,claim_severity,0.0996087628721137,0.06683894991874695,0.032769812953366756,1
2035,0,41,provider_complication,0.03421441362301289,0.006160169839859009,0.02805424378315388,1
2035,0,41,coverage_gap,0.028093783792381116,0.030331701040267944,0.002237917247886828,1
2035,0,48,age,0.16286677690124707,0.16533786058425903,0.0024710836830119653,1
2035,0,48,poor_health,0.1414642060120404,0.14851713180541992,0.007052925793379516,1
2035,0,48,smoking,0.19287415116594375,0.19710803031921387,0.004233879153270115,1
2035,0,48,bmi_risk,0.07590882486741757,0.07319113612174988,0.00271768874566769,1
2035,0,48,nonadherence,0.046372957513840185,0.048458486795425415,0.00208552928158523,1
2035,0,48,claim_rate,0.03206540463142782,0.04278269410133362,0.0107172894699058,1
2035,0,48,claim_severity,0.14679515021291917,0.11656808853149414,0.030227061681425027,1
2035,0,48,provider_complication,0.05762365391340846,0.010485351085662842,0.047138302827745615,1
2035,0,48,coverage_gap,0.038662466568399,0.048327505588531494,0.009665039020132493,1
2035,0,53,age,0.016106390949788073,0.012665536254644394,0.003440854695143679,1
2035,0,53,poor_health,0.026723476191476574,0.023744195699691772,0.002979280491784801,1
2035,0,53,smoking,0.0,0.0,0.0,1
2035,0,53,bmi_risk,0.0006984276897326475,0.0005412474274635315,0.00015718026226911597,1
2035,0,53,nonadherence,0.023027560545214598,0.01463519036769867,0.008392370177515929,1
2035,0,53,claim_rate,0.0,0.0,0.0,1
2035,0,53,claim_severity,8.651444594066915e-05,4.581362009048462e-05,4.070082585018453e-05,1
2035,0,53,provider_complication,0.014874957661210858,0.002015121281147003,0.012859836380063855,1
2035,0,53,coverage_gap,0.007629371942937099,0.006821978837251663,0.0008073931056854361,1
2035,0,67,age,0.1194829068812441,0.11967359483242035,0.00019068795117624382,1
2035,0,67,poor_health,0.08968294904210344,0.09978172183036804,0.010098772788264598,1
2035,0,67,smoking,0.14845119026899833,0.15812239050865173,0.0096712002396534,1
2035,0,67,bmi_risk,0.1038729423893684,0.10607075691223145,0.002197814522863051,1
2035,0,67,nonadherence,0.037077445942607645,0.039614737033843994,0.002537291091236349,1
2035,0,67,claim_rate,5.551115123125783e-17,0.0,5.551115123125783e-17,1
2035,0,67,claim_severity,0.0703764876949654,0.05334785580635071,0.017028631888614698,1
2035,0,67,provider_complication,0.042684766021101384,0.008301496505737305,0.03438326951536408,1
2035,0,67,coverage_gap,0.03489750417817766,0.044953733682632446,0.010056229504454783,1
2035,0,69,age,0.25561245988165215,0.2013968825340271,0.054215577347625055,1
2035,0,69,poor_health,0.1941435458655425,0.17557325959205627,0.018570286273486225,1
2035,0,69,smoking,0.2089493478871003,0.18793565034866333,0.02101369753843696,1
2035,0,69,bmi_risk,0.05040021568123665,0.029113829135894775,0.021286386545341873,1
2035,0,69,nonadherence,0.02067119316004551,0.01658308506011963,0.00408810809992588,1
2035,0,69,claim_rate,0.0642371117270214,0.07209289073944092,0.007855779012419517,1
2035,0,69,claim_severity,0.18185281033951317,0.09603002667427063,0.08582278366524254,1
2035,0,69,provider_complication,0.04402301144257137,0.006529450416564941,0.03749356102600643,1
2035,0,69,coverage_gap,0.051100243805813905,0.04444468021392822,0.006655563591885683,1
2035,0,76,age,0.02142791577980359,0.01990269124507904,0.001525224534724548,1
2035,0,76,poor_health,0.032472757831947585,0.03527863323688507,0.0028058754049374857,1
2035,0,76,smoking,2.7755575615628914e-17,0.0,2.7755575615628914e-17,1
2035,0,76,bmi_risk,0.034992107243823664,0.0361291840672493,0.001137076823425634,1
2035,0,76,nonadherence,0.03110015796478363,0.02517934888601303,0.0059208090787706,1
2035,0,76,claim_rate,0.023861552099718852,0.02415994554758072,0.0002983934478618666,1
2035,0,76,claim_severity,0.01725997553624857,0.011548839509487152,0.005711136026761418,1
2035,0,76,provider_complication,0.014155086825537413,0.002621494233608246,0.011533592591929168,1
2035,0,76,coverage_gap,0.01514603813383815,0.017452985048294067,0.002306946914455918,1
2035,0,79,age,0.1058872990248804,0.10727804899215698,0.0013907499672765888,1
2035,0,79,poor_health,0.060719641683883496,0.07252717018127441,0.011807528497390918,1
2035,0,79,smoking,0.15977709566179477,0.18173304200172424,0.021955946339929477,1
2035,0,79,bmi_risk,0.10782086638678559,0.1151144802570343,0.007293613870248711,1
2035,0,79,nonadherence,0.02163775033784382,0.0244005024433136,0.002762752105469779,1
2035,0,79,claim_rate,0.05577523748735841,0.07290121912956238,0.01712598164220397,1
2035,0,79,claim_severity,0.10936471293560088,0.09351253509521484,0.015852177840386034,1
2035,0,79,provider_complication,0.051404001493469687,0.010480314493179321,0.040923687000290365,1
2035,0,79,coverage_gap,0.05490770806183998,0.07706916332244873,0.022161455260608753,1
2035,0,86,age,0.14431111996063944,0.1374557614326477,0.0068553585279917395,1
2035,0,86,poor_health,0.10168483700900552,0.09774042665958405,0.003944410349421473,1
2035,0,86,smoking,0.0,0.0,0.0,1
2035,0,86,bmi_risk,0.0937274013138612,0.08940474689006805,0.004322654423793149,1
2035,0,86,nonadherence,0.05373610188292802,0.0502048134803772,0.0035312884025508195,1
2035,0,86,claim_rate,0.0,0.0,0.0,1
2035,0,86,claim_severity,0.0790378714089641,0.04650665819644928,0.032531213212514815,1
2035,0,86,provider_complication,0.026326178183950083,0.004486054182052612,0.02184012400189747,1
2035,0,86,coverage_gap,0.017723626641236556,0.01606503129005432,0.0016585953511822349,1
2035,0,87,age,0.014257362099850408,0.013741780072450638,0.0005155820273997705,1
2035,0,87,poor_health,0.006645861531173469,0.007211565971374512,0.0005657044402010425,1
2035,0,87,smoking,-6.938893903907228e-18,0.0,6.938893903907228e-18,1
2035,0,87,bmi_risk,0.009733382311245563,0.00964139774441719,9.198456682837225e-05,1
2035,0,87,nonadherence,0.006178789602186888,0.004461303353309631,0.0017174862488772563,1
2035,0,87,claim_rate,0.006286508290690718,0.005638614296913147,0.0006478939937775707,1
2035,0,87,claim_severity,-6.938893903907228e-18,0.0,6.938893903907228e-18,1
2035,0,87,provider_complication,0.0047520326966005305,0.0007445663213729858,0.004007466375227545,1
2035,0,87,coverage_gap,0.006149447954748387,0.007014218717813492,0.000864770763065105,1
2035,0,88,age,0.0739315361856884,0.07941678166389465,0.005485245478206252,1
2035,0,88,poor_health,0.027591697186917036,0.03424571454524994,0.006654017358332903,1
2035,0,88,smoking,2.7755575615628914e-17,0.0,2.7755575615628914e-17,1
2035,0,88,bmi_risk,0.04194753598044951,0.05072601139545441,0.0087784754150049,1
2035,0,88,nonadherence,0.051993831896454124,0.04791346192359924,0.00408036997285488,1
2035,0,88,claim_rate,0.03505125064658052,0.0409577339887619,0.0059064833421813845,1
2035,0,88,claim_severity,0.05781108736998013,0.047681838274002075,0.010129249095978052,1
2035,0,88,provider_complication,0.028621331621924262,0.006461411714553833,0.02215991990737043,1
2035,0,88,coverage_gap,0.044965516099397584,0.05976204574108124,0.014796529641683653,1
2035,0,108,age,0.06012043145982199,0.07338332384824753,0.01326289238842554,1
2035,0,108,poor_health,0.06421639416676926,0.08677622675895691,0.022559832592187648,1
2035,0,108,smoking,0.0,0.0,0.0,1
2035,0,108,bmi_risk,0.023980862144925744,0.03163444995880127,0.007653587813875526,1
2035,0,108,nonadherence,0.02953963894582115,0.03179748356342316,0.002257844617602006,1
2035,0,108,claim_rate,0.014470420016674937,0.018071874976158142,0.003601454959483205,1
2035,0,108,claim_severity,0.011628409516715565,0.008739709854125977,0.002888699662589589,1
2035,0,108,provider_complication,0.004465655646649552,0.0007423311471939087,0.0037233244994556436,1
2035,0,108,coverage_gap,0.029802204833798016,0.03753209114074707,0.007729886306949055,1
2035,0,121,age,0.11914421311446205,0.1122540533542633,0.006890159760198744,1
2035,0,121,poor_health,0.16007402064374873,0.15479914844036102,0.005274872203387709,1
2035,0,121,smoking,0.0,0.0,0.0,1
2035,0,121,bmi_risk,0.03349203182954297,0.03337740898132324,0.00011462284821972535,1
2035,0,121,nonadherence,0.016522764698856662,0.0144728422164917,0.002049922482364963,1
2035,0,121,claim_rate,0.051726477332817294,0.05056178569793701,0.0011646916348802827,1
2035,0,121,claim_severity,0.1438878537666846,0.10120658576488495,0.04268126800179964,1
2035,0,121,provider_complication,0.036023617959535625,0.006001204252243042,0.030022413707292583,1
2035,0,121,coverage_gap,0.021194988309344465,0.025488048791885376,0.004293060482540911,1
2035,0,128,age,0.02671548056325209,0.023696325719356537,0.0030191548438955537,1
2035,0,128,poor_health,0.00939149106198875,0.0092148557305336,0.00017663533145514942,1
2035,0,128,smoking,0.0,0.0,0.0,1
2035,0,128,bmi_risk,0.01858789217404181,0.01663343608379364,0.0019544560902481703,1
2035,0,128,nonadherence,0.010345731153092924,0.006873175501823425,0.003472555651269499,1
2035,0,128,claim_rate,0.0,0.0,0.0,1
2035,0,128,claim_severity,0.0,0.0,0.0,1
2035,0,128,provider_complication,0.006624375939267124,0.0009524524211883545,0.00567192351807877,1
2035,0,128,coverage_gap,0.02487845061639494,0.025738589465618134,0.0008601388492231951,1
2035,0,134,age,0.16084005500707754,0.15860465168952942,0.0022354033175481236,1
2035,0,134,poor_health,0.11207027956856186,0.11421921849250793,0.0021489389239460754,1
2035,0,134,smoking,0.16330311993859034,0.16021806001663208,0.003085059921958261,1
2035,0,134,bmi_risk,0.10560099924468636,0.09125536680221558,0.01434563244247078,1
2035,0,134,nonadherence,0.009404834982586818,0.009902149438858032,0.000497314456271214,1
2035,0,134,claim_rate,0.0,0.0,0.0,1
2035,0,134,claim_severity,0.09603432085583785,0.07432886958122253,0.021705451274615317,1
2035,0,134,provider_complication,0.020586917849354847,0.0039497315883636475,0.0166371862609912,1
2035,0,134,coverage_gap,0.0432026533545794,0.05011752247810364,0.0069148691235242365,1
2035,0,137,age,0.1276277264568198,0.0932774618268013,0.0343502646300185,1
2035,0,137,poor_health,0.07284298723391563,0.05943453311920166,0.013408454114713975,1
2035,0,137,smoking,-2.7755575615628914e-17,0.0,2.7755575615628914e-17,1
2035,0,137,bmi_risk,0.008277652319622408,0.006548851728439331,0.0017288005911830773,1
2035,0,137,nonadherence,0.04051292000793191,0.02430044114589691,0.016212478862035,1
2035,0,137,claim_rate,-2.7755575615628914e-17,0.0,2.7755575615628914e-17,1
2035,0,137,claim_severity,0.04296820303284321,0.024304181337356567,0.018664021695486643,1
2035,0,137,provider_complication,0.04626974808349979,0.0061085522174835205,0.04016119586601627,1
2035,0,137,coverage_gap,0.026219502083763474,0.023567065596580505,0.0026524364871829686,1
2035,0,146,age,0.044217284902138415,0.03726211190223694,0.006955172999901477,1
2035,0,146,poor_health,0.03070866028143901,0.02730599045753479,0.0034026698239042197,1
2035,0,146,smoking,0.0,0.0,0.0,1
2035,0,146,bmi_risk,0.027099137550124566,0.021898441016674042,0.0052006965334505245,1
2035,0,146,nonadherence,0.015795198182302683,0.009918473660945892,0.005876724521356791,1
2035,0,146,claim_rate,0.013598053423707693,0.010086283087730408,0.003511770335977285,1
2035,0,146,claim_severity,0.02586168115588948,0.01649414747953415,0.00936753367635533,1
2035,0,146,provider_complication,0.02589193062294673,0.005347251892089844,0.020544678730856886,1
2035,0,146,coverage_gap,0.02106120007027293,0.021649882197380066,0.0005886821271071374,1
2035,0,163,age,0.1293028278328936,0.12978267669677734,0.00047984886388374726,1
2035,0,163,poor_health,0.14690299886049735,0.16050459444522858,0.01360159558473123,1
2035,0,163,smoking,0.0,0.0,0.0,1
2035,0,163,bmi_risk,0.03811283355129713,0.0385093092918396,0.0003964757405424679,1
2035,0,163,nonadherence,0.08805910094486488,0.07436060905456543,0.013698491890299452,1
2035,0,163,claim_rate,0.10358146950921243,0.11307153105735779,0.009490061548145357,1
2035,0,163,claim_severity,0.1010402587251229,0.07035008072853088,0.030690177996592016,1
2035,0,163,provider_complication,0.044356052436095916,0.008353710174560547,0.03600234226153537,1
2035,0,163,coverage_gap,0.031137108274298886,0.03463655710220337,0.0034994488279044833,1
2035,0,169,age,0.0937481499224966,0.06040603667497635,0.03334211324752025,1
2035,0,169,poor_health,0.07713308841602529,0.0555010586977005,0.021632029718324786,1
2035,0,169,smoking,0.0,0.0,0.0,1
2035,0,169,bmi_risk,0.030312037044521373,0.021135427057743073,0.0091766099867783,1
2035,0,169,nonadherence,0.010192532283161387,0.005556061863899231,0.004636470419262156,1
2035,0,169,claim_rate,0.019482839773881877,0.01247292011976242,0.007009919654119456,1
2035,0,169,claim_severity,0.03652303980606625,0.016153566539287567,0.02036947326677868,1
2035,0,169,provider_complication,0.013827607452886304,0.0013728737831115723,0.012454733669774731,1
2035,0,169,coverage_gap,0.013144372338218135,0.009934276342391968,0.0032100959958261677,1
2035,0,173,age,0.06080521337597347,0.05753430724143982,0.003270906134533652,1
2035,0,173,poor_health,0.1099481126858074,0.11208005994558334,0.002131947259775946,1
2035,0,173,smoking,0.0,0.0,0.0,1
2035,0,173,bmi_risk,0.028442777910824474,0.028215259313583374,0.0002275185972410998,1
2035,0,173,nonadherence,0.028262745670722123,0.02309584617614746,0.005166899494574662,1
2035,0,173,claim_rate,0.020122990272053914,0.019774407148361206,0.0003485831236927084,1
2035,0,173,claim_severity,0.07196798355002879,0.044539108872413635,0.02742887467761515,1
2035,0,173,provider_complication,0.011065475657926593,0.0016739368438720703,0.009391538814054523,1
2035,0,173,coverage_gap,0.028291037868466068,0.027364403009414673,0.0009266348590513951,1
2035,0,176,age,0.003997837444018208,0.004937417805194855,0.0009395803611766465,1
2035,0,176,poor_health,0.0027114694925547307,0.0035993829369544983,0.0008879134443997676,1
2035,0,176,smoking,-6.938893903907228e-18,0.0,6.938893903907228e-18,1
2035,0,176,bmi_risk,0.004093001639735194,0.004978068172931671,0.0008850665331964769,1
2035,0,176,nonadherence,0.0013233797741049776,0.001202274113893509,0.00012110566021146865,1
2035,0,176,claim_rate,-6.938893903907228e-18,0.0,6.938893903907228e-18,1
2035,0,176,claim_severity,-6.938893903907228e-18,0.0,6.938893903907228e-18,1
2035,0,176,provider_complication,0.0025159667175538893,0.00047386810183525085,0.0020420986157186384,1
2035,0,176,coverage_gap,0.0032674792893172162,0.004718352109193802,0.0014508728198765856,1
2035,0,179,age,0.023667970180916098,0.019156649708747864,0.004511320472168234,1
2035,0,179,poor_health,0.10739319599148646,0.09223388880491257,0.015159307186573892,1
2035,0,179,smoking,0.0,0.0,0.0,1
2035,0,179,bmi_risk,0.09364650759920554,0.0735584944486618,0.020088013150543732,1
2035,0,179,nonadherence,0.02356214492087963,0.01528860628604889,0.00827353863483074,1
2035,0,179,claim_rate,0.0,0.0,0.0,1
2035,0,179,claim_severity,0.07066594137752041,0.042848944664001465,0.02781699671351895,1
2035,0,179,provider_complication,0.039089126447166,0.006927654147148132,0.03216147230001787,1
2035,0,179,coverage_gap,0.06103733734550551,0.05690328776836395,0.0041340495771415575,1
2035,0,181,age,0.0035576485293041527,0.003043830394744873,0.0005138181345592796,1
2035,0,181,poor_health,0.005521108257512189,0.005593448877334595,7.23406198224058e-05,1
2035,0,181,smoking,0.06547372109293446,0.06982585042715073,0.004352129334216262,1
2035,0,181,bmi_risk,0.025028500274969098,0.025082670152187347,5.4169877218249174e-05,1
2035,0,181,nonadherence,0.028075453258667865,0.022078990936279297,0.005996462322388568,1
2035,0,181,claim_rate,0.0,0.0,0.0,1
2035,0,181,claim_severity,0.03185407826493268,0.02107660472393036,0.010777473541002322,1
2035,0,181,provider_complication,0.017782172427445453,0.00343458354473114,0.014347588882714313,1
2035,0,181,coverage_gap,0.015188142133890775,0.01634202152490616,0.0011538793910153833,1
2035,0,183,age,0.028709228887298502,0.021453306078910828,0.007255922808387674,1
2035,0,183,poor_health,0.01756875061312159,0.01353001594543457,0.004038734667687019,1
2035,0,183,smoking,0.0,0.0,0.0,1
2035,0,183,bmi_risk,0.008827122659019013,0.006280556321144104,0.0025465663378749087,1
2035,0,183,nonadherence,0.03386019089538653,0.019076209515333176,0.014783981380053351,1
2035,0,183,claim_rate,0.0,0.0,0.0,1
2035,0,183,claim_severity,0.004513054512470194,0.0024516358971595764,0.0020614186153106173,1
2035,0,183,provider_complication,0.03155073982587711,0.004367165267467499,0.027183574558409612,1
2035,0,183,coverage_gap,0.016535189984740115,0.013808362185955048,0.002726827798785067,1
2035,0,184,age,0.08512195346252054,0.07919886708259583,0.005923086379924711,1
2035,0,184,poor_health,0.08989053534466894,0.08714783936738968,0.002742695977279261,1
2035,0,184,smoking,2.7755575615628914e-17,0.0,2.7755575615628914e-17,1
2035,0,184,bmi_risk,0.04079596306109626,0.03888361155986786,0.0019123515012283987,1
2035,0,184,nonadherence,0.02237095946199158,0.018061846494674683,0.004309112967316897,1
2035,0,184,claim_rate,0.01957426760459688,0.01805727183818817,0.0015169957664087075,1
2035,0,184,claim_severity,0.03374625090935185,0.023366525769233704,0.010379725140118146,1
2035,0,184,provider_complication,0.03519725867216583,0.006717905402183533,0.0284793532699823,1
2035,0,184,coverage_gap,0.03010508487356467,0.02996578812599182,0.00013929674757284793,1
2035,0,189,age,0.07211629070599364,0.07632077485322952,0.004204484147235885,1
2035,0,189,poor_health,0.032506163789561726,0.03671342134475708,0.004207257555195354,1
2035,0,189,smoking,0.0,0.0,0.0,1
2035,0,189,bmi_risk,0.0322698887930007,0.03418150544166565,0.001911616648664946,1
2035,0,189,nonadherence,0.019614612457357877,0.016407296061515808,0.003207316395842069,1
2035,0,189,claim_rate,0.0,0.0,0.0,1
2035,0,189,claim_severity,0.019374750806619212,0.014606356620788574,0.004768394185830638,1
2035,0,189,provider_complication,0.0023723969032089093,0.00036434829235076904,0.0020080486108581402,1
2035,0,189,coverage_gap,0.021585430132468067,0.024755321443080902,0.003169891310612835,1
2035,0,194,age,0.11517718949243194,0.10624758899211884,0.008929600500313106,1
2035,0,194,poor_health,0.0910958566906824,0.08619561791419983,0.004900238776482574,1
2035,0,194,smoking,-2.7755575615628914e-17,0.0,2.7755575615628914e-17,1
2035,0,194,bmi_risk,0.087473017145477,0.07912388443946838,0.008349132706008622,1
2035,0,194,nonadherence,0.02102147296908513,0.01903393864631653,0.0019875343227686026,1
2035,0,194,claim_rate,-2.7755575615628914e-17,0.0,2.7755575615628914e-17,1
2035,0,194,claim_severity,0.08776439472565267,0.059104785323143005,0.028659609402509667,1
2035,0,194,provider_complication,0.020611328090788916,0.0034972578287124634,0.017114070262076453,1
2035,0,194,coverage_gap,0.024712735663009605,0.026529714465141296,0.0018169788021316913,1
2035,0,203,age,0.008867275506856356,0.008231133222579956,0.0006361422842764003,1
2035,0,203,poor_health,0.03278125079008535,0.03540187329053879,0.0026206225004534386,1
2035,0,203,smoking,1.3877787807814457e-17,0.0,1.3877787807814457e-17,1
2035,0,203,bmi_risk,0.011875842792937893,0.011310972273349762,0.0005648705195881315,1
2035,0,203,nonadherence,0.026024013535739382,0.019146688282489777,0.006877325253249605,1
2035,0,203,claim_rate,0.010025103074975672,0.009075172245502472,0.0009499308294732001,1
2035,0,203,claim_severity,0.027900997353439247,0.02006044238805771,0.007840554965381538,1
2035,0,203,provider_complication,0.0045375624841573065,0.0007905364036560059,0.0037470260805013006,1
2035,0,203,coverage_gap,0.012322147231905611,0.014416083693504333,0.002093936461598722,1
2035,0,213,age,0.008828191891215635,0.008416369557380676,0.00041182233383495886,1
2035,0,213,poor_health,0.003948403094165075,0.00425449013710022,0.00030608704293514505,1
2035,0,213,smoking,0.0,0.0,0.0,1
2035,0,213,bmi_risk,0.0007917074474806177,0.0007416866719722748,5.0020775508342885e-05,1
2035,0,213,nonadherence,0.009787796058235959,0.007452674210071564,0.0023351218481643954,1
2035,0,213,claim_rate,0.0,0.0,0.0,1
2035,0,213,claim_severity,0.003076852103185819,0.002011377364397049,0.00106547473878877,1
2035,0,213,provider_complication,0.003527762056745355,0.0005282871425151825,0.0029994749142301727,1
2035,0,213,coverage_gap,0.0028798643439130883,0.0033143386244773865,0.00043447428056429815,1
2035,0,224,age,0.17486366569235595,0.1845361739397049,0.009672508247348943,1
2035,0,224,poor_health,0.19137099543435873,0.21478566527366638,0.02341466983930765,1
2035,0,224,smoking,0.0,0.0,0.0,1
2035,0,224,bmi_risk,0.04992047813686029,0.039555251598358154,0.010365226538502137,1
2035,0,224,nonadherence,0.043636484969883205,0.042004525661468506,0.0016319593084146988,1
2035,0,224,claim_rate,0.05710364264846918,0.0636340081691742,0.006530365520705017,1
2035,0,224,claim_severity,0.10496346567778941,0.0732010006904602,0.03176246498732921,1
2035,0,224,provider_complication,0.03306737371603391,0.005756080150604248,0.027311293565429662,1
2035,0,224,coverage_gap,0.05836260179812508,0.0677030086517334,0.009340406853608318,1
2035,0,231,age,0.11578186365902471,0.12929300963878632,0.013511145979761607,1
2035,0,231,poor_health,0.08121516959346015,0.09466153383255005,0.013446364239089903,1
2035,0,231,smoking,-2.7755575615628914e-17,0.0,2.7755575615628914e-17,1
2035,0,231,bmi_risk,0.009702014915736912,0.011909008026123047,0.002206993110386135,1
2035,0,231,nonadherence,0.04353296654543523,0.04073946177959442,0.0027935047658408096,1
2035,0,231,claim_rate,0.020347870661048484,0.022146135568618774,0.0017982649075702906,1
2035,0,231,claim_severity,0.04932063071448742,0.041668832302093506,0.007651798412393912,1
2035,0,231,provider_complication,0.011187290780255266,0.0022891759872436523,0.008898114793011613,1
2035,0,231,coverage_gap,0.04769091290375402,0.0644424557685852,0.016751542864831187,1
2035,0,237,age,0.07797142160812995,0.06604377925395966,0.011927642354170293,1
2035,0,237,poor_health,0.06831249660580213,0.0642027035355568,0.004109793070245338,1
2035,0,237,smoking,2.7755575615628914e-17,0.0,2.7755575615628914e-17,1
2035,0,237,bmi_risk,0.02871833904089971,0.025515973567962646,0.003202365472937063,1
2035,0,237,nonadherence,0.047659447947556194,0.03454001247882843,0.013119435468727764,1
2035,0,237,claim_rate,2.7755575615628914e-17,0.0,2.7755575615628914e-17,1
2035,0,237,claim_severity,0.03855916435534698,0.021236315369606018,0.017322848985740963,1
2035,0,237,provider_complication,0.024974938354523746,0.00329764187335968,0.021677296481164066,1
2035,0,237,coverage_gap,0.034234196611772294,0.03187429904937744,0.0023598975623948526,1
2035,0,239,age,0.034243613233528175,0.04248744994401932,0.008243836710491143,1
2035,0,239,poor_health,0.012188429251392685,0.015703581273555756,0.0035151520221630705,1
2035,0,239,smoking,1.3877787807814457e-17,0.0,1.3877787807814457e-17,1
2035,0,239,bmi_risk,0.019788648567964445,0.023637719452381134,0.0038490708844166888,1
2035,0,239,nonadherence,0.006407921753261908,0.006069459021091461,0.000338462732170447,1
2035,0,239,claim_rate,1.3877787807814457e-17,0.0,1.3877787807814457e-17,1
2035,0,239,claim_severity,0.006607378377800122,0.005880169570446014,0.0007272088073541072,1
2035,0,239,provider_complication,0.0014395673278172205,0.00034793466329574585,0.0010916326645214747,1
2035,0,239,coverage_gap,0.016824606938749632,0.023060403764247894,0.006235796825498262,1
2035,0,240,age,0.08368843635694699,0.0837804451584816,9.200880153460711e-05,1
2035,0,240,poor_health,0.05692459607691218,0.061541832983493805,0.004617236906581626,1
2035,0,240,smoking,0.0,0.0,0.0,1
2035,0,240,bmi_risk,0.043690672388043084,0.047129496932029724,0.0034388245439866405,1
2035,0,240,nonadherence,0.0516208204108998,0.04625539481639862,0.0053654255945011775,1
2035,0,240,claim_rate,0.03550537042236679,0.03507290780544281,0.0004324626169239787,1
2035,0,240,claim_severity,0.03339234038514452,0.027097418904304504,0.006294921480840016,1
2035,0,240,provider_complication,0.03240094471440905,0.006624117493629456,0.02577682722077959,1
2035,0,240,coverage_gap,0.021179103096515328,0.02582015097141266,0.0046410478748973305,1
2035,0,241,age,0.012943298639777195,0.013913802802562714,0.0009705041627855182,1
2035,0,241,poor_health,0.02711240965063627,0.03338487446308136,0.006272464812445089,1
2035,0,241,smoking,0.0,0.0,0.0,1
2035,0,241,bmi_risk,0.0219234215905246,0.02486686408519745,0.002943442494672849,1
2035,0,241,nonadherence,0.008455574267301147,0.007260434329509735,0.0011951399377914118,1
2035,0,241,claim_rate,0.008689473214810034,0.00911673903465271,0.000427265819842676,1
2035,0,241,claim_severity,0.012982985012087958,0.009741738438606262,0.003241246573481696,1
2035,0,241,provider_complication,0.003204257343010594,0.0005552098155021667,0.0026490475275084274,1
2035,0,241,coverage_gap,0.010813786374783488,0.014521211385726929,0.003707425010943441,1
2035,0,244,age,0.025412086914582743,0.025353334844112396,5.875207047034703e-05,1
2035,0,244,poor_health,0.010970042891521037,0.012045901268720627,0.00107585837719959,1
2035,0,244,smoking,-1.3877787807814457e-17,0.0,1.3877787807814457e-17,1
2035,0,244,bmi_risk,0.008692766546601102,0.008295334875583649,0.0003974316710174536,1
2035,0,244,nonadherence,0.014617943581668597,0.011446315795183182,0.0031716277864854148,1
2035,0,244,claim_rate,-1.3877787807814457e-17,0.0,1.3877787807814457e-17,1
2035,0,244,claim_severity,0.0063809350434636605,0.004290439188480377,0.0020904958549832833,1
2035,0,244,provider_complication,0.00812400070607451,0.001249469816684723,0.006874530889389788,1
2035,0,244,coverage_gap,0.0020933634201389037,0.002398960292339325,0.00030559687220042125,1
2035,0,248,age,0.0847037026123009,0.0745755136013031,0.010128189010997796,1
2035,0,248,poor_health,0.08635052219346687,0.0813027024269104,0.005047819766556466,1
2035,0,248,smoking,0.0,0.0,0.0,1
2035,0,248,bmi_risk,0.052489374643308606,0.05318155884742737,0.000692184204118762,1
2035,0,248,nonadherence,0.05352638374858171,0.041449785232543945,0.012076598516037762,1
2035,0,248,claim_rate,0.06874231021375105,0.06175415217876434,0.006988158034986702,1
2035,0,248,claim_severity,0.06792777042777562,0.04676853120326996,0.02115923922450566,1
2035,0,248,provider_complication,0.0444062877105873,0.007760524749755859,0.03664576296083144,1
2035,0,248,coverage_gap,0.05977220510318729,0.05992618203163147,0.00015397692844418276,1
2035,0,252,age,0.04500182604633193,0.040932148694992065,0.004069677351339868,1
2035,0,252,poor_health,0.024164516554732854,0.022579878568649292,0.0015846379860835619,1
2035,0,252,smoking,-1.3877787807814457e-17,0.0,1.3877787807814457e-17,1
2035,0,252,bmi_risk,0.003108469571608166,0.0027100667357444763,0.00039840283586368985,1
2035,0,252,nonadherence,0.013093645465996354,0.008349746465682983,0.00474389900031337,1
2035,0,252,claim_rate,-1.3877787807814457e-17,0.0,1.3877787807814457e-17,1
2035,0,252,claim_severity,0.02040121019190197,0.014257915318012238,0.006143294873889732,1
2035,0,252,provider_complication,0.028888572591480755,0.006129205226898193,0.02275936736458256,1
2035,0,252,coverage_gap,0.030519710085277568,0.030263826251029968,0.00025588383424759997,1
2035,0,256,age,0.08840865119993854,0.0837847888469696,0.004623862352968938,1
2035,0,256,poor_health,0.09286508494313409,0.09699097275733948,0.004125887814205392,1
2035,0,256,smoking,0.0,0.0,0.0,1
2035,0,256,bmi_risk,0.10266682442315042,0.10871449112892151,0.0060476667057710876,1
2035,0,256,nonadherence,0.06671486571409252,0.06401228904724121,0.0027025766668513085,1
2035,0,256,claim_rate,0.0998954871094879,0.10640178620815277,0.006506299098664875,1
2035,0,256,claim_severity,0.06794534017688766,0.048793673515319824,0.01915166666156784,1
2035,0,256,provider_complication,0.036937933074041474,0.004557013511657715,0.03238091956238376,1
2035,0,256,coverage_gap,0.056700722162747685,0.06790851056575775,0.011207788403010066,1
2035,0,264,age,0.20446082187533066,0.15257883071899414,0.051881991156336515,1
2035,0,264,poor_health,0.2651969494484355,0.22300638258457184,0.04219056686386369,1
2035,0,264,smoking,1.1102230246251565e-16,0.0,1.1102230246251565e-16,1
2035,0,264,bmi_risk,0.1648176057647197,0.12191906571388245,0.042898540050837264,1
2035,0,264,nonadherence,0.12178630847727501,0.09436863660812378,0.027417671869151228,1
2035,0,264,claim_rate,1.1102230246251565e-16,0.0,1.1102230246251565e-16,1
2035,0,264,claim_severity,0.17899230435574448,0.09244304895401001,0.08654925540173447,1
2035,0,264,provider_complication,0.028398910918352005,0.004914820194244385,0.02348409072410762,1
2035,0,264,coverage_gap,0.027433649245021063,0.02508866786956787,0.0023449813754531923,1
2035,0,265,age,0.03099582192332341,0.02808598428964615,0.002909837633677262,1
2035,0,265,poor_health,0.049854488585484746,0.049567706882953644,0.0002867817025311026,1
2035,0,265,smoking,0.0,0.0,0.0,1
2035,0,265,bmi_risk,0.015369249224499365,0.014216810464859009,0.0011524387596403562,1
2035,0,265,nonadherence,0.028081310999972617,0.018794499337673187,0.00928681166229943,1
2035,0,265,claim_rate,0.026892411394119672,0.023137278854846954,0.003755132539272718,1
2035,0,265,claim_severity,0.038869821851116565,0.026992812752723694,0.011877009098392871,1
2035,0,265,provider_complication,0.005182672272736638,0.001012161374092102,0.004170510898644536,1
2035,0,265,coverage_gap,0.024418358368332366,0.02601676434278488,0.0015984059744525159,1
2035,0,273,age,0.018082513951762996,0.020189661532640457,0.002107147580877461,1
2035,0,273,poor_health,0.010673016556967348,0.01305406540632248,0.0023810488493551316,1
2035,0,273,smoking,1.3877787807814457e-17,0.0,1.3877787807814457e-17,1
2035,0,273,bmi_risk,0.0077323737436588436,0.008523501455783844,0.0007911277121250004,1
2035,0,273,nonadherence,0.0062271753892291296,0.005097880959510803,0.0011292944297183263,1
2035,0,273,claim_rate,1.3877787807814457e-17,0.0,1.3877787807814457e-17,1
2035,0,273,claim_severity,0.004357260696663229,0.0035400986671447754,0.0008171620295184534,1
2035,0,273,provider_complication,0.0024207536998603063,0.0005673244595527649,0.0018534292403075414,1
2035,0,273,coverage_gap,0.016057421025387743,0.02072465419769287,0.004667233172305128,1
2035,0,277,age,0.021907516539786967,0.019720785319805145,0.0021867312199818217,1
2035,0,277,poor_health,0.0391925171362707,0.03895879536867142,0.00023372176759928198,1
2035,0,277,smoking,1.3877787807814457e-17,0.0,1.3877787807814457e-17,1
2035,0,277,bmi_risk,0.008240674508490628,0.007425084710121155,0.0008155897983694732,1
2035,0,277,nonadherence,0.02835337776488539,0.01934746652841568,0.00900591123646971,1
2035,0,277,claim_rate,0.012091506807141175,0.009858280420303345,0.0022332263868378305,1
2035,0,277,claim_severity,0.027498964295384676,0.018455401062965393,0.009043563232419283,1
2035,0,277,provider_complication,0.021007082781461975,0.0037983134388923645,0.01720876934256961,1
2035,0,277,coverage_gap,0.024708616762114596,0.02599487453699112,0.001286257774876523,1
2035,0,281,age,0.037374993724611505,0.03517276048660278,0.0022022332380087217,1
2035,0,281,poor_health,0.17710271679217032,0.17904329299926758,0.0019405762070972554,1
2035,0,281,smoking,0.1957248131500985,0.20403850078582764,0.00831368763572915,1
2035,0,281,bmi_risk,0.10391506539601492,0.08244335651397705,0.021471708882037865,1
2035,0,281,nonadherence,0.09520014733001786,0.07215261459350586,0.023047532736512,1
2035,0,281,claim_rate,0.1250516945034491,0.13996168971061707,0.014909995207167959,1
2035,0,281,claim_severity,0.19719049457076582,0.14421358704566956,0.05297690752509626,1
2035,0,281,provider_complication,0.022772009041622576,0.003996014595031738,0.018775994446590838,1
2035,0,281,coverage_gap,0.059630812333010985,0.06588506698608398,0.006254254653072999,1
2035,0,284,age,0.12420543100757253,0.0934906005859375,0.03071483042163503,1
2035,0,284,poor_health,0.2500945612503948,0.20613941550254822,0.04395514574784659,1
2035,0,284,smoking,0.20909037503918082,0.19135048985481262,0.017739885184368198,1
2035,0,284,bmi_risk,0.0834103804966515,0.04923748970031738,0.03417289079633412,1
2035,0,284,nonadherence,0.02613297951959903,0.019240200519561768,0.0068927790000372635,1
2035,0,284,claim_rate,0.0627664264311687,0.06703269481658936,0.004266268385420657,1
2035,0,284,claim_severity,0.22924576070309155,0.12560123205184937,0.10364452865124218,1
2035,0,284,provider_complication,0.05932050718920112,0.008304238319396973,0.05101626886980415,1
2035,0,284,coverage_gap,0.12872958196054013,0.11335349082946777,0.015376091131072356,1
2035,0,285,age,0.08783380432533816,0.07560724020004272,0.012226564125295436,1
2035,0,285,poor_health,0.08766049473663061,0.08164739608764648,0.006013098648984125,1
2035,0,285,smoking,0.0,0.0,0.0,1
2035,0,285,bmi_risk,0.02975673584175445,0.025743037462234497,0.004013698379519953,1
2035,0,285,nonadherence,0.034520009126602996,0.02411504089832306,0.010404968228279937,1
2035,0,285,claim_rate,0.0,0.0,0.0,1
2035,0,285,claim_severity,0.057384234018971414,0.04047979414463043,0.016904439874340982,1
2035,0,285,provider_complication,0.031222290246688017,0.005997881293296814,0.025224408953391203,1
2035,0,285,coverage_gap,0.0376967205041448,0.03990603983402252,0.0022093193298777236,1
2035,0,298,age,0.055118662337635016,0.05832326412200928,0.0032046017843742614,1
2035,0,298,poor_health,0.1416809231132435,0.1592000424861908,0.017519119372947284,1
2035,0,298,smoking,0.1732769757077075,0.2045404613018036,0.031263485594096085,1
2035,0,298,bmi_risk,0.07361437506563684,0.07495945692062378,0.0013450818549869403,1
2035,0,298,nonadherence,0.10150908576089163,0.0944344699382782,0.007074615822613428,1
2035,0,298,claim_rate,0.059293428509763824,0.08013364672660828,0.020840218216844453,1
2035,0,298,claim_severity,0.1403352017364482,0.10555723309516907,0.03477796864127913,1
2035,0,298,provider_complication,0.047965842919904966,0.009815096855163574,0.03815074606474139,1
2035,0,298,coverage_gap,0.029528007987592475,0.03528997302055359,0.005761965032961114,1
2035,0,304,age,0.035152046180899746,0.036986351013183594,0.0018343048322838479,1
2035,0,304,poor_health,0.08058538060155716,0.08383285999298096,0.0032474793914237937,1
2035,0,304,smoking,0.0,0.0,0.0,1
2035,0,304,bmi_risk,0.04359891964457138,0.042053744196891785,0.0015451754476795976,1
2035,0,304,nonadherence,0.02535403226203073,0.018216684460639954,0.007137347801390775,1
2035,0,304,claim_rate,0.0,0.0,0.0,1
2035,0,304,claim_severity,0.04918851265837201,0.03787517547607422,0.011313337182297795,1
2035,0,304,provider_complication,0.014743437553878275,0.0030891001224517822,0.011654337431426492,1
2035,0,304,coverage_gap,0.019078503248059375,0.02246735990047455,0.003388856652415173,1
2035,0,305,age,0.16530598385531614,0.1161719560623169,0.049134027792999246,1
2035,0,305,poor_health,0.22297795349644206,0.18413838744163513,0.03883956605480693,1
2035,0,305,smoking,0.2080075890784031,0.18162181973457336,0.026385769343829746,1
2035,0,305,bmi_risk,0.09868039210472418,0.054968029260635376,0.0437123628440888,1
2035,0,305,nonadherence,0.0359799260762802,0.02760523557662964,0.008374690499650561,1
2035,0,305,claim_rate,0.032180809724558834,0.03377330303192139,0.0015924933073625525,1
2035,0,305,claim_severity,0.2023206712651353,0.10729891061782837,0.09502176064730694,1
2035,0,305,provider_complication,0.0518133731460787,0.007756471633911133,0.04405690151216757,1
2035,0,305,coverage_gap,0.09237789095992532,0.07670435309410095,0.015673537865824372,1
2035,0,309,age,0.011656958447487958,0.010890640318393707,0.0007663181290942511,1
2035,0,309,poor_health,0.02781453675566188,0.029963195323944092,0.0021486585682822107,1
2035,0,309,smoking,-2.7755575615628914e-17,0.0,2.7755575615628914e-17,1
2035,0,309,bmi_risk,0.030010345497619426,0.029812589287757874,0.00019775620986155207,1
2035,0,309,nonadherence,0.02268483722670192,0.016698412597179413,0.005986424629522508,1
2035,0,309,claim_rate,-2.7755575615628914e-17,0.0,2.7755575615628914e-17,1
2035,0,309,claim_severity,0.021987270900389155,0.014659158885478973,0.007328112014910182,1
2035,0,309,provider_complication,0.007804760232526908,0.0011531487107276917,0.006651611521799217,1
2035,0,309,coverage_gap,0.02549401863601844,0.028634287416934967,0.0031402687809165275,1
2035,0,314,age,0.2068425397867163,0.18484395742416382,0.021998582362552477,1
2035,0,314,poor_health,0.14540118995171675,0.1382247507572174,0.00717643919449934,1
2035,0,314,smoking,0.19789780787498307,0.19610804319381714,0.0017897646811659285,1
2035,0,314,bmi_risk,0.03320578976744559,0.02606073021888733,0.0071450595485582635,1
2035,0,314,nonadherence,0.110792177016871,0.08266863226890564,0.028123544747965357,1
2035,0,314,claim_rate,0.0,0.0,0.0,1
2035,0,314,claim_severity,0.12874275802945723,0.07164058089256287,0.05710217713689436,1
2035,0,314,provider_complication,0.015244219531546144,0.0024018287658691406,0.012842390765677003,1
2035,0,314,coverage_gap,0.1055675392868578,0.10002797842025757,0.005539560866600235,1
2035,0,316,age,0.1350965198386669,0.13983842730522156,0.004741907466554646,1
2035,0,316,poor_health,0.16025899643943856,0.17392055690288544,0.013661560463446881,1
2035,0,316,smoking,0.0,0.0,0.0,1
2035,0,316,bmi_risk,0.08565420763765189,0.08499899506568909,0.0006552125719627988,1
2035,0,316,nonadherence,0.051353742420084225,0.04861932992935181,0.0027344124907324185,1
2035,0,316,claim_rate,0.02672503656235975,0.02617517113685608,0.0005498654255036706,1
2035,0,316,claim_severity,0.09327815470118223,0.05528676509857178,0.03799138960261045,1
2035,0,316,provider_complication,0.024813320452728216,0.004428178071975708,0.020385142380752508,1
2035,0,316,coverage_gap,0.01590039706365287,0.015084624290466309,0.0008157727731865627,1
2035,0,317,age,0.05986005683632563,0.05557085573673248,0.004289201099593146,1
2035,0,317,poor_health,0.052667420029453405,0.0554526224732399,0.002785202443786494,1
2035,0,317,smoking,0.0,0.0,0.0,1
2035,0,317,bmi_risk,0.03343854658580496,0.032347723841667175,0.0010908227441377844,1
2035,0,317,nonadherence,0.021160919251172458,0.017195940017700195,0.003964979233472263,1
2035,0,317,claim_rate,0.014725227466370824,0.01314285397529602,0.0015823734910748039,1
2035,0,317,claim_severity,0.03924422580840704,0.025256246328353882,0.013987979480053161,1
2035,0,317,provider_complication,0.007098745649763427,0.001037314534187317,0.00606143111557611,1
2035,0,317,coverage_gap,0.0035065156153824273,0.0035247057676315308,1.8190152249103475e-05,1
2035,0,319,age,0.030091075138611145,0.0262623131275177,0.003828762011093445,1
2035,0,319,poor_health,0.031237040408446798,0.02871488779783249,0.002522152610614309,1
2035,0,319,smoking,1.3877787807814457e-17,0.0,1.3877787807814457e-17,1
2035,0,319,bmi_risk,0.011522579262755878,0.009687639772891998,0.0018349394898638793,1
2035,0,319,nonadherence,0.011425799103174705,0.007230527698993683,0.004195271404181022,1
2035,0,319,claim_rate,1.3877787807814457e-17,0.0,1.3877787807814457e-17,1
2035,0,319,claim_severity,0.01600848133860175,0.010047920048236847,0.005960561290364902,1
2035,0,319,provider_complication,0.009064985797277325,0.0014270767569541931,0.007637909040323132,1
2035,0,319,coverage_gap,0.019740677332361525,0.01889806240797043,0.0008426149243910969,1
2035,0,320,age,0.1977098898212462,0.17833676934242249,0.019373120478823724,1
2035,0,320,poor_health,0.12102048967143808,0.12205010652542114,0.001029616853983062,1
2035,0,320,smoking,0.19930421628448053,0.21304717659950256,0.013742960315022035,1
2035,0,320,bmi_risk,0.04385100350522636,0.030261993408203125,0.013589010097023235,1
2035,0,320,nonadherence,0.08842248622839993,0.07789033651351929,0.010532149714880645,1
2035,0,320,claim_rate,0.03241477823158051,0.03720560669898987,0.004790828467409358,1
2035,0,320,claim_severity,0.14261217058361014,0.08974459767341614,0.052867572910194005,1
2035,0,320,provider_complication,0.04637226445468556,0.007631272077560425,0.03874099237712514,1
2035,0,320,coverage_gap,0.10578822174824198,0.11613538861274719,0.010347166864505208,1
2035,0,322,age,0.06248000723760218,0.0704791396856308,0.00799913244802862,1
2035,0,322,poor_health,0.10158836314090743,0.11352016776800156,0.01193180462709413,1
2035,0,322,smoking,0.0,0.0,0.0,1
2035,0,322,bmi_risk,0.011830162252685489,0.011857032775878906,2.6870523193417428e-05,1
2035,0,322,nonadherence,0.02648655051594248,0.019436627626419067,0.007049922889523413,1
2035,0,322,claim_rate,0.0,0.0,0.0,1
2035,0,322,claim_severity,0.06893446546467474,0.05918489396572113,0.009749571498953613,1
2035,0,322,provider_complication,0.009009145018475134,0.001989692449569702,0.007019452568905432,1
2035,0,322,coverage_gap,0.04655972945841583,0.0583663284778595,0.01180659901944367,1
2035,0,332,age,0.037006249419256676,0.02687685191631317,0.010129397502943505,1
2035,0,332,poor_health,0.08986666093913012,0.07411693781614304,0.015749723122987086,1
2035,0,332,smoking,-2.7755575615628914e-17,0.0,2.7755575615628914e-17,1
2035,0,332,bmi_risk,0.026431882723858796,0.019598379731178284,0.006833502992680512,1
2035,0,332,nonadherence,0.01897893814548149,0.010561048984527588,0.0084178891609539,1
2035,0,332,claim_rate,0.018073591021106117,0.012527376413345337,0.00554621460776078,1
2035,0,332,claim_severity,0.05883014616277432,0.03211318701505661,0.02671695914771771,1
2035,0,332,provider_complication,0.024342426074551227,0.0029952973127365112,0.021347128761814715,1
2035,0,332,coverage_gap,0.02028833939665209,0.017137154936790466,0.0031511844598616223,1
2035,0,338,age,0.07086224459881206,0.06373608484864235,0.007126159750169711,1
2035,0,338,poor_health,0.015037237510979379,0.014449059963226318,0.0005881775477530604,1
2035,0,338,smoking,-2.7755575615628914e-17,0.0,2.7755575615628914e-17,1
2035,0,338,bmi_risk,0.010627928780664597,0.009481370449066162,0.0011465583315984351,1
2035,0,338,nonadherence,0.029470087413626195,0.02075105905532837,0.008719028358297826,1
2035,0,338,claim_rate,-2.7755575615628914e-17,0.0,2.7755575615628914e-17,1
2035,0,338,claim_severity,0.004763073803571882,0.003317013382911682,0.0014460604206602001,1
2035,0,338,provider_complication,0.03169282672543079,0.0062862783670425415,0.02540654835838825,1
2035,0,338,coverage_gap,0.023731671904798024,0.02492738515138626,0.001195713246588237,1
2035,0,340,age,0.1453691223506616,0.14375931024551392,0.0016098121051476844,1
2035,0,340,poor_health,0.18821807416358766,0.18909120559692383,0.0008731314333361717,1
2035,0,340,smoking,-5.551115123125783e-17,0.0,5.551115123125783e-17,1
2035,0,340,bmi_risk,0.09147953215906329,0.09099382162094116,0.0004857105381221305,1
2035,0,340,nonadherence,0.07366405382185742,0.07121524214744568,0.002448811674411744,1
2035,0,340,claim_rate,0.030414054620934605,0.030738800764083862,0.0003247461431492571,1
2035,0,340,claim_severity,0.11806582702685348,0.0730048418045044,0.04506098522234908,1
2035,0,340,provider_complication,0.09540519844285611,0.016129374504089355,0.07927582393876675,1
2035,0,340,coverage_gap,0.03856330834441157,0.04122576117515564,0.0026624528307440665,1
2035,0,348,age,0.02965976274620643,0.03024987131357193,0.0005901085673655007,1
2035,0,348,poor_health,0.018526607922673348,0.020139284431934357,0.0016126765092610088,1
2035,0,348,smoking,-1.3877787807814457e-17,0.0,1.3877787807814457e-17,1
2035,0,348,bmi_risk,0.0034344439644773544,0.003104202449321747,0.0003302415151556076,1
2035,0,348,nonadherence,0.009699333443414573,0.007686443626880646,0.0020128898165339276,1
2035,0,348,claim_rate,0.007888967374908823,0.006730102002620697,0.001158865372288126,1
2035,0,348,claim_severity,0.0020568700065551337,0.0014935806393623352,0.0005632893671927985,1
2035,0,348,provider_complication,0.00694862864773127,0.0014639794826507568,0.005484649165080513,1
2035,0,348,coverage_gap,0.005893496008876342,0.006910301744937897,0.0010168057360615546,1
2035,0,356,age,0.06422204984641663,0.055877044796943665,0.00834500504947297,1
2035,0,356,poor_health,0.15492895287645572,0.13325001299381256,0.02167893988264316,1
2035,0,356,smoking,0.0,0.0,0.0,1
2035,0,356,bmi_risk,0.036360793966243754,0.03586678206920624,0.0004940118970375162,1
2035,0,356,nonadherence,0.033761611112525125,0.026749223470687866,0.007012387641837259,1
2035,0,356,claim_rate,0.05135933398689718,0.04876473546028137,0.00259459852661581,1
2035,0,356,claim_severity,0.10377507041770484,0.06292442977428436,0.04085064064342048,1
2035,0,356,provider_complication,0.0809490647679863,0.011945053935050964,0.06900401083293534,1
2035,0,356,coverage_gap,0.059347415883439336,0.05600912868976593,0.003338287193673406,1
2035,0,361,age,0.01907407030657307,0.01820632815361023,0.0008677421529628415,1
2035,0,361,poor_health,0.0698410308722873,0.07031254470348358,0.0004715138311962852,1
2035,0,361,smoking,0.13219696965563085,0.13285841047763824,0.000661440822007392,1
2035,0,361,bmi_risk,0.037000989502826376,0.03773370385169983,0.0007327143488734533,1
2035,0,361,nonadherence,0.05695370659910151,0.04662245512008667,0.010331251479014841,1
2035,0,361,claim_rate,0.024647282671083348,0.026805207133293152,0.0021579244622098037,1
2035,0,361,claim_severity,0.07806704049213364,0.05755896866321564,0.020508071828918006,1
2035,0,361,provider_complication,0.038724997876619344,0.007478117942810059,0.031246879933809285,1
2035,0,361,coverage_gap,0.05973991245192026,0.06229071319103241,0.0025508007391121523,1
2035,0,373,age,0.03435855767772627,0.030929330736398697,0.003429226941327572,1
2035,0,373,poor_health,0.03198804720225238,0.03206290677189827,7.485956964588952e-05,1
2035,0,373,smoking,1.3877787807814457e-17,0.0,1.3877787807814457e-17,1
2035,0,373,bmi_risk,0.006641595530529842,0.005814872682094574,0.0008267228484352684,1
2035,0,373,nonadherence,0.006299765258312606,0.0041612982749938965,0.0021384669833187098,1
2035,0,373,claim_rate,1.3877787807814457e-17,0.0,1.3877787807814457e-17,1
2035,0,373,claim_severity,0.012696517108700886,0.00833149254322052,0.004365024565480366,1
2035,0,373,provider_complication,0.013703717317344169,0.002376057207584381,0.011327660109759788,1
2035,0,373,coverage_gap,0.012063939437905888,0.013498984277248383,0.0014350448393424947,1
2035,0,375,age,0.08426214944090793,0.07882709801197052,0.00543505142893741,1
2035,0,375,poor_health,0.04322929636333914,0.042757511138916016,0.0004717852244231213,1
2035,0,375,smoking,0.0,0.0,0.0,1
2035,0,375,bmi_risk,0.023050146157090945,0.02079525589942932,0.0022548902576616237,1
2035,0,375,nonadherence,0.009553575584255736,0.007632121443748474,0.0019214541405072616,1
2035,0,375,claim_rate,0.0,0.0,0.0,1
2035,0,375,claim_severity,0.028483484182223767,0.020856216549873352,0.007627267632350415,1
2035,0,375,provider_complication,0.011617678324391395,0.0023091286420822144,0.00930854968230918,1
2035,0,375,coverage_gap,0.03705977299495919,0.042090825736522675,0.005031052741563485,1
2035,0,390,age,0.058825371916270575,0.063036248087883,0.004210876171612421,1
2035,0,390,poor_health,0.0359362416090761,0.041333265602588654,0.005397023993512551,1
2035,0,390,smoking,2.7755575615628914e-17,0.0,2.7755575615628914e-17,1
2035,0,390,bmi_risk,0.02782742169398192,0.030380167067050934,0.0025527453730690153,1
2035,0,390,nonadherence,0.04633930135142317,0.039899684488773346,0.006439616862649822,1
2035,0,390,claim_rate,2.7755575615628914e-17,0.0,2.7755575615628914e-17,1
2035,0,390,claim_severity,0.011400931214333498,0.008989199995994568,0.0024117312183389306,1
2035,0,390,provider_complication,0.01837315868085486,0.00395067036151886,0.014422488319336,1
2035,0,390,coverage_gap,0.03125285307439574,0.037111796438694,0.005858943364298264,1
2035,0,393,age,0.06824070601232021,0.05468280613422394,0.013557899878096275,1
2035,0,393,poor_health,0.13115672715300167,0.10796599835157394,0.023190728801427724,1
2035,0,393,smoking,0.0,0.0,0.0,1
2035,0,393,bmi_risk,0.029469799478767628,0.02380579710006714,0.005664002378700489,1
2035,0,393,nonadherence,0.04909549616781897,0.0291740745306015,0.019921421637217468,1
2035,0,393,claim_rate,0.02464221430531774,0.019420474767684937,0.005221739537632802,1
2035,0,393,claim_severity,0.10489209342031841,0.06116968393325806,0.043722409487060354,1
2035,0,393,provider_complication,0.04906008002731024,0.0083407461643219,0.040719333862988344,1
2035,0,393,coverage_gap,0.05357516238278856,0.05135837197303772,0.0022167904097508406,1
2035,0,398,age,0.07568067453865737,0.06840133666992188,0.007279337868735497,1
2035,0,398,poor_health,0.029131949456059014,0.029531151056289673,0.00039920160023065865,1
2035,0,398,smoking,0.0,0.0,0.0,1
2035,0,398,bmi_risk,0.026415734034720695,0.024804115295410156,0.0016116187393105386,1
2035,0,398,nonadherence,0.029721079024165847,0.02202087640762329,0.007700202616542556,1
2035,0,398,claim_rate,0.031121285933284226,0.0267772376537323,0.004344048279551926,1
2035,0,398,claim_severity,0.03881321484158516,0.027277007699012756,0.011536207142572405,1
2035,0,398,provider_complication,0.014539011815311004,0.0029448717832565308,0.011594140032054473,1
2035,0,398,coverage_gap,0.03317983304767684,0.03565307706594467,0.002473244018267831,1
2035,0,401,age,0.039801706314488726,0.0432002954185009,0.0033985891040121743,1
2035,0,401,poor_health,0.023150462743149663,0.027075715363025665,0.003925252619876002,1
2035,0,401,smoking,-1.3877787807814457e-17,0.0,1.3877787807814457e-17,1
2035,0,401,bmi_risk,0.015186563908335352,0.015341304242610931,0.00015474033427557987,1
2035,0,401,nonadherence,0.013890803318329786,0.011376850306987762,0.002513953011342024,1
2035,0,401,claim_rate,-1.3877787807814457e-17,0.0,1.3877787807814457e-17,1
2035,0,401,claim_severity,0.012693725582670401,0.010326988995075226,0.002366736587595175,1
2035,0,401,provider_complication,0.0016587000221351539,0.0003547072410583496,0.0013039927810768043,1
2035,0,401,coverage_gap,0.013662829330388981,0.017024993896484375,0.0033621645660953936,1
2035,0,402,age,0.051617340174925114,0.052644483745098114,0.0010271435701730003,1
2035,0,402,poor_health,0.039626299135553586,0.042778655886650085,0.0031523567510964995,1
2035,0,402,smoking,1.3877787807814457e-17,0.0,1.3877787807814457e-17,1
2035,0,402,bmi_risk,0.010628103426304783,0.010476700961589813,0.00015140246471496976,1
2035,0,402,nonadherence,0.024678010124277797,0.01912941038608551,0.005548599738192286,1
2035,0,402,claim_rate,1.3877787807814457e-17,0.0,1.3877787807814457e-17,1
2035,0,402,claim_severity,0.016496542435727388,0.012250378727912903,0.004246163707814485,1
2035,0,402,provider_complication,0.009443345554556795,0.001947849988937378,0.007495495565619417,1
2035,0,402,coverage_gap,0.027328007071451263,0.03228824585676193,0.004960238785310669,1
2035,0,410,age,0.0495323562909284,0.040698278695344925,0.008834077595583474,1
2035,0,410,poor_health,0.0064139065421571495,0.005939178168773651,0.0004747283733834984,1
2035,0,410,smoking,-1.3877787807814457e-17,0.0,1.3877787807814457e-17,1
2035,0,410,bmi_risk,0.03586075423019838,0.030414864420890808,0.005445889809307575,1
2035,0,410,nonadherence,0.031001495623642086,0.021482713520526886,0.0095187821031152,1
2035,0,410,claim_rate,0.012106291458445481,0.009854741394519806,0.0022515500639256752,1
2035,0,410,claim_severity,-1.3877787807814457e-17,0.0,1.3877787807814457e-17,1
2035,0,410,provider_complication,0.016973894159333355,0.0023710429668426514,0.014602851192490704,1
2035,0,410,coverage_gap,0.014888955533993553,0.014221571385860443,0.00066738414813311,1
2035,0,411,age,0.17118108742151744,0.14647138118743896,0.024709706234078477,1
2035,0,411,poor_health,0.1366046881310488,0.11818113923072815,0.018423548900320663,1
2035,0,411,smoking,0.20454827575380968,0.19560551643371582,0.008942759320093863,1
2035,0,411,bmi_risk,0.11208773670063388,0.07821393013000488,0.033873806570628995,1
2035,0,411,nonadherence,0.06916070273786934,0.05672129988670349,0.012439402851165848,1
2035,0,411,claim_rate,0.06490373904560232,0.07449063658714294,0.009586897541540629,1
2035,0,411,claim_severity,0.13156681100999618,0.08177104592323303,0.049795765086763144,1
2035,0,411,provider_complication,0.028777474156559846,0.0050157904624938965,0.02376168369406595,1
2035,0,411,coverage_gap,0.08281889775083573,0.08531966805458069,0.002500770303744959,1
2035,0,415,age,0.0213112966778968,0.01983000338077545,0.00148129329712135,1
2035,0,415,poor_health,0.0502463140550469,0.04900564253330231,0.0012406715217445907,1
2035,0,415,smoking,-2.7755575615628914e-17,0.0,2.7755575615628914e-17,1
2035,0,415,bmi_risk,0.041925875445436106,0.03918357938528061,0.002742296060155497,1
2035,0,415,nonadherence,0.02488004711915215,0.017730534076690674,0.007149513042461475,1
2035,0,415,claim_rate,0.04634798531553731,0.04115106910467148,0.0051969162108658346,1
2035,0,415,claim_severity,0.04803364006211107,0.03605697304010391,0.011976667022007156,1
2035,0,415,provider_complication,0.012555653060803473,0.002414122223854065,0.010141530836949408,1
2035,0,415,coverage_gap,0.04903419294834069,0.05022256076335907,0.0011883678150183818,1
2035,0,428,age,0.2011651129474759,0.17700493335723877,0.02416017959023714,1
2035,0,428,poor_health,0.16199447343957663,0.1561450958251953,0.0058493776143813125,1
2035,0,428,smoking,0.2067302679859947,0.1850622296333313,0.0216680383526634,1
2035,0,428,bmi_risk,0.11786953310494247,0.09100610017776489,0.026863432927177577,1
2035,0,428,nonadherence,0.08720537708742865,0.07980501651763916,0.007400360569789488,1
2035,0,428,claim_rate,0.0,0.0,0.0,1
2035,0,428,claim_severity,0.13417037221532963,0.0777256190776825,0.05644475313764713,1
2035,0,428,provider_complication,0.10621835949943703,0.016697555780410767,0.08952080371902627,1
2035,0,428,coverage_gap,0.039517345622460676,0.03619575500488281,0.003321590617577863,1
2035,0,434,age,0.033393088341671026,0.037380099296569824,0.003987010954898798,1
2035,0,434,poor_health,0.04866262716163075,0.059455402195453644,0.010792775033822893,1
2035,0,434,smoking,1.3877787807814457e-17,0.0,1.3877787807814457e-17,1
2035,0,434,bmi_risk,0.019827989511801092,0.024086080491542816,0.004258090979741724,1
2035,0,434,nonadherence,0.008678713228218102,0.00891932100057602,0.00024060777235791753,1
2035,0,434,claim_rate,0.010721769286976976,0.012810632586479187,0.002088863299502211,1
2035,0,434,claim_severity,1.3877787807814457e-17,0.0,1.3877787807814457e-17,1
2035,0,434,provider_complication,0.004850644183677186,0.0008297190070152283,0.0040209251766619575,1
2035,0,434,coverage_gap,0.01330259443218891,0.016027279198169708,0.0027246847659807977,1
2035,0,440,age,0.1773616617185608,0.19342732429504395,0.016065662576483147,1
2035,0,440,poor_health,0.13698720794313773,0.14886245131492615,0.011875243371788413,1
2035,0,440,smoking,0.17635766600683508,0.19696393609046936,0.020606270083634276,1
2035,0,440,bmi_risk,0.03286993440951841,0.02642160654067993,0.006448327868838477,1
2035,0,440,nonadherence,0.03769494773421439,0.036884695291519165,0.0008102524426952251,1
2035,0,440,claim_rate,0.0,0.0,0.0,1
2035,0,440,claim_severity,0.130953382397839,0.0961395800113678,0.03481380238647119,1
2035,0,440,provider_complication,0.016618498512244284,0.0029652416706085205,0.013653256841635764,1
2035,0,440,coverage_gap,0.09959868520310133,0.1113886833190918,0.011789998115990463,1
2035,0,441,age,0.0483051328973022,0.038546495139598846,0.009758637757703352,1
2035,0,441,poor_health,0.01321640687730262,0.01104506105184555,0.002171345825457069,1
2035,0,441,smoking,1.3877787807814457e-17,0.0,1.3877787807814457e-17,1
2035,0,441,bmi_risk,0.0093932966529887,0.0070916712284088135,0.0023016254245798867,1
2035,0,441,nonadherence,0.011879893705164915,0.006993472576141357,0.004886421129023558,1
2035,0,441,claim_rate,1.3877787807814457e-17,0.0,1.3877787807814457e-17,1
2035,0,441,claim_severity,0.006127340261993713,0.00345534086227417,0.0026719993997195435,1
2035,0,441,provider_complication,0.01886136284795592,0.0024673715233802795,0.01639399132457564,1
2035,0,441,coverage_gap,0.01909499533766,0.01685219258069992,0.00224280275696008,1
2035,0,443,age,0.04870104928633354,0.0462987944483757,0.0024022548379578415,1
2035,0,443,poor_health,0.034585787869200954,0.03571372479200363,0.0011279369228026775,1
2035,0,443,smoking,-2.7755575615628914e-17,0.0,2.7755575615628914e-17,1
2035,0,443,bmi_risk,0.00040148082423947795,0.0003707706928253174,3.071013141416057e-05,1
2035,0,443,nonadherence,0.007972753548975295,0.005504146218299866,0.002468607330675429,1
2035,0,443,claim_rate,-2.7755575615628914e-17,0.0,2.7755575615628914e-17,1
2035,0,443,claim_severity,0.03965220132095411,0.02906055748462677,0.010591643836327339,1
2035,0,443,provider_complication,0.007264719583765261,0.001443624496459961,0.0058210950873053,1
2035,0,443,coverage_gap,0.010155798927394613,0.011565841734409332,0.0014100428070147192,1
2035,0,446,age,0.030202063054487187,0.029383961111307144,0.0008181019431800426,1
2035,0,446,poor_health,0.020358679638480197,0.021212749183177948,0.0008540695446977511,1
2035,0,446,smoking,1.3877787807814457e-17,0.0,1.3877787807814457e-17,1
2035,0,446,bmi_risk,0.0033045633157254006,0.0030540376901626587,0.00025052562556274194,1
2035,0,446,nonadherence,0.010187848674504313,0.007333338260650635,0.002854510413853678,1
2035,0,446,claim_rate,1.3877787807814457e-17,0.0,1.3877787807814457e-17,1
2035,0,446,claim_severity,0.005593740509401354,0.004062451422214508,0.0015312890871868462,1
2035,0,446,provider_complication,0.007225323892776511,0.0014429911971092224,0.005782332695667289,1
2035,0,446,coverage_gap,0.018428577837373478,0.02048446238040924,0.002055884543035763,1
2035,0,447,age,0.08354946373691319,0.081631138920784,0.001918324816129191,1
2035,0,447,poor_health,0.10109916836831515,0.10695743560791016,0.005858267239595011,1
2035,0,447,smoking,0.0,0.0,0.0,1
2035,0,447,bmi_risk,0.0722916597277648,0.07317101955413818,0.0008793598263733826,1
2035,0,447,nonadherence,0.027025110588450113,0.024579063057899475,0.002446047530550638,1
2035,0,447,claim_rate,0.0,0.0,0.0,1
2035,0,447,claim_severity,0.047680006973214034,0.03550158441066742,0.012178422562546615,1
2035,0,447,provider_complication,0.006467993794586069,0.0008103698492050171,0.005657623945381052,1
2035,0,447,coverage_gap,0.05788460214262223,0.06138096749782562,0.0034963653552033958,1
2035,0,449,age,0.02753169400832988,0.026048701256513596,0.0014829927518162853,1
2035,0,449,poor_health,0.015464269786614707,0.014867082238197327,0.00059718754841738,1
2035,0,449,smoking,-1.3877787807814457e-17,0.0,1.3877787807814457e-17,1
2035,0,449,bmi_risk,0.001969763014136358,0.0016518980264663696,0.0003178649876699885,1
2035,0,449,nonadherence,0.01762320039004192,0.012172028422355652,0.005451171967686269,1
2035,0,449,claim_rate,-1.3877787807814457e-17,0.0,1.3877787807814457e-17,1
2035,0,449,claim_severity,0.005751648394496864,0.004147350788116455,0.0016042976063804087,1
2035,0,449,provider_complication,0.007200471312692067,0.0014640763401985168,0.00573639497249355,1
2035,0,449,coverage_gap,0.0341023050136693,0.03431089222431183,0.0002085872106425274,1
2035,0,454,age,0.1264156476355284,0.12911301851272583,0.0026973708771974303,1
2035,0,454,poor_health,0.12947092656249493,0.13806243985891342,0.008591513296418496,1
2035,0,454,smoking,5.551115123125783e-17,0.0,5.551115123125783e-17,1
2035,0,454,bmi_risk,0.04075244453842741,0.042372360825538635,0.0016199162871112227,1
2035,0,454,nonadherence,0.08031070916836655,0.0775785744190216,0.0027321347493449444,1
2035,0,454,claim_rate,5.551115123125783e-17,0.0,5.551115123125783e-17,1
2035,0,454,claim_severity,0.04455247189753758,0.02840164303779602,0.01615082885974156,1
2035,0,454,provider_complication,0.032094719455233206,0.005871117115020752,0.026223602340212454,1
2035,0,454,coverage_gap,0.030752955054110187,0.0309649258852005,0.00021197083109031345,1
2035,0,460,age,0.0878088866349872,0.09056243300437927,0.002753546369392068,1
2035,0,460,poor_health,0.15939546491468368,0.16439559310674667,0.005000128192062997,1
2035,0,460,smoking,0.0,0.0,0.0,1
2035,0,460,bmi_risk,0.07806594347491885,0.08275897800922394,0.004693034534305085,1
2035,0,460,nonadherence,0.0359096711233888,0.0355122834444046,0.00039738767898420124,1
2035,0,460,claim_rate,0.02568522292754738,0.0305701345205307,0.004884911592983321,1
2035,0,460,claim_severity,0.08472798674556323,0.059749752283096313,0.024978234462466914,1
2035,0,460,provider_complication,0.03473126744209451,0.004486143589019775,0.030245123853074735,1
2035,0,460,coverage_gap,0.044857331484938784,0.047983840107917786,0.003126508622979002,1
2035,0,475,age,0.03765023716873758,0.03497762978076935,0.0026726073879682344,1
2035,0,475,poor_health,0.08937640387621347,0.09111412614583969,0.0017377222696262212,1
2035,0,475,smoking,0.0,0.0,0.0,1
2035,0,475,bmi_risk,0.01856247647453485,0.01622578501701355,0.0023366914575213005,1
2035,0,475,nonadherence,0.015046151156006188,0.01039673388004303,0.004649417275963158,1
2035,0,475,claim_rate,0.0,0.0,0.0,1
2035,0,475,claim_severity,0.05081060714955446,0.037729352712631226,0.013081254436923234,1
2035,0,475,provider_complication,0.012288970021727408,0.00248149037361145,0.009807479648115958,1
2035,0,475,coverage_gap,0.05871910156531007,0.06210915744304657,0.0033900558777364975,1
2035,0,476,age,0.13402572179166086,0.1431150585412979,0.00908933674963705,1
2035,0,476,poor_health,0.10790270421516399,0.13255015015602112,0.024647445940857132,1
2035,0,476,smoking,0.1622387245895791,0.19532889127731323,0.033090166687734124,1
2035,0,476,bmi_risk,0.03233565940205696,0.03271520137786865,0.00037954197581169247,1
2035,0,476,nonadherence,0.06745125387132578,0.06399333477020264,0.0034579191011231414,1
2035,0,476,claim_rate,0.028884065628456468,0.0398654043674469,0.010981338738990432,1
2035,0,476,claim_severity,0.13423167793053845,0.09637537598609924,0.0378563019444392,1
2035,0,476,provider_complication,0.025711381406701872,0.00417974591255188,0.021531635494149992,1
2035,0,476,coverage_gap,0.03516376717297687,0.040806353092193604,0.005642585919216736,1
2035,0,479,age,0.14161268374167413,0.11165058612823486,0.029962097613439265,1
2035,0,479,poor_health,0.217950871671585,0.189644455909729,0.028306415761855996,1
2035,0,479,smoking,0.20917595867711164,0.19475382566452026,0.014422133012591376,1
2035,0,479,bmi_risk,0.09910567624035926,0.07083171606063843,0.028273960179720836,1
2035,0,479,nonadherence,0.0438859495401791,0.03725185990333557,0.006634089636843532,1
2035,0,479,claim_rate,0.0,0.0,0.0,1
2035,0,479,claim_severity,0.21115229429319765,0.12028467655181885,0.0908676177413788,1
2035,0,479,provider_complication,0.05945886000421885,0.0095939040184021,0.04986495598581675,1
2035,0,479,coverage_gap,0.09267002185541162,0.081793874502182,0.010876147353229615,1
2035,0,490,age,0.051715690383488805,0.04746006429195404,0.004255626091534764,1
2035,0,490,poor_health,0.08656428214605208,0.08368285745382309,0.00288142469222899,1
2035,0,490,smoking,0.0,0.0,0.0,1
2035,0,490,bmi_risk,0.07050720920414577,0.06475602090358734,0.00575118830055843,1
2035,0,490,nonadherence,0.060034792239755,0.04556679725646973,0.01446799498328527,1
2035,0,490,claim_rate,0.021346077546969683,0.01979750394821167,0.001548573598758013,1
2035,0,490,claim_severity,0.054249781665973246,0.03817512094974518,0.016074660716228067,1
2035,0,490,provider_complication,0.018848638278779556,0.0034034401178359985,0.015445198160943557,1
2035,0,490,coverage_gap,0.04885880289055722,0.05331015586853027,0.004451352977973055,1
2035,0,496,age,0.05620525331849109,0.050883688032627106,0.005321565285863986,1
2035,0,496,poor_health,0.025891312062543803,0.025313057005405426,0.0005782550571383771,1
2035,0,496,smoking,-2.7755575615628914e-17,0.0,2.7755575615628914e-17,1
2035,0,496,bmi_risk,0.01495213782988089,0.012661166489124298,0.0022909713407565924,1
2035,0,496,nonadherence,0.023050596103663556,0.016086220741271973,0.006964375362391584,1
2035,0,496,claim_rate,0.01286309197056261,0.010261684656143188,0.002601407314419421,1
2035,0,496,claim_severity,0.0220146203112129,0.015081442892551422,0.006933177418661479,1
2035,0,496,provider_complication,0.011374610283571743,0.0020982027053833008,0.009276407578188442,1
2035,0,496,coverage_gap,0.024689748741530293,0.025967784225940704,0.0012780354844104114,1
2035,0,498,age,0.03845491105450945,0.03681616485118866,0.0016387462033207872,1
2035,0,498,poor_health,0.06647920978868424,0.07160364091396332,0.0051244311252790775,1
2035,0,498,smoking,0.0,0.0,0.0,1
2035,0,498,bmi_risk,0.020162712161149177,0.019279584288597107,0.0008831278725520697,1
2035,0,498,nonadherence,0.04289620579256047,0.030927255749702454,0.011968950042858015,1
2035,0,498,claim_rate,0.0,0.0,0.0,1
2035,0,498,claim_severity,0.03881750853596709,0.027965933084487915,0.010851575451479176,1
2035,0,498,provider_complication,0.014033191547562607,0.0022707730531692505,0.011762418494393356,1
2035,0,498,coverage_gap,0.049589306259079605,0.0543079674243927,0.0047186611653130955,1
2035,0,502,age,0.04241330621508723,0.03616137057542801,0.0062519356396592216,1
2035,0,502,poor_health,0.019458112976865977,0.017701104283332825,0.001757008693533152,1
2035,0,502,smoking,0.0,0.0,0.0,1
2035,0,502,bmi_risk,0.004232121673181877,0.0032721012830734253,0.0009600203901084514,1
2035,0,502,nonadherence,0.01071004121898074,0.00699007511138916,0.0037199661075915796,1
2035,0,502,claim_rate,0.0,0.0,0.0,1
2035,0,502,claim_severity,0.018172030850319362,0.011594004929065704,0.006578025921253658,1
2035,0,502,provider_complication,0.013674921996554248,0.0025002583861351013,0.011174663610419147,1
2035,0,502,coverage_gap,0.006450252881910187,0.006850525736808777,0.00040027285489858955,1
2035,0,509,age,0.04068391328538691,0.039194025099277496,0.0014898881861094143,1
2035,0,509,poor_health,0.045744592614703206,0.04598105698823929,0.00023646437353608274,1
2035,0,509,smoking,2.7755575615628914e-17,0.0,2.7755575615628914e-17,1
2035,0,509,bmi_risk,0.007044563593551628,0.0062449052929878235,0.0007996583005638047,1
2035,0,509,nonadherence,0.03184057751917954,0.02345839887857437,0.00838217864060517,1
2035,0,509,claim_rate,2.7755575615628914e-17,0.0,2.7755575615628914e-17,1
2035,0,509,claim_severity,0.016489708760545646,0.011339619755744934,0.005150089004800712,1
2035,0,509,provider_complication,0.016975384374708483,0.0035837292671203613,0.013391655107588121,1
2035,0,509,coverage_gap,0.010817982370879206,0.012525297701358795,0.001707315330479589,1
2035,0,520,age,0.09472257983689335,0.0860934853553772,0.00862909448151615,1
2035,0,520,poor_health,0.09583654112316427,0.0944972038269043,0.0013393372962599709,1
2035,0,520,smoking,0.0,0.0,0.0,1
2035,0,520,bmi_risk,0.04153302359384753,0.03827817738056183,0.0032548462132857003,1
2035,0,520,nonadherence,0.034016185842882296,0.025501921772956848,0.008514264069925448,1
2035,0,520,claim_rate,0.0,0.0,0.0,1
2035,0,520,claim_severity,0.043403713992846066,0.029323741793632507,0.014079972199213558,1
2035,0,520,provider_complication,0.032771291874928,0.00650671124458313,0.02626458063034487,1
2035,0,520,coverage_gap,0.05711237319846538,0.060257405042648315,0.0031450318441829384,1
2035,0,521,age,0.06697350385397914,0.059383414685726166,0.007590089168252975,1
2035,0,521,poor_health,0.060899569680739285,0.06093528866767883,3.5718986939548e-05,1
2035,0,521,smoking,0.0,0.0,0.0,1
2035,0,521,bmi_risk,0.03634803203345113,0.03462451696395874,0.0017235150694923929,1
2035,0,521,nonadherence,0.029972184332916263,0.022146791219711304,0.00782539311320496,1
2035,0,521,claim_rate,0.0,0.0,0.0,1
2035,0,521,claim_severity,0.04438959157872785,0.02745668590068817,0.016932905678039678,1
2035,0,521,provider_complication,0.011886406608658279,0.0016877800226211548,0.010198626586037124,1
2035,0,521,coverage_gap,0.03056119449274322,0.031789958477020264,0.0012287639842770426,1
2035,0,523,age,0.03796115039076417,0.03580762445926666,0.0021535259314975075,1
2035,0,523,poor_health,0.08331104691351632,0.0867355689406395,0.003424522027123178,1
2035,0,523,smoking,2.7755575615628914e-17,0.0,2.7755575615628914e-17,1
2035,0,523,bmi_risk,0.04849091199937733,0.05074341595172882,0.0022525039523514923,1
2035,0,523,nonadherence,0.06775057341151747,0.056460902094841,0.011289671316676464,1
2035,0,523,claim_rate,0.038065017166182824,0.0392451137304306,0.001180096564247779,1
2035,0,523,claim_severity,0.056830312631275914,0.03958219289779663,0.017248119733479284,1
2035,0,523,provider_complication,0.035176170301042003,0.006079494953155518,0.029096675347886486,1
2035,0,523,coverage_gap,0.03908700682738536,0.043967247009277344,0.004880240181891982,1
2035,0,530,age,0.05488222306236565,0.05893416702747345,0.0040519439651078015,1
2035,0,530,poor_health,0.03988172344132715,0.045054204761981964,0.005172481320654815,1
2035,0,530,smoking,0.0,0.0,0.0,1
2035,0,530,bmi_risk,0.03502157258223798,0.036724790930747986,0.001703218348510005,1
2035,0,530,nonadherence,0.023693229801383137,0.02119387686252594,0.0024993529388571967,1
2035,0,530,claim_rate,0.01368187085095282,0.013320982456207275,0.00036088839474554546,1
2035,0,530,claim_severity,0.022545322642626375,0.017927005887031555,0.00461831675559482,1
2035,0,530,provider_complication,0.012723040716059716,0.0027731209993362427,0.009949919716723474,1
2035,0,530,coverage_gap,0.01984925326706266,0.024465449154376984,0.004616195887314323,1
2035,0,531,age,0.023925227840618513,0.01972252130508423,0.004202706535534284,1
2035,0,531,poor_health,0.22476784269747524,0.21062490344047546,0.014142939256999776,1
2035,0,531,smoking,0.20043498463036347,0.20122386515140533,0.0007888805210418681,1
2035,0,531,bmi_risk,0.07676036451700924,0.05893346667289734,0.0178268978441119,1
2035,0,531,nonadherence,0.06399245372202661,0.0525364875793457,0.011455966142680907,1
2035,0,531,claim_rate,0.03245077173779232,0.03812819719314575,0.005677425455353435,1
2035,0,531,claim_severity,0.1412136045842094,0.08988496661186218,0.05132863797234721,1
2035,0,531,provider_complication,0.058559635906835716,0.010880529880523682,0.047679106026312035,1
2035,0,531,coverage_gap,0.10648938955391907,0.10274529457092285,0.0037440949829962156,1
2035,0,534,age,0.19763794459277678,0.1956459879875183,0.0019919566052584714,1
2035,0,534,poor_health,0.16046924200931817,0.16295087337493896,0.0024816313656207956,1
2035,0,534,smoking,-5.551115123125783e-17,0.0,5.551115123125783e-17,1
2035,0,534,bmi_risk,0.13271584304987316,0.1292671263217926,0.0034487167280805586,1
2035,0,534,nonadherence,0.08185556935698207,0.07549381256103516,0.006361756795946916,1
2035,0,534,claim_rate,0.0956703674711491,0.10528692603111267,0.009616558559963573,1
2035,0,534,claim_severity,0.14683104084663434,0.08976161479949951,0.05706942604713483,1
2035,0,534,provider_complication,0.07375285765887651,0.01251298189163208,0.061239875767244434,1
2035,0,534,coverage_gap,0.08880491310177002,0.09603184461593628,0.007226931514166257,1
2035,0,541,age,0.04862806948729918,0.04453989863395691,0.004088170853342274,1
2035,0,541,poor_health,0.03383148892973291,0.03251019865274429,0.0013212902769886153,1
2035,0,541,smoking,-1.3877787807814457e-17,0.0,1.3877787807814457e-17,1
2035,0,541,bmi_risk,0.027486782064188073,0.02385331690311432,0.003633465161073754,1
2035,0,541,nonadherence,0.02280193604650599,0.0157327800989151,0.007069155947590888,1
2035,0,541,claim_rate,-1.3877787807814457e-17,0.0,1.3877787807814457e-17,1
2035,0,541,claim_severity,0.019012119808651015,0.012736335396766663,0.0062757844118843525,1
2035,0,541,provider_complication,0.024246957988403983,0.005039095878601074,0.01920786210980291,1
2035,0,541,coverage_gap,0.025288806424960827,0.028860487043857574,0.003571680618896747,1
2035,0,545,age,0.06591113366574385,0.06444740295410156,0.0014637307116422832,1
2035,0,545,poor_health,0.03977085975472941,0.04157813638448715,0.0018072766297577425,1
2035,0,545,smoking,-2.7755575615628914e-17,0.0,2.7755575615628914e-17,1
2035,0,545,bmi_risk,0.0330553876551721,0.03179352730512619,0.0012618603500459125,1
2035,0,545,nonadherence,0.01122549640563622,0.009235799312591553,0.001989697093044668,1
2035,0,545,claim_rate,-2.7755575615628914e-17,0.0,2.7755575615628914e-17,1
2035,0,545,claim_severity,0.02783910142247009,0.021257534623146057,0.0065815667993240345,1
2035,0,545,provider_complication,0.011062313776845412,0.002376943826675415,0.008685369950169997,1
2035,0,545,coverage_gap,0.035140611328840554,0.03983704745769501,0.004696436128854453,1
2035,0,546,age,0.07256793528829132,0.07155965268611908,0.0010082826021722419,1
2035,0,546,poor_health,0.08002554424940878,0.08852136880159378,0.008495824552185005,1
2035,0,546,smoking,0.0,0.0,0.0,1
2035,0,546,bmi_risk,0.024539649076146253,0.024298250675201416,0.00024139840094483667,1
2035,0,546,nonadherence,0.010190196524161588,0.00880587100982666,0.0013843255143349276,1
2035,0,546,claim_rate,0.0,0.0,0.0,1
2035,0,546,claim_severity,0.053966985328910574,0.03801968693733215,0.01594729839157842,1
2035,0,546,provider_complication,0.014752792955669919,0.0022976696491241455,0.012455123306545773,1
2035,0,546,coverage_gap,0.010860140445941024,0.012842193245887756,0.001982052799946732,1
2035,0,573,age,0.191570169516441,0.1630168855190277,0.028553283997413303,1
2035,0,573,poor_health,0.22109094174861704,0.2067950963973999,0.01429584535121714,1
2035,0,573,smoking,0.0,0.0,0.0,1
2035,0,573,bmi_risk,0.09502546542689261,0.06307011842727661,0.031955346999616,1
2035,0,573,nonadherence,0.057243173592874896,0.047530412673950195,0.009712760918924701,1
2035,0,573,claim_rate,0.030925916287685096,0.03190144896507263,0.0009755326773875361,1
2035,0,573,claim_severity,0.10882872693361284,0.05979639291763306,0.049032334015979784,1
2035,0,573,provider_complication,0.013693399131890382,0.002529829740524292,0.01116356939136609,1
2035,0,573,coverage_gap,0.07065548262261001,0.055941611528396606,0.014713871094213404,1
2035,0,579,age,0.03722258608495049,0.03860395401716232,0.00138136793221183,1
2035,0,579,poor_health,0.022662797673105264,0.026563309133052826,0.0039005114599475615,1
2035,0,579,smoking,0.0,0.0,0.0,1
2035,0,579,bmi_risk,0.011627616180087716,0.012726105749607086,0.0010984895695193703,1
2035,0,579,nonadherence,0.02159896182497356,0.017629384994506836,0.003969576830466726,1
2035,0,579,claim_rate,0.009818339485032135,0.010031461715698242,0.00021312223066610736,1
2035,0,579,claim_severity,0.012868207520744343,0.009128361940383911,0.003739845580360432,1
2035,0,579,provider_complication,0.008645691405128053,0.0014348402619361877,0.007210851143191865,1
2035,0,579,coverage_gap,0.008111198076027976,0.00971405953168869,0.0016028614556607146,1
2035,0,581,age,0.1742249606659683,0.2033829391002655,0.02915797843429721,1
2035,0,581,poor_health,0.1288842971862817,0.1496284306049347,0.020744133418653,1
2035,0,581,smoking,0.18412837035883461,0.23364314436912537,0.04951477401029075,1
2035,0,581,bmi_risk,0.04611885733946475,0.03584069013595581,0.010278167203508937,1
2035,0,581,nonadherence,0.06761436982300584,0.06538012623786926,0.002234243585136575,1
2035,0,581,claim_rate,0.061809477659221956,0.08089229464530945,0.019082816986087492,1
2035,0,581,claim_severity,0.15199956565435663,0.11864128708839417,0.03335827856596246,1
2035,0,581,provider_complication,0.017019035365768487,0.0028421878814697266,0.01417684748429876,1
2035,0,581,coverage_gap,0.05581046971787923,0.06527519226074219,0.009464722542862958,1
2035,0,582,age,0.10249068891586172,0.1174481064081192,0.014957417492257485,1
2035,0,582,poor_health,0.11885332388076006,0.14517751336097717,0.026324189480217114,1
2035,0,582,smoking,0.1569764296339936,0.1853879988193512,0.028411569185357588,1
2035,0,582,bmi_risk,0.06019976539602756,0.07203269004821777,0.011832924652190213,1
2035,0,582,nonadherence,0.07910292295357607,0.08763545751571655,0.008532534562140481,1
2035,0,582,claim_rate,0.0,0.0,0.0,1
2035,0,582,claim_severity,0.08168575337983874,0.0719127357006073,0.009773017679231444,1
2035,0,582,provider_complication,0.02474024163920896,0.004882901906967163,0.019857339732241797,1
2035,0,582,coverage_gap,0.04090103271954909,0.05837664008140564,0.01747560736185655,1
2035,0,584,age,0.13050758665622014,0.10754817724227905,0.02295940941394109,1
2035,0,584,poor_health,0.11485366414294507,0.10087820887565613,0.013975455267288939,1
2035,0,584,smoking,0.20835875746290566,0.21673396229743958,0.008375204834533911,1
2035,0,584,bmi_risk,0.10730474068540241,0.08730840682983398,0.019996333855568427,1
2035,0,584,nonadherence,0.07917506854205941,0.056248247623443604,0.02292682091861581,1
2035,0,584,claim_rate,0.09700410511563834,0.1066294014453888,0.009625296329750455,1
2035,0,584,claim_severity,0.1973042068659716,0.10707253217697144,0.09023167468900017,1
2035,0,584,provider_complication,0.015035486263459519,0.0020440220832824707,0.012991464180177048,1
2035,0,584,coverage_gap,0.1304809670375966,0.12139701843261719,0.009083948604979408,1
2035,0,587,age,0.009227712495671794,0.00836130976676941,0.0008664027289023851,1
2035,0,587,poor_health,0.02436301413817321,0.023531503975391388,0.0008315101627818233,1
2035,0,587,smoking,0.0,0.0,0.0,1
2035,0,587,bmi_risk,0.012409457983052763,0.011337317526340485,0.0010721404567122783,1
2035,0,587,nonadherence,0.023223734322080317,0.015247903764247894,0.007975830557832422,1
2035,0,587,claim_rate,0.0,0.0,0.0,1
2035,0,587,claim_severity,0.021805820496181835,0.014847494661808014,0.006958325834373821,1
2035,0,587,provider_complication,0.008920264556151261,0.0017291679978370667,0.0071910965583141945,1
2035,0,587,coverage_gap,0.022694156303319876,0.02425667643547058,0.0015625201321507048,1
2035,0,588,age,0.084390566691075,0.08061964809894562,0.0037709185921293853,1
2035,0,588,poor_health,0.1140942851401872,0.11126737296581268,0.0028269121743745157,1
2035,0,588,smoking,2.7755575615628914e-17,0.0,2.7755575615628914e-17,1
2035,0,588,bmi_risk,0.07745213457095726,0.07381567358970642,0.0036364609812508386,1
2035,0,588,nonadherence,0.03997908565012087,0.03515438735485077,0.004824698295270102,1
2035,0,588,claim_rate,2.7755575615628914e-17,0.0,2.7755575615628914e-17,1
2035,0,588,claim_severity,0.06302585369856856,0.04258394241333008,0.02044191128523848,1
2035,0,588,provider_complication,0.014286153706863702,0.0023772865533828735,0.011908867153480829,1
2035,0,588,coverage_gap,0.029009875469974883,0.03331354260444641,0.004303667134471528,1
2035,0,594,age,0.0426755429036423,0.0457795113325119,0.003103968428869605,1
2035,0,594,poor_health,0.08824511515009362,0.10145507007837296,0.013209954928279338,1
2035,0,594,smoking,0.0,0.0,0.0,1
2035,0,594,bmi_risk,0.018432965448189093,0.020649507641792297,0.002216542193603205,1
2035,0,594,nonadherence,0.023399805914077282,0.021855726838111877,0.0015440790759654044,1
2035,0,594,claim_rate,0.0,0.0,0.0,1
2035,0,594,claim_severity,0.02742944735791622,0.01854795217514038,0.00888149518277584,1
2035,0,594,provider_complication,0.014639559979762268,0.0022875070571899414,0.012352052922572326,1
2035,0,594,coverage_gap,0.030845140589560893,0.03246454894542694,0.0016194083558660477,1
2035,0,595,age,0.06544469313482404,0.05302727222442627,0.01241742091039777,1
2035,0,595,poor_health,0.23430046683338399,0.24544945359230042,0.01114898675891643,1
2035,0,595,smoking,0.19204992193433362,0.19825479388237,0.006204871948036372,1
2035,0,595,bmi_risk,0.10426830266031001,0.06942799687385559,0.03484030578645442,1
2035,0,595,nonadherence,0.03319363916524121,0.023470908403396606,0.0097227307618446,1
2035,0,595,claim_rate,0.06338245583326324,0.06720757484436035,0.003825119011097111,1
2035,0,595,claim_severity,0.18696790222045007,0.11657923460006714,0.07038866762038293,1
2035,0,595,provider_complication,0.023532202748410225,0.004343092441558838,0.019189110306851387,1
2035,0,595,coverage_gap,0.043649509920275,0.03991216421127319,0.0037373457090018047,1
